image_id,positive_caption_id,positive_caption,negative_caption_id,negative_caption,negative_caption_source_image_id,original_positive_cosine,original_negative_cosine,original_margin,original_preference,num_superpixels,shap_point_regression_runtime_seconds,shap_point_preference10,shap_point_margin10,shap_point_positive_cosine10,shap_point_negative_cosine10,shap_point_margin_drop10,shap_point_rankflip10,shap_point_actual_area10,shap_point_preference20,shap_point_margin20,shap_point_positive_cosine20,shap_point_negative_cosine20,shap_point_margin_drop20,shap_point_rankflip20,shap_point_actual_area20,shap_point_preference30,shap_point_margin30,shap_point_positive_cosine30,shap_point_negative_cosine30,shap_point_margin_drop30,shap_point_rankflip30,shap_point_actual_area30,shap_point_preference40,shap_point_margin40,shap_point_positive_cosine40,shap_point_negative_cosine40,shap_point_margin_drop40,shap_point_rankflip40,shap_point_actual_area40,shap_point_preference50,shap_point_margin50,shap_point_positive_cosine50,shap_point_negative_cosine50,shap_point_margin_drop50,shap_point_rankflip50,shap_point_actual_area50,shap_point_positive_pdauc,shap_point_positive_area_fraction,shap_point_num_positive_regions,shap_point_no_positive_attribution,shap_point_final_positive_preference,shap_point_matched_pdauc50,shap_cr_regression_runtime_seconds,shap_cr_preference10,shap_cr_margin10,shap_cr_positive_cosine10,shap_cr_negative_cosine10,shap_cr_margin_drop10,shap_cr_rankflip10,shap_cr_actual_area10,shap_cr_preference20,shap_cr_margin20,shap_cr_positive_cosine20,shap_cr_negative_cosine20,shap_cr_margin_drop20,shap_cr_rankflip20,shap_cr_actual_area20,shap_cr_preference30,shap_cr_margin30,shap_cr_positive_cosine30,shap_cr_negative_cosine30,shap_cr_margin_drop30,shap_cr_rankflip30,shap_cr_actual_area30,shap_cr_preference40,shap_cr_margin40,shap_cr_positive_cosine40,shap_cr_negative_cosine40,shap_cr_margin_drop40,shap_cr_rankflip40,shap_cr_actual_area40,shap_cr_preference50,shap_cr_margin50,shap_cr_positive_cosine50,shap_cr_negative_cosine50,shap_cr_margin_drop50,shap_cr_rankflip50,shap_cr_actual_area50,shap_cr_positive_pdauc,shap_cr_positive_area_fraction,shap_cr_num_positive_regions,shap_cr_no_positive_attribution,shap_cr_final_positive_preference,shap_cr_matched_pdauc50,shared_gradient_explanation_runtime_seconds,grad_point_zero_map,grad_point_matched_pdauc50,grad_point_positive_pdauc,grad_point_num_positive_regions,grad_point_positive_area_fraction,grad_point_final_positive_preference,grad_point_preference10,grad_point_margin10,grad_point_margin_drop10,grad_point_rankflip10,grad_point_actual_area10,grad_point_positive_cosine10,grad_point_negative_cosine10,grad_point_preference20,grad_point_margin20,grad_point_margin_drop20,grad_point_rankflip20,grad_point_actual_area20,grad_point_positive_cosine20,grad_point_negative_cosine20,grad_point_preference30,grad_point_margin30,grad_point_margin_drop30,grad_point_rankflip30,grad_point_actual_area30,grad_point_positive_cosine30,grad_point_negative_cosine30,grad_point_preference40,grad_point_margin40,grad_point_margin_drop40,grad_point_rankflip40,grad_point_actual_area40,grad_point_positive_cosine40,grad_point_negative_cosine40,grad_point_preference50,grad_point_margin50,grad_point_margin_drop50,grad_point_rankflip50,grad_point_actual_area50,grad_point_positive_cosine50,grad_point_negative_cosine50,grad_cr_zero_map,grad_cr_matched_pdauc50,grad_cr_positive_pdauc,grad_cr_num_positive_regions,grad_cr_positive_area_fraction,grad_cr_final_positive_preference,grad_cr_preference10,grad_cr_margin10,grad_cr_margin_drop10,grad_cr_rankflip10,grad_cr_actual_area10,grad_cr_positive_cosine10,grad_cr_negative_cosine10,grad_cr_preference20,grad_cr_margin20,grad_cr_margin_drop20,grad_cr_rankflip20,grad_cr_actual_area20,grad_cr_positive_cosine20,grad_cr_negative_cosine20,grad_cr_preference30,grad_cr_margin30,grad_cr_margin_drop30,grad_cr_rankflip30,grad_cr_actual_area30,grad_cr_positive_cosine30,grad_cr_negative_cosine30,grad_cr_preference40,grad_cr_margin40,grad_cr_margin_drop40,grad_cr_rankflip40,grad_cr_actual_area40,grad_cr_positive_cosine40,grad_cr_negative_cosine40,grad_cr_preference50,grad_cr_margin50,grad_cr_margin_drop50,grad_cr_rankflip50,grad_cr_actual_area50,grad_cr_positive_cosine50,grad_cr_negative_cosine50,shared_gradient_evaluation_runtime_seconds,gradient_native_score_error,gradient_linearity_error,gradient_objective_difference
411175971,89110,A brown dog is shown standing in the water near a muddy beach.,15040,A reddish brown dog walking in water carrying a stick in his mouth.,2052202553,0.3733196258544922,0.345741331577301,0.027578294277191162,0.9403540065097729,15,0.0003878999996231869,0.9399746905370289,0.027510866522789,0.21125096082687378,0.18374009430408478,6.742775440216064e-05,False,0.13486933333333334,0.9758377647658915,0.03698505461215973,0.1981850564479828,0.16120000183582306,-0.009406760334968567,False,0.2652,0.976877288128029,0.03743545711040497,0.20154109597206116,0.1641056388616562,-0.009857162833213806,False,0.338784,0.9735259833276115,0.03604760766029358,0.18887898325920105,0.15283137559890747,-0.008469313383102417,False,0.4092266666666667,0.9165988821853305,0.02397008240222931,0.21588729321956635,0.19191721081733704,0.003608211874961853,False,0.539472,0.950342165210883,0.7493013333333334,11,False,0.9495798435902784,0.9551449634507422,0.000125699999898643,0.804095955524315,0.014120936393737793,0.33896639943122864,0.32484546303749084,0.01345735788345337,False,0.14117333333333335,0.8726983338010262,0.019250303506851196,0.32614317536354065,0.30689287185668945,0.008327990770339966,False,0.20366933333333334,0.8525192941301456,0.017544984817504883,0.3270037770271301,0.30945879220962524,0.01003330945968628,False,0.330768,0.8477498618888328,0.017170608043670654,0.3253338038921356,0.30816319584846497,0.010407686233520508,False,0.40335466666666664,0.8096793389061451,0.014479279518127441,0.31388983130455017,0.29941055178642273,0.01309901475906372,False,0.548464,0.6662941220658409,0.7366986666666666,11,False,0.29067609085305157,0.8517067017573076,0.3025947999994969,False,0.9322577460165232,0.689072371778329,12,0.7930506666666667,0.2498520122609144,0.9399746905370289,0.027510866522789,6.742775440216064e-05,False,0.13486933333333334,0.21125100553035736,0.18374013900756836,0.9590031944326116,0.03152400255203247,-0.003945708274841309,False,0.200048,0.2280978560447693,0.19657385349273682,0.9033663369982196,0.022352010011672974,0.0052262842655181885,False,0.33255466666666667,0.20533955097198486,0.1829875409603119,0.9405985867132832,0.027621984481811523,-4.369020462036133e-05,False,0.46325333333333335,0.21254420280456543,0.1849222183227539,0.9045105413215138,0.02248378098011017,0.005094513297080994,False,0.53584,0.22142218053340912,0.19893839955329895,False,0.8478035038377456,0.6687764262451721,15,1.0,0.15861699075560842,0.8885139907032147,0.020756512880325317,0.006821781396865845,False,0.11508266666666667,0.3443133234977722,0.3235568106174469,0.7882209172537052,0.01314234733581543,0.014435946941375732,False,0.25189333333333336,0.29118919372558594,0.2780468463897705,0.9011224340968099,0.02209758758544922,0.005480706691741943,False,0.32276266666666664,0.3282245993614197,0.30612701177597046,0.810943184193065,0.014561504125595093,0.01301679015159607,False,0.46078933333333333,0.3155772387981415,0.3010157346725464,0.678502165533907,0.007468968629837036,0.020109325647354126,False,0.53152,0.32402482628822327,0.31655585765838623,1.8802489999998215,2.9802322387695312e-08,2.6775524020195007e-09,0.08445424217877762
4953536921,124232,A woman and a dog sit on a white bench near a beach.,8615,A man sits on a bench holding his dog and looking at the water.,1489286545,0.3415188789367676,0.31617820262908936,0.025340676307678223,0.9264958453340533,16,0.00026610000031723757,0.9354251388403109,0.026731759309768677,0.27661046385765076,0.24987870454788208,-0.001391083002090454,False,0.135728,0.8942866027513203,0.021352946758270264,0.26365894079208374,0.24230599403381348,0.003987729549407959,False,0.204024,0.9515348414877189,0.029772311449050903,0.25615936517715454,0.22638705372810364,-0.004431635141372681,False,0.324284,0.9731364070459861,0.035897523164749146,0.26015883684158325,0.2242613136768341,-0.010556846857070923,False,0.461276,0.9537202495677738,0.030256658792495728,0.23402704298496246,0.20377038419246674,-0.004915982484817505,False,0.53512,0.9212630176524993,0.693812,11,False,0.887274315247739,0.9396085531825225,0.0001222000000780099,0.8918349668610693,0.021096229553222656,0.3297630846500397,0.308666855096817,0.004244446754455566,False,0.140916,0.8663468975558114,0.018690377473831177,0.3158576786518097,0.2971673011779785,0.006650298833847046,False,0.21476,0.8782800574186594,0.019762426614761353,0.2567358613014221,0.23697343468666077,0.00557824969291687,False,0.324192,0.846651117527917,0.017085731029510498,0.27296826243400574,0.25588253140449524,0.008254945278167725,False,0.439844,0.8958011843018324,0.021514177322387695,0.2480848878622055,0.2265707105398178,0.0038264989852905273,False,0.553384,0.8996836948105831,0.666164,11,False,0.9087674067259801,0.8803207879688657,0.016198700000131794,False,0.9202580388759409,0.8884210096571581,10,0.679184,0.8584779218117731,0.9014982012340389,0.022139832377433777,0.003200843930244446,False,0.14056,0.26550447940826416,0.24336464703083038,0.8660230529067291,0.018662437796592712,0.00667823851108551,False,0.204216,0.25986820459365845,0.24120576679706573,0.9333146579684377,0.026387572288513184,-0.001046895980834961,False,0.327632,0.2248746156692505,0.1984870433807373,0.9578681541760496,0.031239062547683716,-0.005898386240005493,False,0.466428,0.2622009515762329,0.2309618890285492,0.9426811229330255,0.028000980615615845,-0.002660304307937622,False,0.54066,0.25388476252555847,0.22588378190994263,False,0.9118171736851423,0.8207784580809279,16,1.0,0.52306997690549,0.9014982012340389,0.022139832377433777,0.003200843930244446,False,0.14056,0.26550447940826416,0.24336464703083038,0.8899425676618324,0.020901545882225037,0.004439130425453186,False,0.207052,0.26320886611938477,0.24230732023715973,0.9112219990986844,0.023286476731300354,0.0020541995763778687,False,0.330468,0.24085912108421326,0.2175726443529129,0.9329492539352227,0.026329010725021362,-0.0009883344173431396,False,0.46242,0.2562295198440552,0.2299005091190338,0.9121187173207963,0.023397833108901978,0.0019428431987762451,False,0.536652,0.25395098328590393,0.23055315017700195,2.620082600000387,0.0,3.026798367500305e-09,0.008440865190798674
6278649113,138669,A girl bowling at a bowling alley.,134730,A woman in a white top and khaki pants exercising on a piece of exercise equipment.,581630745,0.32539674639701843,0.2869251072406769,0.03847163915634155,0.9791057144455919,10,0.00027039999986300245,0.9999944225654518,0.12096776068210602,0.328156977891922,0.20718921720981598,-0.08249612152576447,False,0.23988266666666666,0.9999944225654518,0.12096776068210602,0.328156977891922,0.20718921720981598,-0.08249612152576447,False,0.23988266666666666,0.9964338054472833,0.056326836347579956,0.30840691924095154,0.2520800828933716,-0.017855197191238403,False,0.318896,0.9870609199954239,0.04334479570388794,0.28296536207199097,0.23962056636810303,-0.004873156547546387,False,0.4157226666666667,0.4469072767890267,-0.002131745219230652,0.2153325229883194,0.21746426820755005,0.040603384375572205,True,0.509232,0.8379184359460359,0.9308586666666666,9,False,0.9818563969737739,0.9412614095742898,0.0001067000002876739,0.9890896250197838,0.04507070779800415,0.32343319058418274,0.2783624827861786,-0.006599068641662598,False,0.17584,0.9906088316394233,0.04658550024032593,0.31934118270874023,0.2727556824684143,-0.008113861083984375,False,0.25098133333333333,0.9887703361007246,0.044779032468795776,0.32157328724861145,0.2767942547798157,-0.006307393312454224,False,0.350928,0.9932506532672575,0.0499153733253479,0.3287363350391388,0.2788209617137909,-0.011443734169006348,False,0.42006933333333335,0.9994107934355674,0.07436144351959229,0.34762266278266907,0.2732612192630768,-0.03588980436325073,False,0.584112,0.9902498370754369,0.42006933333333335,5,False,0.9932506532672575,0.9900482025609124,0.015952800000377465,False,0.9767066033060849,0.9646426980883029,9,0.907296,0.8686580559740499,0.9525047460090444,0.029984652996063232,0.00848698616027832,False,0.17252266666666666,0.31724217534065247,0.28725752234458923,0.9729185761595082,0.035814523696899414,0.0026571154594421387,False,0.27246933333333334,0.3118749260902405,0.27606040239334106,0.9841787392153838,0.04130452871322632,-0.0028328895568847656,False,0.3430026666666667,0.32454758882522583,0.2832430601119995,0.9967060716859965,0.05712375044822693,-0.018652111291885376,False,0.426304,0.3385208249092102,0.2813970744609833,0.9981284701725015,0.06279125809669495,-0.024319618940353394,False,0.5231306666666666,0.32608020305633545,0.2632889449596405,False,0.9770150244371729,0.9686244151520046,10,1.0,0.9753507490722835,0.9525047460090444,0.029984652996063232,0.00848698616027832,False,0.17252266666666666,0.31724217534065247,0.28725752234458923,0.9709922457578155,0.035107553005218506,0.003364086151123047,False,0.26934933333333333,0.32596004009246826,0.29085248708724976,0.9898048457030988,0.04575595259666443,-0.007284313440322876,False,0.34449066666666667,0.32989242672920227,0.28413647413253784,0.997339521330615,0.059265851974487305,-0.020794212818145752,False,0.44443733333333335,0.32905253767967224,0.26978668570518494,0.9993108158369968,0.07279312610626221,-0.034321486949920654,False,0.5149706666666667,0.3450046181678772,0.272211492061615,1.2512693999997282,2.9802322387695312e-08,3.725290298461914e-09,-0.000308421131087977
566945636,133413,A man throws a fishing net into the bay.,144830,A man who wearing blue color jacket and light green color trouser is cleaning his fishing nets after went for fishing.,7037413229,0.3462759852409363,0.30519917607307434,0.04107680916786194,0.9838202208624812,14,0.0002672000000529806,0.9952171897668588,0.053379327058792114,0.31209245324134827,0.25871312618255615,-0.012302517890930176,False,0.13831466666666667,0.9898350259346853,0.04578590393066406,0.30235493183135986,0.2565690279006958,-0.004709094762802124,False,0.21128,0.9928589877245333,0.04934734106063843,0.25648415088653564,0.20713680982589722,-0.00827053189277649,False,0.36787733333333333,0.9922009227551156,0.04845920205116272,0.25837451219558716,0.20991531014442444,-0.007382392883300781,False,0.457536,0.9813780153362165,0.039646148681640625,0.25643348693847656,0.21678733825683594,0.0014306604862213135,False,0.5275413333333333,0.9807330964694665,0.777712,11,False,0.9748237608242214,0.9906269916078427,0.00011670000003505265,0.894009609321251,0.021323680877685547,0.3223717510700226,0.30104807019233704,0.01975312829017639,False,0.13849066666666668,0.8470071433836488,0.017113178968429565,0.30985477566719055,0.292741596698761,0.023963630199432373,False,0.211456,0.8846875623236903,0.020375892519950867,0.2627711296081543,0.24239523708820343,0.020700916647911072,False,0.352304,0.711588537174562,0.009031116962432861,0.24996434152126312,0.24093322455883026,0.03204569220542908,False,0.4243093333333333,0.6621630317417537,0.006729483604431152,0.22968047857284546,0.2229509949684143,0.034347325563430786,False,0.5535093333333333,0.6957580278488444,0.4860373333333333,7,False,0.5985560977285662,0.8341599214393758,0.06876130000000558,False,0.9580127523575039,0.9172974789251778,14,1.0,0.8047247404244127,0.9952171897668588,0.053379327058792114,-0.012302517890930176,False,0.13831466666666667,0.3120924234390259,0.25871309638023376,0.9979302126989031,0.06178237497806549,-0.020705565810203552,False,0.21032,0.27882763743400574,0.21704526245594025,0.9828843415410767,0.040504977107048035,0.0005718320608139038,False,0.347088,0.26210084557533264,0.2215958684682846,0.8651623077815134,0.01858845353126526,0.02248835563659668,False,0.4542346666666667,0.26460903882980347,0.2460205852985382,0.8635402859758056,0.018450111150741577,0.02262669801712036,False,0.5388266666666667,0.2635115087032318,0.24506139755249023,False,0.9346730371333805,0.711216304614706,13,0.9266613333333333,0.6819017309740428,0.9770306438789388,0.037503570318222046,0.0035732388496398926,False,0.11967466666666667,0.30051857233047485,0.2630150020122528,0.9429247599729133,0.02804616093635559,0.013030648231506348,False,0.2554826666666667,0.2914130389690399,0.2633668780326843,0.9199618969176676,0.024418294429779053,0.016658514738082886,False,0.328448,0.2569190263748169,0.23250073194503784,0.8651623077815134,0.01858845353126526,0.02248835563659668,False,0.4542346666666667,0.26460903882980347,0.2460205852985382,0.9076389029212721,0.022851407527923584,0.018225401639938354,False,0.52424,0.26527565717697144,0.24242424964904785,1.9264077999996516,0.0,2.7939677238464355e-09,0.02333971522412348
6848969863,142350,A woman presents a bar code for a smartphone so that a man can use his phone to find the location associated with the code.,146250,A group of people surrounding a man in a black and red striped shirt asking for his autograph.,7249763658,0.29913949966430664,0.274321973323822,0.02481752634048462,0.922852670241476,12,0.00025539999978718697,0.16678911977673508,-0.016085565090179443,0.25882813334465027,0.2749136984348297,0.04090309143066406,True,0.13275075075075074,0.5160646260851179,0.0006428062915802002,0.250718355178833,0.2500755488872528,0.02417472004890442,False,0.2452072072072072,0.4446008578210112,-0.0022251009941101074,0.246877983212471,0.24910308420658112,0.027042627334594727,True,0.30084084084084084,0.6845288782901764,0.007746636867523193,0.22603724896907806,0.21829061210155487,0.017070889472961426,False,0.43365165165165165,0.5268357655976968,0.001074463129043579,0.20297041535377502,0.20189595222473145,0.02374306321144104,False,0.532,0.6135866737321977,0.7559159159159159,9,False,0.809604469905313,0.5112629112082173,0.0001067000002876739,0.0804923101345716,-0.024356767535209656,0.24933992326259613,0.2736966907978058,0.049174293875694275,True,0.18838438438438437,0.4446008578210112,-0.0022251009941101074,0.246877983212471,0.24910308420658112,0.027042627334594727,True,0.30084084084084084,0.4446008578210112,-0.0022251009941101074,0.246877983212471,0.24910308420658112,0.027042627334594727,True,0.30084084084084084,0.4990567576153767,-3.7729740142822266e-05,0.23800890147686005,0.23804663121700287,0.02485525608062744,True,0.44177777777777777,0.375878510143,-0.005070790648460388,0.23485268652439117,0.23992347717285156,0.029888316988945007,True,0.5384084084084084,0.449509230121134,0.44177777777777777,5,False,0.4990567576153767,0.4323914677788513,0.06484730000011041,False,0.39303503662273737,0.5372986760011741,12,1.0,0.9654552928584239,0.26458656512659523,-0.010222643613815308,0.03504016995429993,True,0.19858258258258257,0.2526352107524872,0.2628578543663025,0.255420043294966,-0.010699108242988586,0.035516634583473206,True,0.2542162162162162,0.2355080544948578,0.24620716273784637,0.22442221667820275,-0.012400791049003601,0.03721831738948822,True,0.3612732732732733,0.22650271654129028,0.23890350759029388,0.24403934327076868,-0.011306598782539368,0.03612412512302399,True,0.4282522522522523,0.21444478631019592,0.2257513850927353,0.44558535559443735,-0.002185240387916565,0.027002766728401184,True,0.5407087087087087,0.2010493129491806,0.20323455333709717,False,0.3720619364327944,0.5498618664192335,12,1.0,0.9654552928584239,0.16678787728726047,-0.016085654497146606,0.040903180837631226,True,0.13275075075075074,0.2588281035423279,0.2749137580394745,0.42105978066944794,-0.0031842440366744995,0.02800177037715912,True,0.2655615615615616,0.23401488363742828,0.23719912767410278,0.2354957962582546,-0.011775344610214233,0.03659287095069885,True,0.3211951951951952,0.2356531322002411,0.24742847681045532,0.24403934327076868,-0.011306598782539368,0.03612412512302399,True,0.4282522522522523,0.21444478631019592,0.2257513850927353,0.583757857781621,0.0033821910619735718,0.021435335278511047,False,0.5248828828828829,0.21071714162826538,0.2073349505662918,1.642211600000337,2.9802322387695312e-08,3.259629011154175e-09,0.020973100189942973
4434125934,95355,"A man, dressed in bright blue jeans and a plaid shirt, mows a shaggy green lawn in his cozy suburban front yard.",3077,A man in black pants cutting bushes.,121178216,0.34312641620635986,0.29806676506996155,0.045059651136398315,0.9890776869472244,13,0.0003828999997494975,0.9111729249932893,0.023280411958694458,0.3234303593635559,0.30014994740486145,0.021779239177703857,False,0.1718079331941545,0.6414467404198771,0.0058164894580841064,0.2917782962322235,0.2859618067741394,0.03924316167831421,False,0.22502296450939457,0.8368420595824883,0.01634916663169861,0.28111857175827026,0.26476940512657166,0.028710484504699707,False,0.3040292275574113,0.6984286661940254,0.008398264646530151,0.26164019107818604,0.2532419264316559,0.036661386489868164,False,0.43047181628392484,0.388973913112361,-0.004516273736953735,0.22741356492042542,0.23192983865737915,0.04957592487335205,True,0.5928935281837161,0.562053580439216,0.8059582463465553,10,False,0.17636475324935327,0.7561528831855815,0.0001281999998354877,0.9111729249932893,0.023280411958694458,0.3234303593635559,0.30014994740486145,0.021779239177703857,False,0.1718079331941545,0.9528418773552217,0.03005942702293396,0.31280311942100525,0.2827436923980713,0.015000224113464355,False,0.2508141962421712,0.8368420595824883,0.01634916663169861,0.28111857175827026,0.26476940512657166,0.028710484504699707,False,0.3040292275574113,0.7738866300779133,0.01230388879776001,0.3004473149776459,0.28814342617988586,0.032755762338638306,False,0.4132567849686848,0.8637347262564578,0.01846662163734436,0.28286561369895935,0.264398992061615,0.026593029499053955,False,0.5396993736951984,0.7739739782644416,0.5789478079331941,7,False,0.6251203867357202,0.8819596160463097,0.2879318000004787,False,0.7853822516150037,0.5789514094969268,13,1.0,0.8999352793512791,0.6783448213625025,0.007461756467819214,0.0375978946685791,False,0.2490187891440501,0.30843785405158997,0.30097609758377075,0.6783448213625025,0.007461756467819214,0.0375978946685791,False,0.2490187891440501,0.30843785405158997,0.30097609758377075,0.9303739225932517,0.025924474000930786,0.01913517713546753,False,0.3280250521920668,0.3114466667175293,0.2855221927165985,0.6695593739803618,0.0070619285106658936,0.03799772262573242,False,0.4328851774530271,0.28948742151260376,0.28242549300193787,0.6253871383475682,0.005124777555465698,0.03993487358093262,False,0.5421127348643007,0.2953883409500122,0.2902635633945465,False,0.8435380906066323,0.6227964795567369,13,1.0,0.8999352793512791,0.9918604209545017,0.04802843928337097,-0.0029687881469726562,False,0.15621711899791232,0.35994476079940796,0.311916321516037,0.9303739225932517,0.025924474000930786,0.01913517713546753,False,0.3280250521920668,0.3114466667175293,0.2855221927165985,0.9303739225932517,0.025924474000930786,0.01913517713546753,False,0.3280250521920668,0.3114466667175293,0.2855221927165985,0.6695593739803618,0.0070619285106658936,0.03799772262573242,False,0.4328851774530271,0.28948742151260376,0.28242549300193787,0.554833890695041,0.0022022128105163574,0.04285743832588196,False,0.5996743215031315,0.3000815510749817,0.29787933826446533,2.533629500000643,2.9802322387695312e-08,2.3283064365386963e-09,-0.05815583899162857
5519356488,132202,A clown takes the time to greet children attending a performance.,86735,A man in a striped blue shirt and a balloon hat is making other balloon animals,3999247601,0.3434396982192993,0.2848879098892212,0.058551788330078125,0.9971431617133716,12,0.00025379999988217605,0.6933592418602723,0.008158713579177856,0.280258446931839,0.27209973335266113,0.05039307475090027,False,0.18189333333333332,0.4877656089685963,-0.0004894733428955078,0.2562575340270996,0.2567470073699951,0.05904126167297363,True,0.28940266666666664,0.11914884382732968,-0.020005151629447937,0.23343531787395477,0.2534404695034027,0.07855693995952606,True,0.499824,0.11914884382732968,-0.020005151629447937,0.23343531787395477,0.2534404695034027,0.07855693995952606,True,0.499824,0.14759240293354514,-0.01753610372543335,0.23888495564460754,0.2564210593700409,0.07608789205551147,True,0.5400426666666667,0.31450661009763026,0.9231093333333333,11,False,0.07709960291005602,0.5304291896903043,0.00011050000011891825,0.9796001458200797,0.03871616721153259,0.3298455476760864,0.29112938046455383,0.019835621118545532,False,0.10750933333333333,0.6655487418669185,0.006881207227706909,0.27465733885765076,0.26777613162994385,0.051670581102371216,False,0.225392,0.7648367043987487,0.011793822050094604,0.2806372046470642,0.2688433825969696,0.04675796627998352,False,0.326848,0.07053344993258151,-0.025785237550735474,0.2429661750793457,0.2687514126300812,0.0843370258808136,True,0.5372693333333334,0.07053344993258151,-0.025785237550735474,0.2429661750793457,0.2687514126300812,0.0843370258808136,True,0.5372693333333334,0.38034816156803536,0.818576,9,False,0.010348993123226685,0.6768986572649106,0.01656249999996362,False,0.6190048606021035,0.4311712950533336,12,1.0,0.8670018796206082,0.6933579745913248,0.008158653974533081,0.050393134355545044,False,0.18189333333333332,0.280258446931839,0.2720997929573059,0.6695811330006287,0.0070629119873046875,0.05148887634277344,False,0.39231466666666664,0.25738686323165894,0.25032395124435425,0.6695811330006287,0.0070629119873046875,0.05148887634277344,False,0.39231466666666664,0.25738686323165894,0.25032395124435425,0.11914931300190337,-0.020005106925964355,0.07855689525604248,True,0.499824,0.23343536257743835,0.2534404695034027,0.03521277658526205,-0.03310498595237732,0.09165677428245544,True,0.5554613333333334,0.2215026319026947,0.254607617855072,False,0.496476185587423,0.3377107260731503,12,1.0,0.8670018796206082,0.6933579745913248,0.008158653974533081,0.050393134355545044,False,0.18189333333333332,0.280258446931839,0.2720997929573059,0.6374533254616387,0.005643278360366821,0.052908509969711304,False,0.2613546666666667,0.2765299081802368,0.27088662981987,0.32784525252587626,-0.007179468870162964,0.06573125720024109,True,0.368864,0.2504509687423706,0.25763043761253357,0.28881163632065177,-0.009011626243591309,0.06756341457366943,True,0.40908266666666665,0.27067896723747253,0.27969059348106384,0.0596288622734531,-0.0275813490152359,0.08613313734531403,True,0.619504,0.23706494271755219,0.2646462917327881,1.7592463999999381,5.960464477539063e-08,3.026798367500305e-09,0.12252867501468045
3243094580,60266,A streetlight lit bridge with a cyclist and some cars.,70589,A blurred picture on a bicyclist.,3487979741,0.3535766005516052,0.31001824140548706,0.043558359146118164,0.9873308578569491,14,0.0002715999999054475,0.4016408484614613,-0.003986328840255737,0.31828615069389343,0.32227247953414917,0.0475446879863739,True,0.10627627627627628,0.5166369629613197,0.0006657242774963379,0.27394938468933105,0.2732836604118347,0.042892634868621826,False,0.24830030030030031,0.8889551584059806,0.020801126956939697,0.25453755259513855,0.23373642563819885,0.022757232189178467,False,0.31786786786786786,0.46604565438948986,-0.0013602674007415771,0.2229691445827484,0.22432941198349,0.04491862654685974,True,0.4581801801801802,0.485390963101584,-0.000584527850151062,0.2220292091369629,0.22261373698711395,0.044142886996269226,True,0.5231951951951952,0.4214256983630048,0.651993993993994,9,False,0.2019337178044447,0.5999642624706404,0.00011730000005627517,0.9557048261168091,0.030715733766555786,0.35141369700431824,0.32069796323776245,0.012842625379562378,False,0.1624024024024024,0.5517343027068455,0.0020768046379089355,0.3350255787372589,0.33294877409935,0.04148155450820923,False,0.21756756756756757,0.8634120523957345,0.01843923330307007,0.34397703409194946,0.3255378007888794,0.025119125843048096,False,0.3006846846846847,0.24485865784475255,-0.011262238025665283,0.306226521730423,0.31748875975608826,0.05482059717178345,True,0.435021021021021,0.18699138241033383,-0.014696791768074036,0.20502912998199463,0.21972592175006866,0.0582551509141922,True,0.5412972972972973,0.4725494584465689,0.7303423423423423,10,False,0.23608678569624583,0.6568581826521925,0.016085799999927985,False,0.2942342193104831,0.3308194803506164,12,0.8702162162162163,0.13097889108374242,0.09371908241113554,-0.02269047498703003,0.0662488341331482,True,0.12473273273273273,0.28721845149993896,0.309908926486969,0.14144732535152293,-0.018033206462860107,0.06159156560897827,True,0.2511651651651652,0.29214006662368774,0.31017327308654785,0.19040885270646266,-0.014473557472229004,0.05803191661834717,True,0.3181261261261261,0.30334410071372986,0.31781765818595886,0.09954073410126017,-0.022023379802703857,0.06558173894882202,True,0.40124324324324323,0.2935307025909424,0.31555408239364624,0.7262603356952371,0.009757310152053833,0.03380104899406433,False,0.5075195195195196,0.23963496088981628,0.22987765073776245,False,0.47408714011132036,0.32514545535456385,13,0.9352312312312312,0.019215612907430644,0.9373514297929775,0.027055174112319946,0.016503185033798218,False,0.14495495495495495,0.35034433007240295,0.323289155960083,0.6644924760843813,0.006833791732788086,0.03672456741333008,False,0.20012012012012012,0.3341889977455139,0.32735520601272583,0.17885554587356814,-0.01524120569229126,0.058799564838409424,True,0.3342822822822823,0.2998915910720825,0.3151327967643738,0.13636562350702391,-0.01845809817314148,0.062016457319259644,True,0.40982582582582583,0.301950067281723,0.3204081654548645,0.14376389573904771,-0.017843738198280334,0.0614020973443985,True,0.5830630630630631,0.20732079446315765,0.225164532661438,1.6049161000000822,5.960464477539063e-08,3.259629011154175e-09,-0.17985292080083726
3884010975,84355,"A woman in a white shirt stands behind a counter, in the kitchen of an empty restaurant with brick walls.",88655,A woman sits at a restaurant with her back against a brick wall.,409327234,0.3040004074573517,0.28744828701019287,0.016552120447158813,0.8395942295242128,10,0.0002641000000949134,0.9399757835122885,0.02751106023788452,0.28060004115104675,0.25308898091316223,-0.010958939790725708,False,0.11432222222222223,0.9194177590064894,0.02434462308883667,0.28246864676475525,0.2581240236759186,-0.0077925026416778564,False,0.20013333333333333,0.8273870343190615,0.01567220687866211,0.2792717516422272,0.26359954476356506,0.0008799135684967041,False,0.31135,0.7675418937001524,0.011944830417633057,0.2743343114852905,0.26238948106765747,0.004607290029525757,False,0.40052777777777776,0.847162715717551,0.017125189304351807,0.2807597517967224,0.2636345624923706,-0.0005730688571929932,False,0.5188388888888888,0.8759956525059557,0.9213833333333333,9,False,0.92084429153577,0.8582091318131201,0.00010040000006483751,0.7721704857846853,0.012206077575683594,0.2559755742549896,0.24376949667930603,0.00434604287147522,False,0.16442777777777778,0.4132238064149111,-0.0035065412521362305,0.24939468502998352,0.25290122628211975,0.020058661699295044,True,0.3018166666666667,0.4132238064149111,-0.0035065412521362305,0.24939468502998352,0.25290122628211975,0.020058661699295044,True,0.3018166666666667,0.10910220092939349,-0.020999446511268616,0.2436162680387497,0.2646157145500183,0.03755156695842743,True,0.49389444444444447,0.21002383074737346,-0.013247817754745483,0.2604673206806183,0.27371513843536377,0.029799938201904297,True,0.6122055555555556,0.2868702871562085,0.7265277777777778,7,False,0.014814109016328065,0.462232222626768,0.061567599999762024,False,0.9091076322141918,0.8774369061795084,10,1.0,0.21050064130382254,0.8448932230428428,0.01695096492767334,-0.00039884448051452637,False,0.1373888888888889,0.28814733028411865,0.2711963653564453,0.952834511513575,0.030057787895202637,-0.013505667448043823,False,0.2517111111111111,0.27117952704429626,0.24112173914909363,0.9342011344848501,0.02653089165687561,-0.009978771209716797,False,0.3303277777777778,0.25089120864868164,0.22436031699180603,0.9328260130794009,0.02630932629108429,-0.009757205843925476,False,0.4195055555555556,0.25965723395347595,0.23334790766239166,0.9779547852211337,0.03792367875576019,-0.02137155830860138,False,0.5378166666666667,0.28331637382507324,0.24539269506931305,False,0.7923137503813684,0.5131611834393277,10,1.0,0.21050064130382254,0.9266684768588764,0.025366052985191345,-0.008813932538032532,False,0.19293888888888888,0.24577781558036804,0.2204117625951767,0.8683253309025981,0.018862321972846985,-0.0023102015256881714,False,0.27875,0.2128331959247589,0.19397087395191193,0.6938019733534835,0.008179545402526855,0.008372575044631958,False,0.3899666666666667,0.21054509282112122,0.20236554741859436,0.5225725714842636,0.0009035170078277588,0.015648603439331055,False,0.5273555555555556,0.2494284212589264,0.24852490425109863,0.5225725714842636,0.0009035170078277588,0.015648603439331055,False,0.5273555555555556,0.2494284212589264,0.24852490425109863,1.4035456000001432,5.960464477539063e-08,4.540197551250458e-09,0.11679388183282335
4418969015,94991,"An African group of men, women, and babies pose in a field with large hills in the background.",71157,A black mother and five children in a rural area,3501083764,0.3225168287754059,0.2869114577770233,0.03560537099838257,0.9723620154286997,13,0.00039620000006834744,0.507745004053038,0.00030982494354248047,0.29268455505371094,0.29237473011016846,0.03529554605484009,False,0.15954133333333334,0.2450444104811041,-0.01125219464302063,0.2874273955821991,0.2986795902252197,0.0468575656414032,True,0.22946133333333332,0.3044136406372734,-0.00826367735862732,0.28090816736221313,0.28917184472084045,0.04386904835700989,True,0.308288,0.2459939471923867,-0.011200934648513794,0.27517324686050415,0.28637418150901794,0.04680630564689636,True,0.43958933333333333,0.06705456794518538,-0.026328399777412415,0.24746327102184296,0.27379167079925537,0.06193377077579498,True,0.5352746666666667,0.22078124909832625,0.7837973333333333,10,False,0.005099016945569839,0.4056876390723293,0.00011109999968539341,0.507745004053038,0.00030982494354248047,0.29268455505371094,0.29237473011016846,0.03529554605484009,False,0.15954133333333334,0.2921573493554282,-0.008849292993545532,0.28800103068351746,0.296850323677063,0.0444546639919281,True,0.22844266666666665,0.6736765485985462,0.007248610258102417,0.29187706112861633,0.2846284508705139,0.02835676074028015,False,0.42688,0.6736765485985462,0.007248610258102417,0.29187706112861633,0.2846284508705139,0.02835676074028015,False,0.42688,0.744906003175827,0.010716259479522705,0.2909604012966156,0.2802441418170929,0.024889111518859863,False,0.5243093333333333,0.3794035238456509,0.7883573333333334,11,False,0.00035941061274337617,0.5923236551524211,0.12180319999970379,False,0.850696056516057,0.4589686229178563,12,0.8840426666666666,0.0007519834618795475,0.9272611580478274,0.0254535973072052,0.010151773691177368,False,0.120272,0.30410733819007874,0.27865374088287354,0.8654526900705887,0.018613368272781372,0.016992002725601196,False,0.24574933333333332,0.29710471630096436,0.278491348028183,0.9141010547151365,0.023647695779800415,0.011957675218582153,False,0.312176,0.30388081073760986,0.28023311495780945,0.7977926222115049,0.01372554898262024,0.02187982201576233,False,0.4253706666666667,0.28569504618644714,0.2719694972038269,0.4010450942515069,-0.0040111243724823,0.03961649537086487,True,0.5083093333333333,0.286293625831604,0.2903047502040863,False,0.8691746198521222,0.4631834171520468,13,1.0,0.014671666116303755,0.9426344057385645,0.027992337942123413,0.007613033056259155,False,0.11779733333333334,0.3135354518890381,0.2855431139469147,0.9308016687072913,0.025990694761276245,0.009614676237106323,False,0.25383466666666665,0.30613622069358826,0.280145525932312,0.9350777319754998,0.026674389839172363,0.008930981159210205,False,0.30270933333333333,0.30020445585250854,0.2735300660133362,0.7977926222115049,0.01372554898262024,0.02187982201576233,False,0.4253706666666667,0.28569504618644714,0.2719694972038269,0.4010450942515069,-0.0040111243724823,0.03961649537086487,True,0.5083093333333333,0.286293625831604,0.2903047502040863,1.6232167999996818,2.9802322387695312e-08,4.045432433485985e-09,-0.018478563336065235
1675332284,10807,A muscular African-american man pan-handling using paint buckets as a musical instrument.,99551,An African American man surrounded by empty overturned white buckets and dark colored crates expresses himself through a message handwritten on cardboard.,4525821347,0.401180237531662,0.346341609954834,0.054838627576828,0.9958639225344745,13,0.0002844000000550295,0.9364351842807289,0.02690020203590393,0.29901376366615295,0.272113561630249,0.027938425540924072,False,0.10147872340425532,0.9844581469265666,0.04148554801940918,0.29878267645835876,0.2572971284389496,0.013353079557418823,False,0.22143617021276596,0.9457856793754759,0.02859070897102356,0.27968040108680725,0.2510896921157837,0.026247918605804443,False,0.3298776595744681,0.9428552717779146,0.02803325653076172,0.2904128134250641,0.26237955689430237,0.026805371046066284,False,0.4583829787234043,0.8586879783948707,0.018044352531433105,0.27277863025665283,0.2547342777252197,0.0367942750453949,False,0.5262127659574468,0.6104829691406408,0.804281914893617,10,False,0.20195989453720492,0.9508795584523352,0.00010999999994965037,0.9364351842807289,0.02690020203590393,0.29901376366615295,0.272113561630249,0.027938425540924072,False,0.10147872340425532,0.9060868412728147,0.022667646408081055,0.2977457046508789,0.27507805824279785,0.03217098116874695,False,0.24753723404255318,0.8408915881335705,0.01664876937866211,0.294922411441803,0.27827364206314087,0.038189858198165894,False,0.3559787234042553,0.47281730759548224,-0.0010883808135986328,0.2638745903968811,0.26496297121047974,0.055927008390426636,True,0.47593617021276596,0.3053405010721299,-0.008219942450523376,0.24377219378948212,0.2519921362400055,0.06305857002735138,True,0.5375585106382978,0.5830194941842121,0.5848723404255319,7,False,0.32123850010119337,0.8000889815542053,0.06623420000050828,False,0.8858297676818957,0.6084756062700094,12,0.9401914893617022,0.1694308503842683,0.93643553907246,0.026900261640548706,0.027938365936279297,False,0.10147872340425532,0.2990138530731201,0.2721135914325714,0.9639263678781416,0.03285452723503113,0.021984100341796875,False,0.3050478723404255,0.2992771565914154,0.2664226293563843,0.9639263678781416,0.03285452723503113,0.021984100341796875,False,0.3050478723404255,0.2992771565914154,0.2664226293563843,0.8880798815660194,0.02071276307106018,0.03412586450576782,False,0.4250053191489362,0.2676074802875519,0.2468947172164917,0.4978926157570097,-8.429586887359619e-05,0.0549229234457016,True,0.5601914893617022,0.2449021190404892,0.2449864149093628,False,0.8855052922462185,0.6220418132855408,12,0.9526861702127659,0.25329732455387133,0.93643553907246,0.026900261640548706,0.027938365936279297,False,0.10147872340425532,0.2990138530731201,0.2721135914325714,0.9167808475309904,0.02399390935897827,0.03084471821784973,False,0.20992021276595746,0.3050147294998169,0.2810208201408386,0.9300925037867978,0.02588111162185669,0.028957515954971313,False,0.37240425531914895,0.3072410821914673,0.2813599705696106,0.9167336554678813,0.023987725377082825,0.030850902199745178,False,0.4402340425531915,0.2689499855041504,0.24496226012706757,0.4978926157570097,-8.429586887359619e-05,0.0549229234457016,True,0.5601914893617022,0.2449021190404892,0.2449864149093628,2.117760399999497,5.960464477539063e-08,4.773028194904327e-09,0.00032447543567715176
4789309483,113890,A man in a black hat and blue shirt taking a picture on the side of an urban street.,142353,A man is photographing a piece of paper with his smartphone.,6848969863,0.3658100366592407,0.33797043561935425,0.027839601039886475,0.9418028787495972,7,0.0003862000003209687,0.03465206498584901,-0.03327131271362305,0.24198812246322632,0.27525943517684937,0.06111091375350952,True,0.21627027027027027,0.03465206498584901,-0.03327131271362305,0.24198812246322632,0.27525943517684937,0.06111091375350952,True,0.21627027027027027,0.0009774690654254,-0.06929565966129303,0.2054894119501114,0.2747850716114044,0.0971352607011795,True,0.3235195195195195,0.0003089634506700309,-0.08081978559494019,0.1839635968208313,0.2647833824157715,0.10865938663482666,True,0.5128408408408408,0.0003089634506700309,-0.08081978559494019,0.1839635968208313,0.2647833824157715,0.10865938663482666,True,0.5128408408408408,0.05962334890066569,1.0,7,False,0.026066436112654655,0.2098535718385233,0.0001799000001483364,0.03669674857712062,-0.03267680108547211,0.2363540381193161,0.2690308392047882,0.06051640212535858,True,0.19512312312312313,0.03564689903655692,-0.03297795355319977,0.23165158927440643,0.2646295428276062,0.06081755459308624,True,0.3844444444444444,0.03564689903655692,-0.03297795355319977,0.23165158927440643,0.2646295428276062,0.06081755459308624,True,0.3844444444444444,0.0003089634506700309,-0.08081978559494019,0.1839635968208313,0.2647833824157715,0.10865938663482666,True,0.5128408408408408,0.0003089634506700309,-0.08081978559494019,0.1839635968208313,0.2647833824157715,0.10865938663482666,True,0.5128408408408408,0.0662051879949,0.699009009009009,5,False,0.011447109262849735,0.2040015973024353,0.019232300000112446,False,0.28352974427505023,0.16296045157225977,7,1.0,0.026066436112654655,0.03465206498584901,-0.03327131271362305,0.06111091375350952,True,0.21627027027027027,0.24198812246322632,0.27525943517684937,0.03465206498584901,-0.03327131271362305,0.06111091375350952,True,0.21627027027027027,0.24198812246322632,0.27525943517684937,0.04458714441644961,-0.030646979808807373,0.05848658084869385,True,0.40243843843843846,0.20756366848945618,0.23821064829826355,0.04458714441644961,-0.030646979808807373,0.05848658084869385,True,0.40243843843843846,0.20756366848945618,0.23821064829826355,0.5410602338440911,0.0016461163759231567,0.026193484663963318,False,0.5249129129129129,0.2426627278327942,0.24101661145687103,False,0.20985357444792826,0.06097212345261451,7,1.0,0.026066436112654655,0.03465206498584901,-0.03327131271362305,0.06111091375350952,True,0.21627027027027027,0.24198812246322632,0.27525943517684937,0.03465206498584901,-0.03327131271362305,0.06111091375350952,True,0.21627027027027027,0.24198812246322632,0.27525943517684937,0.0009774777961764657,-0.06929557025432587,0.09713517129421234,True,0.3235195195195195,0.20548950135707855,0.2747850716114044,0.0003089639109195476,-0.08081977069377899,0.10865937173366547,True,0.5128408408408408,0.18396364152431488,0.26478341221809387,0.0003089639109195476,-0.08081977069377899,0.10865937173366547,True,0.5128408408408408,0.18396364152431488,0.26478341221809387,0.7571373000000676,2.9802322387695312e-08,3.1723175197839737e-09,0.07367616982712197
16437914,10516,A dark-skinned girl with goggles and black hair in water.,154715,A young girl wades out into the water wearing safety floatation devices on her arms.,97234558,0.37546098232269287,0.31992581486701965,0.05553516745567322,0.9961411384403613,15,0.0002715999999054475,0.6681078000014474,0.0069963932037353516,0.2982758581638336,0.29127946496009827,0.048538774251937866,False,0.19546198830409356,0.7129847143299057,0.009099245071411133,0.287323921918869,0.2782246768474579,0.046435922384262085,False,0.2820409356725146,0.33624044199635583,-0.006800934672355652,0.2404051423072815,0.24720607697963715,0.06233610212802887,True,0.3478654970760234,0.4848925872605297,-0.000604480504989624,0.25454065203666687,0.2551451325416565,0.05613964796066284,True,0.42767251461988304,0.6457264688700344,0.006003066897392273,0.22757303714752197,0.2215699702501297,0.049532100558280945,False,0.5524502923976609,0.6644269333155502,0.8856900584795322,13,False,0.7052793082191174,0.6521347256967346,0.00011450000010881922,0.919019642533309,0.024291008710861206,0.2982417345046997,0.2739507257938385,0.03124415874481201,False,0.17858479532163743,0.1268705475430333,-0.01928916573524475,0.2675270736217499,0.28681623935699463,0.07482433319091797,True,0.23958479532163743,0.09863194693598257,-0.022125184535980225,0.2537060081958771,0.2758311927318573,0.07766035199165344,True,0.38945614035087717,0.0847333247828479,-0.023797065019607544,0.25008708238601685,0.2738841474056244,0.07933223247528076,True,0.4512690058479532,0.07949285115752049,-0.024492576718330383,0.24831776320934296,0.27281033992767334,0.0800277441740036,True,0.5310760233918128,0.270054682623858,0.6948304093567251,10,False,0.11636135953257229,0.4369007200194615,0.039515699999356,False,0.4534932203480023,0.5194079971264786,13,0.8917719298245614,0.46966463893507804,0.41340880850097184,-0.0034989118576049805,0.0590340793132782,True,0.143906432748538,0.2855262756347656,0.2890251874923706,0.09675900312667342,-0.0223376601934433,0.07787282764911652,True,0.26480701754385966,0.21746373176574707,0.23980139195919037,0.1178598419287161,-0.02012854814529419,0.07566371560096741,True,0.32580701754385966,0.20757105946540833,0.22769960761070251,0.7195324911270891,0.009421437978744507,0.04611372947692871,False,0.4648479532163743,0.2017134428024292,0.1922920048236847,0.6196473723687386,0.0048805177211761475,0.05065464973449707,False,0.528625730994152,0.20138326287269592,0.19650274515151978,False,0.42627176354288193,0.4692233613357815,15,1.0,0.6893130332787463,0.41340880850097184,-0.0034989118576049805,0.0590340793132782,True,0.143906432748538,0.2855262756347656,0.2890251874923706,0.03132179719052797,-0.034316182136535645,0.08985134959220886,True,0.25998245614035087,0.2555636167526245,0.28987979888916016,0.1178598419287161,-0.02012854814529419,0.07566371560096741,True,0.32580701754385966,0.20757105946540833,0.22769960761070251,0.6036938829537452,0.004208803176879883,0.051326364278793335,False,0.4488187134502924,0.2136922925710678,0.20948348939418793,0.6196473723687386,0.0048805177211761475,0.05065464973449707,False,0.528625730994152,0.20138326287269592,0.19650274515151978,1.999571499999547,2.9802322387695312e-08,4.6566128730773926e-09,0.027221456805120392
4351734575,93656,"Three men are standing on a stage, one is wearing clown makeup and holding a guitar.",9919,A band performs in a dimly lit setting.,1579198375,0.3191586434841156,0.3137319087982178,0.005426734685897827,0.6324341152133018,14,0.0002537000000302214,0.20112205953760354,-0.013792961835861206,0.288958340883255,0.3027513027191162,0.019219696521759033,True,0.11713066666666666,0.04997194652962069,-0.029450297355651855,0.26491326093673706,0.2943635582923889,0.03487703204154968,True,0.21535466666666667,0.013969160131105269,-0.042568355798721313,0.24330666661262512,0.28587502241134644,0.04799509048461914,True,0.31576,0.015224461306114547,-0.04169510304927826,0.2365042120218277,0.27819931507110596,0.047121837735176086,True,0.4422933333333333,0.021836820184266737,-0.0380207896232605,0.2396945357322693,0.2777153253555298,0.043447524309158325,True,0.5675786666666667,0.08236444188094068,0.719968,10,False,0.03554775891856639,0.12073716430827969,0.00011059999997087289,0.20112205953760354,-0.013792961835861206,0.288958340883255,0.3027513027191162,0.019219696521759033,True,0.11713066666666666,0.04997194652962069,-0.029450297355651855,0.26491326093673706,0.2943635582923889,0.03487703204154968,True,0.21535466666666667,0.021994545230881603,-0.03794720768928528,0.26204484701156616,0.29999205470085144,0.043373942375183105,True,0.33808533333333335,0.016480942916798257,-0.04088932275772095,0.25706377625465393,0.2979530990123749,0.046316057443618774,True,0.409424,0.014963645359675842,-0.04187054932117462,0.24727244675159454,0.28914299607276917,0.04729728400707245,True,0.5348533333333333,0.08138744622898457,0.59336,8,False,0.025195409496788747,0.12883887861874466,0.12100920000011683,False,0.13762302789432693,0.07871676335186342,12,0.8506666666666667,0.00968290819454523,0.2011215806982252,-0.013792991638183594,0.01921972632408142,True,0.11713066666666666,0.2889583706855774,0.302751362323761,0.02596878736695898,-0.03624548017978668,0.04167221486568451,True,0.285072,0.24196742475032806,0.27821290493011475,0.02923052283703307,-0.03502875566482544,0.04045549035072327,True,0.38704533333333335,0.24090886116027832,0.27593761682510376,0.016861810056171524,-0.040656983852386475,0.0460837185382843,True,0.434336,0.2321421504020691,0.27279913425445557,0.02422002865814232,-0.03696057200431824,0.042387306690216064,True,0.5369653333333333,0.2147117555141449,0.25167232751846313,False,0.16562225824186466,0.08893665004144093,13,0.9286613333333333,0.05889268370769853,0.2011215806982252,-0.013792991638183594,0.01921972632408142,True,0.11713066666666666,0.2889583706855774,0.302751362323761,0.12948614034486783,-0.019055098295211792,0.02448183298110962,True,0.26639466666666667,0.2738344669342041,0.2928895652294159,0.04911034307301327,-0.029633283615112305,0.03506001830101013,True,0.3668,0.2444632649421692,0.2740965485572815,0.0382006296041555,-0.032259538769721985,0.03768627345561981,True,0.465024,0.2479241043329239,0.2801836431026459,0.004987329838342038,-0.052958548069000244,0.05838528275489807,True,0.53256,0.2348805069923401,0.28783905506134033,2.049892,5.960464477539063e-08,3.725290298461914e-09,-0.027999230347537735
42348693,91251,"Two men are sitting at a table in a restaurant, one smoking and one reading a newspaper.",85286,A man clinks bottles with another person while smiling in a restaurant.,39341489,0.33822333812713623,0.32407236099243164,0.01415097713470459,0.8045687419898908,9,0.00024299999995491817,0.5239784222492221,0.0009598731994628906,0.2948487401008606,0.2938888669013977,0.0131911039352417,False,0.30934534534534536,0.5239784222492221,0.0009598731994628906,0.2948487401008606,0.2938888669013977,0.0131911039352417,False,0.30934534534534536,0.5239784222492221,0.0009598731994628906,0.2948487401008606,0.2938888669013977,0.0131911039352417,False,0.30934534534534536,0.35960264556064536,-0.005770891904830933,0.25788629055023193,0.26365718245506287,0.019921869039535522,True,0.4793753753753754,0.39696655597984853,-0.004181206226348877,0.2569962441921234,0.2611774504184723,0.018332183361053467,True,0.5959099099099099,0.6395666129372355,0.9478018018018018,8,False,0.9259608920188147,0.5448656128790217,0.00010229999998045969,0.21023306451325693,-0.013235211372375488,0.3033488988876343,0.31658411026000977,0.027386188507080078,True,0.24215615615615615,0.21023306451325693,-0.013235211372375488,0.3033488988876343,0.31658411026000977,0.027386188507080078,True,0.24215615615615615,0.48217831357711893,-0.0007131695747375488,0.32400766015052795,0.3247208297252655,0.014864146709442139,True,0.3586906906906907,0.6490100885591827,0.006146907806396484,0.32496652007102966,0.3188196122646332,0.008004069328308105,False,0.42222822822822825,0.7408249504974993,0.010502606630325317,0.3122260570526123,0.301723450422287,0.0036483705043792725,False,0.5187747747747747,0.5274450210115744,0.42222822822822825,4,False,0.6490100885591827,0.5132160111866958,0.06635910000022704,False,0.33690403671498487,0.5182691115836112,9,1.0,0.8933522372608088,0.21606534099205457,-0.012887448072433472,0.02703842520713806,True,0.22222822822822824,0.3110005557537079,0.32388800382614136,0.21606534099205457,-0.012887448072433472,0.02703842520713806,True,0.22222822822822824,0.3110005557537079,0.32388800382614136,0.20858905753726964,-0.013334512710571289,0.02748548984527588,True,0.5315735735735736,0.23123517632484436,0.24456968903541565,0.20858905753726964,-0.013334512710571289,0.02748548984527588,True,0.5315735735735736,0.23123517632484436,0.24456968903541565,0.20858905753726964,-0.013334512710571289,0.02748548984527588,True,0.5315735735735736,0.23123517632484436,0.24456968903541565,False,0.33690403671498487,0.4937367518044102,8,0.9366126126126126,0.4297980797208117,0.21606534099205457,-0.012887448072433472,0.02703842520713806,True,0.22222822822822824,0.3110005557537079,0.32388800382614136,0.21606534099205457,-0.012887448072433472,0.02703842520713806,True,0.22222822822822824,0.3110005557537079,0.32388800382614136,0.20858905753726964,-0.013334512710571289,0.02748548984527588,True,0.5315735735735736,0.23123517632484436,0.24456968903541565,0.20858905753726964,-0.013334512710571289,0.02748548984527588,True,0.5315735735735736,0.23123517632484436,0.24456968903541565,0.20858905753726964,-0.013334512710571289,0.02748548984527588,True,0.5315735735735736,0.23123517632484436,0.24456968903541565,1.3025884000007864,2.9802322387695312e-08,2.7939677238464355e-09,0.0
1404832008,6716,A man on a zip line being propelled through the water.,6533,A man hangs upside in the air over the water.,1396064003,0.36517220735549927,0.35116517543792725,0.014007031917572021,0.8022954507596847,16,0.00026269999989381176,0.8389115399457338,0.016501516103744507,0.3331478536128998,0.3166463375091553,-0.0024944841861724854,False,0.15085542168674698,0.8839376899116064,0.02030259370803833,0.31510046124458313,0.2947978675365448,-0.006295561790466309,False,0.2227409638554217,0.1412126025524982,-0.01805254817008972,0.2626677453517914,0.2807202935218811,0.03205958008766174,True,0.3418253012048193,0.14346864732311934,-0.017867743968963623,0.2626737952232361,0.2805415391921997,0.031874775886535645,True,0.4070120481927711,0.10215162510200318,-0.021735429763793945,0.25856074690818787,0.2802961766719818,0.03574246168136597,True,0.5590301204819277,0.306030923387383,0.8110963855421687,12,False,0.07313380697200852,0.4913943021051692,0.0001140000003942987,0.8719894423882903,0.01918664574623108,0.3637077510356903,0.34452110528945923,-0.005179613828659058,False,0.13756626506024097,0.8698195929373426,0.018993645906448364,0.3573435842990875,0.33834993839263916,-0.004986613988876343,False,0.27862048192771083,0.8931730815461035,0.02123570442199707,0.334247350692749,0.31301164627075195,-0.007228672504425049,False,0.3708433734939759,0.7755157890101467,0.012397229671478271,0.33272019028663635,0.3203229606151581,0.00160980224609375,False,0.43521084337349397,0.5185404607579747,0.0007419586181640625,0.3240867257118225,0.32334476709365845,0.013265073299407959,False,0.5227530120481928,0.5424727559094308,0.5783132530120482,9,False,0.22996514702173476,0.8218954863573746,0.11822140000003856,False,0.7985948218810571,0.5106678049727849,15,0.9481204819277108,0.27390322165124503,0.9479714423279813,0.02902531623840332,-0.015018284320831299,False,0.13417469879518074,0.360848605632782,0.33182328939437866,0.94672594697222,0.02877560257911682,-0.0147685706615448,False,0.25407831325301206,0.3546275198459625,0.3258519172668457,0.8154484958607476,0.014858096837997437,-0.000851064920425415,False,0.312710843373494,0.31618595123291016,0.3013278543949127,0.8135464963013863,0.014732211828231812,-0.00072517991065979,False,0.4409759036144578,0.31176066398620605,0.29702845215797424,0.1967177245322897,-0.014069363474845886,0.028076395392417908,True,0.5601807228915663,0.23632703721523285,0.25039640069007874,False,0.7801071116882363,0.44857735645015206,15,0.9481204819277108,0.27390322165124503,0.9244573617412738,0.02504509687423706,-0.011038064956665039,False,0.10287951807228915,0.3508744537830353,0.3258293569087982,0.9599147792172679,0.03175836801528931,-0.017751336097717285,False,0.22336144578313252,0.3289493918418884,0.2971910238265991,0.7727189533502067,0.01223728060722351,0.0017697513103485107,False,0.34996385542168673,0.3251972794532776,0.3129599988460541,0.5516318461628406,0.002072662115097046,0.011934369802474976,False,0.4421867469879518,0.30349481105804443,0.3014221489429474,0.1344560668774359,-0.018621206283569336,0.03262823820114136,True,0.5065542168674699,0.28782886266708374,0.3064500689506531,2.075921499999822,2.9802322387695312e-08,2.8230715543031693e-09,0.018487710192820805
2924489177,47532,An Asian woman in a white shirt working with machinery giving the peace sign.,120219,A craftsperson making metal objects.,4889181219,0.4107367992401123,0.33863288164138794,0.07210391759872437,0.9992616778822568,12,0.0002497999998922751,0.19561689245336716,-0.014139175415039062,0.28579506278038025,0.2999342381954193,0.08624309301376343,True,0.17306906906906908,0.09179851629662752,-0.022918701171875,0.25833410024642944,0.28125280141830444,0.09502261877059937,True,0.2618918918918919,0.04346459688300503,-0.030913710594177246,0.2340351641178131,0.26494887471199036,0.10301762819290161,True,0.3864924924924925,0.014164599407213587,-0.042427435517311096,0.22784362733364105,0.27027106285095215,0.11453135311603546,True,0.46183783783783783,0.05487309097245366,-0.028462961316108704,0.2391418069601059,0.2676047682762146,0.10056687891483307,True,0.5863183183183183,0.14406601251011475,0.9008408408408408,10,False,0.03721375506633418,0.22352650707365884,0.0001059999999597494,0.19561689245336716,-0.014139175415039062,0.28579506278038025,0.2999342381954193,0.08624309301376343,True,0.17306906906906908,0.2111613675102621,-0.013179391622543335,0.2756993770599365,0.28887876868247986,0.0852833092212677,True,0.2976696696696697,0.04346459688300503,-0.030913710594177246,0.2340351641178131,0.26494887471199036,0.10301762819290161,True,0.3864924924924925,0.014164599407213587,-0.042427435517311096,0.22784362733364105,0.27027106285095215,0.11453135311603546,True,0.46183783783783783,0.00284874206667963,-0.058580249547958374,0.1908496767282486,0.24942992627620697,0.13068416714668274,True,0.5384924924924925,0.14862893312857986,0.8291411411411411,9,False,0.014065088314475995,0.26531862722147753,0.06189410000024509,False,0.636256575313134,0.40855089839699504,12,1.0,0.0021831835734229138,0.9967575913470409,0.05728191137313843,0.014822006225585938,False,0.16547747747747749,0.3460876941680908,0.2888057827949524,0.9892676930953128,0.045237064361572266,0.0268668532371521,False,0.2136936936936937,0.33463770151138306,0.2894006371498108,0.012147321014866748,-0.043984249234199524,0.11608816683292389,True,0.4621081081081081,0.23157556354999542,0.27555981278419495,0.012147321014866748,-0.043984249234199524,0.11608816683292389,True,0.4621081081081081,0.23157556354999542,0.27555981278419495,0.05001016152760975,-0.029442250728607178,0.10154616832733154,True,0.5338078078078078,0.2376611828804016,0.2671034336090088,False,0.2615995479740989,0.26003861673576184,12,1.0,0.0021831835734229138,0.09179851629662752,-0.022918701171875,0.09502261877059937,True,0.2618918918918919,0.25833410024642944,0.28125280141830444,0.09179851629662752,-0.022918701171875,0.09502261877059937,True,0.2618918918918919,0.25833410024642944,0.28125280141830444,0.007878333888763512,-0.048357293009757996,0.12046121060848236,True,0.33854654654654653,0.23313124477863312,0.2814885377883911,0.026744920425560644,-0.03594301640987396,0.10804693400859833,True,0.463027027027027,0.23928888142108917,0.27523189783096313,0.0515517426693295,-0.02912241220474243,0.1012263298034668,True,0.5876276276276277,0.2127712219953537,0.24189363420009613,1.6759632000002966,2.9802322387695312e-08,3.026798367500305e-09,0.37465702733903505
1229536824,3308,A tribal performance of dance and song of three individuals.,61526,"A woman sitting, a woman sweeping, and a woman holding a shovel.",327142149,0.3194974660873413,0.30224964022636414,0.017247825860977173,0.8487438385027887,15,0.0002561999999670661,0.28842430730804125,-0.00903049111366272,0.3008531332015991,0.30988362431526184,0.026278316974639893,True,0.10829213483146068,0.6894626826883172,0.00797608494758606,0.2901630699634552,0.28218698501586914,0.009271740913391113,False,0.27360449438202245,0.7394268780243152,0.010429918766021729,0.2864198386669159,0.27598991990089417,0.006817907094955444,False,0.33672808988764047,0.9520702183987825,0.029889017343521118,0.27393585443496704,0.24404683709144592,-0.012641191482543945,False,0.48154157303370787,0.8741668827390305,0.019383147358894348,0.2653115689754486,0.24592842161655426,-0.0021353214979171753,False,0.5408044943820225,0.8036244256829161,0.8697752808988765,13,False,0.9365351624434006,0.6732373325591453,0.00011349999977028347,0.28842430730804125,-0.00903049111366272,0.3008531332015991,0.30988362431526184,0.026278316974639893,True,0.10829213483146068,0.5480579302909993,0.0019282698631286621,0.281215101480484,0.27928683161735535,0.01531955599784851,False,0.2578561797752809,0.22306477799890317,-0.012478947639465332,0.27214500308036804,0.2846239507198334,0.029726773500442505,True,0.3171191011235955,0.6423564836653435,0.005856066942214966,0.27101463079452515,0.2651585638523102,0.011391758918762207,False,0.4651910112359551,0.8211352623361491,0.015240579843521118,0.2791200876235962,0.2638795077800751,0.0020072460174560547,False,0.5310112359550562,0.5468226151596026,0.4651910112359551,7,False,0.6423564836653435,0.4881487596894862,0.06683800000064366,False,0.9416615498009601,0.8005420901171526,15,1.0,0.4994583430024944,0.9393772579965521,0.027405470609664917,-0.010157644748687744,False,0.1653123595505618,0.30208149552345276,0.27467602491378784,0.9796857302740669,0.038759082555770874,-0.0215112566947937,False,0.23693932584269664,0.3063637316226959,0.26760464906692505,0.9479836411281788,0.0290277898311615,-0.011779963970184326,False,0.3279056179775281,0.30856120586395264,0.27953341603279114,0.9739491073177574,0.036213070154190063,-0.01896524429321289,False,0.4608943820224719,0.30933907628059387,0.2731260061264038,0.9982114172864516,0.06324541568756104,-0.04599758982658386,False,0.5060269662921348,0.3121189773082733,0.24887356162071228,False,0.6167514473403081,0.4944731737962383,15,1.0,0.4994583430024944,0.6995974348440293,0.008453816175460815,0.008794009685516357,False,0.126723595505618,0.30016782879829407,0.29171401262283325,0.5361333111693342,0.0014478564262390137,0.01579996943473816,False,0.21768988764044944,0.30285120010375977,0.30140334367752075,0.6454806525962553,0.005992323160171509,0.011255502700805664,False,0.3485797752808989,0.30831536650657654,0.30232304334640503,0.24832186929471423,-0.011075824499130249,0.028323650360107422,True,0.40146966292134834,0.26647335290908813,0.2775491774082184,0.8552807546719917,0.01776634156703949,-0.0005185157060623169,False,0.5195730337078651,0.2614602744579315,0.24369393289089203,2.5807387000004383,2.9802322387695312e-08,2.9103830456733704e-09,0.324910102460652
4525821347,99551,An African American man surrounded by empty overturned white buckets and dark colored crates expresses himself through a message handwritten on cardboard.,10807,A muscular African-american man pan-handling using paint buckets as a musical instrument.,1675332284,0.37531718611717224,0.3056902587413788,0.06962692737579346,0.9990543507546313,13,0.0002598000000944012,0.8187410302413015,0.015078410506248474,0.247393399477005,0.23231498897075653,0.05454851686954498,False,0.17155483870967742,0.924205246256407,0.025009050965309143,0.1763213872909546,0.15131233632564545,0.044617876410484314,False,0.2802387096774194,0.9500110016778295,0.029446706175804138,0.1620922088623047,0.13264550268650055,0.04018022119998932,False,0.3421741935483871,0.9401840328873737,0.027548030018806458,0.1707160323858261,0.14316800236701965,0.042078897356987,False,0.4114322580645161,0.6891378070059245,0.007960915565490723,0.19787611067295074,0.18991519510746002,0.061666011810302734,False,0.5067612903225807,0.7457975924666715,0.906683870967742,11,False,0.3639687657699659,0.8915392443628911,0.00010950000023512985,0.613339069252302,0.004613697528839111,0.2774493396282196,0.2728356420993805,0.06501322984695435,False,0.14116129032258065,0.0725900337025469,-0.025475680828094482,0.2588179409503937,0.28429362177848816,0.09510260820388794,True,0.23649032258064517,0.23576203090988448,-0.011760562658309937,0.2556594908237457,0.26742005348205566,0.0813874900341034,True,0.3057483870967742,0.6891378070059245,0.007960915565490723,0.19787611067295074,0.18991519510746002,0.061666011810302734,False,0.5067612903225807,0.6891378070059245,0.007960915565490723,0.19787611067295074,0.18991519510746002,0.061666011810302734,False,0.5067612903225807,0.3811921079936871,0.7719096774193548,10,False,0.09266722418898951,0.4935944907481403,0.06837799999993877,False,0.44841003833898163,0.4323399421937913,11,0.8482967741935484,0.13680353798361677,0.6133404828008618,0.004613757133483887,0.06501317024230957,False,0.14116129032258065,0.2774493098258972,0.27283555269241333,0.6575013546790787,0.006521791219711304,0.06310513615608215,False,0.22869032258064517,0.26226815581321716,0.25574636459350586,0.09231451351272396,-0.02285696566104889,0.09248389303684235,True,0.3240193548387097,0.23581315577030182,0.2586701214313507,0.01988267774813094,-0.03897823393344879,0.10860516130924225,True,0.44283870967741934,0.24354292452335358,0.28252115845680237,0.5898439013431935,0.0036332011222839355,0.06599372625350952,False,0.5351677419354839,0.18607868254184723,0.1824454814195633,False,0.3874737311487058,0.4382771014290323,13,1.0,0.16817431080797884,0.6133404828008618,0.004613757133483887,0.06501317024230957,False,0.14116129032258065,0.2774493098258972,0.27283555269241333,0.0725900337025469,-0.025475680828094482,0.09510260820388794,True,0.23649032258064517,0.2588178813457489,0.2842935621738434,0.042451117255088815,-0.03116023540496826,0.10078716278076172,True,0.3598064516129032,0.23214805126190186,0.2633082866668701,0.3116314030482802,-0.007925033569335938,0.0775519609451294,True,0.45213548387096775,0.1955413520336151,0.20346638560295105,0.5898439013431935,0.0036332011222839355,0.06599372625350952,False,0.5351677419354839,0.18607868254184723,0.1824454814195633,1.48063380000076,5.960464477539063e-08,3.725290298461914e-09,0.06093630719027582
3155657768,56416,A group of children play together in a fenced yard as an adult watches.,48047,A small child jumping rope as other children clap their hands over their heads nearby.,2937461473,0.3128018379211426,0.31257715821266174,0.00022467970848083496,0.5056167564312415,14,0.0002652999996826111,0.2182784344418676,-0.012757271528244019,0.2974742650985718,0.3102315366268158,0.012981951236724854,True,0.23393239436619717,0.2182784344418676,-0.012757271528244019,0.2974742650985718,0.3102315366268158,0.012981951236724854,True,0.23393239436619717,0.2769644533440486,-0.009595692157745361,0.2931080460548401,0.30270373821258545,0.009820371866226196,True,0.38576338028169016,0.8870819113318266,0.020612746477127075,0.29982680082321167,0.2792140543460846,-0.02038806676864624,False,0.42505915492957747,0.5355462570937232,0.001424252986907959,0.27696555852890015,0.2755413055419922,-0.001199573278427124,False,0.5762985915492957,0.5093405889142995,0.7579549295774648,10,False,0.5197560995166836,0.4385186298742468,0.0001119000003200199,0.5490129505886711,0.00196683406829834,0.31526562571525574,0.3132987916469574,-0.0017421543598175049,False,0.1540225352112676,0.13444704949113995,-0.018621981143951416,0.2951968312263489,0.3138188123703003,0.01884666085243225,True,0.2953521126760563,0.2038546670165503,-0.013623744249343872,0.29961296916007996,0.31323671340942383,0.013848423957824707,True,0.36946478873239436,0.6370668472614507,0.005626559257507324,0.2973451316356659,0.29171857237815857,-0.005401879549026489,False,0.4087605633802817,0.9387649302602394,0.027298450469970703,0.3091326951980591,0.2818342447280884,-0.027073770761489868,False,0.5746535211267606,0.6828045285338065,0.5746535211267606,7,False,0.9387649302602394,0.5034045170433179,0.12219960000038554,False,0.6647143634425249,0.430543714564049,14,1.0,0.28274832902245933,0.8334778451790001,0.016104787588119507,-0.015880107879638672,False,0.13849577464788732,0.3143136203289032,0.2982088327407837,0.8264161481389463,0.015604376792907715,-0.01537969708442688,False,0.23109859154929577,0.3184521794319153,0.30284780263900757,0.5493383429250684,0.0019799768924713135,-0.0017552971839904785,False,0.43384788732394364,0.29620882868766785,0.29422885179519653,0.5493383429250684,0.0019799768924713135,-0.0017552971839904785,False,0.43384788732394364,0.29620882868766785,0.29422885179519653,0.24417764590304275,-0.011299103498458862,0.011523783206939697,True,0.5109746478873239,0.28619736433029175,0.2974964678287506,False,0.7084528492089966,0.44618958121394825,14,1.0,0.28274832902245933,0.7862947541019767,0.013027340173721313,-0.012802660465240479,False,0.12494647887323944,0.30776095390319824,0.29473361372947693,0.7501373747025092,0.01099345088005066,-0.010768771171569824,False,0.28947042253521127,0.30580392479896545,0.2948104739189148,0.8824459470254048,0.020157992839813232,-0.019933313131332397,False,0.3820732394366197,0.3163420259952545,0.2961840331554413,0.3645043044495388,-0.005558669567108154,0.005783349275588989,True,0.5234028169014084,0.27460235357284546,0.2801610231399536,0.3645043044495388,-0.005558669567108154,0.005783349275588989,True,0.5234028169014084,0.27460235357284546,0.2801610231399536,2.090667599999506,0.0,3.899913281202316e-09,-0.04373848576647177
8220955383,152473,Dirt biker makes a sloping turn in a forest during the fall.,80240,A mountain biker travels along a dirt trail inside a heavily wooded area.,3721082512,0.37024611234664917,0.3371286690235138,0.033117443323135376,0.9648295201419093,9,0.00024620000021968735,0.9394430748035755,0.027417033910751343,0.28793805837631226,0.2605210244655609,0.005700409412384033,False,0.1892072072072072,0.9878114478703378,0.04394994676113129,0.2570268213748932,0.2130768746137619,-0.01083250343799591,False,0.42701501501501504,0.9878114478703378,0.04394994676113129,0.2570268213748932,0.2130768746137619,-0.01083250343799591,False,0.42701501501501504,0.9878114478703378,0.04394994676113129,0.2570268213748932,0.2130768746137619,-0.01083250343799591,False,0.42701501501501504,0.9932752724654982,0.04995216429233551,0.24071729183197021,0.1907651275396347,-0.016834720969200134,False,0.5637057057057057,0.9525377621956208,0.9302402402402402,8,False,0.8617650620918423,0.9662971065129105,9.719999980006833e-05,0.9753032006465322,0.03676074743270874,0.3562343120574951,0.3194735646247864,-0.0036433041095733643,False,0.1522942942942943,0.9739724622129029,0.03622227907180786,0.35310599207878113,0.31688371300697327,-0.0031048357486724854,False,0.21626426426426426,0.9906142364779462,0.04659131169319153,0.35827580094337463,0.3116844892501831,-0.013473868370056152,False,0.347957957957958,0.9834533269045965,0.04084885120391846,0.3469697833061218,0.30612093210220337,-0.007731407880783081,False,0.4206786786786787,0.7950548791299155,0.013556689023971558,0.2677764296531677,0.25421974062919617,0.01956075429916382,False,0.6584864864864864,0.874658497537454,0.817051051051051,7,False,0.7182333837569135,0.9456448289083845,0.019152199999552977,False,0.9672642220698836,0.9293420869408987,9,1.0,0.6091587505508862,0.9846026217878998,0.041580408811569214,-0.008462965488433838,False,0.2044144144144144,0.36474108695983887,0.32316067814826965,0.9846026217878998,0.041580408811569214,-0.008462965488433838,False,0.2044144144144144,0.36474108695983887,0.32316067814826965,0.9862306436673572,0.042714446783065796,-0.00959700345993042,False,0.3567087087087087,0.35735389590263367,0.31463944911956787,0.9220314842358562,0.02470274269580841,0.008414700627326965,False,0.4698978978978979,0.24608346819877625,0.22138072550296783,0.9321858352730995,0.026207610964775085,0.0069098323583602905,False,0.5396576576576576,0.2359682023525238,0.20976059138774872,False,0.9805070216787356,0.9419245357145416,8,0.93603003003003,0.8686245605384756,0.9788127805976232,0.03832942247390747,-0.005211979150772095,False,0.1316936936936937,0.3639494776725769,0.32562005519866943,0.9851441863780341,0.04194396734237671,-0.008826524019241333,False,0.20796996996996997,0.35895654559135437,0.31701257824897766,0.9825142503498907,0.040287286043167114,-0.007169842720031738,False,0.5184984984984985,0.35973846912384033,0.3194511830806732,0.9825142503498907,0.040287286043167114,-0.007169842720031738,False,0.5184984984984985,0.35973846912384033,0.3194511830806732,0.9825142503498907,0.040287286043167114,-0.007169842720031738,False,0.5184984984984985,0.35973846912384033,0.3194511830806732,1.1292727999998533,5.960464477539063e-08,2.066371962428093e-09,-0.013242799608851996
2549933281,33307,A bride poses on a boardwalk while her bridal party stands behind her.,622,A photographer takes a picture of a group of one girl in a pink dress and 10 boys in suits and hats.,1039637574,0.40798255801200867,0.28467947244644165,0.12330308556556702,0.9999955841621677,13,0.0002951999999822874,0.9999791098687982,0.10776212811470032,0.39664995670318604,0.2888878285884857,0.0155409574508667,False,0.122784140969163,0.999940703651954,0.0973290354013443,0.3434225916862488,0.24609355628490448,0.025974050164222717,False,0.2530660792951542,0.9999606478038572,0.10142919421195984,0.33463165163993835,0.23320245742797852,0.021873891353607178,False,0.3424581497797357,0.9994295124601424,0.07468448579311371,0.2971300780773163,0.22244559228420258,0.04861859977245331,False,0.41179735682819385,0.9972536012498563,0.05894714593887329,0.27197423577308655,0.21302708983421326,0.06435593962669373,False,0.5124140969162996,0.8110973303776169,0.8531277533039647,11,False,0.08472720009954682,0.9996112592226777,0.00010320000001229346,0.9999791098687982,0.10776212811470032,0.39664995670318604,0.2888878285884857,0.0155409574508667,False,0.122784140969163,0.999988270250806,0.11353370547294617,0.3901097774505615,0.27657607197761536,0.00976938009262085,False,0.2121762114537445,0.9997961162590989,0.08497756719589233,0.3541828393936157,0.2692052721977234,0.03832551836967468,False,0.34976211453744493,0.9996015675267972,0.07827574014663696,0.3329358696937561,0.25466012954711914,0.045027345418930054,False,0.42616740088105726,0.9978846066439013,0.061563968658447266,0.31616613268852234,0.2546021640300751,0.06173911690711975,False,0.5141894273127753,0.9324286354891405,0.821942731277533,11,False,0.7561420468971116,0.9997053802768255,0.0764140999999654,False,0.999953503134515,0.907276317558512,13,1.0,0.7856625857345342,0.999973765287354,0.1054840087890625,0.017819076776504517,False,0.1432466960352423,0.3884805142879486,0.2829965054988861,0.9999903655459078,0.11550155282020569,0.007801532745361328,False,0.27184581497797355,0.39176690578460693,0.27626535296440125,0.9999820603422113,0.10928478837013245,0.01401829719543457,False,0.39462995594713657,0.37584301829338074,0.2665582299232483,0.9998984620192122,0.09194976091384888,0.03135332465171814,False,0.4639691629955947,0.3606138825416565,0.2686641216278076,0.999714418765694,0.08160698413848877,0.04169610142707825,False,0.5403744493392071,0.34494730830192566,0.2633403241634369,False,0.9999254167588639,0.904203765033847,13,1.0,0.7856625857345342,0.999973765287354,0.1054840087890625,0.017819076776504517,False,0.1432466960352423,0.3884805142879486,0.2829965054988861,0.99994568107055,0.09820583462715149,0.025097250938415527,False,0.2467533039647577,0.38147950172424316,0.2832736670970917,0.999898527354609,0.09195619821548462,0.0313468873500824,False,0.3695374449339207,0.36540383100509644,0.2734476327896118,0.9998984620192122,0.09194976091384888,0.03135332465171814,False,0.4639691629955947,0.3606138825416565,0.2686641216278076,0.999714418765694,0.08160698413848877,0.04169610142707825,False,0.5403744493392071,0.34494730830192566,0.2633403241634369,2.279762500000288,8.940696716308594e-08,4.423782229423523e-09,2.8086375651104056e-05
4459992117,96741,A woman with pink hair bent down on the sidewalk holding to pink dogs.,148161,The woman wearing the pink jacket has thrown a Frisbee for the dog to catch.,756521713,0.3950320780277252,0.29671382904052734,0.09831824898719788,0.9999462882413916,12,0.0002792000000226835,0.9998072427994646,0.08553886413574219,0.3590962588787079,0.2735573947429657,0.012779384851455688,False,0.14149333333333333,0.9992931406176166,0.07253971695899963,0.3310641944408417,0.25852447748184204,0.025778532028198242,False,0.213776,0.9994505636581283,0.07506068050861359,0.30967479944229126,0.23461411893367767,0.02325756847858429,False,0.463936,0.9994505636581283,0.07506068050861359,0.30967479944229126,0.23461411893367767,0.02325756847858429,False,0.463936,0.9892812272076925,0.0452498197555542,0.304201602935791,0.2589517831802368,0.05306842923164368,False,0.5136213333333334,0.7791780747788413,0.7613813333333334,10,False,0.27513956649634347,0.9990517916583187,0.00010750000001280569,0.9998072427994646,0.08553886413574219,0.3590962588787079,0.2735573947429657,0.012779384851455688,False,0.14149333333333333,0.9992931406176166,0.07253971695899963,0.3310641944408417,0.25852447748184204,0.025778532028198242,False,0.213776,0.9880071406055875,0.04411378502845764,0.3086147606372833,0.2645009756088257,0.054204463958740234,False,0.44891733333333333,0.9880071406055875,0.04411378502845764,0.3086147606372833,0.2645009756088257,0.054204463958740234,False,0.44891733333333333,0.9892812272076925,0.0452498197555542,0.304201602935791,0.2589517831802368,0.05306842923164368,False,0.5136213333333334,0.881503019735177,0.8426506666666667,10,False,0.45257919315040784,0.9955651543659984,0.12153909999960888,False,0.9964769184518238,0.9588781474487877,12,1.0,0.3525954549910509,0.9998627750945311,0.08893752098083496,0.009380728006362915,False,0.10071466666666666,0.3833445906639099,0.29440706968307495,0.9998545461790636,0.08835506439208984,0.009963184595108032,False,0.2683413333333333,0.37156522274017334,0.2832101583480835,0.9999311621364781,0.09583687782287598,0.0024813711643218994,False,0.33304533333333336,0.3687080144882202,0.27287113666534424,0.9999572110046371,0.10059186816215515,-0.0022736191749572754,False,0.405328,0.36513346433639526,0.2645415961742401,0.9795606227066234,0.03869640827178955,0.059621840715408325,False,0.6113013333333334,0.2690575420856476,0.23036113381385803,False,0.9977080038600735,0.974367769393696,12,1.0,0.3525954549910509,0.9995071468355208,0.07614806294441223,0.022170186042785645,False,0.15346666666666667,0.36790844798088074,0.2917603850364685,0.9972045292905751,0.058769553899765015,0.03954869508743286,False,0.29496,0.33449068665504456,0.27572113275527954,0.9927307619246954,0.04916808009147644,0.049150168895721436,False,0.36724266666666666,0.3116570711135864,0.26248899102211,0.9986753950699233,0.06625315546989441,0.03206509351730347,False,0.48141333333333336,0.3317503333091736,0.2654971778392792,0.997150656803443,0.05857813358306885,0.03974011540412903,False,0.6058613333333334,0.3190058767795563,0.2604277431964874,1.7730188000005,0.0,4.0745362639427185e-09,-0.001231085408249677
3028145992,51438,A woman directs a crowd of people with a loudspeaker.,88261,People look on as participants in a marathon pass by.,4075239348,0.3199514150619507,0.2889804244041443,0.030970990657806396,0.9567729256401719,13,0.0002696999999898253,0.9498585647822938,0.029414653778076172,0.30722376704216003,0.27780911326408386,0.0015563368797302246,False,0.15228828828828828,0.9864151346521526,0.04285120964050293,0.30021294951438904,0.2573617398738861,-0.011880218982696533,False,0.20974174174174173,0.9283685156974896,0.025618940591812134,0.2813727557659149,0.2557538151741028,0.005352050065994263,False,0.3307627627627628,0.7079480295671612,0.008854389190673828,0.26345792412757874,0.2546035349369049,0.02211660146713257,False,0.4444864864864865,0.7299154315741541,0.009941935539245605,0.260134220123291,0.2501922845840454,0.02102905511856079,False,0.5304084084084084,0.8912688898516652,0.8273153153153153,10,False,0.9402293532389218,0.8889040191940091,0.00011160000030940864,0.8827334647554805,0.020185738801956177,0.29403233528137207,0.2738465964794159,0.01078525185585022,False,0.20994594594594596,0.8827334647554805,0.020185738801956177,0.29403233528137207,0.2738465964794159,0.01078525185585022,False,0.20994594594594596,0.4878877260607045,-0.0004845857620239258,0.2743118107318878,0.27479639649391174,0.03145557641983032,True,0.3538018018018018,0.22146465857422476,-0.012571513652801514,0.25469812750816345,0.26726964116096497,0.04354250431060791,True,0.47482282282282284,0.3454832871325061,-0.006389528512954712,0.26445910334587097,0.2708486318588257,0.03736051917076111,True,0.5308888888888889,0.5464636713498405,0.6742642642642642,8,False,0.42109683192894476,0.6602152532930541,0.06404480000037438,False,0.7260893785757122,0.6226722358737432,12,0.9557237237237237,0.8253007043798458,0.9498584228417729,0.029414623975753784,0.0015563666820526123,False,0.15228828828828828,0.30722376704216003,0.27780914306640625,0.8007203842865936,0.013908028602600098,0.0170629620552063,False,0.21372372372372372,0.296202689409256,0.2822946608066559,0.5693880985546891,0.002793550491333008,0.02817744016647339,False,0.3332912912912913,0.2732073962688446,0.2704138457775116,0.5480771227700565,0.0019290447235107422,0.029041945934295654,False,0.47527927927927927,0.25377240777015686,0.2518433630466461,0.5306155755915573,0.0012261569499969482,0.029744833707809448,False,0.5561441441441441,0.25114187598228455,0.2499157190322876,False,0.6734321197464894,0.6198561032224853,11,0.9031291291291291,0.48210687923777407,0.9507350844987538,0.02960023283958435,0.001370757818222046,False,0.1175015015015015,0.310980886220932,0.28138065338134766,0.7699034186305937,0.012077659368515015,0.018893331289291382,False,0.2697897897897898,0.28662458062171936,0.27454692125320435,0.4845732553659021,-0.0006172657012939453,0.03158825635910034,True,0.32744744744744747,0.2806765139102936,0.2812937796115875,0.4488185722342547,-0.002054452896118164,0.03302544355392456,True,0.4752852852852853,0.2803717851638794,0.28242623805999756,0.24228508357544198,-0.011401921510696411,0.04237291216850281,True,0.5612072072072072,0.269832581281662,0.2812345027923584,1.7620938000000024,2.9802322387695312e-08,3.3760443329811096e-09,0.052657258829222786
3222702477,59450,Player in blue and white uniform and player in gold and black uniform going after soccer ball.,75388,Three players bring a team opponent to the ground.,3601491447,0.31761202216148376,0.29352858662605286,0.024083435535430908,0.9174613324562947,12,0.00024229999962699367,0.9549061185256976,0.030528664588928223,0.2866446077823639,0.25611594319343567,-0.0064452290534973145,False,0.13625688073394496,0.9722380855611044,0.03555935621261597,0.2878764271736145,0.25231707096099854,-0.011475920677185059,False,0.2516834862385321,0.982713170415458,0.04040372371673584,0.29907354712486267,0.25866982340812683,-0.01632028818130493,False,0.334454128440367,0.9932433970697385,0.04990455508232117,0.2908560633659363,0.2409515082836151,-0.02582111954689026,False,0.5342247706422019,0.9932433970697385,0.04990455508232117,0.2908560633659363,0.2409515082836151,-0.02582111954689026,False,0.5342247706422019,0.7694453563549666,0.9352935779816514,11,False,0.20660356352852396,0.9678672746594424,0.00010419999989608186,0.9538674840459899,0.030290067195892334,0.30741599202156067,0.27712592482566833,-0.006206631660461426,False,0.11542660550458715,0.8778345923135501,0.01972082257270813,0.2910899221897125,0.2713690996170044,0.004362612962722778,False,0.23937614678899083,0.9793073551888862,0.038570672273635864,0.28835955262184143,0.24978888034820557,-0.014487236738204956,False,0.37563302752293576,0.9887956391758804,0.04480184614658356,0.2852274775505066,0.24042563140392303,-0.02071841061115265,False,0.5754036697247706,0.9887956391758804,0.04480184614658356,0.2852274775505066,0.24042563140392303,-0.02071841061115265,False,0.5754036697247706,0.7754304291651946,0.7943211009174312,9,False,0.41320935415787136,0.9465158031384273,0.11916019999989658,False,0.9475983775549194,0.7480427214007093,12,1.0,0.05479493562948176,0.9538674840459899,0.030290067195892334,-0.006206631660461426,False,0.11542660550458715,0.30741599202156067,0.27712592482566833,0.9631650439177176,0.03263777494430542,-0.008554339408874512,False,0.2928623853211009,0.27712398767471313,0.24448621273040771,0.9794540212221676,0.03864330053329468,-0.01455986499786377,False,0.35756880733944957,0.28642791509628296,0.24778461456298828,0.9867532856346178,0.04310670495033264,-0.019023269414901733,False,0.42758715596330277,0.2902158498764038,0.24710914492607117,0.8746082877047815,0.019423335790634155,0.004660099744796753,False,0.6983119266055046,0.2536511719226837,0.23422783613204956,False,0.9436611978587162,0.7571016446042854,12,1.0,0.05479493562948176,0.9538674840459899,0.030290067195892334,-0.006206631660461426,False,0.11542660550458715,0.30741599202156067,0.27712592482566833,0.9631650439177176,0.03263777494430542,-0.008554339408874512,False,0.2928623853211009,0.27712398767471313,0.24448621273040771,0.977227815922983,0.03759180009365082,-0.01350836455821991,False,0.3628807339449541,0.2812272608280182,0.24363546073436737,0.9697164927497536,0.034664005041122437,-0.010580569505691528,False,0.4338348623853211,0.2911286950111389,0.2564646899700165,0.8746082877047815,0.019423335790634155,0.004660099744796753,False,0.6983119266055046,0.2536511719226837,0.23422783613204956,2.1799733999996533,5.960464477539063e-08,4.016328603029251e-09,0.003937179696203219
4517838680,99190,"A man in a black shirt and white pants swinging a baseball bat, with a baseball team and spectators in the background.",144619,A man throws a pitch during a baseball game.,702083815,0.3430168032646179,0.3163147568702698,0.026702046394348145,0.9352454257517464,11,0.0002586999999039108,0.6317597736282321,0.0053977370262146,0.27489686012268066,0.26949912309646606,0.021304309368133545,False,0.37390419161676647,0.6317597736282321,0.0053977370262146,0.27489686012268066,0.26949912309646606,0.021304309368133545,False,0.37390419161676647,0.6317597736282321,0.0053977370262146,0.27489686012268066,0.26949912309646606,0.021304309368133545,False,0.37390419161676647,0.4952295380021913,-0.00019082427024841309,0.25821200013160706,0.25840282440185547,0.026892870664596558,True,0.4474610778443114,0.7074335567838848,0.008829519152641296,0.2179659903049469,0.2091364711523056,0.017872527241706848,False,0.5755269461077844,0.3921524286626472,0.7623233532934132,7,False,0.23490288539409315,0.7148472681736214,0.00010109999993801466,0.16641174385693389,-0.01611274480819702,0.28448522090911865,0.3005979657173157,0.042814791202545166,True,0.19453293413173653,0.2877281384625623,-0.009064435958862305,0.24919414520263672,0.258258581161499,0.03576648235321045,True,0.474562874251497,0.2877281384625623,-0.009064435958862305,0.24919414520263672,0.258258581161499,0.03576648235321045,True,0.474562874251497,0.2877281384625623,-0.009064435958862305,0.24919414520263672,0.258258581161499,0.03576648235321045,True,0.474562874251497,0.21308093264616168,-0.013064533472061157,0.24200627207756042,0.2550708055496216,0.0397665798664093,True,0.5607005988023952,0.19877082339750476,0.7028323353293413,6,False,0.11356930646547751,0.3429815487128348,0.11967700000059267,False,0.7266987603653304,0.2645668804559269,11,1.0,0.023607616034778345,0.6317611602657967,0.005397796630859375,0.02130424976348877,False,0.37390419161676647,0.27489686012268066,0.2694990634918213,0.6317611602657967,0.005397796630859375,0.02130424976348877,False,0.37390419161676647,0.27489686012268066,0.2694990634918213,0.6317611602657967,0.005397796630859375,0.02130424976348877,False,0.37390419161676647,0.27489686012268066,0.2694990634918213,0.7353595011082745,0.010219871997833252,0.016482174396514893,False,0.430125748502994,0.28304287791252136,0.2728230059146881,0.3442174472164097,-0.006445556879043579,0.033147603273391724,True,0.5307844311377246,0.26547351479530334,0.2719190716743469,False,0.5541534450102644,0.2150201245720923,11,1.0,0.023607616034778345,0.6317611602657967,0.005397796630859375,0.02130424976348877,False,0.37390419161676647,0.27489686012268066,0.2694990634918213,0.6317611602657967,0.005397796630859375,0.02130424976348877,False,0.37390419161676647,0.27489686012268066,0.2694990634918213,0.6317611602657967,0.005397796630859375,0.02130424976348877,False,0.37390419161676647,0.27489686012268066,0.2694990634918213,0.1037756322001218,-0.021559596061706543,0.04826164245605469,True,0.4475029940119761,0.26067784428596497,0.2822374403476715,0.006422523546705291,-0.05041500926017761,0.07711705565452576,True,0.5918502994011976,0.23640000820159912,0.28681501746177673,1.6467508000005182,2.9802322387695312e-08,3.958120942115784e-09,0.172545315355066
3799701220,82275,Two middle-aged Asian men with mustaches working with animal hides in a shop.,72912,An older man in glasses is preparing meat.,3541205002,0.3424619138240814,0.3043876588344574,0.03807425498962402,0.9782770902112281,14,0.0002927000000454427,0.9723747470696271,0.03561010956764221,0.29809340834617615,0.26248329877853394,0.0024641454219818115,False,0.14359466666666668,0.9773154927194119,0.03763127326965332,0.2853297293186188,0.24769845604896545,0.0004429817199707031,False,0.207696,0.8143079318025288,0.014782488346099854,0.16067376732826233,0.14589127898216248,0.02329176664352417,False,0.3160906666666667,0.46471617024276374,-0.0014137029647827148,0.15288913249969482,0.15430283546447754,0.03948795795440674,True,0.4965333333333333,0.5240839760999776,0.0009641051292419434,0.16275086998939514,0.1617867648601532,0.03711014986038208,False,0.5588213333333333,0.671475901813431,0.7750773333333333,11,False,0.3408679944897097,0.7978080096803434,0.00011189999986527255,0.5240200493762911,0.0009615421295166016,0.29598015546798706,0.29501861333847046,0.03711271286010742,False,0.13412266666666667,0.4842747770310831,-0.0006292164325714111,0.27693256735801697,0.2775617837905884,0.038703471422195435,True,0.3145653333333333,0.4842747770310831,-0.0006292164325714111,0.27693256735801697,0.2775617837905884,0.038703471422195435,True,0.3145653333333333,0.5299051667735253,0.0011976361274719238,0.2874000370502472,0.28620240092277527,0.0368766188621521,False,0.407168,0.04087932730469195,-0.03155392408370972,0.20435382425785065,0.23590774834156036,0.06962817907333374,True,0.5285066666666667,0.35510870230777525,0.6759893333333333,9,False,0.20508695447752112,0.5171226182816518,0.020235500000126194,False,0.915525100588776,0.7882656187211509,13,0.9557333333333333,0.35132297700572623,0.9173522629267359,0.02406904101371765,0.014005213975906372,False,0.11178666666666667,0.3034350574016571,0.27936601638793945,0.8818041748257011,0.020096272230148315,0.017977982759475708,False,0.20438933333333334,0.2963639795780182,0.2762677073478699,0.9197634081156107,0.02439136803150177,0.013682886958122253,False,0.351456,0.2585187256336212,0.23412735760211945,0.9471997554222975,0.02886994183063507,0.009204313158988953,False,0.429584,0.23750421404838562,0.20863427221775055,0.8593009124908827,0.018094956874847412,0.01997929811477661,False,0.5410133333333333,0.20760008692741394,0.18950513005256653,False,0.872850339465161,0.8056614428116459,14,1.0,0.7879406970177242,0.899771720180165,0.02194690704345703,0.016127347946166992,False,0.12928533333333334,0.30855414271354675,0.2866072356700897,0.751264580990424,0.011053681373596191,0.027020573616027832,False,0.221888,0.30173346400260925,0.29067978262901306,0.8296724987640541,0.01583307981491089,0.022241175174713135,False,0.30868266666666666,0.30883705615997314,0.29300397634506226,0.8992287220426813,0.02188684046268463,0.016187414526939392,False,0.4334133333333333,0.25134509801864624,0.2294582575559616,0.9435186447520282,0.028157055377960205,0.009917199611663818,False,0.5163786666666667,0.21650464832782745,0.18834759294986725,1.9389553000000888,2.9802322387695312e-08,3.899913281202316e-09,0.04267476112361501
2566294211,33981,Several young people congregating by two canoes.,113883,A group of people get set to go fishing.,4788967636,0.3174499571323395,0.29742398858070374,0.020025968551635742,0.8810694616058864,10,0.00025219999997716513,0.9350932895371149,0.026676952838897705,0.27815738320350647,0.25148043036460876,-0.006650984287261963,False,0.21872268907563025,0.9350932895371149,0.026676952838897705,0.27815738320350647,0.25148043036460876,-0.006650984287261963,False,0.21872268907563025,0.9810437734669379,0.03946484625339508,0.28684908151626587,0.2473842352628708,-0.01943887770175934,False,0.3345378151260504,0.9456854239706726,0.028571173548698425,0.2776831090450287,0.24911193549633026,-0.008545204997062683,False,0.4256526610644258,0.8961728009532576,0.02155405282974243,0.26186782121658325,0.24031376838684082,-0.0015280842781066895,False,0.5451540616246499,0.8125416684409387,1.0,10,False,0.3504134164547561,0.9307570090257193,0.00011099999983343878,0.9391543764813727,0.02736639976501465,0.3188253939151764,0.29145899415016174,-0.007340431213378906,False,0.16003361344537814,0.8254267819991284,0.015535563230514526,0.2816869914531708,0.26615142822265625,0.004490405321121216,False,0.2511484593837535,0.5526016895178372,0.002111881971359253,0.2635030150413513,0.26139113306999207,0.01791408658027649,False,0.32284593837535014,0.8617354149804333,0.018297791481018066,0.27155616879463196,0.2532583773136139,0.0017281770706176758,False,0.508436974789916,0.8617354149804333,0.018297791481018066,0.27155616879463196,0.2532583773136139,0.0017281770706176758,False,0.508436974789916,0.8414655787242322,0.6316190476190476,7,False,0.90143294768263,0.7998690450031972,0.08007129999987228,False,0.9140825823652279,0.8601827137170206,8,0.8683529411764705,0.7413736121535092,0.9499654796689495,0.029437124729156494,-0.009411156177520752,False,0.18338375350140057,0.3194158673286438,0.2899787425994873,0.9231305898578028,0.024856626987457275,-0.004830658435821533,False,0.3065658263305322,0.3095976412296295,0.28474101424217224,0.9231305898578028,0.024856626987457275,-0.004830658435821533,False,0.3065658263305322,0.3095976412296295,0.28474101424217224,0.9436905593630814,0.028189361095428467,-0.008163392543792725,False,0.4260672268907563,0.3025646209716797,0.2743752598762512,0.8356438383669638,0.016261667013168335,0.0037643015384674072,False,0.6447899159663866,0.24012860655784607,0.22386693954467773,False,0.8804080643870789,0.797593464825389,9,0.9594677871148459,0.8547983309100804,0.7907726242542369,0.013295888900756836,0.006730079650878906,False,0.19119887955182072,0.3114876449108124,0.29819175601005554,0.9525125651941746,0.02998638153076172,-0.009960412979125977,False,0.31438095238095237,0.3256092369556427,0.295622855424881,0.9525125651941746,0.02998638153076172,-0.009960412979125977,False,0.31438095238095237,0.3256092369556427,0.295622855424881,0.9436905593630814,0.028189361095428467,-0.008163392543792725,False,0.4260672268907563,0.3025646209716797,0.2743752598762512,0.8356438383669638,0.016261667013168335,0.0037643015384674072,False,0.6447899159663866,0.24012860655784607,0.22386693954467773,1.462068900000304,2.9802322387695312e-08,2.561137080192566e-09,0.03367451797814902
2424250856,28093,A man in a black suit plays the piano.,76547,A man is playing the piano while standing.,3631530817,0.3405575156211853,0.3290995955467224,0.01145792007446289,0.758741470808616,12,0.00027360000012777164,0.5307788705303985,0.0012327134609222412,0.29237544536590576,0.2911427319049835,0.01022520661354065,False,0.17618133333333333,0.21918751335156123,-0.012704074382781982,0.2672085762023926,0.27991265058517456,0.024161994457244873,True,0.27768,0.03823360207788755,-0.03225056827068329,0.24373720586299896,0.27598777413368225,0.04370848834514618,True,0.41534933333333335,0.03823360207788755,-0.03225056827068329,0.24373720586299896,0.27598777413368225,0.04370848834514618,True,0.41534933333333335,0.05416223540508288,-0.028600871562957764,0.23042729496955872,0.2590281665325165,0.040058791637420654,True,0.5193813333333334,0.18861358476291631,0.7899253333333334,9,False,0.019954005010735753,0.33536160799501846,0.0001285000003008463,0.5307788705303985,0.0012327134609222412,0.29237544536590576,0.2911427319049835,0.01022520661354065,False,0.17618133333333333,0.21918751335156123,-0.012704074382781982,0.2672085762023926,0.27991265058517456,0.024161994457244873,True,0.27768,0.19639980155759426,-0.014089494943618774,0.2750098705291748,0.2890993654727936,0.025547415018081665,True,0.3579733333333333,0.028530408570580083,-0.03527839481830597,0.24397991597652435,0.2792583107948303,0.04673631489276886,True,0.4956426666666667,0.07348254259967271,-0.025343850255012512,0.23416568338871002,0.25950953364372253,0.0368017703294754,True,0.551568,0.1923709152972607,0.6250666666666667,7,False,0.020625173185108283,0.33844421021967797,0.12497089999942546,False,0.48316912206310625,0.3850410631567699,10,0.8508906666666667,0.3514078792636504,0.5653735003666088,0.002629995346069336,0.008827924728393555,False,0.19101866666666667,0.29727718234062195,0.2946471869945526,0.21918751335156123,-0.012704074382781982,0.024161994457244873,True,0.27768,0.2672085762023926,0.27991265058517456,0.47057296147359795,-0.001178443431854248,0.012636363506317139,True,0.381712,0.2981603145599365,0.29933875799179077,0.6433917118462428,0.005901157855987549,0.005556762218475342,False,0.4376373333333333,0.2917751371860504,0.28587397933006287,0.08998183202718285,-0.023138567805290222,0.03459648787975311,True,0.5753066666666666,0.21327108144760132,0.23640964925289154,False,0.532300700321976,0.4193742869000908,12,1.0,0.24691852716969262,0.5653735003666088,0.002629995346069336,0.008827924728393555,False,0.19101866666666667,0.29727718234062195,0.2946471869945526,0.21918751335156123,-0.012704074382781982,0.024161994457244873,True,0.27768,0.2672085762023926,0.27991265058517456,0.47057296147359795,-0.001178443431854248,0.012636363506317139,True,0.381712,0.2981603145599365,0.29933875799179077,0.6433917118462428,0.005901157855987549,0.005556762218475342,False,0.4376373333333333,0.2917751371860504,0.28587397933006287,0.5395094710181262,0.001583680510520935,0.009874239563941956,False,0.5300426666666667,0.24416415393352509,0.24258047342300415,1.6616735999996308,2.9802322387695312e-08,3.3178366720676422e-09,-0.04913157825886971
202174004,14533,Five people in full gear are mountain climbing.,114328,"Three people, with backpacks hiking along a dirt road through the mountains.",4798837062,0.3272029459476471,0.3118346631526947,0.015368282794952393,0.8230031772648996,13,0.00030030000016267877,0.9094348101010997,0.02306753396987915,0.2976141571998596,0.27454662322998047,-0.007699251174926758,False,0.128384,0.9721279930002458,0.035518646240234375,0.3004707098007202,0.26495206356048584,-0.020150363445281982,False,0.2674453333333333,0.9962298133363543,0.055768534541130066,0.2983240485191345,0.24255551397800446,-0.04040025174617767,False,0.403168,0.9962298133363543,0.055768534541130066,0.2983240485191345,0.24255551397800446,-0.04040025174617767,False,0.403168,0.994262848840023,0.05155038833618164,0.2978207767009735,0.24627038836479187,-0.03618210554122925,False,0.5386773333333333,0.9616650174108302,0.911312,12,False,0.9537727719371992,0.9476461989671988,0.00010969999993903912,0.8043849833090106,0.014139294624328613,0.3156980574131012,0.3015587627887726,0.0012289881706237793,False,0.14529066666666668,0.3554009616543153,-0.0059538185596466064,0.2931462824344635,0.2991001009941101,0.021322101354599,True,0.2736746666666667,0.24857562179723555,-0.01106223464012146,0.29597994685173035,0.3070421814918518,0.026430517435073853,True,0.33311466666666667,0.9247588007597024,0.025088340044021606,0.27918845415115356,0.25410011410713196,-0.009720057249069214,False,0.40660266666666667,0.9996062959515291,0.07839517295360565,0.274740070104599,0.19634489715099335,-0.06302689015865326,False,0.6054453333333333,0.8365282330223001,0.4697226666666667,6,False,0.9896040946279724,0.7350907473911262,0.06480670000019018,False,0.8425757667031558,0.9094296446731353,13,1.0,0.8528926708459004,0.6941665307759755,0.008196711540222168,0.007171571254730225,False,0.11649066666666667,0.3133995831012726,0.3052028715610504,0.6601741197715161,0.006640702486038208,0.008727580308914185,False,0.20260266666666665,0.2956363260746002,0.288995623588562,0.963919942291866,0.03285267949104309,-0.017484396696090698,False,0.33921066666666666,0.2764338254928589,0.2435811460018158,0.9776257867684593,0.037772178649902344,-0.02240389585494995,False,0.46759466666666666,0.25147196650505066,0.21369978785514832,0.9894918349914537,0.04545038938522339,-0.030082106590270996,False,0.550864,0.22958219051361084,0.18413180112838745,False,0.9215075692036018,0.8805652046849737,13,1.0,0.8528926708459004,0.9429165795772798,0.02804464101791382,-0.012676358222961426,False,0.12514133333333333,0.31831657886505127,0.29027193784713745,0.8932299399485526,0.02124166488647461,-0.005873382091522217,False,0.23905066666666666,0.2884034812450409,0.2671618163585663,0.9797988242215471,0.03881606459617615,-0.023447781801223755,False,0.32232,0.30095863342285156,0.2621425688266754,0.9020318829798398,0.022200077772140503,-0.00683179497718811,False,0.5266453333333333,0.29160258173942566,0.26940250396728516,0.9020318829798398,0.022200077772140503,-0.00683179497718811,False,0.5266453333333333,0.29160258173942566,0.26940250396728516,1.9336483999995835,5.960464477539063e-08,3.14321368932724e-09,-0.07893180250044596
6250527395,138412,"Two rugby teams, one in green and white uniforms, the other in black, are engaged in a scrum.",144368,A group of men playing a game of rugby.,6995905943,0.3663868010044098,0.3337535858154297,0.0326332151889801,0.9631488633360556,13,0.0002684999999473803,0.967999438830151,0.034094780683517456,0.3356359601020813,0.30154117941856384,-0.0014615654945373535,False,0.14372972972972972,0.9408578173465152,0.027668476104736328,0.33577287197113037,0.30810439586639404,0.004964739084243774,False,0.22858258258258257,0.9732947302374524,0.03595826029777527,0.3333314061164856,0.2973731458187103,-0.003325045108795166,False,0.3337057057057057,0.9077582544521863,0.022865653038024902,0.3179464340209961,0.2950807809829712,0.0097675621509552,False,0.4355975975975976,0.023438225541143866,-0.03729669749736786,0.2328595668077469,0.27015626430511475,0.06992991268634796,True,0.5187927927927928,0.5051988035493633,0.7058258258258259,8,False,0.1017956081206116,0.8769322109592201,0.00010309999970559147,0.9666508191363501,0.03366804122924805,0.3570958971977234,0.32342785596847534,-0.0010348260402679443,False,0.15565765765765766,0.9613582405797866,0.032140135765075684,0.3369678258895874,0.3048276901245117,0.0004930794239044189,False,0.24562162162162163,0.6481922746732834,0.006111025810241699,0.327029287815094,0.3209182620048523,0.026522189378738403,False,0.3288168168168168,0.021789445526411922,-0.03804299235343933,0.2863697409629822,0.3244127333164215,0.07067620754241943,True,0.41366966966966967,0.47351564492880666,-0.0010603666305541992,0.27520033717155457,0.27626070380210876,0.0336935818195343,True,0.5161201201201201,0.3864833159033717,0.47684684684684686,6,False,0.0999563492668217,0.6929979739647711,0.0208597999999256,False,0.611473486514764,0.49749019453915466,13,1.0,0.47296513831233206,0.967999346512783,0.03409475088119507,-0.0014615356922149658,False,0.14372972972972972,0.3356359899044037,0.3015412390232086,0.7379455584687086,0.010353177785873413,0.02228003740310669,False,0.22692492492492491,0.3307669758796692,0.3204137980937958,0.1060482958288049,-0.02131757140159607,0.05395078659057617,True,0.31177777777777776,0.3080448806285858,0.3293624520301819,0.457473749391202,-0.001705169677734375,0.03433838486671448,True,0.41377177177177177,0.2985776364803314,0.3002828061580658,0.3606142071146246,-0.005726993083953857,0.03836020827293396,True,0.5188948948948949,0.23936685919761658,0.24509385228157043,False,0.5972679291659341,0.3909472278682172,13,1.0,0.47296513831233206,0.967999346512783,0.03409475088119507,-0.0014615356922149658,False,0.14372972972972972,0.3356359899044037,0.3015412390232086,0.7379455584687086,0.010353177785873413,0.02228003740310669,False,0.22692492492492491,0.3307669758796692,0.3204137980937958,0.1060482958288049,-0.02131757140159607,0.05395078659057617,True,0.31177777777777776,0.3080448806285858,0.3293624520301819,0.457473749391202,-0.001705169677734375,0.03433838486671448,True,0.41377177177177177,0.2985776364803314,0.3002828061580658,0.20398964851742885,-0.013615429401397705,0.04624864459037781,True,0.5156636636636637,0.28951069712638855,0.30312612652778625,1.567269899999701,8.940696716308594e-08,3.841705620288849e-09,0.01420555734882989
166283675,10655,"Several people, including a shirtless man and a woman in purple shorts which say ""P.I.N.K."" on the back, are walking through a crowded outdoor area.",8230,"In foreground, a woman in pink jeans is helping a child in a heart t-shirt to skate, while cyclists and others walk in background with palm trees.",146906547,0.35990291833877563,0.3221273422241211,0.03777557611465454,0.9776332170438196,13,0.0002743000000009488,0.7550796188994355,0.011258900165557861,0.3162268102169037,0.3049679100513458,0.02651667594909668,False,0.13073160173160173,0.7537384110970314,0.01118651032447815,0.29415252804756165,0.2829660177230835,0.02658906579017639,False,0.23284415584415585,0.9800110839559026,0.03892385959625244,0.293734610080719,0.25481075048446655,-0.0011482834815979004,False,0.4237922077922078,0.9800110839559026,0.03892385959625244,0.293734610080719,0.25481075048446655,-0.0011482834815979004,False,0.4237922077922078,0.9731884790644484,0.035917460918426514,0.28189268708229065,0.24597522616386414,0.0018581151962280273,False,0.5854285714285714,0.9052789664545401,0.8719653679653679,11,False,0.9116457638027573,0.8774373174850657,0.00011050000011891825,0.8127822028636759,0.014681905508041382,0.323134183883667,0.3084522783756256,0.02309367060661316,False,0.1174935064935065,0.9294118241974663,0.02577689290046692,0.31325310468673706,0.28747621178627014,0.011998683214187622,False,0.23783982683982685,0.9271642115439541,0.02543923258781433,0.2922094464302063,0.26677021384239197,0.01233634352684021,False,0.3672034632034632,0.9682273203145174,0.03416860103607178,0.29311880469322205,0.25895020365715027,0.0036069750785827637,False,0.4745627705627706,0.9264154336311233,0.025328874588012695,0.2896896004676819,0.2643607258796692,0.012446701526641846,False,0.5442251082251083,0.9112463020582333,0.5442251082251083,8,False,0.9264154336311233,0.9147643168994133,0.04595229999995354,False,0.9225303798355624,0.761527965156883,13,1.0,0.600780437080093,0.7724241435205268,0.012220501899719238,0.025555074214935303,False,0.16123376623376623,0.3051247298717499,0.29290422797203064,0.9666081360257488,0.03365480899810791,0.004120767116546631,False,0.21927272727272729,0.31326547265052795,0.27961066365242004,0.9960613040068853,0.055329591035842896,-0.017554014921188354,False,0.3245367965367965,0.3080357313156128,0.2527061402797699,0.9003579796076848,0.02201208472251892,0.01576349139213562,False,0.5015584415584415,0.2798042297363281,0.2577921450138092,0.9003579796076848,0.02201208472251892,0.01576349139213562,False,0.5015584415584415,0.2798042297363281,0.2577921450138092,False,0.9225303798355624,0.6344542279546914,13,1.0,0.600780437080093,0.7724241435205268,0.012220501899719238,0.025555074214935303,False,0.16123376623376623,0.3051247298717499,0.29290422797203064,0.9666081360257488,0.03365480899810791,0.004120767116546631,False,0.21927272727272729,0.31326547265052795,0.27961066365242004,0.9960613040068853,0.055329591035842896,-0.017554014921188354,False,0.3245367965367965,0.3080357313156128,0.2527061402797699,0.9003579796076848,0.02201208472251892,0.01576349139213562,False,0.5015584415584415,0.2798042297363281,0.2577921450138092,0.9003579796076848,0.02201208472251892,0.01576349139213562,False,0.5015584415584415,0.2798042297363281,0.2577921450138092,2.3710040000005392,5.960464477539063e-08,4.190951585769653e-09,0.0
1368082221,6030,A man wearing a black sweater cooks food in a pan while standing in a cluttered kitchen.,72911,A man in a blue shirt and apron prepares food.,3541205002,0.33593031764030457,0.3267228305339813,0.009207487106323242,0.7151946360878452,13,0.00029219999987617484,0.8140382966348257,0.014764666557312012,0.3186694383621216,0.30390477180480957,-0.0055571794509887695,False,0.10219733333333333,0.965442518345972,0.03329962491989136,0.3238890767097473,0.29058945178985596,-0.024092137813568115,False,0.24551466666666666,0.9360163125448583,0.026830047369003296,0.311036616563797,0.2842065691947937,-0.017622560262680054,False,0.30367466666666665,0.8918119655786171,0.02109384536743164,0.303392618894577,0.2822987735271454,-0.011886358261108398,False,0.44770133333333334,0.9292231106386718,0.02574816346168518,0.2821648120880127,0.2564166486263275,-0.01654067635536194,False,0.5138453333333334,0.7782556778095123,0.9369866666666666,12,False,0.3413060418487962,0.8812081359570277,0.00010870000005525071,0.7674759517913811,0.011941134929656982,0.3264271914958954,0.3144860565662384,-0.0027336478233337402,False,0.120224,0.5992920361817344,0.004025161266326904,0.31646162271499634,0.31243646144866943,0.005182325839996338,False,0.20379733333333333,0.8269840166174337,0.01564401388168335,0.31319186091423035,0.297547847032547,-0.006436526775360107,False,0.3691413333333333,0.764723583423458,0.0117875337600708,0.3246748447418213,0.3128873109817505,-0.0025800466537475586,False,0.4273013333333333,0.5363845575959751,0.0014579594135284424,0.3101973831653595,0.30873942375183105,0.0077495276927948,False,0.54144,0.6236239058707959,0.6094613333333333,8,False,0.6080633720697205,0.710498481367193,0.07410710000021936,False,0.9079591531756669,0.7756781796849365,13,1.0,0.9426472162502202,0.9586645273987635,0.031438201665878296,-0.022230714559555054,False,0.17749333333333334,0.3331911861896515,0.3017529845237732,0.971167337970527,0.035169899463653564,-0.025962412357330322,False,0.237264,0.32993441820144653,0.29476451873779297,0.9795726127399494,0.03870239853858948,-0.029494911432266235,False,0.303408,0.31275424361228943,0.27405184507369995,0.951263094894644,0.029713541269302368,-0.020506054162979126,False,0.4175466666666667,0.3217393159866333,0.29202577471733093,0.8347450633106652,0.016196370124816895,-0.006988883018493652,False,0.5388533333333333,0.296766996383667,0.2805706262588501,False,0.8767450740856578,0.8691142906858327,13,1.0,0.9426472162502202,0.9586645273987635,0.031438201665878296,-0.022230714559555054,False,0.17749333333333334,0.3331911861896515,0.3017529845237732,0.9405472796010388,0.027612805366516113,-0.01840531826019287,False,0.23565333333333333,0.3237067759037018,0.29609397053718567,0.8755446100862282,0.01950898766517639,-0.01030150055885315,False,0.4129386666666667,0.3014475405216217,0.2819385528564453,0.8755446100862282,0.01950898766517639,-0.01030150055885315,False,0.4129386666666667,0.3014475405216217,0.2819385528564453,0.8347450633106652,0.016196370124816895,-0.006988883018493652,False,0.5388533333333333,0.296766996383667,0.2805706262588501,2.0323781999995845,5.960464477539063e-08,4.030880518257618e-09,0.03121407909000906
4930533574,122475,An old man in dirty clothes rides a bike loaded with possessions down a busy city street.,39811,A chinese man sitting down waiting for customers.,272045297,0.3339672386646271,0.31395161151885986,0.020015627145767212,0.880961055371685,13,0.00030379999998331186,0.9166853010303404,0.02398139238357544,0.3016027510166168,0.2776213586330414,-0.0039657652378082275,False,0.114715,0.9667674474986409,0.033704280853271484,0.298826664686203,0.2651223838329315,-0.013688653707504272,False,0.21779,0.9913547728592987,0.047420650720596313,0.30691638588905334,0.25949573516845703,-0.0274050235748291,False,0.407795,0.9913547728592987,0.047420650720596313,0.30691638588905334,0.25949573516845703,-0.0274050235748291,False,0.407795,0.9228573380606178,0.02481818199157715,0.25458621978759766,0.2297680377960205,-0.0048025548458099365,False,0.552535,0.6807184372615921,0.937665,12,False,0.19216675885978227,0.9496864155600477,0.00010870000005525071,0.8808882159159507,0.02000868320465088,0.33464157581329346,0.3146328926086426,6.943941116333008e-06,False,0.104455,0.8808516253456465,0.02000519633293152,0.29604753851890564,0.2760423421859741,1.043081283569336e-05,False,0.21917,0.942020564300106,0.027879387140274048,0.29331907629966736,0.2654396891593933,-0.007863759994506836,False,0.33685,0.9265295291997144,0.02534562349319458,0.2868141531944275,0.2614685297012329,-0.005329996347427368,False,0.40323,0.2805315653339524,-0.009418264031410217,0.22675415873527527,0.23617242276668549,0.02943389117717743,True,0.566445,0.7878052038008303,0.673305,9,False,0.8036782666202616,0.8135762364845809,0.12323850000029779,False,0.6692776481822469,0.5083623385757161,12,0.93362,0.5063848004966498,0.9810796819163345,0.0394841730594635,-0.01946854591369629,False,0.127405,0.32860419154167175,0.28912001848220825,0.991887708089474,0.048062294721603394,-0.02804666757583618,False,0.234265,0.32318902015686035,0.27512672543525696,0.33854969112373207,-0.0066976398229599,0.026713266968727112,True,0.411315,0.23387688398361206,0.24057452380657196,0.33854969112373207,-0.0066976398229599,0.026713266968727112,True,0.411315,0.23387688398361206,0.24057452380657196,0.05815401258343487,-0.027847468852996826,0.04786309599876404,True,0.55258,0.21962189674377441,0.24746936559677124,False,0.7367420118976863,0.5185232506523063,13,1.0,0.4782740123413433,0.9810796819163345,0.0394841730594635,-0.01946854591369629,False,0.127405,0.32860419154167175,0.28912001848220825,0.991887708089474,0.048062294721603394,-0.02804666757583618,False,0.234265,0.32318902015686035,0.27512672543525696,0.8070478342042159,0.014309406280517578,0.005706220865249634,False,0.36182,0.27570319175720215,0.26139378547668457,0.08751432533124559,-0.02344369888305664,0.04345932602882385,True,0.476535,0.23536533117294312,0.25880903005599976,0.12302035229431399,-0.019641339778900146,0.03965696692466736,True,0.53828,0.23289191722869873,0.2525332570075989,2.0365123999999923,0.0,3.725290298461914e-09,-0.0674643637154394
2750185692,40878,A boy poses with a large green insect on his nose.,12064,A little boy holding a baby reptile.,179828434,0.37731626629829407,0.2960234582424164,0.08129280805587769,0.9997053067409075,12,0.0002615000003061141,0.9980435585509675,0.062346696853637695,0.34710782766342163,0.28476113080978394,0.01894611120223999,False,0.14336533333333334,0.9983980292760684,0.06434917449951172,0.33803924918174744,0.2736900746822357,0.016943633556365967,False,0.2846613333333333,0.9997013220457794,0.08115845918655396,0.33724817633628845,0.2560897171497345,0.00013434886932373047,False,0.3735946666666667,0.9991719076588318,0.07095557451248169,0.3332211375236511,0.26226556301116943,0.010337233543395996,False,0.4744853333333333,0.9997104878150858,0.08147023618221283,0.3098289668560028,0.22835873067378998,-0.00017742812633514404,False,0.5284,0.9413676644620697,0.8070773333333333,9,False,0.82419689143273,0.9988943120851493,0.00010539999993852689,0.999872501746852,0.08967280387878418,0.3849681615829468,0.2952953577041626,-0.008379995822906494,False,0.10089066666666667,0.9992768194603736,0.07231128215789795,0.3416145443916321,0.26930326223373413,0.008981525897979736,False,0.244256,0.9996851723434917,0.08063170313835144,0.34456658363342285,0.2639348804950714,0.0006611049175262451,False,0.33318933333333334,0.9990609219489427,0.06969672441482544,0.33448442816734314,0.2647877037525177,0.011596083641052246,False,0.41130133333333335,0.809571391763746,0.014472275972366333,0.2607990503311157,0.2463267743587494,0.06682053208351135,False,0.635664,0.9641021848706114,0.8052426666666667,9,False,0.9402642639849651,0.9659485388093342,0.06407330000001821,False,0.9997681754009614,0.97315304717446,12,1.0,0.09665122530481658,0.9999617910611496,0.10172402858734131,-0.020431220531463623,False,0.16117866666666666,0.3787667751312256,0.2770427465438843,0.999971354456419,0.10460484027862549,-0.023312032222747803,False,0.2620693333333333,0.36875811219215393,0.26415327191352844,0.9997121868064038,0.08152911067008972,-0.00023630261421203613,False,0.31414933333333334,0.3625238537788391,0.2809947431087494,0.9995733797637706,0.0775918960571289,0.0037009119987487793,False,0.4575146666666667,0.3116726279258728,0.2340807318687439,0.9996192602274516,0.07873013615608215,0.0025626718997955322,False,0.5529973333333333,0.3245421350002289,0.24581199884414673,False,0.9997826776144706,0.9752127916154648,12,1.0,0.09665122530481658,0.9999046518097322,0.09257879853248596,-0.011285990476608276,False,0.14756266666666668,0.3849737346172333,0.2923949360847473,0.9998872865131345,0.09090548753738403,-0.009612679481506348,False,0.24845333333333333,0.372518390417099,0.28161290287971497,0.9998631566856859,0.08896537125110626,-0.007672563195228577,False,0.39181866666666665,0.3298644721508026,0.24089910089969635,0.9994805970253081,0.07562310993671417,0.005669698119163513,False,0.46993066666666666,0.29402482509613037,0.2184017151594162,0.9996192602274516,0.07873013615608215,0.0025626718997955322,False,0.5529973333333333,0.3245421350002289,0.24581199884414673,1.86735200000021,5.960464477539063e-08,3.041350282728672e-09,-1.4502213509182127e-05
4631909374,104290,A man bends down in an outdoor area that is also covered while birds walk around him.,113881,Four men are preparing to launch a boat with colorful flags.,4788967636,0.3171122670173645,0.30396050214767456,0.013151764869689941,0.7883780802542397,10,0.00026729999990493525,0.17271897330089298,-0.015664786100387573,0.2646409273147583,0.2803057134151459,0.028816550970077515,True,0.12393993993993994,0.2658660470478234,-0.010156989097595215,0.25281912088394165,0.26297610998153687,0.023308753967285156,True,0.28932732732732735,0.1894839413314279,-0.014533668756484985,0.24179747700691223,0.2563311457633972,0.027685433626174927,True,0.36077477477477476,0.0034129590896935006,-0.05676756799221039,0.20973990857601166,0.26650747656822205,0.06991933286190033,True,0.47983783783783784,0.00013967813261782553,-0.08876030147075653,0.172870472073555,0.2616307735443115,0.10191206634044647,True,0.5397777777777778,0.1315950660694608,0.749063063063063,8,False,6.2610402059780434e-06,0.22913890399615494,0.00010120000024471665,0.17271897330089298,-0.015664786100387573,0.2646409273147583,0.2803057134151459,0.028816550970077515,True,0.12393993993993994,0.2658660470478234,-0.010156989097595215,0.25281912088394165,0.26297610998153687,0.023308753967285156,True,0.28932732732732735,0.106890773764767,-0.021229013800621033,0.24843628704547882,0.26966530084609985,0.034380778670310974,True,0.41150750750750753,0.106890773764767,-0.021229013800621033,0.24843628704547882,0.26966530084609985,0.034380778670310974,True,0.41150750750750753,0.015087629564043357,-0.04178677499294281,0.23406966030597687,0.2758564352989197,0.05493853986263275,True,0.5305705705705706,0.1344875964510065,0.6891231231231231,7,False,6.992976980472362e-05,0.23721760457260122,0.11924249999992753,False,0.3035569155155021,0.29552412825490104,10,1.0,0.8542737666158092,0.30087126698887895,-0.00843152403831482,0.02158328890800476,True,0.1819159159159159,0.2635723054409027,0.27200382947921753,0.4519597859703856,-0.0019275546073913574,0.015079319477081299,True,0.25336336336336335,0.25166094303131104,0.2535884976387024,0.10522037364331066,-0.021405205130577087,0.03455697000026703,True,0.3755435435435435,0.23997963964939117,0.26138484477996826,0.022510699198858036,-0.03770996630191803,0.05086173117160797,True,0.4946066066066066,0.22311018407344818,0.2608201503753662,0.0016602213482230376,-0.06399142742156982,0.07714319229125977,True,0.5545465465465466,0.2038549780845642,0.26784640550613403,False,0.26058835405273195,0.20544520481016165,10,1.0,0.8542737666158092,0.30087126698887895,-0.00843152403831482,0.02158328890800476,True,0.1819159159159159,0.2635723054409027,0.27200382947921753,0.4519597859703856,-0.0019275546073913574,0.015079319477081299,True,0.25336336336336335,0.25166094303131104,0.2535884976387024,0.05029217713676949,-0.02938304841518402,0.04253481328487396,True,0.3133033033033033,0.23650045692920685,0.26588350534439087,0.0032388660813063557,-0.0572928786277771,0.07044464349746704,True,0.4323663663663664,0.21134519577026367,0.26863807439804077,0.0016602213482230376,-0.06399142742156982,0.07714319229125977,True,0.5545465465465466,0.2038549780845642,0.26784640550613403,1.239792800000032,2.9802322387695312e-08,3.725290298461914e-09,0.04296856146277017
2190227737,19170,A woman stands in a field surrounded by three attentive gray dogs.,95026,Young girl plays with small livestock on farm.,4420174290,0.32467880845069885,0.28484371304512024,0.03983509540557861,0.9817201968876376,14,0.00026939999997921404,0.8774513511784074,0.019685134291648865,0.26913100481033325,0.2494458705186844,0.02014996111392975,False,0.12406405693950177,0.7908884752189156,0.013302892446517944,0.26913878321647644,0.2558358907699585,0.02653220295906067,False,0.2826476868327402,0.8618626645459895,0.018308475613594055,0.2677920460700989,0.24948357045650482,0.021526619791984558,False,0.34447686832740215,0.7942312792247852,0.013506218791007996,0.2486792802810669,0.2351730614900589,0.026328876614570618,False,0.42037010676156583,0.4480755378003985,-0.002084493637084961,0.24004259705543518,0.24212709069252014,0.041919589042663574,True,0.5500996441281139,0.6073800670346541,0.6794733096085409,9,False,0.40479842043450437,0.8037327702116828,0.0001150000002780871,0.8774513511784074,0.019685134291648865,0.26913100481033325,0.2494458705186844,0.02014996111392975,False,0.12406405693950177,0.8272337536933243,0.01566147804260254,0.2704225182533264,0.2547610402107239,0.024173617362976074,False,0.21844839857651246,0.8350059530342218,0.01621529459953308,0.27067407965660095,0.25445878505706787,0.023619800806045532,False,0.3047473309608541,0.8637687468393181,0.018469512462615967,0.26995524764060974,0.2514857351779938,0.021365582942962646,False,0.42218505338078294,0.8703617752599319,0.01904161274433136,0.26748308539390564,0.24844147264957428,0.020793482661247253,False,0.5007046263345196,0.6847286749433967,0.6707829181494662,9,False,0.3747982529440606,0.869439617775854,0.06534259999989445,False,0.3946249865673822,0.48057373235432854,12,0.8578220640569395,0.7317951691820983,0.4224534435699799,-0.0031270980834960938,0.04296219348907471,True,0.1920284697508897,0.27400219440460205,0.27712929248809814,0.5194957309721696,0.0007802248001098633,0.03905487060546875,False,0.2538576512455516,0.26675063371658325,0.2659704089164734,0.12849553332561425,-0.01914326846599579,0.0589783638715744,True,0.34133807829181495,0.220286563038826,0.23942983150482178,0.06042523828774579,-0.027440205216407776,0.06727530062198639,True,0.416932384341637,0.20840857923030853,0.2358487844467163,0.19421016192867743,-0.01422882080078125,0.05406391620635986,True,0.5474661921708185,0.19143490493297577,0.20566372573375702,False,0.5247555420663168,0.6141874561678334,12,0.8578220640569395,0.7317951691820983,0.3123549228104568,-0.007891327142715454,0.04772642254829407,True,0.1674946619217082,0.2508210837841034,0.25871241092681885,0.09674194417850264,-0.022339612245559692,0.062174707651138306,True,0.23545907473309607,0.24760794639587402,0.2699475586414337,0.4762170810268395,-0.0009520351886749268,0.04078713059425354,True,0.34584341637010674,0.2463308870792389,0.24728292226791382,0.5228610572749587,0.0009150803089141846,0.03892001509666443,False,0.40767259786476867,0.2424054741859436,0.24149039387702942,0.9113966343035865,0.023308083415031433,0.01652701199054718,False,0.5591601423487544,0.2143176794052124,0.19100959599018097,1.4786418000003323,2.9802322387695312e-08,4.540197551250458e-09,-0.1301305554989346
3269841412,61465,"A drunken woman in a blue dress, black tights, and black leather pumps, laying on a couch, smoking a cigarette, laughing.",78960,A small child is laughing and playing while lying on her back on a gray rug.,3690358949,0.356288880109787,0.29302987456321716,0.06325900554656982,0.9982138419556824,12,0.0002696999999898253,0.668225418318421,0.007001698017120361,0.3014325499534607,0.29443085193634033,0.05625730752944946,False,0.22813142857142857,0.668225418318421,0.007001698017120361,0.3014325499534607,0.29443085193634033,0.05625730752944946,False,0.22813142857142857,0.9862370568227266,0.042719170451164246,0.23404407501220703,0.19132490456104279,0.02053983509540558,False,0.32946285714285717,0.9869917498752439,0.04329077899456024,0.2300339639186859,0.18674318492412567,0.019968226552009583,False,0.44858857142857145,0.9273658150223598,0.02546912431716919,0.21769383549690247,0.19222471117973328,0.037789881229400635,False,0.5177828571428571,0.9271727169311171,0.59648,7,False,0.9444016390140118,0.8839044185437838,0.00010979999979099375,0.668225418318421,0.007001698017120361,0.3014325499534607,0.29443085193634033,0.05625730752944946,False,0.22813142857142857,0.668225418318421,0.007001698017120361,0.3014325499534607,0.29443085193634033,0.05625730752944946,False,0.22813142857142857,0.20231797739937502,-0.01371869444847107,0.23848143219947815,0.2522001266479492,0.0769776999950409,True,0.3588914285714286,0.6241777692866922,0.005073189735412598,0.24708430469036102,0.24201111495494843,0.05818581581115723,False,0.4164514285714286,0.9075471727954628,0.0228404700756073,0.22035443782806396,0.19751396775245667,0.040418535470962524,False,0.5127428571428572,0.8163560629775447,0.5127428571428572,6,False,0.9075471727954628,0.6719396398502647,0.1218165999998746,False,0.6354274099038989,0.45460390515595805,12,1.0,0.5918298659787347,0.9923827504557845,0.048696935176849365,0.014562070369720459,False,0.14669142857142858,0.3317243158817291,0.28302738070487976,0.5119693057513877,0.0004788637161254883,0.06278014183044434,False,0.24298285714285714,0.2709587514400482,0.27047988772392273,0.37707515081122245,-0.005019813776016235,0.06827881932258606,True,0.37696,0.22634069621562958,0.2313605099916458,0.7714416864687256,0.012164697051048279,0.051094308495521545,False,0.43452,0.2128322273492813,0.20066753029823303,0.011137237790774537,-0.04486261308193207,0.10812161862850189,True,0.5776114285714286,0.16493439674377441,0.20979700982570648,False,0.6603300280476292,0.4620220382444221,12,1.0,0.5918298659787347,0.9923827504557845,0.048696935176849365,0.014562070369720459,False,0.14669142857142858,0.3317243158817291,0.28302738070487976,0.34311399884169597,-0.006494477391242981,0.0697534829378128,True,0.28066857142857143,0.2426246553659439,0.2491191327571869,0.5582375527781301,0.0023401230573654175,0.06091888248920441,False,0.33822857142857143,0.21014638245105743,0.20780625939369202,0.7714416864687256,0.012164697051048279,0.051094308495521545,False,0.43452,0.2128322273492813,0.20066753029823303,0.011137237790774537,-0.04486261308193207,0.10812161862850189,True,0.5776114285714286,0.16493439674377441,0.20979700982570648,1.6911935999996786,2.9802322387695312e-08,3.259629011154175e-09,-0.024902618143730293
4442323516,95814,A man in blue watches a family walk by while sitting in the snow.,46209,People waiting at a bus stop.,2891943949,0.3083707392215729,0.29917100071907043,0.009199738502502441,0.7150367774792707,12,0.0002653999999893131,0.7777491891425817,0.012525975704193115,0.30291032791137695,0.29038435220718384,-0.003326237201690674,False,0.15682035928143712,0.9217334820158061,0.024661362171173096,0.2895263433456421,0.264864981174469,-0.015461623668670654,False,0.35621556886227546,0.9217334820158061,0.024661362171173096,0.2895263433456421,0.264864981174469,-0.015461623668670654,False,0.35621556886227546,0.9593693028485956,0.03161752223968506,0.29310256242752075,0.2614850401878357,-0.022417783737182617,False,0.421311377245509,0.7217398066918457,0.009531080722808838,0.2776431441307068,0.26811206340789795,-0.0003313422203063965,False,0.5220898203592814,0.7301985891908334,0.8510059880239521,10,False,0.6116786056489252,0.8282477137860819,0.00010720000000219443,0.4728455362092024,-0.0010872483253479004,0.3012497127056122,0.3023369610309601,0.010286986827850342,True,0.15138922155688622,0.5584613332922798,0.0023491978645324707,0.298893541097641,0.2965443432331085,0.006850540637969971,False,0.22191616766467065,0.33135846082727766,-0.007020473480224609,0.2629564702510834,0.269976943731308,0.01622021198272705,True,0.3105988023952096,0.636315774635039,0.00559408962726593,0.2518446147441864,0.24625052511692047,0.0036056488752365112,False,0.40665269461077846,0.6520143052550443,0.006279051303863525,0.2305440902709961,0.22426503896713257,0.002920687198638916,False,0.650497005988024,0.5902186563141372,0.40665269461077846,6,False,0.636315774635039,0.5677043073417197,0.020096600000215403,False,0.8819081024399904,0.7126945246535411,11,0.939688622754491,0.2148532769968335,0.9211646537534294,0.024582773447036743,-0.015383034944534302,False,0.15377844311377245,0.3076424300670624,0.28305965662002563,0.980601985241773,0.03922995924949646,-0.03003022074699402,False,0.26725149700598805,0.2989541292190552,0.2597241699695587,0.9790131773370278,0.03842650353908539,-0.029226765036582947,False,0.3377784431137725,0.2870556712150574,0.24862916767597198,0.9168073326549352,0.023997381329536438,-0.014797642827033997,False,0.46355688622754493,0.2226109653711319,0.19861358404159546,0.6816557070087362,0.007613912224769592,0.0015858262777328491,False,0.6234670658682635,0.1941787600517273,0.1865648478269577,False,0.7798893882085127,0.6600037015681444,11,0.939688622754491,0.2148532769968335,0.8712628125846512,0.01912170648574829,-0.00992196798324585,False,0.1045808383233533,0.3001895546913147,0.2810678482055664,0.9338344433665242,0.026471391320228577,-0.017271652817726135,False,0.26379041916167667,0.2685386538505554,0.24206726253032684,0.3952524099602432,-0.00425286591053009,0.013452604413032532,True,0.35008383233532936,0.24065646529197693,0.24490933120250702,0.9168073326549352,0.023997381329536438,-0.014797642827033997,False,0.46355688622754493,0.2226109653711319,0.19861358404159546,0.6816557070087362,0.007613912224769592,0.0015858262777328491,False,0.6234670658682635,0.1941787600517273,0.1865648478269577,1.4611458999997922,5.960464477539063e-08,3.3760443329811096e-09,0.10201871423147768
2891943949,46205,Woman in orange jacket is sitting crossed legged on a bench while woman in blue is leaning against the glass.,95812,A man sits on a fence while a group of people walks on the sidewalk in front of him.,4442323516,0.3126707673072815,0.3081936538219452,0.004477113485336304,0.6100949489736289,15,0.0002750000003288733,0.009990116927056644,-0.04596118628978729,0.2227197140455246,0.2686809003353119,0.050438299775123596,True,0.12633734939759036,0.11409616050620691,-0.020495668053627014,0.23088215291500092,0.25137782096862793,0.024972781538963318,True,0.26062048192771087,0.18301119386121262,-0.01496078073978424,0.23281098902225494,0.24777176976203918,0.019437894225120544,True,0.3250903614457831,0.7258777177349426,0.009738072752952576,0.22154006361961365,0.21180199086666107,-0.005260959267616272,False,0.45656024096385545,0.8614756416310116,0.01827600598335266,0.21609821915626526,0.1978222131729126,-0.013798892498016357,False,0.5199939759036144,0.5532483166741909,0.8114638554216868,12,False,0.9871433505730364,0.32148482141574947,0.00011559999984456226,0.010687673707193706,-0.04527918994426727,0.22692827880382538,0.27220746874809265,0.04975630342960358,True,0.11816265060240964,0.004445230363578654,-0.0541146844625473,0.2235056608915329,0.2776203453540802,0.058591797947883606,True,0.26419277108433736,0.004277373795493994,-0.05450129508972168,0.22148942947387695,0.27599072456359863,0.05897840857505798,True,0.33047590361445783,0.00450394101891442,-0.05398288369178772,0.22314471006393433,0.27712759375572205,0.05845999717712402,True,0.4056265060240964,0.019389088226529304,-0.03923465311527252,0.23113416135311127,0.2703688144683838,0.043711766600608826,True,0.5478253012048193,0.02645030494859369,0.48259638554216866,7,False,0.013613569301223219,0.07319744302595503,0.07118799999989278,False,0.17766918829848827,0.4126707098378955,13,0.883078313253012,0.9400483825765524,0.0069439476448801985,-0.04962916672229767,0.05410628020763397,True,0.1256024096385542,0.23711974918842316,0.2867489159107208,0.02796566785710971,-0.035484135150909424,0.03996124863624573,True,0.263433734939759,0.21575269103050232,0.25123682618141174,0.26595912713051845,-0.010152220726013184,0.014629334211349487,True,0.34040361445783135,0.24044585227966309,0.25059807300567627,0.17742462617956242,-0.015338942408561707,0.01981605589389801,True,0.4155542168674699,0.23557700216770172,0.2509159445762634,0.24245035215067343,-0.011392921209335327,0.01587003469467163,True,0.561289156626506,0.22552625834941864,0.23691917955875397,False,0.11435126206764286,0.4051010219626202,14,0.9528855421686747,0.8843499643304304,0.0069439476448801985,-0.04962916672229767,0.05410628020763397,True,0.1256024096385542,0.23711974918842316,0.2867489159107208,0.001229779051586112,-0.06699690222740173,0.07147401571273804,True,0.2723674698795181,0.19744789600372314,0.2644447982311249,0.007108871767118917,-0.04939277470111847,0.05386988818645477,True,0.3375542168674699,0.2126135379076004,0.26200631260871887,0.04860360770303866,-0.029742330312728882,0.034219443798065186,True,0.41452409638554216,0.22936338186264038,0.25910571217536926,0.2614195423645144,-0.010386034846305847,0.014863148331642151,True,0.5531084337349398,0.24184595048427582,0.25223198533058167,1.947960299999977,5.960464477539063e-08,3.14321368932724e-09,0.06331792623084541
4655102365,105637,Group of people near a water fountain and a city skyline.,114767,A group of children play in a public fountain while others sit where it is dryer.,4805078127,0.3299788236618042,0.32358086109161377,0.00639796257019043,0.6547074027750324,8,0.00023299999975279206,0.32083704194343976,-0.007499277591705322,0.24643585085868835,0.2539351284503937,0.013897240161895752,True,0.13717117117117117,0.9213542500711872,0.024608910083770752,0.26355087757110596,0.2389419674873352,-0.018210947513580322,False,0.233021021021021,0.8614704846676728,0.01827557384967804,0.2635085880756378,0.24523301422595978,-0.01187761127948761,False,0.4403783783783784,0.8614704846676728,0.01827557384967804,0.2635085880756378,0.24523301422595978,-0.01187761127948761,False,0.4403783783783784,0.8688475001421554,0.018908068537712097,0.2500476539134979,0.23113958537578583,-0.012510105967521667,False,0.5569849849849849,0.7265350821168505,1.0,8,False,0.6289950326763015,0.7399919021551499,9.819999968385673e-05,0.32083704194343976,-0.007499277591705322,0.24643585085868835,0.2539351284503937,0.013897240161895752,True,0.13717117117117117,0.4658795347978879,-0.001366943120956421,0.26245132088661194,0.26381826400756836,0.007764905691146851,True,0.34452852852852855,0.4658795347978879,-0.001366943120956421,0.26245132088661194,0.26381826400756836,0.007764905691146851,True,0.34452852852852855,0.5244444782525051,0.0009785592555999756,0.24658973515033722,0.24561117589473724,0.005419403314590454,False,0.46113513513513515,0.5371285532152087,0.0014878809452056885,0.25242140889167786,0.25093352794647217,0.004910081624984741,False,0.5325585585585586,0.4951999186933331,0.5325585585585586,4,False,0.5371285532152087,0.45839799138673837,0.0737171999999191,False,0.7365803222262761,0.7800350686585332,8,1.0,0.6289950326763015,0.32083704194343976,-0.007499277591705322,0.013897240161895752,True,0.13717117117117117,0.24643585085868835,0.2539351284503937,0.9213542500711872,0.024608910083770752,-0.018210947513580322,False,0.233021021021021,0.26355087757110596,0.2389419674873352,0.8272401425354797,0.015661925077438354,-0.009263962507247925,False,0.3496276276276276,0.24492573738098145,0.2292638123035431,0.9954594256183575,0.05390150845050812,-0.04750354588031769,False,0.5163603603603604,0.25152650475502014,0.19762499630451202,0.9954594256183575,0.05390150845050812,-0.04750354588031769,False,0.5163603603603604,0.25152650475502014,0.19762499630451202,False,0.46197497053096737,0.5983610956823069,8,1.0,0.6289950326763015,0.32083704194343976,-0.007499277591705322,0.013897240161895752,True,0.13717117117117117,0.24643585085868835,0.2539351284503937,0.35065665164892146,-0.006161540746688843,0.012559503316879272,True,0.23693693693693693,0.256215900182724,0.26237744092941284,0.47949707474365255,-0.0008205771446228027,0.007218539714813232,True,0.34203003003003,0.24527056515216827,0.24609114229679108,0.5793241196706326,0.0031999945640563965,0.003197968006134033,False,0.5493873873873873,0.25166526436805725,0.24846526980400085,0.5793241196706326,0.0031999945640563965,0.003197968006134033,False,0.5493873873873873,0.25166526436805725,0.24846526980400085,1.0855673999994906,0.0,3.958120942115784e-09,0.27460535169530875
3039200576,51897,A girl in white and a girl in green walk past a blue car wash station.,80022,"Two woman, one in red and the other in blue, race each other on rollerblades.",3715669736,0.3380413055419922,0.32768136262893677,0.01035994291305542,0.7380763627301399,14,0.00027139999974679085,0.21991468991522867,-0.012661635875701904,0.2496761679649353,0.2623378038406372,0.023021578788757324,True,0.15847466666666668,0.20661137988252815,-0.013454735279083252,0.2395889163017273,0.25304365158081055,0.023814678192138672,True,0.23891733333333334,0.07743787923288671,-0.02477678656578064,0.22096237540245056,0.2457391619682312,0.03513672947883606,True,0.36506666666666665,0.08586969869959345,-0.023651421070098877,0.22238707542419434,0.2460384964942932,0.0340113639831543,True,0.4208266666666667,0.18046511016834568,-0.01513199508190155,0.2168760746717453,0.23200806975364685,0.02549193799495697,True,0.507568,0.186065179903452,0.788608,11,False,0.014836351621790157,0.25037935690000523,0.00010999999994965037,0.9606908282136037,0.03196194767951965,0.2997821271419525,0.26782017946243286,-0.021602004766464233,False,0.14664,0.861307334824549,0.01826190948486328,0.30553877353668213,0.28727686405181885,-0.007901966571807861,False,0.223936,0.43659673368003143,-0.0025498569011688232,0.30472350120544434,0.30727335810661316,0.012909799814224243,True,0.377456,0.484124425596754,-0.0006352365016937256,0.3003195524215698,0.30095478892326355,0.010995179414749146,True,0.4467253333333333,0.5494799971678761,0.001985698938369751,0.3022822439670563,0.3002965450286865,0.008374243974685669,False,0.5193493333333333,0.5792211508632599,0.659136,9,False,0.4215004575316583,0.7009124737891894,0.12337990000014543,False,0.31996498448148825,0.6191059391849084,13,0.94424,0.996178997354492,0.672014848242256,0.007173120975494385,0.003186821937561035,False,0.14469866666666667,0.30046311020851135,0.29328998923301697,0.21149391490002428,-0.013159438967704773,0.023519381880760193,True,0.22528,0.24135549366474152,0.2545149326324463,0.06931522813244517,-0.025972560048103333,0.03633250296115875,True,0.3120213333333333,0.233414426445961,0.25938698649406433,0.0207230442234521,-0.038555681705474854,0.04891562461853027,True,0.47917866666666664,0.2417360544204712,0.28029173612594604,0.5157066149196238,0.0006284713745117188,0.009731471538543701,False,0.5564746666666667,0.25207647681236267,0.25144800543785095,False,0.7669421844147699,0.8673584855816014,14,1.0,0.4315569598488953,0.21991571244784358,-0.012661576271057129,0.02302151918411255,True,0.15847466666666668,0.24967610836029053,0.26233768463134766,0.9889624416965255,0.04495352506637573,-0.03459358215332031,False,0.21994666666666668,0.27009859681129456,0.22514507174491882,0.9915590537719626,0.04766184091567993,-0.03730189800262451,False,0.36719466666666667,0.2597047686576843,0.2120429277420044,0.9457029487531322,0.028574585914611816,-0.018214643001556396,False,0.4265386666666667,0.243538498878479,0.2149639129638672,0.836566799528923,0.016329020261764526,-0.0059690773487091064,False,0.5132533333333333,0.23818600177764893,0.2218569815158844,2.2244504000000234,0.0,4.0745362639427185e-09,-0.44697719993328167
2451114871,29337,Dogs with muzzles are racing around a sandy track.,41129,A greyhound racing.,2755362721,0.3424448072910309,0.3252696394920349,0.01717516779899597,0.8478087053345619,15,0.0002591999996184313,0.8734809577673122,0.019320935010910034,0.3378811180591583,0.3185601830482483,-0.0021457672119140625,False,0.1435421686746988,0.7711280907067533,0.012146919965744019,0.32848647236824036,0.31633955240249634,0.005028247833251953,False,0.20699397590361446,0.8353161245346234,0.01623782515525818,0.29522261023521423,0.27898478507995605,0.000937342643737793,False,0.36757831325301205,0.7820214471807405,0.012774854898452759,0.2791857123374939,0.26641085743904114,0.004400312900543213,False,0.4289759036144578,0.6458208882291724,0.006007194519042969,0.25174790620803833,0.24574071168899536,0.011167973279953003,False,0.5709036144578313,0.6036733942405178,0.7736927710843373,11,False,0.268351381927891,0.7981661422329783,0.00011559999984456226,0.7498255525238127,0.010976821184158325,0.3296321630477905,0.3186553418636322,0.0061983466148376465,False,0.12362650602409639,0.7187945502672813,0.009384900331497192,0.3242082893848419,0.3148233890533447,0.007790267467498779,False,0.21084337349397592,0.6086520166907671,0.0044164955615997314,0.31775325536727905,0.3133367598056793,0.01275867223739624,False,0.3377831325301205,0.6222455838329679,0.004990905523300171,0.31381383538246155,0.3088229298591614,0.0121842622756958,False,0.41823493975903614,0.13078091367373562,-0.018940716981887817,0.2859410345554352,0.304881751537323,0.03611588478088379,True,0.5078734939759036,0.42490442109302096,0.654210843373494,9,False,0.1750702116803573,0.6503905837285946,0.019755799999984447,False,0.8634970232486184,0.575029502154204,14,0.9585722891566265,0.28510169567788207,0.9398021877549586,0.027480334043502808,-0.010305166244506836,False,0.11768674698795181,0.3404116630554199,0.3129313290119171,0.918920222117332,0.02427765727043152,-0.007102489471435547,False,0.20105421686746988,0.3342318534851074,0.3099541962146759,0.8470866829155432,0.01711931824684143,5.5849552154541016e-05,False,0.34168072289156626,0.32743099331855774,0.3103116750717163,0.9244015647000533,0.025037109851837158,-0.007861942052841187,False,0.42889759036144576,0.3277689814567566,0.30273187160491943,0.5981055813390143,0.003975778818130493,0.013199388980865479,False,0.5632951807228915,0.2627660930156708,0.2587903141975403,False,0.8389676745551266,0.7423218885593028,15,1.0,0.07399120996849141,0.8556523730408183,0.01779639720916748,-0.0006212294101715088,False,0.13112048192771084,0.3243192136287689,0.30652281641960144,0.8332845884544967,0.016090869903564453,0.0010842978954315186,False,0.24880722891566265,0.31591248512268066,0.2998216152191162,0.8111025950255345,0.014571905136108398,0.0026032626628875732,False,0.33217469879518075,0.28559374809265137,0.27102184295654297,0.8049578593750821,0.014175742864608765,0.002999424934387207,False,0.4126265060240964,0.2922232449054718,0.27804750204086304,0.8940594419145181,0.021328940987586975,-0.004153773188591003,False,0.5612409638554217,0.22937065362930298,0.208041712641716,1.9426795999997921,2.9802322387695312e-08,2.2118911147117615e-09,0.02452934869349188
4806000438,114840,Men wearing red and white stripe shirts and wearing blue hats carrying flags outside a brick building.,96865,"A woman holds sticks attached to large striped banners, causing one to launch its banner in a wide loop through the air.",4463538995,0.30009904503822327,0.2916392683982849,0.008459776639938354,0.6997226855757702,11,0.0002537000000302214,0.8652425978463912,0.018595337867736816,0.27093663811683655,0.25234130024909973,-0.010135561227798462,False,0.18968768768768768,0.8479159600490205,0.01718348264694214,0.25653186440467834,0.2393483817577362,-0.008723706007003784,False,0.2383963963963964,0.7398139999729968,0.010450020432472229,0.2562499940395355,0.2457999736070633,-0.0019902437925338745,False,0.41406606606606605,0.7398139999729968,0.010450020432472229,0.2562499940395355,0.2457999736070633,-0.0019902437925338745,False,0.41406606606606605,0.16421049749476785,-0.016272276639938354,0.23486918210983276,0.2511414587497711,0.02473205327987671,True,0.500984984984985,0.4380307596967712,0.6888468468468468,7,False,0.12130208164923138,0.7363426437941556,0.00010589999965304742,0.6137460922224943,0.004630863666534424,0.2914392054080963,0.2868083417415619,0.0038289129734039307,False,0.11271471471471471,0.8479159600490205,0.01718348264694214,0.25653186440467834,0.2393483817577362,-0.008723706007003784,False,0.2383963963963964,0.8324532440902626,0.01603114604949951,0.28242653608322144,0.2663953900337219,-0.007571369409561157,False,0.35636036036036034,0.8888606881743565,0.020791560411453247,0.2771759033203125,0.25638434290885925,-0.012331783771514893,False,0.42862462462462464,0.7308550180793547,0.009989649057388306,0.26625242829322815,0.25626277923583984,-0.0015298724174499512,False,0.5155435435435436,0.7931461152602456,0.35636036036036034,5,False,0.8324532440902626,0.7711742767258382,0.07214339999973163,False,0.49611993215278316,0.3091551976055004,11,1.0,0.22964601795012904,0.8869038694425192,0.02059498429298401,-0.012135207653045654,False,0.13562762762762762,0.309264600276947,0.288669615983963,0.8813929218331399,0.020056873559951782,-0.011597096920013428,False,0.2512252252252252,0.31755945086479187,0.2975025773048401,0.5769036367643485,0.003100752830505371,0.005359023809432983,False,0.3281981981981982,0.2746717929840088,0.2715710401535034,0.02795343743055557,-0.035488635301589966,0.04394841194152832,True,0.4409129129129129,0.22018304467201233,0.2556716799736023,0.004906899963973261,-0.053121939301490784,0.06158171594142914,True,0.6103303303303304,0.21393625438213348,0.26705819368362427,False,0.5912524059727452,0.35066948188583863,11,1.0,0.22964601795012904,0.617402791079877,0.004785388708114624,0.0036743879318237305,False,0.16142342342342342,0.2851901650428772,0.2804047763347626,0.8479140384674945,0.0171833336353302,-0.008723556995391846,False,0.2383963963963964,0.2565317749977112,0.23934844136238098,0.6660520590993584,0.00690382719039917,0.0015559494495391846,False,0.3253153153153153,0.24152904748916626,0.2346252202987671,0.5327920414988947,0.0013135671615600586,0.007146209478378296,False,0.4472792792792793,0.2751437723636627,0.27383020520210266,0.006941009487246957,-0.04963342845439911,0.05809320509433746,True,0.5628768768768769,0.22663350403308868,0.2762669324874878,1.4772002999998222,2.9802322387695312e-08,3.4924596548080444e-09,-0.09513247381996204
1690926854,10986,Two female members of team USA performing a jump high-five surrounded by two other female members.,69580,A female volleyball player wearing a bikini jumps and spikes the ball.,3467073304,0.34890303015708923,0.3059348464012146,0.042968183755874634,0.9865709950807291,10,0.000232000000323751,0.818253793452509,0.015045613050460815,0.32295674085617065,0.30791112780570984,0.02792257070541382,False,0.21155021834061136,0.818253793452509,0.015045613050460815,0.32295674085617065,0.30791112780570984,0.02792257070541382,False,0.21155021834061136,0.5338468088215309,0.0013559460639953613,0.30837130546569824,0.3070153594017029,0.04161223769187927,False,0.30598689956331876,0.0008883281741173229,-0.07025280594825745,0.24364805221557617,0.3139008581638336,0.11322098970413208,True,0.5349519650655021,0.0008883281741173229,-0.07025280594825745,0.24364805221557617,0.3139008581638336,0.11322098970413208,True,0.5349519650655021,0.2919301280011014,0.8894192139737991,8,False,0.03418537069167869,0.5906461500986251,9.920000002239249e-05,0.818253793452509,0.015045613050460815,0.32295674085617065,0.30791112780570984,0.02792257070541382,False,0.21155021834061136,0.818253793452509,0.015045613050460815,0.32295674085617065,0.30791112780570984,0.02792257070541382,False,0.21155021834061136,0.5338468088215309,0.0013559460639953613,0.30837130546569824,0.3070153594017029,0.04161223769187927,False,0.30598689956331876,0.03054328593242705,-0.03457590937614441,0.294660747051239,0.3292366564273834,0.07754409313201904,True,0.46216157205240177,0.0008883281741173229,-0.07025280594825745,0.24364805221557617,0.3139008581638336,0.11322098970413208,True,0.5349519650655021,0.31226147522252523,0.8177510917030568,7,False,0.044873540022557966,0.5607328961894863,0.12007680000078835,False,0.5727410522200569,0.3703787507277499,10,1.0,0.011860858927467336,0.9126281246326546,0.02346155047416687,0.019506633281707764,False,0.2506113537117904,0.31921735405921936,0.2957558035850525,0.9126281246326546,0.02346155047416687,0.019506633281707764,False,0.2506113537117904,0.31921735405921936,0.2957558035850525,0.4172929014791752,-0.0033389627933502197,0.046307146549224854,True,0.3234017467248908,0.2967947721481323,0.30013373494148254,0.00827261696328808,-0.04786497354507446,0.0908331573009491,True,0.6044279475982532,0.27159491181373596,0.3194598853588104,0.00827261696328808,-0.04786497354507446,0.0908331573009491,True,0.6044279475982532,0.27159491181373596,0.3194598853588104,False,0.5887425791595624,0.3458135136840829,10,1.0,0.011860858927467336,0.9126281246326546,0.02346155047416687,0.019506633281707764,False,0.2506113537117904,0.31921735405921936,0.2957558035850525,0.9126281246326546,0.02346155047416687,0.019506633281707764,False,0.2506113537117904,0.31921735405921936,0.2957558035850525,0.4172929014791752,-0.0033389627933502197,0.046307146549224854,True,0.3234017467248908,0.2967947721481323,0.30013373494148254,0.00039900915331819996,-0.07826127111911774,0.12122945487499237,True,0.5760567685589519,0.2288714498281479,0.3071327209472656,0.00039900915331819996,-0.07826127111911774,0.12122945487499237,True,0.5760567685589519,0.2288714498281479,0.3071327209472656,1.8372449999997116,5.960464477539063e-08,4.190951585769653e-09,-0.016001526939505517
388837010,84440,Two children looking at horses through a small fence.,118565,"A young child wearing a red hat and a tag ""513"" participant tag rides a horse.",4859764297,0.34712061285972595,0.326043039560318,0.02107757329940796,0.8916548670355186,13,0.00026230000003124587,0.8959665847465828,0.021531909704208374,0.3278091847896576,0.3062772750854492,-0.00045433640480041504,False,0.12331531531531531,0.8787241225848782,0.019804030656814575,0.28159141540527344,0.26178738474845886,0.0012735426425933838,False,0.21166966966966966,0.6948873341742441,0.00823068618774414,0.2781890332698822,0.26995834708213806,0.012846887111663818,False,0.33166966966966965,0.8590080793280763,0.018070757389068604,0.28563669323921204,0.26756593585014343,0.0030068159103393555,False,0.40296096096096096,0.9929430857484344,0.049466654658317566,0.29506829380989075,0.24560163915157318,-0.028389081358909607,False,0.5076336336336337,0.9069111633129594,0.9195735735735736,12,False,0.9499518791707872,0.8576106471339457,0.00011790000007749768,0.862433452268471,0.018356502056121826,0.3368876576423645,0.3185311555862427,0.002721071243286133,False,0.15296096096096096,0.8464955060549263,0.017073750495910645,0.32792121171951294,0.3108474612236023,0.0040038228034973145,False,0.22425225225225226,0.8660055896619874,0.018660932779312134,0.3358355462551117,0.31717461347579956,0.002416640520095825,False,0.3437657657657658,0.6444406257355472,0.005946904420852661,0.28734803199768066,0.281401127576828,0.015130668878555298,False,0.43212012012012013,0.5521426109736637,0.0020933151245117188,0.27620694041252136,0.27411362528800964,0.01898425817489624,False,0.5206066066066066,0.67360454253371,0.5206066066066066,7,False,0.5521426109736637,0.8011248281408471,0.06159190000016679,False,0.46716106914504646,0.5288311304489423,13,1.0,0.35542861329868647,0.6867270479754652,0.007848620414733887,0.013228952884674072,False,0.13446846846846847,0.2788325846195221,0.2709839642047882,0.3471172974372934,-0.006317347288131714,0.027394920587539673,True,0.2571891891891892,0.27050647139549255,0.27682381868362427,0.4788663609000884,-0.0008458495140075684,0.021923422813415527,True,0.33294894894894894,0.28093665838241577,0.28178250789642334,0.3307994247079853,-0.007045716047286987,0.028123289346694946,True,0.42143543543543543,0.28691622614860535,0.29396194219589233,0.19997005569839704,-0.01386481523513794,0.0349423885345459,True,0.6186366366366366,0.2722170650959015,0.28608188033103943,False,0.6415113663140496,0.7279256654281426,13,1.0,0.35542861329868647,0.6867270479754652,0.007848620414733887,0.013228952884674072,False,0.13446846846846847,0.2788325846195221,0.2709839642047882,0.48646187958944176,-0.0005416572093963623,0.02161923050880432,True,0.20786786786786787,0.2785886526107788,0.27913030982017517,0.4788663609000884,-0.0008458495140075684,0.021923422813415527,True,0.33294894894894894,0.28093665838241577,0.28178250789642334,0.7827673168211413,0.012818664312362671,0.008258908987045288,False,0.4376216216216216,0.27848249673843384,0.26566383242607117,0.616902136739669,0.004764199256896973,0.016313374042510986,False,0.5261081081081082,0.2754291892051697,0.2706649899482727,1.6004627000002074,2.9802322387695312e-08,3.259629011154175e-09,-0.17435029716900313
4604969760,102961,Three little girls wearing brown and pick sweaters are walking on the street.,41810,A woman and a few children in an alleyway in between a vehicle and a fence.,2773474615,0.3243210017681122,0.31581857800483704,0.008502423763275146,0.7006179839682339,17,0.00025550000009388896,0.22218590882812417,-0.012529730796813965,0.2773389220237732,0.28986865282058716,0.02103215456008911,True,0.1858341968911917,0.08143754335564116,-0.024229735136032104,0.26497069001197815,0.28920042514801025,0.03273215889930725,True,0.23751813471502592,0.05740670271753706,-0.02798473834991455,0.2574935853481293,0.2854783236980438,0.0364871621131897,True,0.34295854922279795,0.016978106007633408,-0.04058706760406494,0.23936155438423157,0.2799486219882965,0.04908949136734009,True,0.4407616580310881,0.012062163726282256,-0.04405546188354492,0.22993403673171997,0.2739894986152649,0.05255788564682007,True,0.5170362694300518,0.3069528532285337,0.792160621761658,12,False,0.6697617707680418,0.20434820931577802,0.00012239999978191918,0.6043781722914913,0.00423741340637207,0.2850145697593689,0.2807771563529968,0.004265010356903076,False,0.13937305699481864,0.27565459031320483,-0.009661197662353516,0.2735145390033722,0.2831757366657257,0.018163621425628662,True,0.21564766839378238,0.05947997334508449,-0.027607932686805725,0.2463863343000412,0.2739942669868469,0.03611035645008087,True,0.3348238341968912,0.02844862329921002,-0.03530794382095337,0.24118605256080627,0.27649399638175964,0.043810367584228516,True,0.43262694300518134,0.013722448648529163,-0.04274904727935791,0.21382418274879456,0.25657323002815247,0.05125147104263306,True,0.5211502590673575,0.17643052130630693,0.4696580310880829,9,False,0.04593273892412023,0.2890513061915812,0.1230703999999605,False,0.3099430755344286,0.23383421250817554,15,0.928160621761658,0.1397955035820805,0.2221853937868096,-0.012529760599136353,0.0210321843624115,True,0.1858341968911917,0.2773389220237732,0.28986868262290955,0.29172426774366483,-0.008870244026184082,0.01737266778945923,True,0.24161658031088082,0.26003387570381165,0.2689041197299957,0.29312220101729386,-0.008802682161331177,0.017305105924606323,True,0.33334715025906736,0.2524310052394867,0.26123368740081787,0.15996556123876543,-0.016584843397140503,0.02508726716041565,True,0.44665284974093267,0.24015533924102783,0.25674018263816833,0.1793550632772896,-0.015207231044769287,0.023709654808044434,True,0.5474041450777202,0.2284475862979889,0.24365481734275818,False,0.2988568219521598,0.2117444955366299,16,0.971699481865285,0.2788935749509204,0.2221853937868096,-0.012529760599136353,0.0210321843624115,True,0.1858341968911917,0.2773389220237732,0.28986868262290955,0.1212311032930882,-0.01980823278427124,0.028310656547546387,True,0.22902072538860105,0.2677384912967682,0.28754672408103943,0.29312220101729386,-0.008802682161331177,0.017305105924606323,True,0.33334715025906736,0.2524310052394867,0.26123368740081787,0.2513665578077661,-0.010913372039794922,0.01941579580307007,True,0.43652331606217615,0.23640412092208862,0.24731749296188354,0.053504195679987036,-0.028730064630508423,0.03723248839378357,True,0.5212435233160622,0.20984198153018951,0.23857204616069794,2.5944147999998677,2.9802322387695312e-08,3.725290298461914e-09,0.011086253582268835
6515331737,140342,Spectators laugh as three people ride exercise balls down a field.,104106,A young girls soccer team with green jerseys and black shorts doing warm up stretches with two adults.,462879289,0.31706780195236206,0.27613234519958496,0.0409354567527771,0.9835936705885187,11,0.0002488000000084867,0.910718403274513,0.02322438359260559,0.29831981658935547,0.2750954329967499,0.01771107316017151,False,0.12260266666666667,0.5883238979258281,0.0035704076290130615,0.2629278302192688,0.25935742259025574,0.03736504912376404,False,0.282832,0.8854912501331854,0.02045491337776184,0.26159536838531494,0.2411404550075531,0.02048054337501526,False,0.403664,0.8854912501331854,0.02045491337776184,0.26159536838531494,0.2411404550075531,0.02048054337501526,False,0.403664,0.4140514466813844,-0.0034724175930023193,0.24980506300926208,0.2532774806022644,0.04440787434577942,True,0.5389066666666666,0.8028240911877874,0.7955733333333334,8,False,0.9996394799964871,0.7666224628095111,0.00010630000042510801,0.4707162620190311,-0.0011726915836334229,0.28169766068458557,0.282870352268219,0.04210814833641052,True,0.19762133333333334,0.03206945527832436,-0.03407256305217743,0.24776090681552887,0.2818334698677063,0.07500801980495453,True,0.320224,0.03206945527832436,-0.03407256305217743,0.24776090681552887,0.2818334698677063,0.07500801980495453,True,0.320224,0.01767454660904003,-0.04017797112464905,0.23655399680137634,0.2767319679260254,0.08111342787742615,True,0.4364693333333333,0.48640715813165,-0.0005438476800918579,0.2485475093126297,0.24909135699272156,0.04147930443286896,True,0.53432,0.18875003919364525,0.4364693333333333,4,False,0.01767454660904003,0.37819356996599385,0.11994589999994787,False,0.4298973072727062,0.6100832010450064,9,0.8861493333333333,0.9997230039141919,0.6910441719843757,0.00805005431175232,0.03288540244102478,False,0.15295466666666666,0.27762988209724426,0.26957982778549194,0.4012741959848685,-0.004001587629318237,0.04493704438209534,True,0.2692,0.2610977590084076,0.26509934663772583,0.028012612847027128,-0.03546687960624695,0.07640233635902405,True,0.3918026666666667,0.23464930057525635,0.2701161801815033,0.01343528433946568,-0.04296344518661499,0.08389890193939209,True,0.5126346666666667,0.23559269309043884,0.27855613827705383,0.01343528433946568,-0.04296344518661499,0.08389890193939209,True,0.5126346666666667,0.23559269309043884,0.27855613827705383,False,0.3047376914947427,0.45603674379901965,11,1.0,0.9295940263001975,0.07680451128545583,-0.024865776300430298,0.0658012330532074,True,0.178624,0.2535203993320465,0.2783861756324768,0.06574960374502305,-0.0265389084815979,0.067474365234375,True,0.27647466666666665,0.26324546337127686,0.28978437185287476,0.594473270728803,0.003824889659881592,0.03711056709289551,False,0.3670506666666667,0.2723856568336487,0.2685607671737671,0.1497382044345609,-0.01736655831336975,0.05830201506614685,True,0.48965333333333333,0.26385629177093506,0.2812228500843048,0.04586937305894354,-0.030350029468536377,0.07128548622131348,True,0.624896,0.2595821022987366,0.28993213176727295,1.628347500000018,2.9802322387695312e-08,6.752088665962219e-09,0.12515961577796347
2957682838,48880,"Two men in the US Army are in uniform and talking with another woman, who is wearing a black sweater with a purse inside of what looks like a conference room.",137287,Two men and a woman standing in a circle having a conversation.,6147735412,0.34777605533599854,0.31009241938591003,0.0376836359500885,0.9774312906807484,13,0.0002647000001161359,0.9962587663786467,0.05584591627120972,0.3526374399662018,0.29679152369499207,-0.018162280321121216,False,0.14044108761329305,0.997850674660331,0.06140449643135071,0.34798163175582886,0.28657713532447815,-0.023720860481262207,False,0.20437462235649548,0.9861768760874865,0.04267492890357971,0.31649160385131836,0.27381667494773865,-0.004991292953491211,False,0.3124833836858006,0.9759773811842436,0.03704443573951721,0.27061986923217773,0.23357543349266052,0.0006392002105712891,False,0.47186102719033235,0.7556496075636269,0.011289745569229126,0.21034222841262817,0.19905248284339905,0.026393890380859375,False,0.6141268882175227,0.6696846678412577,0.7541087613293052,9,False,0.013654710269758945,0.959283295735699,0.00010830000019268482,0.9976718972648305,0.060603708028793335,0.3561178743839264,0.29551416635513306,-0.022920072078704834,False,0.14933534743202417,0.9926790072234968,0.04909661412239075,0.329260915517807,0.28016430139541626,-0.011412978172302246,False,0.2574441087613293,0.9861768760874865,0.04267492890357971,0.31649160385131836,0.27381667494773865,-0.004991292953491211,False,0.3124833836858006,0.9697667755398078,0.03468114137649536,0.2592250108718872,0.22454386949539185,0.0030024945735931396,False,0.47410271903323264,0.904724231772679,0.022508546710014343,0.23958025872707367,0.21707171201705933,0.015175089240074158,False,0.5514864048338368,0.968527901041188,0.6305679758308157,9,False,0.9581420020178576,0.9793670445083202,0.06129019999934826,False,0.9707930444360339,0.9360509762032947,8,0.7137764350453172,0.8618046424273903,0.9758398376197556,0.036985933780670166,0.000697702169418335,False,0.10810876132930514,0.3231964409351349,0.2862105071544647,0.981240487245403,0.039571166038513184,-0.0018875300884246826,False,0.24854984894259818,0.3165784180164337,0.27700725197792053,0.9763684662077784,0.03721258044242859,0.0004710555076599121,False,0.33054380664652566,0.3066638112068176,0.26945123076438904,0.9430217979968637,0.02806420624256134,0.00961942970752716,False,0.472809667673716,0.2639235854148865,0.23585937917232513,0.9736109940968122,0.03608064353466034,0.0016029924154281616,False,0.5367432024169184,0.23524169623851776,0.19916105270385742,False,0.9820947053803951,0.943370129496873,8,0.7137764350453172,0.8618046424273903,0.9889479884002095,0.044940292835235596,-0.007256656885147095,False,0.19351057401812688,0.3343906104564667,0.2894503176212311,0.981240487245403,0.039571166038513184,-0.0018875300884246826,False,0.24854984894259818,0.3165784180164337,0.27700725197792053,0.9763684662077784,0.03721258044242859,0.0004710555076599121,False,0.33054380664652566,0.3066638112068176,0.26945123076438904,0.9887621265219753,0.04477164149284363,-0.007088005542755127,False,0.4101691842900302,0.31599095463752747,0.27121931314468384,0.9733935490432196,0.03599634766578674,0.0016872882843017578,False,0.5524350453172205,0.2685798108577728,0.23258346319198608,1.3243365000007543,2.9802322387695312e-08,3.14321368932724e-09,-0.011301660944361247
479807465,114302,A fallen dirt biker is aided by another.,108480,"Two motocross bikers wearing full protective gear, with one in midair after a jump and the other looking down at his motorcycle.",4700788144,0.3562256693840027,0.3360784649848938,0.020147204399108887,0.8823339868465997,13,0.0002553000003899797,0.8153888376568595,0.014854133129119873,0.32632389664649963,0.31146976351737976,0.005293071269989014,False,0.10908157099697885,0.7370437677184013,0.010306596755981445,0.2746826112270355,0.2643760144710541,0.009840607643127441,False,0.34545619335347433,0.7370437677184013,0.010306596755981445,0.2746826112270355,0.2643760144710541,0.009840607643127441,False,0.34545619335347433,0.5081803800142475,0.0003272444009780884,0.23412467539310455,0.23379743099212646,0.0198199599981308,False,0.40505740181268884,0.8728054034975531,0.019259944558143616,0.20220930874347687,0.18294936418533325,0.000887259840965271,False,0.574773413897281,0.7182954160742542,0.7936918429003021,10,False,0.4874677685567041,0.7487630662473349,0.00011360000007698545,0.20187729035157817,-0.013746023178100586,0.31471875309944153,0.3284647762775421,0.03389322757720947,True,0.16868277945619337,0.21305394913428907,-0.013066142797470093,0.3049854338169098,0.3180515766143799,0.03321334719657898,True,0.24521450151057403,0.2103711534562381,-0.013226896524429321,0.3006261885166168,0.31385308504104614,0.03337410092353821,True,0.3209063444108761,0.060199666913195525,-0.027480006217956543,0.28935855627059937,0.3168385624885559,0.04762721061706543,True,0.4418368580060423,0.06886793873494369,-0.02604210376739502,0.282684862613678,0.308726966381073,0.046189308166503906,True,0.5301510574018127,0.17292960994494427,0.5301510574018127,7,False,0.06886793873494369,0.27427255577871035,0.06730069999957777,False,0.6890300389192037,0.6374656360300227,13,1.0,0.6494115434586596,0.5677066744586101,0.0027250051498413086,0.017422199249267578,False,0.1479154078549849,0.3073665201663971,0.3046415150165558,0.9696582385766748,0.03464418649673462,-0.014496982097625732,False,0.29597583081571,0.26013654470443726,0.22549235820770264,0.8084962662333166,0.014402687549591064,0.005744516849517822,False,0.3698308157099698,0.2675629258155823,0.2531602382659912,0.39519898430282696,-0.0042551010847091675,0.024402305483818054,True,0.47891238670694863,0.22857344150543213,0.2328285425901413,0.32969266481776077,-0.007095754146575928,0.027242958545684814,True,0.5474441087613293,0.22906272113323212,0.23615847527980804,False,0.6547932885302234,0.44384067818581646,12,0.9358791540785498,0.3925835051453393,0.5677066744586101,0.0027250051498413086,0.017422199249267578,False,0.1479154078549849,0.3073665201663971,0.3046415150165558,0.9696582385766748,0.03464418649673462,-0.014496982097625732,False,0.29597583081571,0.26013654470443726,0.22549235820770264,0.5081803800142475,0.0003272444009780884,0.0198199599981308,False,0.40505740181268884,0.23412464559078217,0.23379740118980408,0.5081803800142475,0.0003272444009780884,0.0198199599981308,False,0.40505740181268884,0.23412464559078217,0.23379740118980408,0.2947138776316376,-0.008725985884666443,0.02887319028377533,True,0.5488398791540785,0.22976437211036682,0.23849035799503326,1.7897499999999127,0.0,2.7939677238464355e-09,0.03423675038898022
1395410911,6525,Many people are walking along a sidewalk with a variety of little shops.,107552,A street corner with stores and two men walking the sidewalk.,4688197510,0.313064843416214,0.3086545765399933,0.004410266876220703,0.6085036426452289,13,0.0002745000001596054,0.8742188335007498,0.019387871026992798,0.3035759925842285,0.2841881215572357,-0.014977604150772095,False,0.1357057057057057,0.7401027351635326,0.010465025901794434,0.2795979976654053,0.26913297176361084,-0.0060547590255737305,False,0.2293813813813814,0.8389622794219944,0.016505271196365356,0.282749205827713,0.26624393463134766,-0.012095004320144653,False,0.32792192192192193,0.5743388448508794,0.0029957592487335205,0.26970139145851135,0.26670563220977783,0.0014145076274871826,False,0.4042462462462462,0.32928708326588274,-0.007114112377166748,0.26584476232528687,0.2729588747024536,0.011524379253387451,True,0.5216036036036036,0.6870249579020562,0.6907447447447448,9,False,0.732553731303854,0.6920532020216079,0.00010840000004463946,0.09057108114199962,-0.023066818714141846,0.2661479115486145,0.28921473026275635,0.02747708559036255,True,0.12986186186186185,0.0838944267497604,-0.02390572428703308,0.263631671667099,0.2875373959541321,0.028315991163253784,True,0.21953753753753755,0.07689140682009027,-0.024853527545928955,0.25889572501182556,0.2837492525577545,0.029263794422149658,True,0.3180780780780781,0.14046450367712848,-0.018114373087882996,0.23893575370311737,0.25705012679100037,0.0225246399641037,True,0.4117537537537537,0.07705942729140026,-0.02482987940311432,0.24721704423427582,0.27204692363739014,0.029240146279335022,True,0.5416156156156157,0.14460408634816518,0.4590810810810811,6,False,0.14037619207504445,0.15775154924575852,0.01909550000073068,False,0.42705457916490785,0.33829994813431996,13,1.0,0.5438266646274963,0.8742185057932587,0.01938784122467041,-0.014977574348449707,False,0.1357057057057057,0.30357593297958374,0.28418809175491333,0.38600948771022203,-0.004641175270080566,0.00905144214630127,True,0.26556756756756755,0.2666304409503937,0.27127161622047424,0.21889131845197787,-0.012721389532089233,0.017131656408309937,True,0.35924324324324325,0.2512746751308441,0.26399606466293335,0.1529820434274315,-0.01711401343345642,0.021524280309677124,True,0.40657057057057056,0.2513025104999542,0.26841652393341064,0.09828619352616574,-0.022164136171340942,0.026574403047561646,True,0.558978978978979,0.22421488165855408,0.24637901782989502,False,0.24220757977476512,0.2009858465829738,13,1.0,0.5438266646274963,0.0905708356666481,-0.023066848516464233,0.027477115392684937,True,0.12986186186186185,0.2661478519439697,0.28921470046043396,0.38600948771022203,-0.004641175270080566,0.00905144214630127,True,0.26556756756756755,0.2666304409503937,0.27127161622047424,0.26986782848305413,-0.009952932596206665,0.014363199472427368,True,0.3128948948948949,0.26601988077163696,0.27597281336784363,0.1529820434274315,-0.01711401343345642,0.021524280309677124,True,0.40657057057057056,0.2513025104999542,0.26841652393341064,0.17650224401779266,-0.015402272343635559,0.019812539219856262,True,0.5947867867867868,0.24957533180713654,0.2649776041507721,1.673914699999841,5.960464477539063e-08,2.9685907065868378e-09,0.18484699939014274
2470493181,30040,"Two boys holding a green rope and competing against each other on a balancing rod, while others look on.",10563,Elementary school students play tug-of-war.,16495609,0.35994869470596313,0.32723468542099,0.032714009284973145,0.9634345562661548,11,0.00024620000021968735,0.9812418038137662,0.03957188129425049,0.3166482448577881,0.2770763635635376,-0.006857872009277344,False,0.19495466666666666,0.929064969663065,0.025724142789840698,0.28518950939178467,0.25946536660194397,0.006989866495132446,False,0.28781866666666667,0.855793846983102,0.01780785620212555,0.2594815790653229,0.24167372286319733,0.014906153082847595,False,0.42389866666666665,0.855793846983102,0.01780785620212555,0.2594815790653229,0.24167372286319733,0.014906153082847595,False,0.42389866666666665,0.4364167714847448,-0.0025571733713150024,0.22815996408462524,0.23071713745594025,0.03527118265628815,True,0.509744,0.7183958957535028,0.7004853333333333,7,False,0.5618657650501172,0.8929347857106074,0.0001038999998854706,0.7577335180201527,0.011402934789657593,0.3115186393260956,0.300115704536438,0.021311074495315552,False,0.21295466666666665,0.7577335180201527,0.011402934789657593,0.3115186393260956,0.300115704536438,0.021311074495315552,False,0.21295466666666665,0.4252517394783233,-0.0030125081539154053,0.2764604687690735,0.2794729769229889,0.03572651743888855,True,0.3392,0.23424471578749734,-0.01184496283531189,0.26172497868537903,0.2735699415206909,0.044558972120285034,True,0.432064,0.4159268089549907,-0.003395169973373413,0.21288807690143585,0.21628324687480927,0.03610917925834656,True,0.62056,0.4088715238046605,0.432064,5,False,0.23424471578749734,0.5637451271818427,0.07454389999929845,False,0.9193425111172537,0.8408201535799074,11,1.0,0.8722447116645367,0.9726366746757737,0.035708069801330566,-0.002994060516357422,False,0.13234133333333334,0.32928067445755005,0.2935726046562195,0.9435861054259038,0.028169721364974976,0.004544287919998169,False,0.25945066666666666,0.3047630190849304,0.27659329771995544,0.9142352806379037,0.023664802312850952,0.009049206972122192,False,0.34786133333333336,0.31141915917396545,0.2877543568611145,0.9420916555112437,0.02789241075515747,0.004821598529815674,False,0.44072533333333336,0.3005416691303253,0.27264925837516785,0.5928593163757081,0.003757983446121216,0.02895602583885193,False,0.5265706666666666,0.28876325488090515,0.28500527143478394,False,0.790979071672473,0.757292036421368,11,1.0,0.8722447116645367,0.9726366746757737,0.035708069801330566,-0.002994060516357422,False,0.13234133333333334,0.32928067445755005,0.2935726046562195,0.7981183879622572,0.013745754957199097,0.018968254327774048,False,0.21818666666666667,0.3040185272693634,0.2902727723121643,0.6420976397363805,0.005844801664352417,0.026869207620620728,False,0.31105066666666664,0.27872276306152344,0.272877961397171,0.6716409770330417,0.007156163454055786,0.02555784583091736,False,0.43816,0.2679176926612854,0.2607615292072296,0.6577321855567937,0.006532043218612671,0.026181966066360474,False,0.5007733333333333,0.24365419149398804,0.23712214827537537,1.7660911999992095,2.9802322387695312e-08,3.6088749766349792e-09,0.12836343944478068
4634848106,104458,A group of men standing on a field of black balls.,105608,"A pool player lines up his shot, as friends stand by awaiting their turn.",4654284177,0.31601065397262573,0.27438539266586304,0.041625261306762695,0.9846704719211739,12,0.00024560000019846484,0.8190285548740288,0.01509779691696167,0.291022390127182,0.27592459321022034,0.026527464389801025,False,0.2803586626139818,0.8190285548740288,0.01509779691696167,0.291022390127182,0.27592459321022034,0.026527464389801025,False,0.2803586626139818,0.8704281733240409,0.01904749870300293,0.28721681237220764,0.2681693136692047,0.022577762603759766,False,0.33722796352583584,0.7120464345296014,0.009053438901901245,0.27181312441825867,0.2627596855163574,0.03257182240486145,False,0.43553191489361703,0.08598650497302746,-0.023636549711227417,0.22789865732192993,0.25153520703315735,0.06526181101799011,True,0.5396170212765957,0.49186186718537755,0.8419088145896656,10,False,0.1575256846451704,0.7786890397491532,0.0001011999997899693,0.8088139897941369,0.014423221349716187,0.2738710045814514,0.25944778323173523,0.02720203995704651,False,0.1986018237082067,0.8187987404763284,0.015082299709320068,0.2761417329311371,0.261059433221817,0.026542961597442627,False,0.24812158054711247,0.7422449357905954,0.010576695203781128,0.2756010591983795,0.2650243639945984,0.031048566102981567,False,0.3242492401215806,0.9122168515367367,0.02341008186340332,0.2747423052787781,0.25133222341537476,0.018215179443359375,False,0.4481033434650456,0.7314232810088583,0.01001855731010437,0.2673344910144806,0.2573159337043762,0.031606703996658325,False,0.5049726443768997,0.7907082387267126,0.5881033434650456,8,False,0.7727189533502067,0.8456016668144425,0.1258152999998856,False,0.7267015950812605,0.5502151321330381,11,0.9400668693009119,0.06854966295623154,0.7768778858306619,0.012475639581680298,0.029149621725082397,False,0.1458115501519757,0.2914266884326935,0.2789510488510132,0.2864734197175273,-0.009125739336013794,0.05075100064277649,True,0.24411550151975683,0.2879660129547119,0.2970917522907257,0.8222992294475282,0.015320032835006714,0.02630522847175598,False,0.30098480243161096,0.2989020347595215,0.28358200192451477,0.7407225109343701,0.01049727201461792,0.031127989292144775,False,0.4032948328267477,0.2858753502368927,0.2753780782222748,0.7224398372961263,0.009565964341163635,0.03205929696559906,False,0.5873617021276596,0.24594879150390625,0.23638282716274261,False,0.721548677363867,0.6282594791369135,11,0.9400668693009119,0.06854966295623154,0.7768778858306619,0.012475639581680298,0.029149621725082397,False,0.1458115501519757,0.2914266884326935,0.2789510488510132,0.2864734197175273,-0.009125739336013794,0.05075100064277649,True,0.24411550151975683,0.2879660129547119,0.2970917522907257,0.6998716950923544,0.008466869592666626,0.03315839171409607,False,0.3202431610942249,0.2991856336593628,0.29071876406669617,0.8133493146774322,0.014719218015670776,0.02690604329109192,False,0.44976899696048633,0.2620593011379242,0.24734008312225342,0.9213879315795975,0.024613559246063232,0.017011702060699463,False,0.5066382978723404,0.26815569400787354,0.2435421347618103,1.6457829999999376,5.960464477539063e-08,4.773028194904327e-09,0.005152917717393568
160792599,10220,Three men and two women stand facing the ocean from the shore on a sunny day.,124870,Three construction workers stand at the front of a large group of people all wearing white shirts.,4965629392,0.34155136346817017,0.32677507400512695,0.014776289463043213,0.814214179903779,13,0.0002644999999574793,0.6994201541352449,0.008445382118225098,0.29305222630500793,0.28460684418678284,0.006330907344818115,False,0.10974,0.7767197695633825,0.012466520071029663,0.28185829520225525,0.2693917751312256,0.00230976939201355,False,0.21406666666666666,0.9787906430959019,0.038318753242492676,0.29724428057670593,0.25892552733421326,-0.023542463779449463,False,0.31638,0.8855220694023138,0.020457953214645386,0.2937142252922058,0.2732562720775604,-0.005681663751602173,False,0.45818,0.8789690942959707,0.019827038049697876,0.27235883474349976,0.2525317966938019,-0.005050748586654663,False,0.5500733333333333,0.803494716058713,0.9054666666666666,11,False,0.9517539945255525,0.8419092262662702,0.00010729999985414906,0.6994201541352449,0.008445382118225098,0.29305222630500793,0.28460684418678284,0.006330907344818115,False,0.10974,0.7025123691849247,0.00859290361404419,0.3061010241508484,0.2975081205368042,0.0061833858489990234,False,0.25154,0.5333120448927757,0.001334458589553833,0.2868753671646118,0.285540908575058,0.01344183087348938,False,0.39762,0.5892922221695026,0.0036104023456573486,0.29740631580352783,0.2937959134578705,0.011165887117385864,False,0.49214,0.41463361575800056,-0.0034484267234802246,0.2889934778213501,0.2924419045448303,0.018224716186523438,True,0.53786,0.5872639106524108,0.6297533333333334,8,False,0.5264680097542517,0.6483448654533569,0.11727160000009462,False,0.915876483253887,0.9361033341524636,7,0.5926133333333333,0.9386370868868369,0.7367502418581996,0.010291457176208496,0.004484832286834717,False,0.10914666666666667,0.29255425930023193,0.28226280212402344,0.9862408790374348,0.04272198677062988,-0.02794569730758667,False,0.21146,0.3136681616306305,0.2709461748600006,0.9900596471412317,0.04601162672042847,-0.031235337257385254,False,0.3033533333333333,0.303680419921875,0.25766879320144653,0.9721065863055,0.035510748624801636,-0.020734459161758423,False,0.4130933333333333,0.3017483949661255,0.26623764634132385,0.9386370868868369,0.027276232838630676,-0.012499943375587463,False,0.5926133333333333,0.26432013511657715,0.23704390227794647,False,0.963636540186806,0.970129707291983,11,0.8834266666666667,0.9761290608836789,0.9913183250435708,0.047378212213516235,-0.03260192275047302,False,0.16574,0.30218201875686646,0.2548038065433502,0.9926786390193408,0.049096107482910156,-0.03431981801986694,False,0.27548,0.3094828128814697,0.26038670539855957,0.9810462396351128,0.03946617245674133,-0.02468988299369812,False,0.3212,0.31203457713127136,0.27256840467453003,0.9890909274510631,0.04507191479206085,-0.03029562532901764,False,0.4062,0.27732715010643005,0.2322552353143692,0.9862548646714743,0.042732298374176025,-0.027956008911132812,False,0.5764666666666667,0.2669050097465515,0.2241727113723755,1.393275800000083,5.960464477539063e-08,4.190951585769653e-09,-0.04776005693291896
2330536645,24396,A group of kids is splashing in deep water nearby a rock formation.,68145,The boy wearing red shorts is jumping into the river as other children swim.,3430607596,0.3529314696788788,0.32324784994125366,0.029683619737625122,0.9511241863715757,14,0.00025120000009337673,0.903932521522128,0.022417038679122925,0.3175770938396454,0.29516005516052246,0.007266581058502197,False,0.15629893238434164,0.8825803626496111,0.02017095685005188,0.30605873465538025,0.28588777780532837,0.009512662887573242,False,0.2318932384341637,0.8130278723697009,0.014698058366775513,0.2948834002017975,0.280185341835022,0.01498556137084961,False,0.347423487544484,0.7231811439043545,0.009602963924407959,0.29882922768592834,0.2892262637615204,0.020080655813217163,False,0.45846975088967973,0.5684671661999686,0.0027559995651245117,0.28185057640075684,0.2790945768356323,0.02692762017250061,False,0.5301423487544484,0.8016736056403808,0.6892170818505338,10,False,0.7639384751335981,0.833788971427976,0.00010789999987537158,0.9027636936218598,0.022283166646957397,0.33449026942253113,0.31220710277557373,0.007400453090667725,False,0.1092170818505338,0.8987327606492955,0.02183222770690918,0.29968100786209106,0.2778487801551819,0.007851392030715942,False,0.20716014234875446,0.8862196059034017,0.0205269455909729,0.28652071952819824,0.26599377393722534,0.009156674146652222,False,0.34308896797153027,0.7948416154302637,0.01354360580444336,0.27409836649894714,0.2605547606945038,0.016140013933181763,False,0.4147615658362989,0.8179859449761969,0.015027612447738647,0.27450084686279297,0.2594732344150543,0.014656007289886475,False,0.5258078291814947,0.6477652096659735,0.5904768683274021,8,False,0.36588748668698484,0.8759200864857305,0.06339819999993779,False,0.855405062172535,0.7167667175735148,13,0.9263701067615658,0.35287170735855583,0.8184642204275494,0.01505976915359497,0.014623850584030151,False,0.14222775800711743,0.3148006498813629,0.29974088072776794,0.8246744103715128,0.015483438968658447,0.014200180768966675,False,0.21390035587188613,0.30480992794036865,0.2893264889717102,0.8696747532612148,0.018980860710144043,0.010702759027481079,False,0.3341138790035587,0.30777180194854736,0.2887909412384033,0.8903169516254393,0.02093982696533203,0.00874379277229309,False,0.4097081850533808,0.30020636320114136,0.2792665362358093,0.7724354067520969,0.012221142649650574,0.01746247708797455,False,0.5189252669039146,0.208785280585289,0.19656413793563843,False,0.8491103829117439,0.7124755950077827,13,0.9263701067615658,0.35287170735855583,0.9058136139101706,0.022635579109191895,0.0070480406284332275,False,0.1668185053380783,0.3255339562892914,0.3028983771800995,0.8824558396144155,0.02015894651412964,0.009524673223495483,False,0.2760355871886121,0.32395756244659424,0.3037986159324646,0.9033200184023646,0.022346705198287964,0.007336914539337158,False,0.3315800711743772,0.3235177993774414,0.30117109417915344,0.5832150055698194,0.003359854221343994,0.026323765516281128,False,0.4565836298932384,0.28296974301338196,0.27960988879203796,0.8024962785079346,0.014019697904586792,0.01566392183303833,False,0.5036654804270463,0.2318457067012787,0.2178260087966919,1.405829299999823,5.960464477539063e-08,3.725290298461914e-09,0.006294679260791081
3572346664,74205,The woman's face falls into silhouette as she stands in front of the sun.,102811,A woman wearing a black tank top and a cross necklace stares off into the distance near sunset.,4603095253,0.326424777507782,0.29646405577659607,0.029960721731185913,0.9523963649571436,14,0.0002570999999988999,0.9974807221718225,0.05981260538101196,0.33242806792259216,0.2726154625415802,-0.02985188364982605,False,0.1071987951807229,0.9995720496205636,0.07756075263023376,0.3284730613231659,0.25091230869293213,-0.04760003089904785,False,0.2522530120481928,0.9985540069827161,0.06537511944770813,0.32386690378189087,0.25849178433418274,-0.03541439771652222,False,0.3150481927710843,0.9973044993331222,0.059134721755981445,0.3195200264453888,0.26038530468940735,-0.029174000024795532,False,0.40227108433734937,0.9934867687291423,0.05027385056018829,0.28972017765045166,0.23944632709026337,-0.02031312882900238,False,0.5964277108433735,0.993131304119465,0.695921686746988,10,False,0.993528128347983,0.9932368436275981,0.00011129999984405003,0.9530280698871512,0.03010094165802002,0.31841176748275757,0.28831082582473755,-0.00014021992683410645,False,0.1450542168674699,0.9040297858924358,0.022428244352340698,0.313147634267807,0.2907193899154663,0.007532477378845215,False,0.20380722891566266,0.9665209721698772,0.033627837896347046,0.3146597146987915,0.28103187680244446,-0.003667116165161133,False,0.30387951807228913,0.9957032256408942,0.054455846548080444,0.3035178482532501,0.24906200170516968,-0.02449512481689453,False,0.4983012048192771,0.9963946099064269,0.05621713399887085,0.2987215518951416,0.24250441789627075,-0.026256412267684937,False,0.533632530120482,0.9743023640061305,0.4983012048192771,6,False,0.9957032256408942,0.9599960883724592,0.11598450000019511,False,0.9802578214595954,0.9835985570038008,9,0.7447590361445783,0.9921943820188676,0.9530282032987596,0.030100971460342407,-0.00014024972915649414,False,0.1450542168674699,0.31841179728507996,0.28831082582473755,0.9995720508954072,0.07756078243255615,-0.04760006070137024,False,0.2522530120481928,0.3284730315208435,0.25091224908828735,0.9989167070810725,0.06826665997505188,-0.03830593824386597,False,0.31100602409638556,0.32219111919403076,0.2539244592189789,0.9870800514676371,0.04335978627204895,-0.013399064540863037,False,0.4738734939759036,0.3031473755836487,0.25978758931159973,0.992255710231674,0.048530250787734985,-0.018569529056549072,False,0.604512048192771,0.3170122802257538,0.2684820294380188,False,0.9900379586529133,0.9886766888484603,14,1.0,0.9834872647624479,0.995603896510041,0.054226309061050415,-0.024265587329864502,False,0.1745843373493976,0.3288131356239319,0.27458682656288147,0.9995720508954072,0.07756078243255615,-0.04760006070137024,False,0.2522530120481928,0.3284730315208435,0.25091224908828735,0.9983242704420944,0.06389829516410828,-0.03393757343292236,False,0.33947590361445784,0.32253220677375793,0.25863391160964966,0.9967653068853114,0.05730581283569336,-0.027345091104507446,False,0.46102409638554215,0.30026546120643616,0.2429596483707428,0.9913318059178515,0.04739388823509216,-0.01743316650390625,False,0.5916626506024096,0.2823810279369354,0.23498713970184326,1.718451499999901,2.9802322387695312e-08,2.7939677238464355e-09,-0.00978013719331794
2613889835,35765,A man in an orange kayak and a man in a blue kayak paddle around a beautiful lake.,39982,"A girl is kayaking in a blue boat, on a blue lake wearing an orange life jacket.",2725508159,0.3061995506286621,0.28780481219291687,0.01839473843574524,0.8628864679480558,12,0.00024830000029396615,0.4883553584114394,-0.0004658699035644531,0.2789627015590668,0.2794285714626312,0.018860608339309692,True,0.11093866666666667,0.6822707381382135,0.007642269134521484,0.29114776849746704,0.28350549936294556,0.010752469301223755,False,0.249216,0.4996609986347849,-1.3560056686401367e-05,0.2522144615650177,0.2522280216217041,0.01840829849243164,True,0.42694933333333335,0.4996609986347849,-1.3560056686401367e-05,0.2522144615650177,0.2522280216217041,0.01840829849243164,True,0.42694933333333335,0.7101647127720776,0.008961841464042664,0.2569117248058319,0.24794988334178925,0.009432896971702576,False,0.5527413333333333,0.7048581096567816,0.8555306666666667,9,False,0.850670743090055,0.609716556472704,0.00010720000000219443,0.4883553584114394,-0.0004658699035644531,0.2789627015590668,0.2794285714626312,0.018860608339309692,True,0.11093866666666667,0.608638528970609,0.004415929317474365,0.26634126901626587,0.2619253396987915,0.013978809118270874,False,0.3000373333333333,0.608638528970609,0.004415929317474365,0.26634126901626587,0.2619253396987915,0.013978809118270874,False,0.3000373333333333,0.5321628980432991,0.001288294792175293,0.2619289755821228,0.2606406807899475,0.017106443643569946,False,0.419456,0.4652722247324875,-0.0013913512229919434,0.26400676369667053,0.2653981149196625,0.019786089658737183,True,0.543424,0.45146171570906923,0.648688,9,False,0.3520021181366489,0.5679065247869831,0.06684640000003128,False,0.6584918701633694,0.6120050600651927,12,1.0,0.32574258822136276,0.4883553584114394,-0.0004658699035644531,0.018860608339309692,True,0.11093866666666667,0.2789627015590668,0.2794285714626312,0.8914623933456318,0.02105766534805298,-0.0026629269123077393,False,0.288672,0.2960917353630066,0.2750340700149536,0.4996609986347849,-1.3560056686401367e-05,0.01840829849243164,True,0.42694933333333335,0.2522144615650177,0.2522280216217041,0.4996609986347849,-1.3560056686401367e-05,0.01840829849243164,True,0.42694933333333335,0.2522144615650177,0.2522280216217041,0.5666194956465668,0.0026807188987731934,0.015714019536972046,False,0.5275466666666667,0.2590577006340027,0.2563769817352295,False,0.60629061335282,0.6829307870794491,12,1.0,0.32574258822136276,0.4883553584114394,-0.0004658699035644531,0.018860608339309692,True,0.11093866666666667,0.2789627015590668,0.2794285714626312,0.6086399487384404,0.004415988922119141,0.013978749513626099,False,0.3000373333333333,0.26634126901626587,0.26192528009414673,0.6086399487384404,0.004415988922119141,0.013978749513626099,False,0.3000373333333333,0.26634126901626587,0.26192528009414673,0.44899994283341016,-0.002047121524810791,0.02044185996055603,True,0.410016,0.25888627767562866,0.26093339920043945,0.8958837745597934,0.02152302861213684,-0.0031282901763916016,False,0.5877493333333333,0.23451948165893555,0.2129964530467987,1.9919597999996768,0.0,2.6775524020195007e-09,0.052201256810549435
4727540499,110211,Two young men playing electric guitars in a grunge-type setting.,9919,A band performs in a dimly lit setting.,1579198375,0.3456435799598694,0.31863680481910706,0.02700677514076233,0.9370666106634745,10,0.00023690000034548575,0.42888462629747187,-0.0028640329837799072,0.3053501844406128,0.3082142174243927,0.029870808124542236,True,0.11579640718562874,0.19171839022722495,-0.014388829469680786,0.2710490822792053,0.2854379117488861,0.041395604610443115,True,0.23275449101796408,0.11902269387155927,-0.020017176866531372,0.2515289783477783,0.2715461552143097,0.0470239520072937,True,0.3396646706586826,0.03230381924832041,-0.03399732708930969,0.2375071942806244,0.2715045213699341,0.06100410223007202,True,0.4279880239520958,0.0015554801704669118,-0.06464414298534393,0.1855679303407669,0.25021207332611084,0.09165091812610626,True,0.5309161676646706,0.16177364627450563,0.8468562874251497,8,False,0.09971918233681755,0.2644757566337627,0.00010419999989608186,0.42888462629747187,-0.0028640329837799072,0.3053501844406128,0.3082142174243927,0.029870808124542236,True,0.11579640718562874,0.19171839022722495,-0.014388829469680786,0.2710490822792053,0.2854379117488861,0.041395604610443115,True,0.23275449101796408,0.12100491047621743,-0.019829481840133667,0.26169726252555847,0.28152674436569214,0.046836256980895996,True,0.33568263473053894,0.0018748870402275862,-0.06277330219745636,0.20668567717075348,0.26945897936820984,0.08978007733821869,True,0.44259281437125747,0.0013683316822473313,-0.06592793762683868,0.20194439589977264,0.26787233352661133,0.09293471276760101,True,0.5217005988023952,0.13885737241880108,0.6100239520958084,6,False,0.0014458660795200117,0.26484393520903454,0.06625200000053155,False,0.26043482813559105,0.14903982849129802,10,1.0,0.01819442784630872,0.4288824363413324,-0.0028641223907470703,0.0298708975315094,True,0.11579640718562874,0.3053501844406128,0.30821430683135986,0.1917174665807491,-0.014388889074325562,0.04139566421508789,True,0.23275449101796408,0.2710490822792053,0.2854379713535309,0.10958297491399814,-0.0209500789642334,0.04795685410499573,True,0.3149161676646707,0.23843443393707275,0.25938451290130615,0.025976439860474352,-0.03624245524406433,0.06324923038482666,True,0.41784431137724554,0.22396475076675415,0.2602072060108185,0.010168812996470312,-0.04578208923339844,0.07278886437416077,True,0.5247544910179641,0.19034920632839203,0.23613129556179047,False,0.43055050793006794,0.23146346552234343,10,1.0,0.01819442784630872,0.6050791448183429,0.0042667388916015625,0.022740036249160767,False,0.11695808383233533,0.312568336725235,0.3083015978336334,0.1917174665807491,-0.014388889074325562,0.04139566421508789,True,0.23275449101796408,0.2710490822792053,0.2854379713535309,0.10958297491399814,-0.0209500789642334,0.04795685410499573,True,0.3149161676646707,0.23843443393707275,0.25938451290130615,0.6753603612168014,0.007325306534767151,0.019681468605995178,False,0.4218263473053892,0.23516570031642914,0.227840393781662,0.010168812996470312,-0.04578208923339844,0.07278886437416077,True,0.5247544910179641,0.19034920632839203,0.23613129556179047,1.2862497000005533,2.9802322387695312e-08,3.026798367500305e-09,-0.1701156797944769
8052387530,151418,A football player being tackled on a rainy day.,151428,A runner scrambles for yardage while being brought down by two tacklers.,8052397902,0.3657954931259155,0.3193296790122986,0.04646581411361694,0.9904968316264374,14,0.00025899999991452205,0.9553144888880055,0.030623912811279297,0.3393019437789917,0.3086780309677124,0.015841901302337646,False,0.10769369369369369,0.9375316231693637,0.02708590030670166,0.32040971517562866,0.293323814868927,0.019379913806915283,False,0.2201021021021021,0.6720470343403553,0.007174581289291382,0.28993216156959534,0.28275758028030396,0.03929123282432556,False,0.30438438438438437,0.727651657120632,0.009827405214309692,0.28352615237236023,0.27369874715805054,0.03663840889930725,False,0.44576576576576576,0.7545059725090753,0.011227905750274658,0.28194037079811096,0.2707124650478363,0.035237908363342285,False,0.5098078078078078,0.579724047173268,0.718,10,False,0.10927656277208746,0.8344263393375427,0.00011080000012952951,0.9433446440097766,0.028124451637268066,0.3492315113544464,0.32110705971717834,0.018341362476348877,False,0.17011411411411412,0.9633246844300383,0.032682865858078,0.34279459714889526,0.31011173129081726,0.01378294825553894,False,0.23403003003003003,0.9564213924665929,0.030886322259902954,0.3378322124481201,0.30694589018821716,0.01557949185371399,False,0.31831231231231233,0.6957844734736122,0.008273035287857056,0.28500106930732727,0.2767280340194702,0.03819277882575989,False,0.426006006006006,0.7894243131868872,0.013214588165283203,0.28991925716400146,0.27670466899871826,0.03325122594833374,False,0.5406546546546547,0.7881867801391664,0.6159579579579579,9,False,0.6786633687739951,0.8885988044579652,0.06830929999978252,False,0.9074909548670639,0.9022450553514647,10,0.7585345345345346,0.9421080745601733,0.9911205797211539,0.047150999307632446,-0.0006851851940155029,False,0.1348888888888889,0.35694268345832825,0.3097916841506958,0.9436820070084212,0.02818775177001953,0.018278062343597412,False,0.22014414414414415,0.34548670053482056,0.317298948764801,0.8034228119035065,0.014078259468078613,0.03238755464553833,False,0.3535135135135135,0.32368308305740356,0.30960482358932495,0.8526024592489369,0.01755160093307495,0.028914213180541992,False,0.4612072072072072,0.3052545189857483,0.28770291805267334,0.9043653943043195,0.022466987371444702,0.02399882674217224,False,0.5736156156156156,0.30172044038772583,0.27925345301628113,False,0.8615643989174622,0.7709600412393123,11,0.814,0.7451239700430314,0.9355368416936266,0.026750266551971436,0.019715547561645508,False,0.12345945945945946,0.3425268828868866,0.31577661633491516,0.8971388049705256,0.02165830135345459,0.024807512760162354,False,0.23586786786786787,0.3316957354545593,0.31003743410110474,0.8376704635632743,0.016409963369369507,0.030055850744247437,False,0.4000840840840841,0.30892807245254517,0.29251810908317566,0.8376704635632743,0.016409963369369507,0.030055850744247437,False,0.4000840840840841,0.30892807245254517,0.29251810908317566,0.5942361572820686,0.0038150548934936523,0.04265075922012329,False,0.534972972972973,0.2893339693546295,0.28551891446113586,1.5943856000003507,8.940696716308594e-08,2.561137080192566e-09,0.04592655594960171
4683565867,107115,"Four older men sitting on a blue patterned rug in an ethnic looking place of worship, 3 of them wearing some sort of head covering.",133078,"Three men are dress up with some colors of blue, orange and white.",5622966650,0.361060231924057,0.28964120149612427,0.07141903042793274,0.9992093806835974,12,0.0002509000000827655,0.9969343495044541,0.05784425139427185,0.3299480974674225,0.27210384607315063,0.013574779033660889,False,0.19914457831325302,0.9966285054149279,0.05689021944999695,0.3207831382751465,0.26389291882514954,0.014528810977935791,False,0.31657831325301206,0.9966285054149279,0.05689021944999695,0.3207831382751465,0.26389291882514954,0.014528810977935791,False,0.31657831325301206,0.913758785734293,0.02360418438911438,0.2792379856109619,0.25563380122184753,0.04781484603881836,False,0.4471626506024096,0.9347207675067706,0.02661573886871338,0.2577260434627533,0.23111030459403992,0.04480329155921936,False,0.5476987951807228,0.6325612955945841,0.9583975903614458,11,False,0.02353326489069519,0.9740193047616359,0.00010410000004412723,0.9969343495044541,0.05784425139427185,0.3299480974674225,0.27210384607315063,0.013574779033660889,False,0.19914457831325302,0.9838489439837586,0.04109486937522888,0.3114561140537262,0.2703612446784973,0.030324161052703857,False,0.29,0.9674359002430253,0.033914387226104736,0.2958613634109497,0.26194697618484497,0.037504643201828,False,0.37194578313253013,0.9779507691453428,0.03792181611061096,0.2778984606266022,0.2399766445159912,0.03349721431732178,False,0.4205843373493976,0.17426123249439282,-0.01555722951889038,0.23537641763687134,0.2509336471557617,0.08697625994682312,True,0.5921927710843373,0.551082554038712,0.8092409638554217,9,False,0.012953208804385904,0.8694261477677185,0.06627010000011069,False,0.9924031800307224,0.730797921366657,12,1.0,0.2599560272389084,0.996934340396099,0.05784422159194946,0.013574808835983276,False,0.19914457831325302,0.3299481272697449,0.2721039056777954,0.9966284753729127,0.056890130043029785,0.014528900384902954,False,0.31657831325301206,0.32078319787979126,0.2638930678367615,0.9966284753729127,0.056890130043029785,0.014528900384902954,False,0.31657831325301206,0.32078319787979126,0.2638930678367615,0.9869880186747831,0.04328787326812744,0.028131157159805298,False,0.49906024096385543,0.2749466300010681,0.23165875673294067,0.9347213130467797,0.026615828275680542,0.0448032021522522,False,0.5476987951807228,0.25772619247436523,0.2311103641986847,False,0.9940589869340413,0.6924653781844455,12,1.0,0.2599560272389084,0.996934340396099,0.05784422159194946,0.013574808835983276,False,0.19914457831325302,0.3299481272697449,0.2721039056777954,0.9926683652162657,0.04908198118209839,0.02233704924583435,False,0.28109036144578314,0.31689053773880005,0.26780855655670166,0.9991352658960649,0.0705222338438034,0.0008967965841293335,False,0.38162650602409637,0.3203828036785126,0.24986056983470917,0.9869880186747831,0.04328787326812744,0.028131157159805298,False,0.49906024096385543,0.2749466300010681,0.23165875673294067,0.9629516107715456,0.03257778286933899,0.03884124755859375,False,0.5476807228915662,0.25319963693618774,0.22062185406684875,1.80515159999959,2.9802322387695312e-08,3.6088749766349792e-09,-0.0016558069033189016
2993318965,50052,A small group of people meeting together at a tree by water.,133410,A man wearing a hat is showing a group of children how to throw a net off of a dock.,566945636,0.32928353548049927,0.3016160726547241,0.027667462825775146,0.9408521787661868,11,0.00024620000021968735,0.015328043637463417,-0.04162624478340149,0.2671157717704773,0.3087420165538788,0.06929370760917664,True,0.13712,0.02807333291603827,-0.035444602370262146,0.2491263896226883,0.28457099199295044,0.06311206519603729,True,0.240936,0.02813650327728009,-0.035421475768089294,0.2474888414144516,0.2829103171825409,0.06308893859386444,True,0.335164,0.02438294405420403,-0.036891862750053406,0.22129817306995392,0.2581900358200073,0.06455932557582855,True,0.427884,0.6917112369573819,0.008081316947937012,0.22596678137779236,0.21788546442985535,0.019586145877838135,False,0.574156,0.4963976362743909,0.866984,9,False,0.9967372094813395,0.21817055038229394,0.00010579999980109278,0.015328043637463417,-0.04162624478340149,0.2671157717704773,0.3087420165538788,0.06929370760917664,True,0.13712,0.02807333291603827,-0.035444602370262146,0.2491263896226883,0.28457099199295044,0.06311206519603729,True,0.240936,0.02813650327728009,-0.035421475768089294,0.2474888414144516,0.2829103171825409,0.06308893859386444,True,0.335164,0.05054937373031664,-0.0293293297290802,0.23360121250152588,0.2629305422306061,0.05699679255485535,True,0.515268,0.05054937373031664,-0.0293293297290802,0.23360121250152588,0.2629305422306061,0.05699679255485535,True,0.515268,0.09575248558030534,0.606664,6,False,0.02989054535382198,0.15049000815271568,0.13164140000026237,False,0.2414036738034204,0.5222464688416508,11,1.0,0.6434002590625741,0.015328043637463417,-0.04162624478340149,0.06929370760917664,True,0.13712,0.2671157717704773,0.3087420165538788,0.056287194399248466,-0.028193548321723938,0.055861011147499084,True,0.22984,0.24472816288471222,0.27292171120643616,0.05604105995164021,-0.028239980340003967,0.055907443165779114,True,0.342564,0.2461119443178177,0.27435192465782166,0.1290964575616119,-0.0190897136926651,0.04675717651844025,True,0.473468,0.23277918994426727,0.2518689036369324,0.8667096780740521,0.018721744418144226,0.00894571840763092,False,0.578624,0.2054424285888672,0.18672068417072296,False,0.243945217657331,0.5291425780409189,11,1.0,0.6434002590625741,0.015328043637463417,-0.04162624478340149,0.06929370760917664,True,0.13712,0.2671157717704773,0.3087420165538788,0.1743946414734854,-0.015547960996627808,0.043215423822402954,True,0.249844,0.27216213941574097,0.2877101004123688,0.019166836871395615,-0.039352208375930786,0.06701967120170593,True,0.380748,0.2430741786956787,0.2824263870716095,0.20486694923662965,-0.013561487197875977,0.04122895002365112,True,0.485904,0.23406046628952026,0.24762195348739624,0.6616127955769777,0.006704896688461304,0.020962566137313843,False,0.580132,0.2303725928068161,0.2236676961183548,2.327493599999798,2.9802322387695312e-08,3.725290298461914e-09,-0.0025415438539105883
3446941415,68852,A young girl has lifted her friend and is carrying her in her arms.,77944,Two girls hugging.,3665179773,0.3108724355697632,0.3029208481311798,0.007951587438583374,0.6889379381958816,13,0.0002762999997685256,0.828783711001413,0.015770316123962402,0.25454023480415344,0.23876991868019104,-0.007818728685379028,False,0.14905389221556886,0.22974488833731177,-0.012097522616386414,0.2244240939617157,0.2365216165781021,0.020049110054969788,True,0.22005988023952097,0.3542029711857754,-0.006006151437759399,0.20606781542301178,0.21207396686077118,0.013957738876342773,True,0.3207245508982036,0.3490778615932879,-0.006230950355529785,0.20604349672794342,0.2122744470834732,0.01418253779411316,True,0.48844910179640716,0.37258052379234435,-0.005211621522903442,0.20437651872634888,0.20958814024925232,0.013163208961486816,True,0.5545149700598803,0.3685712729602701,0.8072694610778444,10,False,0.16247162595890466,0.47410943361691454,0.00010700000029828516,0.4469334282689839,-0.0021306872367858887,0.2953655421733856,0.2974962294101715,0.010082274675369263,True,0.13765269461077845,0.4531079095702768,-0.0018812119960784912,0.2960296869277954,0.2979108989238739,0.009832799434661865,True,0.20843712574850298,0.24057726163326926,-0.01149517297744751,0.27257558703422546,0.284070760011673,0.019446760416030884,True,0.3505808383233533,0.21896266436171793,-0.012717217206954956,0.2716783285140991,0.2843955457210541,0.02066880464553833,True,0.45149700598802395,0.21221421219526918,-0.013116300106048584,0.2690558135509491,0.2821721136569977,0.021067887544631958,True,0.548437125748503,0.23336102194633038,0.8009401197604791,10,False,0.08579907617771868,0.3709094271599023,0.12910439999996015,False,0.40361344166716706,0.315351753993578,11,0.8631497005988024,0.35788078676881346,0.762936018510505,0.011688441038131714,-0.00373685359954834,False,0.14847305389221557,0.2799827456474304,0.2682943046092987,0.4266056758793378,-0.0029571354389190674,0.010908722877502441,True,0.2491377245508982,0.23853449523448944,0.2414916306734085,0.34900269882784496,-0.006234258413314819,0.014185845851898193,True,0.3328023952095808,0.23166200518608093,0.23789626359939575,0.10998039484383457,-0.020909413695335388,0.028861001133918762,True,0.4043892215568862,0.18654866516590118,0.20745807886123657,0.0628779621818097,-0.027016177773475647,0.03496776521205902,True,0.5724670658682635,0.19172582030296326,0.2187419980764389,False,0.3378526366125014,0.22068386450012653,10,0.7662095808383234,0.12306955428467627,0.5768083402519169,0.003096848726272583,0.004854738712310791,False,0.15467065868263474,0.30285078287124634,0.29975393414497375,0.3171545582744486,-0.007668793201446533,0.015620380640029907,True,0.25533532934131736,0.2881369888782501,0.29580578207969666,0.208015012758391,-0.013369321823120117,0.02132090926170349,True,0.3264730538922156,0.2834768295288086,0.2968461513519287,0.053082207473806646,-0.02881370484828949,0.036765292286872864,True,0.47552694610778445,0.18414799869060516,0.21296170353889465,0.025249301437957936,-0.03653383255004883,0.0444854199886322,True,0.5437005988023952,0.19079987704753876,0.22733370959758759,1.638412999999673,2.9802322387695312e-08,2.735760062932968e-09,0.06576080505466564
2975627633,49427,Two people smile while sitting on chairs in a yard.,119136,A man wearing dark sunglasses and a hat sits next to a woman with a black hat.,4868221344,0.34857428073883057,0.31344494223594666,0.03512933850288391,0.9710535445320758,11,0.0002670999997462786,0.9153309066165064,0.023805350065231323,0.29771825671195984,0.2739129066467285,0.011323988437652588,False,0.15519161676646706,0.929596561948789,0.02580508589744568,0.28813695907592773,0.26233187317848206,0.009324252605438232,False,0.2620059880239521,0.9290331451378836,0.02571931481361389,0.2831644117832184,0.2574450969696045,0.00941002368927002,False,0.3929760479041916,0.6685821094535631,0.007017791271209717,0.2784975469112396,0.2714797556400299,0.028111547231674194,False,0.4638682634730539,0.5523636872274559,0.0021022558212280273,0.27832794189453125,0.2762256860733032,0.033027082681655884,False,0.5318443113772455,0.8238800414303215,0.6739880239520958,7,False,0.8279880450838296,0.8738405201711158,0.0001059999999597494,0.9828487339957621,0.040483832359313965,0.340878427028656,0.30039459466934204,-0.005354493856430054,False,0.10681437125748502,0.94763188216469,0.028956681489944458,0.3290260434150696,0.3000693619251251,0.006172657012939453,False,0.24568263473053892,0.5278824088716358,0.0011164546012878418,0.279567688703537,0.27845123410224915,0.03401288390159607,False,0.400874251497006,0.5278824088716358,0.0011164546012878418,0.279567688703537,0.27845123410224915,0.03401288390159607,False,0.400874251497006,0.5523636872274559,0.0021022558212280273,0.27832794189453125,0.2762256860733032,0.033027082681655884,False,0.5318443113772455,0.6274901081336114,0.6054191616766467,6,False,0.42475504180946416,0.7965250923710533,0.06317419999959384,False,0.9243601722919091,0.8860496806205672,11,1.0,0.9230881776400423,0.9799177244145175,0.038876309990882874,-0.0037469714879989624,False,0.22820958083832335,0.28786700963974,0.24899069964885712,0.9799177244145175,0.038876309990882874,-0.0037469714879989624,False,0.22820958083832335,0.28786700963974,0.24899069964885712,0.9685732333544498,0.034281641244888306,0.0008476972579956055,False,0.3180179640718563,0.2876395881175995,0.2533579468727112,0.7714372199192766,0.012164443731307983,0.022964894771575928,False,0.4568862275449102,0.27049511671066284,0.25833067297935486,0.7487366197951458,0.010918855667114258,0.024210482835769653,False,0.5092335329341318,0.2665746212005615,0.25565576553344727,False,0.9684980705434683,0.9515369431647532,11,1.0,0.9230881776400423,0.9799177244145175,0.038876309990882874,-0.0037469714879989624,False,0.22820958083832335,0.28786700963974,0.24899069964885712,0.9799177244145175,0.038876309990882874,-0.0037469714879989624,False,0.22820958083832335,0.28786700963974,0.24899069964885712,0.9582326274723698,0.03132975101470947,0.0037995874881744385,False,0.43007185628742517,0.2852686941623688,0.2539389431476593,0.9582326274723698,0.03132975101470947,0.0037995874881744385,False,0.43007185628742517,0.2852686941623688,0.2539389431476593,0.9515860112066284,0.02978341281414032,0.005345925688743591,False,0.5559940119760479,0.2601446509361267,0.2303612381219864,1.4720883999998478,5.960464477539063e-08,3.245077095925808e-09,-0.044137898251559116
10287332,489,Three men are working on a roof.,120216,A man wearing a blue shirt trying to get something with a pole from the roof of the room.,4889181219,0.3230343759059906,0.30311256647109985,0.019921809434890747,0.8799736797486621,15,0.0002768999997897481,0.08296756963338874,-0.024026930332183838,0.23965048789978027,0.2636774182319641,0.043948739767074585,True,0.18562133333333333,0.13705536319499428,-0.01839965581893921,0.24062994122505188,0.2590295970439911,0.038321465253829956,True,0.25576533333333334,0.28391596697089166,-0.009251192212104797,0.23348352313041687,0.24273471534252167,0.029173001646995544,True,0.328288,0.35809003969507913,-0.0058366358280181885,0.2298586070537567,0.2356952428817749,0.025758445262908936,True,0.468688,0.36296553953190497,-0.0056251585483551025,0.2320941686630249,0.23771932721138,0.02554696798324585,True,0.5356693333333333,0.3023684755462365,0.7713013333333333,11,False,0.2597491072047132,0.33895966739999245,0.00011470000026747584,0.08296756963338874,-0.024026930332183838,0.23965048789978027,0.2636774182319641,0.043948739767074585,True,0.18562133333333333,0.10545137907631641,-0.021380692720413208,0.22901257872581482,0.250393271446228,0.041302502155303955,True,0.246224,0.06219838519549285,-0.027132093906402588,0.23417451977729797,0.26130661368370056,0.047053903341293335,True,0.3112106666666667,0.17133113655410137,-0.015762224793434143,0.24263404309749603,0.2583962678909302,0.03568403422832489,True,0.46386133333333335,0.2164646483911686,-0.012863889336585999,0.2424032837152481,0.2552671730518341,0.032785698771476746,True,0.5087253333333334,0.4035101864119641,0.6926346666666666,10,False,0.6755857477594353,0.24974442921293363,0.12948729999970965,False,0.28659072168847494,0.36398242342397213,12,0.807648,0.1934922404620689,0.26102298389750206,-0.010406583547592163,0.03032839298248291,True,0.15161066666666667,0.26554569602012634,0.2759522795677185,0.10545137907631641,-0.021380692720413208,0.041302502155303955,True,0.246224,0.22901251912117004,0.25039321184158325,0.062198472113644425,-0.027132079005241394,0.04705388844013214,True,0.3112106666666667,0.23417450487613678,0.2613065838813782,0.1279320692076224,-0.019193679094314575,0.03911548852920532,True,0.4419786666666667,0.25439298152923584,0.2735866606235504,0.5928226285002014,0.0037564635276794434,0.016165345907211304,False,0.509168,0.24219365417957306,0.23843719065189362,False,0.3726402844910149,0.29181254677802154,11,0.7637386666666667,0.04565288896461958,0.26102298389750206,-0.010406583547592163,0.03032839298248291,True,0.15161066666666667,0.26554569602012634,0.2759522795677185,0.24640433750273844,-0.011178821325302124,0.03110063076019287,True,0.21659733333333334,0.2818205952644348,0.29299941658973694,0.062198472113644425,-0.027132079005241394,0.04705388844013214,True,0.3112106666666667,0.23417450487613678,0.2613065838813782,0.5198405310187993,0.0007940381765365601,0.019127771258354187,False,0.4509226666666667,0.22669188678264618,0.22589784860610962,0.5686967129407116,0.002765357494354248,0.0171564519405365,False,0.5079786666666667,0.23154807090759277,0.22878271341323853,1.9994844000002558,5.960464477539063e-08,2.852175384759903e-09,-0.08604956280253995
6337111139,139318,A group of young adults singing in a choir.,34153,A choir group is gathered together in a church.,2572712647,0.32501038908958435,0.30734652280807495,0.0176638662815094,0.8540077372291472,12,0.00025589999995645485,0.8297739729979117,0.015840262174606323,0.31608209013938904,0.3002418279647827,0.0018236041069030762,False,0.11157357357357357,0.730757692878058,0.009984701871871948,0.297159343957901,0.28717464208602905,0.007679164409637451,False,0.26036036036036037,0.64417903913948,0.005935490131378174,0.29999423027038574,0.29405874013900757,0.011728376150131226,False,0.36816816816816816,0.5876965027975933,0.0035445094108581543,0.2964337170124054,0.29288920760154724,0.014119356870651245,False,0.4729189189189189,0.5947757060348864,0.0038374364376068115,0.29727911949157715,0.29344168305397034,0.013826429843902588,False,0.5437957957957958,0.49202425221024587,0.9213153153153153,11,False,0.03374125621221179,0.7182206820740918,0.00011059999997087289,0.8712350652495964,0.019119232892990112,0.31834888458251953,0.2992296516895294,-0.0014553666114807129,False,0.10475075075075076,0.7853065509253523,0.012968629598617554,0.30984199047088623,0.2968733608722687,0.004695236682891846,False,0.21632432432432433,0.8211580222844217,0.015242129564285278,0.3035276532173157,0.2882855236530304,0.002421736717224121,False,0.37055855855855857,0.7946651477784344,0.013532787561416626,0.3028869926929474,0.28935420513153076,0.0041310787200927734,False,0.4173273273273273,0.7527496502930956,0.011133313179016113,0.31279897689819336,0.30166566371917725,0.006530553102493286,False,0.5005705705705705,0.7073597407678558,0.6430990990990991,8,False,0.5836952174023842,0.8167684185511527,0.0663219999996727,False,0.7086915860578754,0.4757746342169664,12,1.0,0.114991467375281,0.829774393952699,0.01584029197692871,0.0018235743045806885,False,0.11157357357357357,0.3160821199417114,0.3002418279647827,0.751403224330105,0.011061102151870728,0.006602764129638672,False,0.2939159159159159,0.3019801080226898,0.2909190058708191,0.5538914902573698,0.0021640658378601074,0.015499800443649292,False,0.3726006006006006,0.29267215728759766,0.29050809144973755,0.610145991085416,0.004479259252548218,0.013184607028961182,False,0.44347747747747746,0.2912886440753937,0.28680938482284546,0.34927494554727684,-0.006222277879714966,0.023886144161224365,True,0.5151291291291291,0.27796006202697754,0.2841823399066925,False,0.7569109398816478,0.49479530702873603,12,1.0,0.114991467375281,0.8712350652495964,0.019119232892990112,-0.0014553666114807129,False,0.10475075075075076,0.31834888458251953,0.2992296516895294,0.6882285705692136,0.007918506860733032,0.009745359420776367,False,0.25947747747747746,0.3061274588108063,0.29820895195007324,0.7039484881724489,0.008661717176437378,0.009002149105072021,False,0.33816216216216216,0.3089868426322937,0.3003251254558563,0.7365438388801469,0.010280817747116089,0.0073830485343933105,False,0.4497357357357357,0.29304054379463196,0.28275972604751587,0.6174034950599114,0.004785418510437012,0.012878447771072388,False,0.5213873873873874,0.28271031379699707,0.27792489528656006,1.622963400000117,5.960464477539063e-08,1.9208528101444244e-09,-0.048219353823772404
5986222648,136200,"A singer with medium-short curly white hair, wearing a white sleeveless t-shirt, is accompanied by a guitarist who has long white hair and wears a black shirt.",103546,A man in a brown shirt and a woman in a white tank top singing into their microphones.,4615770260,0.3313106894493103,0.3142803907394409,0.017030298709869385,0.8459300393231838,12,0.00028529999963211594,0.9394325621743645,0.027415186166763306,0.3007078170776367,0.2732926309108734,-0.010384887456893921,False,0.10100900900900901,0.9500782570159173,0.029460877180099487,0.29838553071022034,0.26892465353012085,-0.012430578470230103,False,0.24301501501501502,0.9759005408720132,0.03701171278953552,0.29736414551734924,0.2603524327278137,-0.019981414079666138,False,0.3174954954954955,0.9816094818886111,0.03977358341217041,0.30363279581069946,0.26385921239852905,-0.022743284702301025,False,0.46821621621621623,0.979327154747301,0.03858044743537903,0.3030768632888794,0.26449641585350037,-0.021550148725509644,False,0.5416216216216216,0.9286241025500871,0.804990990990991,10,False,0.8205411723339062,0.9518527761569695,0.00010669999983292655,0.9394325621743645,0.027415186166763306,0.3007078170776367,0.2732926309108734,-0.010384887456893921,False,0.10100900900900901,0.9391266115441783,0.027361541986465454,0.29915934801101685,0.2717978060245514,-0.01033124327659607,False,0.21428828828828828,0.9292536809257419,0.02575281262397766,0.2652514576911926,0.23949864506721497,-0.008722513914108276,False,0.363993993993994,0.9199816443359459,0.024420976638793945,0.2668426036834717,0.24242162704467773,-0.0073906779289245605,False,0.4373993993993994,0.9207925755097579,0.024531647562980652,0.26476553082466125,0.2402338832616806,-0.007501348853111267,False,0.5066606606606606,0.9162354375840582,0.5807807807807808,7,False,0.9178797922768184,0.9237789828364811,0.13152439999976195,False,0.6792074835339564,0.6358142764208581,10,0.8524744744744744,0.8244357786803851,0.9394325621743645,0.027415186166763306,-0.010384887456893921,False,0.10100900900900901,0.3007078170776367,0.2732926309108734,0.582685358203441,0.003338068723678589,0.013692229986190796,False,0.29696696696696695,0.2324574589729309,0.22911939024925232,0.7324106555801899,0.010068878531455994,0.006961420178413391,False,0.373003003003003,0.23560303449630737,0.22553415596485138,0.5853515556975984,0.003447815775871277,0.013582482933998108,False,0.4461081081081081,0.20322807133197784,0.19978025555610657,0.16449025610690873,-0.016251906752586365,0.03328220546245575,True,0.5593873873873874,0.19889967143535614,0.2151515781879425,False,0.5948038876359044,0.5602320410702687,9,0.7832132132132132,0.8992590995011585,0.9394325621743645,0.027415186166763306,-0.010384887456893921,False,0.10100900900900901,0.3007078170776367,0.2732926309108734,0.4739566167784357,-0.001042678952217102,0.018072977662086487,True,0.25403003003003005,0.23920777440071106,0.24025045335292816,0.5677063087605244,0.0027249902486801147,0.01430530846118927,False,0.32713513513513515,0.22087392210960388,0.21814893186092377,0.29065642805464603,-0.008921980857849121,0.025952279567718506,True,0.4404144144144144,0.20775561034679413,0.21667759120464325,0.2802504449375165,-0.009432196617126465,0.02646249532699585,True,0.5148948948948949,0.19313091039657593,0.2025631070137024,1.479545799999869,0.0,3.3760443329811096e-09,0.08440359589805202
4675063973,106679,A woman and a man at a crosswalk in nyc.,134846,A bald man in a black shirt with a girl sitting on his shoulders walking in the street.,5823310445,0.3301878571510315,0.32155078649520874,0.008637070655822754,0.7034345842647954,13,0.0002633999997669889,0.626084382385691,0.005154550075531006,0.2945954203605652,0.2894408702850342,0.003482520580291748,False,0.18834,0.540338985640336,0.0016170740127563477,0.27900969982147217,0.2773926258087158,0.007019996643066406,False,0.256388,0.7303488017834303,0.009963929653167725,0.27669110894203186,0.26672717928886414,-0.0013268589973449707,False,0.338364,0.6136860380520827,0.00462833046913147,0.28683674335479736,0.2822084128856659,0.004008740186691284,False,0.454352,0.3457448084964508,-0.006377965211868286,0.27212730050086975,0.27850526571273804,0.01501503586769104,True,0.509976,0.49412776159011185,0.770436,10,False,0.058525005617359925,0.6306174957247944,0.0001090999999178166,0.3258695859212514,-0.00726926326751709,0.3318212628364563,0.3390905261039734,0.015906333923339844,True,0.1138,0.2582913878649912,-0.010548681020736694,0.3076736032962799,0.3182222843170166,0.019185751676559448,True,0.204104,0.09705437858150101,-0.022303909063339233,0.30174827575683594,0.32405218482017517,0.030940979719161987,True,0.34214,0.05756640089197959,-0.02795526385307312,0.2963501513004303,0.3243054151535034,0.036592334508895874,True,0.410188,0.07753097278978756,-0.024763762950897217,0.30557167530059814,0.33033543825149536,0.03340083360671997,True,0.546464,0.14456778119808905,0.410188,6,False,0.05756640089197959,0.22679404302812345,0.019966099999692233,False,0.9235411772106001,0.6987462918884646,13,1.0,0.3942964701993434,0.9612364957978977,0.032107412815093994,-0.02347034215927124,False,0.108192,0.298264741897583,0.266157329082489,0.965925153808787,0.033445268869400024,-0.02480819821357727,False,0.25232,0.2859218418598175,0.2524765729904175,0.9864449744537526,0.042873501777648926,-0.03423643112182617,False,0.334296,0.27916955947875977,0.23629605770111084,0.967394423063167,0.03390122950077057,-0.025264158844947815,False,0.445932,0.27213558554649353,0.23823435604572296,0.6736850656692686,0.007248997688293457,0.0013880729675292969,False,0.505908,0.27049967646598816,0.2632506787776947,False,0.7814934049419155,0.5990300404963819,13,1.0,0.3942964701993434,0.3845032692403305,-0.004704773426055908,0.013341844081878662,True,0.144128,0.30606791377067566,0.31077268719673157,0.965925153808787,0.033445268869400024,-0.02480819821357727,False,0.25232,0.2859218418598175,0.2524765729904175,0.9518182720646489,0.029833942651748657,-0.021196871995925903,False,0.30662,0.27318423986434937,0.2433502972126007,0.9675212771787574,0.03394152224063873,-0.02530445158481598,False,0.47062,0.27636200189590454,0.2424204796552658,0.8411243106484717,0.016666173934936523,-0.00802910327911377,False,0.526632,0.2620398700237274,0.2453736960887909,2.4827667999998084,5.960464477539063e-08,5.005858838558197e-09,0.1420477722686846
2115631346,17256,Two brown dogs are running through the snow.,77962,Two dogs running and jumping through a snowy area.,366548880,0.3642756938934326,0.35101318359375,0.013262510299682617,0.7902198350227501,17,0.00026729999990493525,0.1430564035229447,-0.017901331186294556,0.2642803490161896,0.28218168020248413,0.031163841485977173,True,0.1477789203084833,0.1507873152884424,-0.017284393310546875,0.24943464994430542,0.2667190432548523,0.030546903610229492,True,0.20749100257069408,0.15794637054168637,-0.016735881567001343,0.2503901422023773,0.26712602376937866,0.02999839186668396,True,0.30911053984575837,0.0799012791229689,-0.024436891078948975,0.22599968314170837,0.25043657422065735,0.03769940137863159,True,0.4665038560411311,0.08349035465194417,-0.023958414793014526,0.21307936310768127,0.2370377779006958,0.037220925092697144,True,0.5250539845758355,0.2347295312049031,0.6709614395886889,11,False,0.2957693019986395,0.22268203636712422,0.00012000000015177648,0.439711838892701,-0.002423316240310669,0.30850017070770264,0.3109234869480133,0.015685826539993286,True,0.10732647814910026,0.4589023946922124,-0.0016476213932037354,0.312940388917923,0.3145880103111267,0.014910131692886353,True,0.24310539845758355,0.3578756503072747,-0.005845963954925537,0.3050629198551178,0.31090888381004333,0.019108474254608154,True,0.34484832904884316,0.39814143715571776,-0.0041321516036987305,0.28964027762413025,0.293772429227829,0.017394661903381348,True,0.42617480719794343,0.35646333972701266,-0.00590747594833374,0.295678049325943,0.30158552527427673,0.019169986248016357,True,0.5182724935732648,0.3975532564604213,0.5182724935732648,9,False,0.35646333972701266,0.4515964712611296,0.07634729999972478,False,0.5034532040368876,0.42107279699413197,17,1.0,0.5279533400872877,0.5477788850555974,0.0019170045852661133,0.011345505714416504,False,0.12002570694087404,0.30573660135269165,0.30381959676742554,0.4931917077465906,-0.0002723485231399536,0.01353485882282257,True,0.25076606683804625,0.24544137716293335,0.2457137256860733,0.4251974740873834,-0.0030147284269332886,0.016277238726615906,True,0.3004884318766067,0.23448029160499573,0.23749502003192902,0.405074898776576,-0.003843635320663452,0.01710614562034607,True,0.4655012853470437,0.2255781888961792,0.22942182421684265,0.38055880199984227,-0.004871770739555359,0.018134281039237976,True,0.5136092544987146,0.2226080745458603,0.22747984528541565,False,0.4076944649091194,0.303822345202917,17,1.0,0.5279533400872877,0.4233407993458571,-0.0030907392501831055,0.016353249549865723,True,0.144853470437018,0.3169719874858856,0.3200627267360687,0.15382114741742137,-0.017049401998519897,0.030311912298202515,True,0.20632904884318767,0.25220727920532227,0.26925668120384216,0.4667814168910092,-0.0013307034969329834,0.0145932137966156,True,0.3245758354755784,0.23663127422332764,0.23796197772026062,0.2917427414642311,-0.008869349956512451,0.02213186025619507,True,0.45676092544987146,0.22562175989151,0.23449110984802246,0.27261478798795014,-0.009813964366912842,0.02307647466659546,True,0.5064832904884319,0.22048935294151306,0.2303033173084259,2.713173399999505,2.9802322387695312e-08,2.561137080192566e-09,0.09575873912776822
3660516586,77782,Four people are playing soccer on a beach.,144777,"Two men, both with hats on, are playing volleyball on a beach.",7034076961,0.3370254635810852,0.33484649658203125,0.002178966999053955,0.5542596619198198,12,0.00026690000004236936,0.9663731125007063,0.03358224034309387,0.3127955496311188,0.2792133092880249,-0.03140327334403992,False,0.10440840840840841,0.9065131576504543,0.022717848420143127,0.2582525610923767,0.23553471267223358,-0.020538881421089172,False,0.2865105105105105,0.8786734566625735,0.019799277186393738,0.2552342116832733,0.23543493449687958,-0.017620310187339783,False,0.3466906906906907,0.8994302761478598,0.02190910279750824,0.25745832920074463,0.2355492264032364,-0.019730135798454285,False,0.41055855855855855,0.7892910157285882,0.013206571340560913,0.2436596155166626,0.23045304417610168,-0.011027604341506958,False,0.5636096096096096,0.7739601479484314,1.0,12,False,0.8419128675916059,0.8687578004950919,0.00011199999971722718,0.5899131157406,0.0036360621452331543,0.3244452476501465,0.32080918550491333,-0.0014570951461791992,False,0.10299699699699699,0.7236540085550734,0.009626597166061401,0.3088374137878418,0.2992108166217804,-0.007447630167007446,False,0.2850990990990991,0.342025656493171,-0.006542801856994629,0.2882773280143738,0.2948201298713684,0.008721768856048584,True,0.3724084084084084,0.3169790296315319,-0.007676899433135986,0.27938663959503174,0.2870635390281677,0.009855866432189941,True,0.43815015015015013,0.13766575716798982,-0.018348142504692078,0.2473900467157364,0.26573818922042847,0.020527109503746033,True,0.5514114114114114,0.3809268471730371,0.4861141141141141,5,False,0.23540405795384545,0.49410584983844935,0.020135100000516104,False,0.8109066901753155,0.7599458838665617,12,1.0,0.8419128675916059,0.9503524687682714,0.029518842697143555,-0.0273398756980896,False,0.17388588588588588,0.30623742938041687,0.2767185866832733,0.8472518314608757,0.017132073640823364,-0.01495310664176941,False,0.23918318318318318,0.27559202909469604,0.2584599554538727,0.8396540238972314,0.01655656099319458,-0.014377593994140625,False,0.3264924924924925,0.24267025291919708,0.2261136919260025,0.7998296199800133,0.013852298259735107,-0.011673331260681152,False,0.5085945945945946,0.20618940889835358,0.19233711063861847,0.7998296199800133,0.013852298259735107,-0.011673331260681152,False,0.5085945945945946,0.20618940889835358,0.19233711063861847,False,0.5453297185393694,0.5592814933368837,12,1.0,0.8419128675916059,0.6546521549866545,0.006395518779754639,-0.004216551780700684,False,0.1526066066066066,0.28388428688049316,0.2774887681007385,0.16059651053278715,-0.016537964344024658,0.018716931343078613,True,0.3347087087087087,0.24015918374061584,0.2566971480846405,0.16059651053278715,-0.016537964344024658,0.018716931343078613,True,0.3347087087087087,0.24015918374061584,0.2566971480846405,0.8499956181738542,0.017345666885375977,-0.015166699886322021,False,0.4391171171171171,0.20044541358947754,0.18309974670410156,0.5542626070536165,0.002179086208343506,-1.1920928955078125e-07,False,0.5681561561561561,0.20424315333366394,0.20206406712532043,1.5887110999992728,2.9802322387695312e-08,3.754394128918648e-09,0.26557697163594607
2088705195,16227,Two silhouetted people paddle a canoe on the ocean during sunset.,35769,Two men are paddling their small canoes through the water.,2613889835,0.34995317459106445,0.3249197006225586,0.02503347396850586,0.9243761520220873,10,0.00031079999962457805,0.9968274223424921,0.05750033259391785,0.2721397876739502,0.21463945508003235,-0.03246685862541199,False,0.20902469135802468,0.9968274223424921,0.05750033259391785,0.2721397876739502,0.21463945508003235,-0.03246685862541199,False,0.20902469135802468,0.9964099406773396,0.05625990033149719,0.2679603099822998,0.2117004096508026,-0.031226426362991333,False,0.3077037037037037,0.9406866115492203,0.027637749910354614,0.23480364680290222,0.2071658968925476,-0.002604275941848755,False,0.7007345679012346,0.9406866115492203,0.027637749910354614,0.23480364680290222,0.2071658968925476,-0.002604275941848755,False,0.7007345679012346,0.7903312614950174,0.8345123456790123,7,False,0.09972975110504048,0.9701308261048184,0.00010160000010728254,0.9835841936776217,0.040929585695266724,0.3443407118320465,0.3034111261367798,-0.015896111726760864,False,0.11838271604938272,0.993559880210964,0.05038747191429138,0.32827627658843994,0.27788880467414856,-0.025353997945785522,False,0.4384753086419753,0.993559880210964,0.05038747191429138,0.32827627658843994,0.27788880467414856,-0.025353997945785522,False,0.4384753086419753,0.993559880210964,0.05038747191429138,0.32827627658843994,0.27788880467414856,-0.025353997945785522,False,0.4384753086419753,0.9917265027771682,0.047863900661468506,0.3209320902824402,0.2730681896209717,-0.022830426692962646,False,0.5371543209876544,0.9689087797638646,0.7007345679012346,5,False,0.9406866115492203,0.981696282304841,0.038730799999939336,False,0.9863372348145852,0.9035423589514346,8,0.8785617283950617,0.462519143787443,0.9992054852444451,0.07136984169483185,-0.04633636772632599,False,0.1514074074074074,0.3154074549674988,0.24403761327266693,0.9980186494751528,0.06221993267536163,-0.037186458706855774,False,0.2697901234567901,0.2766813039779663,0.21446137130260468,0.9934648539038311,0.05024003982543945,-0.025206565856933594,False,0.3427283950617284,0.27164483070373535,0.2214047908782959,0.997265269139555,0.058989837765693665,-0.033956363797187805,False,0.47874074074074074,0.25900742411613464,0.20001758635044098,0.9775931693444981,0.037757277488708496,-0.012723803520202637,False,0.7988333333333333,0.2524433732032776,0.2146860957145691,False,0.9771984614991414,0.8090145028292726,10,1.0,0.15991490784548704,0.9862509048460384,0.04272937774658203,-0.017695903778076172,False,0.13601234567901235,0.34973466396331787,0.30700528621673584,0.9887047926424352,0.04472017288208008,-0.01968669891357422,False,0.20895061728395062,0.3367295265197754,0.2920093536376953,0.9796059814972182,0.03871908783912659,-0.013685613870620728,False,0.5290432098765432,0.3300432860851288,0.2913241982460022,0.9796059814972182,0.03871908783912659,-0.013685613870620728,False,0.5290432098765432,0.3300432860851288,0.2913241982460022,0.9796059814972182,0.03871908783912659,-0.013685613870620728,False,0.5290432098765432,0.3300432860851288,0.2913241982460022,1.1931329999997615,2.9802322387695312e-08,2.7939677238464355e-09,0.009138773315443882
511643051,127625,A person with a scarf over their head and a boy in a black t-shirt looking at what appear to be olives in a pile on a tarp on the ground.,59899,A man and child working on a puzzle.,3232994074,0.33734115958213806,0.30260661244392395,0.03473454713821411,0.969922964613408,11,0.00024859999984983006,0.9903089151115098,0.04626810550689697,0.31399214267730713,0.26772403717041016,-0.011533558368682861,False,0.14037237237237238,0.9818687100032384,0.03991818428039551,0.26988112926483154,0.22996294498443604,-0.0051836371421813965,False,0.2320900900900901,0.9073127276276566,0.022812560200691223,0.24690306186676025,0.22409050166606903,0.011921986937522888,False,0.3111171171171171,0.7193778983469225,0.00941377878189087,0.2185259461402893,0.20911216735839844,0.025320768356323242,False,0.4216276276276276,0.2157011016436573,-0.012908965349197388,0.1860390454530716,0.19894801080226898,0.0476435124874115,True,0.6023903903903904,0.5782592651727951,0.8636576576576577,9,False,0.13045247413610667,0.791958431589135,0.00010259999999107094,0.9820534221522361,0.040022462606430054,0.33360913395881653,0.2935866713523865,-0.005287915468215942,False,0.11051051051051052,0.8839208727386231,0.020300954580307007,0.3079518675804138,0.2876509130001068,0.014433592557907104,False,0.20222822822822822,0.8756416762681198,0.019517898559570312,0.2916198670864105,0.2721019685268402,0.015216648578643799,False,0.39975975975975975,0.7977854105694616,0.013725101947784424,0.25481486320495605,0.24108976125717163,0.021009445190429688,False,0.4734774774774775,0.8221179969199854,0.015307635068893433,0.2504596710205078,0.23515203595161438,0.01942691206932068,False,0.5518198198198199,0.8576033888091013,0.7232852852852852,8,False,0.8593603545537163,0.8922243396633892,0.04633580000063375,False,0.9485466271529188,0.8076455777377985,10,0.8975795795795796,0.8576423641237588,0.9820534746772585,0.04002249240875244,-0.00528794527053833,False,0.11051051051051052,0.33360907435417175,0.2935865819454193,0.9848906769841368,0.04177218675613403,-0.007037639617919922,False,0.3299099099099099,0.291587233543396,0.24981504678726196,0.9848906769841368,0.04177218675613403,-0.007037639617919922,False,0.3299099099099099,0.291587233543396,0.24981504678726196,0.9939292834422313,0.05098189413547516,-0.016247346997261047,False,0.44841441441441443,0.27152979373931885,0.2205478996038437,0.5643483384503021,0.0025882869958877563,0.032146260142326355,False,0.5401321321321322,0.2126086801290512,0.21002039313316345,False,0.8983794346081881,0.7084398059719165,11,1.0,0.27436221784757736,0.9820534746772585,0.04002249240875244,-0.00528794527053833,False,0.11051051051051052,0.33360907435417175,0.2935865819454193,0.9301922325779307,0.025896459817886353,0.008838087320327759,False,0.2625705705705706,0.3176378905773163,0.29174143075942993,0.9689070628116824,0.03439188003540039,0.0003426671028137207,False,0.3810750750750751,0.3265453577041626,0.2921534776687622,0.7253671419757903,0.009712427854537964,0.025022119283676147,False,0.4727927927927928,0.28608036041259766,0.2763679325580597,0.7058176526986313,0.00875157117843628,0.025982975959777832,False,0.5752132132132132,0.27770477533340454,0.26895320415496826,1.529776700000184,5.960464477539063e-08,3.259629011154175e-09,0.05016719254473068
3364114507,65425,Lady with short brown hair and a red and white striped shirt with a name tag taking a sip from a cup.,99647,A woman in an apron drinking a coffee drink and eating a cookie.,4528578001,0.3856081962585449,0.31964629888534546,0.06596189737319946,0.9986363009300067,9,0.0002283000003444613,0.9210739237803942,0.0245702862739563,0.2316444218158722,0.2070741355419159,0.041391611099243164,False,0.28984341637010674,0.9210739237803942,0.0245702862739563,0.2316444218158722,0.2070741355419159,0.041391611099243164,False,0.28984341637010674,0.7473714543610402,0.010846421122550964,0.20732484757900238,0.19647842645645142,0.0551154762506485,False,0.41032740213523133,0.7473714543610402,0.010846421122550964,0.20732484757900238,0.19647842645645142,0.0551154762506485,False,0.41032740213523133,0.8361830123455477,0.016300976276397705,0.18281854689121246,0.16651757061481476,0.04966092109680176,False,0.5172669039145907,0.8893609207029601,0.8635373665480427,7,False,0.8183138398516914,0.8958439423215803,0.00010960000008708448,0.9819068971245425,0.03993965685367584,0.2552398145198822,0.21530015766620636,0.02602224051952362,False,0.1959217081850534,0.9210739237803942,0.0245702862739563,0.2316444218158722,0.2070741355419159,0.041391611099243164,False,0.28984341637010674,0.7473714543610402,0.010846421122550964,0.20732484757900238,0.19647842645645142,0.0551154762506485,False,0.41032740213523133,0.7473714543610402,0.010846421122550964,0.20732484757900238,0.19647842645645142,0.0551154762506485,False,0.41032740213523133,0.8361830123455477,0.016300976276397705,0.18281854689121246,0.16651757061481476,0.04966092109680176,False,0.5172669039145907,0.8680908556745947,0.8635373665480427,7,False,0.8183138398516914,0.9058457864284895,0.0742288000001281,False,0.9286365345488067,0.8634222818735198,6,0.7721138790035588,0.7279748941486152,0.9986091917938937,0.06576478481292725,0.0001971125602722168,False,0.12048398576512455,0.3327852785587311,0.26702049374580383,0.9828820852933836,0.04050363600254059,0.025458261370658875,False,0.3164056939501779,0.2518466114997864,0.2113429754972458,0.9828820852933836,0.04050363600254059,0.025458261370658875,False,0.3164056939501779,0.2518466114997864,0.2113429754972458,0.7473706103254192,0.010846376419067383,0.05511552095413208,False,0.41032740213523133,0.20732481777668,0.1964784413576126,0.8361821958736332,0.01630091667175293,0.04966098070144653,False,0.5172669039145907,0.18281850218772888,0.16651758551597595,False,0.9452435405100125,0.8261645094005539,8,0.908576512455516,0.46713303205163503,0.9986091917938937,0.06576478481292725,0.0001971125602722168,False,0.12048398576512455,0.3327852785587311,0.26702049374580383,0.9828820852933836,0.04050363600254059,0.025458261370658875,False,0.3164056939501779,0.2518466114997864,0.2113429754972458,0.9828820852933836,0.04050363600254059,0.025458261370658875,False,0.3164056939501779,0.2518466114997864,0.2113429754972458,0.8233972370475224,0.015395358204841614,0.05056653916835785,False,0.4233451957295374,0.23172852396965027,0.21633316576480865,0.8361821958736332,0.01630091667175293,0.04966098070144653,False,0.5172669039145907,0.18281850218772888,0.16651758551597595,0.9790832999997292,2.9802322387695312e-08,3.259629011154175e-09,-0.01660700596120579
1659358141,10622,A brown dog is panting hard on grass during a sunny day.,71660,A brown dog with white paws is trotting through a field of green grass.,3514194772,0.34034642577171326,0.32482388615608215,0.015522539615631104,0.8252390355375613,14,0.00025950000008378993,0.14977273614104938,-0.01736384630203247,0.31409698724746704,0.3314608335494995,0.032886385917663574,True,0.14196396396396396,0.17748052420749091,-0.015335112810134888,0.3139091432094574,0.3292442560195923,0.03085765242576599,True,0.2085945945945946,0.21127358115415992,-0.013172656297683716,0.30288073420524597,0.3160533905029297,0.02869519591331482,True,0.33846846846846845,0.4180627038915686,-0.0033073127269744873,0.30620720982551575,0.30951452255249023,0.01882985234260559,True,0.45228828828828826,0.43906655658745797,-0.002449512481689453,0.2876150608062744,0.29006457328796387,0.017972052097320557,True,0.553069069069069,0.38688348217859236,0.71209009009009,10,False,0.5778940892396666,0.3333432911656171,0.00011059999997087289,0.20462383626897626,-0.013576418161392212,0.3181709349155426,0.3317473530769348,0.029098957777023315,True,0.15661861861861862,0.16678994810716433,-0.016085505485534668,0.31859132647514343,0.3346768319606781,0.03160804510116577,True,0.22383783783783784,0.17013427842868573,-0.01584675908088684,0.3176794648170471,0.33352622389793396,0.031369298696517944,True,0.31563963963963965,0.22951054813388747,-0.012110769748687744,0.29811862111091614,0.3102293908596039,0.027633309364318848,True,0.46727927927927926,0.23409560188526887,-0.011853277683258057,0.3080173134803772,0.31987059116363525,0.02737581729888916,True,0.5612012012012012,0.21906495880118365,0.6131771771771771,8,False,0.17715272829676507,0.2862938224555261,0.1298145000000659,False,0.5234318197255997,0.43070964709455145,13,0.9327807807807807,0.46485777051720917,0.7993205023654508,0.013820528984069824,0.0017020106315612793,False,0.106996996996997,0.33267271518707275,0.31885218620300293,0.9101395024077584,0.0231533944606781,-0.007630854845046997,False,0.20091891891891892,0.332177996635437,0.3090246021747589,0.1657088905141915,-0.016163498163223267,0.03168603777885437,True,0.34664864864864864,0.28900039196014404,0.3051638901233673,0.2217350595131883,-0.012555837631225586,0.02807837724685669,True,0.4131351351351351,0.29585757851600647,0.30841341614723206,0.0990894038563391,-0.022073835134506226,0.03759637475013733,True,0.5294174174174174,0.2588405907154083,0.28091442584991455,False,0.39299827992371866,0.41814942464880306,10,0.7498678678678679,0.5783403884788914,0.34469524509016003,-0.006424397230148315,0.02194693684577942,True,0.17606006006006006,0.3109356462955475,0.3173600435256958,0.3239614388645374,-0.0073562562465667725,0.022878795862197876,True,0.21748948948948948,0.31340789794921875,0.3207641541957855,0.24071340993279178,-0.011487722396850586,0.02701026201248169,True,0.3838378378378378,0.30819451808929443,0.319682240486145,0.17399508443489303,-0.01557573676109314,0.031098276376724243,True,0.4419159159159159,0.2968125343322754,0.31238827109336853,0.5465058242019679,0.0018656253814697266,0.013656914234161377,False,0.5084024024024024,0.2806249260902405,0.27875930070877075,1.7166518000003634,2.9802322387695312e-08,2.6193447411060333e-09,0.13043353980188105
2205958052,19755,A boy is hanging out of the window of a yellow taxi.,113891,A man on a city street takes a picture while a taxi and bus drive by.,4789309483,0.31538739800453186,0.2891785800457001,0.026208817958831787,0.9321934649367587,11,0.00024489999987054034,0.6374367952681654,0.005642563104629517,0.27981147170066833,0.2741689085960388,0.02056625485420227,False,0.217184,0.6374367952681654,0.005642563104629517,0.27981147170066833,0.2741689085960388,0.02056625485420227,False,0.217184,0.8618174196962717,0.018304675817489624,0.27758729457855225,0.2592826187610626,0.007904142141342163,False,0.3814826666666667,0.7316761185516518,0.010031431913375854,0.26652196049690247,0.2564905285835266,0.016177386045455933,False,0.44104,0.7725317829764788,0.01222662627696991,0.2525452971458435,0.2403186708688736,0.013982191681861877,False,0.5195573333333333,0.6844653410688009,0.681968,8,False,0.527090205904539,0.7701119921069786,0.00010469999961060239,0.9314027493395264,0.02608439326286316,0.31471359729766846,0.2886292040348053,0.00012442469596862793,False,0.152096,0.9343972451847196,0.02656283974647522,0.31726130843162537,0.29069846868515015,-0.0003540217876434326,False,0.21165333333333333,0.6978590238727927,0.008371233940124512,0.2660297155380249,0.2576584815979004,0.017837584018707275,False,0.33685866666666664,0.7316761185516518,0.010031431913375854,0.26652196049690247,0.2564905285835266,0.016177386045455933,False,0.44104,0.42294797395599487,-0.003106832504272461,0.26689597964286804,0.2700028121471405,0.029315650463104248,True,0.5017173333333333,0.6269759533968282,0.5017173333333333,6,False,0.42294797395599487,0.8151254960166474,0.019102500000371947,False,0.7404408632521083,0.5461302542280093,11,1.0,0.9417428196079551,0.9320824267139636,0.026191264390945435,1.755356788635254e-05,False,0.21221333333333334,0.30947184562683105,0.2832805812358856,0.9320824267139636,0.026191264390945435,1.755356788635254e-05,False,0.21221333333333334,0.30947184562683105,0.2832805812358856,0.6978590238727927,0.008371233940124512,0.017837584018707275,False,0.33685866666666664,0.2660297155380249,0.2576584815979004,0.3169567696089791,-0.007677927613258362,0.03388674557209015,True,0.42504,0.23104067146778107,0.23871859908103943,0.4145026972756614,-0.0034538209438323975,0.029662638902664185,True,0.5035573333333333,0.21967335045337677,0.22312717139720917,False,0.9029666117915429,0.6362283766560357,11,1.0,0.9417428196079551,0.9523623040621821,0.029953211545944214,-0.0037443935871124268,False,0.16926933333333333,0.31044164299964905,0.28048843145370483,0.9109280334055904,0.023250192403793335,0.002958625555038452,False,0.22938666666666666,0.3030587136745453,0.27980852127075195,0.8618174196962717,0.018304675817489624,0.007904142141342163,False,0.3814826666666667,0.27758729457855225,0.2592826187610626,0.9773609714007666,0.03765180706977844,-0.011442989110946655,False,0.469664,0.2703092098236084,0.23265740275382996,0.5827516651662251,0.003340795636177063,0.022868022322654724,False,0.5292213333333333,0.24017396569252014,0.23683317005634308,1.4479080999999496,5.960464477539063e-08,3.725290298461914e-09,-0.16252574853943458
6489895665,140213,Two Formula-1 cars are racing side by side on a track.,143470,A racing car with man ads emblazoned on it rounds a corner on a racetrack with two cars close behind it.,6927762908,0.32307425141334534,0.29892000555992126,0.024154245853424072,0.9179959682766926,16,0.00025430000005144393,0.7497769117274931,0.010974228382110596,0.2804127633571625,0.2694385349750519,0.013180017471313477,False,0.12829787234042553,0.7732805957288174,0.012269288301467896,0.28125953674316406,0.26899024844169617,0.011884957551956177,False,0.2908936170212766,0.8169729868561161,0.014959722757339478,0.2723504304885864,0.25739070773124695,0.009194523096084595,False,0.3574224924012158,0.8240603931154996,0.015441030263900757,0.2576804459095001,0.24223941564559937,0.008713215589523315,False,0.4177568389057751,0.9345948162473182,0.026595115661621094,0.2419394850730896,0.2153443694114685,-0.0024408698081970215,False,0.5091246200607903,0.8458376626412745,0.5747173252279635,9,False,0.9468864756421387,0.8122837045836659,0.00011399999993955134,0.9384594426726826,0.027245432138442993,0.31099507212638855,0.28374963998794556,-0.003091186285018921,False,0.1310820668693009,0.9257413613238034,0.02523040771484375,0.30235618352890015,0.2771257758140564,-0.0010761618614196777,False,0.23558662613981762,0.9173380268017352,0.024067163467407227,0.2965288758277893,0.2724617123603821,8.70823860168457e-05,False,0.32885106382978724,0.48228323408290724,-0.0007089674472808838,0.26308414340019226,0.26379311084747314,0.024863213300704956,True,0.41641337386018235,0.5378909030798067,0.001518547534942627,0.26632416248321533,0.2648056149482727,0.022635698318481445,False,0.5561094224924013,0.6809172725901422,0.6055866261398176,10,False,0.5370618670765476,0.7868304237768284,0.04126499999983935,False,0.7496642711611481,0.788395348020375,16,1.0,0.8441218777776076,0.5256075724728357,0.0010251998901367188,0.023129045963287354,False,0.15623100303951368,0.27591803669929504,0.2748928368091583,0.6733069284605547,0.007231801748275757,0.016922444105148315,False,0.21019452887537993,0.27312493324279785,0.2658931314945221,0.6706069369778285,0.007109314203262329,0.017044931650161743,False,0.30412158054711247,0.27544403076171875,0.2683347165584564,0.8436027664134287,0.01685282588005066,0.007301419973373413,False,0.40108814589665653,0.28294143080711365,0.266088604927063,0.886878457615215,0.020592451095581055,0.0035617947578430176,False,0.5657933130699088,0.23702433705329895,0.2164318859577179,False,0.6979730323571068,0.7225288328119538,16,1.0,0.8441218777776076,0.5256075724728357,0.0010251998901367188,0.023129045963287354,False,0.15623100303951368,0.27591803669929504,0.2748928368091583,0.6186150156430185,0.004836738109588623,0.01931750774383545,False,0.25319756838905777,0.26430749893188477,0.25947076082229614,0.7647257282472071,0.011787652969360352,0.01236659288406372,False,0.38288753799392095,0.27958396077156067,0.2677963078022003,0.7742733481521832,0.01232600212097168,0.011828243732452393,False,0.4368510638297872,0.28849372267723083,0.27616772055625916,0.7512328360843655,0.011051982641220093,0.01310226321220398,False,0.5208145896656535,0.29407283663749695,0.28302085399627686,2.132257700000082,2.9802322387695312e-08,3.5070115700364113e-09,0.05169123880404125
562588230,133093,A girl plays in an inflatable pool.,148861,A child with shoulder-length brown hair is playing in water outdoors.,766061382,0.33334028720855713,0.3210695683956146,0.012270718812942505,0.773305674148825,14,0.00025569999979779823,0.839191653804178,0.016522258520126343,0.31845328211784363,0.3019310235977173,-0.004251539707183838,False,0.16019733333333333,0.8414931507277537,0.016693800687789917,0.3137792646884918,0.2970854640007019,-0.004423081874847412,False,0.24645866666666666,0.9848460415187776,0.0417422354221344,0.3220520317554474,0.280309796333313,-0.029471516609191895,False,0.35719466666666666,0.9892566762651825,0.04522669315338135,0.23955385386943817,0.19432716071605682,-0.03295597434043884,False,0.448672,0.9803043337649128,0.039074644446372986,0.20837509632110596,0.16930045187473297,-0.02680392563343048,False,0.5112213333333333,0.8672899565386276,0.6955413333333333,10,False,0.7580061386787987,0.8893581919267949,0.00011159999985466129,0.8766026447296064,0.019606441259384155,0.3438909351825714,0.32428449392318726,-0.00733572244644165,False,0.12613866666666668,0.8130079379813001,0.014696747064590454,0.32873252034187317,0.3140357732772827,-0.0024260282516479492,False,0.204224,0.673559263433512,0.0072432756423950195,0.3194634020328522,0.31222012639045715,0.005027443170547485,False,0.316608,0.6883065803800794,0.007922142744064331,0.3219603896141052,0.3140382468700409,0.004348576068878174,False,0.4020106666666667,0.7969543086849884,0.013673663139343262,0.31788161396980286,0.3042079508304596,-0.0014029443264007568,False,0.5592213333333333,0.7563126874799664,0.5592213333333333,8,False,0.7969543086849884,0.7661753831205064,0.07639719999951922,False,0.4338735014856311,0.34969470492955795,13,0.943808,0.9314889557584588,0.9375558799042334,0.02709004282951355,-0.014819324016571045,False,0.14466133333333334,0.3322085440158844,0.30511850118637085,0.4267500249905904,-0.0029512345790863037,0.015221953392028809,True,0.22478933333333334,0.3034183084964752,0.3063695430755615,0.1572859559154187,-0.016785621643066406,0.02905634045600891,True,0.3028746666666667,0.2838996946811676,0.300685316324234,0.05553462832330756,-0.028336122632026672,0.04060684144496918,True,0.4345333333333333,0.19523771107196808,0.22357383370399475,0.04604996619951853,-0.030308842658996582,0.04257956147193909,True,0.5041973333333334,0.2022038996219635,0.23251274228096008,False,0.4339988468061079,0.356648964432829,13,0.943808,0.9314889557584588,0.9375558799042334,0.02709004282951355,-0.014819324016571045,False,0.14466133333333334,0.3322085440158844,0.30511850118637085,0.22049398924084754,-0.012627899646759033,0.024898618459701538,True,0.2667733333333333,0.3060101866722107,0.3186380863189697,0.1572859559154187,-0.016785621643066406,0.02905634045600891,True,0.3028746666666667,0.2838996946811676,0.300685316324234,0.05553462832330756,-0.028336122632026672,0.04060684144496918,True,0.4345333333333333,0.19523771107196808,0.22357383370399475,0.04604996619951853,-0.030308842658996582,0.04257956147193909,True,0.5041973333333334,0.2022038996219635,0.23251274228096008,1.8932614000004833,5.960464477539063e-08,3.14321368932724e-09,-0.00012534532047681068
4871230195,119315,Three people sit at a table in front of an establishment displaying the words Bar Gleati Tabacchi.,120727,The picture shows several people eating at outdoor tables.,4896595765,0.3645707964897156,0.29722651839256287,0.06734427809715271,0.9988121571626631,14,0.00027309999995850376,0.7114698656781084,0.009025335311889648,0.29331278800964355,0.2842874526977539,0.05831894278526306,False,0.16612359550561798,0.2855051987440374,-0.009173154830932617,0.2656398415565491,0.2748129963874817,0.07651743292808533,True,0.2885224719101124,0.2104969266891795,-0.013219326734542847,0.26143017411231995,0.2746495008468628,0.08056360483169556,True,0.336061797752809,0.1123505028546273,-0.02066953480243683,0.23553670942783356,0.2562062442302704,0.08801381289958954,True,0.41942696629213483,0.05125398699433014,-0.02918347716331482,0.21567784249782562,0.24486131966114044,0.09652775526046753,True,0.5486460674157303,0.3637540776515982,0.8864325842696629,12,False,0.4233080601877113,0.4354186762479609,0.00011080000012952951,0.41730956902708227,-0.0033382773399353027,0.2833949029445648,0.2867331802845001,0.07068255543708801,True,0.21530898876404495,0.41730956902708227,-0.0033382773399353027,0.2833949029445648,0.2867331802845001,0.07068255543708801,True,0.21530898876404495,0.25244487164744317,-0.010856151580810547,0.24511530995368958,0.2559714615345001,0.07820042967796326,True,0.37188764044943823,0.3647756525653596,-0.00554695725440979,0.2567600607872009,0.2623070180416107,0.0728912353515625,True,0.43369101123595505,0.418467699240975,-0.0032906681299209595,0.24549350142478943,0.2487841695547104,0.07063494622707367,True,0.5137808988764045,0.42092632510315164,0.43369101123595505,5,False,0.3647756525653596,0.4969522671890361,0.11880780000046798,False,0.71346722354364,0.4374337864692246,13,0.9224775280898876,0.13863695905646467,0.7114704774612748,0.009025365114212036,0.058318912982940674,False,0.16612359550561798,0.29331281781196594,0.2842874526977539,0.8874357728507503,0.02064812183380127,0.04669615626335144,False,0.21176404494382023,0.2678433656692505,0.24719524383544922,0.5610072083423062,0.0024525076150894165,0.0648917704820633,False,0.3867247191011236,0.23368385434150696,0.23123134672641754,0.4481267614431726,-0.002082422375679016,0.06942670047283173,True,0.4413707865168539,0.22377155721187592,0.22585397958755493,0.4162052110079113,-0.0033837109804153442,0.07072798907756805,True,0.5050955056179776,0.20921160280704498,0.21259531378746033,False,0.6852760365970035,0.5058645713050817,14,1.0,0.5986717440308793,0.836247911392889,0.01630571484565735,0.05103856325149536,False,0.1385505617977528,0.30195778608322144,0.2856520712375641,0.5226082612682632,0.0009049475193023682,0.06643933057785034,False,0.2609494382022472,0.2788059413433075,0.2779009938240051,0.48304674465062275,-0.0006783902645111084,0.06802266836166382,True,0.34431460674157305,0.2666788697242737,0.2673572599887848,0.7323621740145777,0.010066404938697815,0.057277873158454895,False,0.41752808988764045,0.2192583680152893,0.2091919630765915,0.4787648430392387,-0.0008499175310134888,0.0681941956281662,True,0.5501797752808989,0.21491409838199615,0.21576401591300964,2.161096599999837,2.9802322387695312e-08,3.026798367500305e-09,0.02819118694663647
3350002347,64736,A little boy is running excitedly in a mountainous area.,46542,A child in a blue shirt jumping off a bench.,2898810636,0.3439943492412567,0.32188889384269714,0.02210545539855957,0.9011925148146502,11,0.00024369999982809532,0.9900258166910518,0.045977309346199036,0.27730506658554077,0.23132775723934174,-0.023871853947639465,False,0.19471471471471472,0.9693086440309695,0.03452602028846741,0.2822802662849426,0.24775424599647522,-0.012420564889907837,False,0.23880480480480482,0.9219359836168417,0.024689465761184692,0.2626194655895233,0.23792999982833862,-0.002584010362625122,False,0.3594294294294294,0.9240321031915465,0.024984359741210938,0.2643392086029053,0.23935484886169434,-0.002878904342651367,False,0.43556156156156156,0.9608326707148205,0.03199957311153412,0.24352037906646729,0.21152080595493317,-0.009894117712974548,False,0.5580720720720721,0.8995925692771323,0.6597177177177177,7,False,0.8240530474894012,0.9445188433570046,0.00010680000013962854,0.928801529984804,0.025684237480163574,0.34593915939331055,0.320254921913147,-0.003578782081604004,False,0.17777777777777778,0.9891109269679877,0.04509046673774719,0.3486868143081665,0.3035963475704193,-0.022985011339187622,False,0.2807147147147147,0.9895283684745865,0.04548558592796326,0.34236428141593933,0.2968786954879761,-0.023380130529403687,False,0.3248048048048048,0.9986629181879091,0.06615927815437317,0.3330318033695221,0.2668725252151489,-0.0440538227558136,False,0.4015735735735736,0.8857569043006476,0.020481139421463013,0.2522149682044983,0.23173382878303528,0.0016243159770965576,False,0.6831531531531532,0.9449031485585088,0.7559039039039039,8,False,0.9405924253894975,0.9465226249833958,0.06667580000066664,False,0.9243739609173939,0.9620612958545972,11,1.0,0.9791263119373536,0.9740387122086442,0.03624844551086426,-0.014142990112304688,False,0.13191591591591592,0.34871745109558105,0.3124690055847168,0.9062338250913081,0.022684931755065918,-0.0005794763565063477,False,0.32663063063063064,0.28201061487197876,0.25932568311691284,0.9062338250913081,0.022684931755065918,-0.0005794763565063477,False,0.32663063063063064,0.28201061487197876,0.25932568311691284,0.8528876228529934,0.017574310302734375,0.004531145095825195,False,0.4295675675675676,0.26303112506866455,0.24545681476593018,0.99027958301284,0.04623758792877197,-0.024132132530212402,False,0.5023183183183183,0.28310689330101013,0.23686930537223816,False,0.9457201045289397,0.9658737080165363,11,1.0,0.9791263119373536,0.9678019392636883,0.0340312123298645,-0.011925756931304932,False,0.12085885885885886,0.33794981241226196,0.30391860008239746,0.9967623267421098,0.057296574115753174,-0.035191118717193604,False,0.22379579579579578,0.3362771272659302,0.278980553150177,0.9852876939246052,0.04204249382019043,-0.01993703842163086,False,0.3116216216216216,0.34116435050964355,0.2991218566894531,0.8776651015286894,0.01970502734184265,0.002400428056716919,False,0.43224624624624625,0.3225138783454895,0.30280885100364685,0.9658280580258408,0.03341580927371979,-0.011310353875160217,False,0.626960960960961,0.23500299453735352,0.20158718526363373,1.4091165999998339,5.960464477539063e-08,3.4924596548080444e-09,-0.021346143611545854
3671851846,78254,A woman holding a white dog points at a brown dog in the grass.,148163,Woman with camera is throwing a Frisbee for her brown dog to catch.,756521713,0.31813880801200867,0.30066654086112976,0.017472267150878906,0.851602668162042,13,0.00028890000021419837,0.7453995083856918,0.010742247104644775,0.30848217010498047,0.2977399230003357,0.006730020046234131,False,0.1683903903903904,0.79060147291951,0.013285547494888306,0.3125699460506439,0.2992843985557556,0.004186719655990601,False,0.2502882882882883,0.9308400501560015,0.025996655225753784,0.30913057923316956,0.28313392400741577,-0.008524388074874878,False,0.33127327327327327,0.15549812533209828,-0.016921132802963257,0.27175384759902954,0.2886749804019928,0.03439339995384216,True,0.49663663663663665,0.07109644986188011,-0.0256996750831604,0.27125340700149536,0.29695308208465576,0.04317194223403931,True,0.567051051051051,0.5589762376375109,0.8038798798798799,10,False,0.798100380192631,0.6434359347521807,0.00011420000009820797,0.03400076747685885,-0.03346779942512512,0.3197251558303833,0.3531929552555084,0.05094006657600403,True,0.13486486486486488,0.04596990963967115,-0.03032708168029785,0.3179015815258026,0.34822866320610046,0.04779934883117676,True,0.2208168168168168,0.029355263416642647,-0.03498488664627075,0.30468320846557617,0.3396680951118469,0.05245715379714966,True,0.347033033033033,0.5514195481617864,0.0020640790462493896,0.3135538399219513,0.3114897608757019,0.015408188104629517,False,0.45363963963963966,0.6929294704161958,0.008138507604598999,0.2615491449832916,0.2534106373786926,0.009333759546279907,False,0.5346246246246247,0.366546360460701,0.45363963963963966,6,False,0.5514195481617864,0.27917316795645253,0.11678159999974014,False,0.5797086418193583,0.633787794317778,13,1.0,0.4223578280236771,0.22919449464766076,-0.012128651142120361,0.029600918292999268,True,0.1066066066066066,0.3257927894592285,0.3379214406013489,0.25502208252010405,-0.010720044374465942,0.02819231152534485,True,0.2433933933933934,0.31950974464416504,0.330229789018631,0.8732647454805817,0.019301384687423706,-0.0018291175365447998,False,0.3252912912912913,0.32320472598075867,0.30390334129333496,0.7673445609142828,0.011933773756027222,0.005538493394851685,False,0.47814414414414413,0.29501181840896606,0.28307804465293884,0.8507869295548167,0.017407864332199097,6.440281867980957e-05,False,0.542972972972973,0.290270060300827,0.27286219596862793,False,0.46092394658787467,0.6419024582255182,12,0.928042042042042,0.8988001432545888,0.004770894845287152,-0.053404390811920166,0.07087665796279907,True,0.10876876876876877,0.3021760582923889,0.3555804491043091,0.1629452365096916,-0.016364753246307373,0.03383702039718628,True,0.21537537537537538,0.31575271487236023,0.3321174681186676,0.8956260797690243,0.021495431661605835,-0.004023164510726929,False,0.37825825825825826,0.2986375689506531,0.27714213728904724,0.6005695557290804,0.004078388214111328,0.013393878936767578,False,0.4430870870870871,0.26762399077415466,0.26354560256004333,0.7191058815006446,0.00940030813217163,0.008071959018707275,False,0.5135015015015015,0.26756998896598816,0.25816968083381653,1.6739457000003313,5.960464477539063e-08,3.259629011154175e-09,0.11878469523148366
273603643,40273,A teenage girl holds a little boy near ivy covered walls.,70212,A young blond girl holds a smaller blond boy in her lap outdoors.,3478547247,0.3174394965171814,0.2973586320877075,0.020080864429473877,0.8816434916474025,14,0.0002523999996810744,0.9993273455816433,0.0730360597372055,0.25456398725509644,0.18152792751789093,-0.05295519530773163,False,0.18210864197530865,0.9992770143428323,0.07231397926807404,0.25362250208854675,0.18130852282047272,-0.05223311483860016,False,0.23424197530864196,0.9998176593124047,0.08609451353549957,0.2644897401332855,0.17839522659778595,-0.0660136491060257,False,0.34326913580246915,0.999950711345526,0.09917767345905304,0.2677135467529297,0.16853587329387665,-0.07909680902957916,False,0.41255802469135805,0.9993028744441192,0.07267847657203674,0.23324860632419586,0.16057012975215912,-0.052597612142562866,False,0.5339950617283951,0.994358288709517,0.6979851851851852,9,False,0.9987207264057446,0.9794432599091549,0.0001119000003200199,0.8767531140550918,0.01962035894393921,0.3045147955417633,0.2848944365978241,0.00046050548553466797,False,0.18720493827160495,0.8975851246352204,0.021706759929656982,0.28701305389404297,0.265306293964386,-0.0016258955001831055,False,0.2696049382716049,0.8404325081404662,0.01661449670791626,0.28186464309692383,0.26525014638900757,0.003466367721557617,False,0.3217382716049383,0.8795487187813951,0.019881635904312134,0.2815307676792145,0.26164913177490234,0.00019922852516174316,False,0.4667456790123457,0.9508669668520252,0.02962842583656311,0.2927378714084625,0.2631094455718994,-0.009547561407089233,False,0.5068,0.6804965970895795,0.7155654320987654,10,False,0.38595439516448315,0.8767962977534252,0.06909470000027795,False,0.8620223984426049,0.6637796209707919,14,1.0,0.413355690163794,0.9756572565138599,0.03690877556800842,-0.016827911138534546,False,0.18133333333333335,0.2976529002189636,0.2607441246509552,0.897584028785893,0.02170664072036743,-0.0016257762908935547,False,0.2696049382716049,0.2870129644870758,0.2653063237667084,0.8959124034585538,0.021526098251342773,-0.0014452338218688965,False,0.34532345679012344,0.27728089690208435,0.2557547986507416,0.6602035374642953,0.006642013788223267,0.01343885064125061,False,0.4543506172839506,0.27018746733665466,0.2635454535484314,0.5980446880187341,0.003973245620727539,0.016107618808746338,False,0.5064839506172839,0.26407390832901,0.26010066270828247,False,0.8169231579328685,0.6478480580464794,14,1.0,0.413355690163794,0.9756572565138599,0.03690877556800842,-0.016827911138534546,False,0.18133333333333335,0.2976529002189636,0.2607441246509552,0.897584028785893,0.02170664072036743,-0.0016257762908935547,False,0.2696049382716049,0.2870129644870758,0.2653063237667084,0.6058330625490793,0.004298299551010132,0.015782564878463745,False,0.3786320987654321,0.27924370765686035,0.2749454081058502,0.6602035374642953,0.006642013788223267,0.01343885064125061,False,0.4543506172839506,0.27018746733665466,0.2635454535484314,0.5980446880187341,0.003973245620727539,0.016107618808746338,False,0.5064839506172839,0.26407390832901,0.26010066270828247,2.369963299999654,2.9802322387695312e-08,2.7939677238464355e-09,0.04509924050973635
384806138,83576,A solitary woman uses a large primitive mortar and pestle to crush plant material as she stands in a stubble field.,42062,A young woman sweeping with a straw broom.,2778313163,0.34893691539764404,0.3358400762081146,0.013096839189529419,0.7874602592741644,14,0.000251500000103988,0.9912180846201785,0.04726240038871765,0.32106560468673706,0.2738032042980194,-0.03416556119918823,False,0.1577897897897898,0.9867532077237364,0.043106645345687866,0.3105927109718323,0.2674860656261444,-0.030009806156158447,False,0.22372972972972974,0.9727241052794694,0.03574097156524658,0.29556381702423096,0.2598228454589844,-0.022644132375717163,False,0.3600600600600601,0.976147629767672,0.03711730241775513,0.2994217872619629,0.26230448484420776,-0.024020463228225708,False,0.4261381381381381,0.9161086653624259,0.023906126618385315,0.2690964341163635,0.2451903074979782,-0.010809287428855896,False,0.563981981981982,0.7036474550132992,0.7901561561561562,11,False,0.37786510493675496,0.9466919100338397,0.00011489999997138511,0.6301498125205772,0.0053285956382751465,0.34096354246139526,0.3356349468231201,0.0077682435512542725,False,0.1281981981981982,0.496560866233786,-0.00013756752014160156,0.3405144214630127,0.3406519889831543,0.01323440670967102,True,0.2003183183183183,0.5648212490941245,0.0026075243949890137,0.3404909372329712,0.3378834128379822,0.010489314794540405,False,0.33816216216216216,0.7786072714874781,0.012575685977935791,0.36029088497161865,0.34771519899368286,0.0005211532115936279,False,0.40587387387387386,0.8091059950493572,0.014442116022109985,0.34702643752098083,0.33258432149887085,-0.0013452768325805664,False,0.530942942942943,0.5765851071680319,0.33816216216216216,5,False,0.5648212490941245,0.6581104723039753,0.06582139999954961,False,0.838377401168595,0.5985114418751142,14,1.0,0.9545664351214843,0.7313705875487245,0.010015875101089478,0.0030809640884399414,False,0.12633033033033034,0.32324469089508057,0.3132288157939911,0.9189075646670803,0.02427595853805542,-0.011179119348526001,False,0.21265465465465466,0.3530420660972595,0.3287661075592041,0.894364339271104,0.021361172199249268,-0.008264333009719849,False,0.36296696696696695,0.3465541899204254,0.32519301772117615,0.8251070452721848,0.015513390302658081,-0.002416551113128662,False,0.4306786786786787,0.3490910530090332,0.3335776627063751,0.835335392218472,0.0162392258644104,-0.0031423866748809814,False,0.5027987987987989,0.3391248285770416,0.3228856027126312,False,0.8124275358096483,0.7908459749155791,14,1.0,0.9545664351214843,0.885520558822186,0.020457804203033447,-0.007360965013504028,False,0.1564924924924925,0.35049980878829956,0.3300420045852661,0.7011222049674006,0.008526474237442017,0.004570364952087402,False,0.2186126126126126,0.34246188402175903,0.333935409784317,0.849065320118881,0.017272889614105225,-0.004176050424575806,False,0.34876276276276275,0.32983043789863586,0.31255754828453064,0.8312184213710276,0.015942871570587158,-0.0028460323810577393,False,0.4444324324324324,0.24575653672218323,0.22981366515159607,0.7850363511233835,0.012952610850334167,0.00014422833919525146,False,0.5307567567567567,0.21639902889728546,0.2034464180469513,1.8761565999993763,5.960464477539063e-08,3.346940502524376e-09,0.025949865358946722
314739483,56038,A man is walking past a large sign that says E.S.E. Electronics.,122729,A man is stooping in front of a billboard.,4932279873,0.42150458693504333,0.2951262891292572,0.12637829780578613,0.9999967531752117,12,0.0002725999997892359,0.9997357777387561,0.08238455653190613,0.38059201836586,0.29820746183395386,0.043993741273880005,False,0.1009910447761194,0.9618594939162697,0.03227591514587402,0.3265905976295471,0.2943146824836731,0.09410238265991211,False,0.2358089552238806,0.9265128919583333,0.02534317970275879,0.30954957008361816,0.2842063903808594,0.10103511810302734,False,0.32706865671641794,0.4042097589776477,-0.003879547119140625,0.26875853538513184,0.27263808250427246,0.13025784492492676,True,0.44094328358208956,0.9645468355235078,0.03303445875644684,0.24671900272369385,0.213684543967247,0.0933438390493393,False,0.5062626865671642,0.8821893198707168,0.6955820895522388,9,False,0.9500415636322055,0.8688053511970879,0.00010689999999158317,0.9997357777387561,0.08238455653190613,0.38059201836586,0.29820746183395386,0.043993741273880005,False,0.1009910447761194,0.9618594939162697,0.03227591514587402,0.3265905976295471,0.2943146824836731,0.09410238265991211,False,0.2358089552238806,0.9265128919583333,0.02534317970275879,0.30954957008361816,0.2842063903808594,0.10103511810302734,False,0.32706865671641794,0.22738417323803836,-0.012231409549713135,0.25025850534439087,0.262489914894104,0.13860970735549927,True,0.4804238805970149,0.4338233153718053,-0.0026626884937286377,0.25379273295402527,0.2564554214477539,0.12904098629951477,True,0.5943462686567165,0.49188689221156356,0.4804238805970149,5,False,0.22738417323803836,0.7495866293295325,0.020688200000222423,False,0.7407722967021381,0.6624426867899127,10,0.8961014925373134,0.7902116832399491,0.9997357777387561,0.08238455653190613,0.043993741273880005,False,0.1009910447761194,0.38059201836586,0.29820746183395386,0.9265128919583333,0.02534317970275879,0.10103511810302734,False,0.32706865671641794,0.30954957008361816,0.2842063903808594,0.9265128919583333,0.02534317970275879,0.10103511810302734,False,0.32706865671641794,0.30954957008361816,0.2842063903808594,0.22738417323803836,-0.012231409549713135,0.13860970735549927,True,0.4804238805970149,0.25025853514671326,0.2624899446964264,0.20301145331649986,-0.013675779104232788,0.14005407691001892,True,0.5780537313432835,0.24453076720237732,0.2582065463066101,False,0.7407722967021381,0.6624426867899127,10,0.8961014925373134,0.7902116832399491,0.9997357777387561,0.08238455653190613,0.043993741273880005,False,0.1009910447761194,0.38059201836586,0.29820746183395386,0.9265128919583333,0.02534317970275879,0.10103511810302734,False,0.32706865671641794,0.30954957008361816,0.2842063903808594,0.9265128919583333,0.02534317970275879,0.10103511810302734,False,0.32706865671641794,0.30954957008361816,0.2842063903808594,0.22738417323803836,-0.012231409549713135,0.13860970735549927,True,0.4804238805970149,0.25025853514671326,0.2624899446964264,0.20301145331649986,-0.013675779104232788,0.14005407691001892,True,0.5780537313432835,0.24453076720237732,0.2582065463066101,1.405376000000615,5.960464477539063e-08,2.7939677238464355e-09,0.0
5510073103,132098,"A boy in an over-sized chef hat and apron, cutting sausages in the kitchen.",11302,Young white male preparing food on the stove top.,17186135,0.3834546208381653,0.32099369168281555,0.06246092915534973,0.9980657372857777,13,0.00024549999989176285,0.9895856517249532,0.04554101824760437,0.37099558115005493,0.32545456290245056,0.01691991090774536,False,0.11703743315508021,0.9027082184033026,0.022276848554611206,0.355229914188385,0.3329530656337738,0.040184080600738525,False,0.24086096256684492,0.8891529940759988,0.020821183919906616,0.3559015095233917,0.3350803256034851,0.041639745235443115,False,0.3220160427807487,0.9234682739421097,0.024904310703277588,0.36106500029563904,0.33616068959236145,0.037556618452072144,False,0.41241176470588237,0.8766712937768318,0.019612789154052734,0.3589576482772827,0.33934485912323,0.042848140001297,False,0.5330320855614973,0.6934144989921827,0.9445133689839572,12,False,0.13267885135382218,0.931787607107663,0.00010779999956866959,0.9471149571189158,0.028852999210357666,0.35807526111602783,0.32922226190567017,0.033607929944992065,False,0.19172727272727272,0.9027082184033026,0.022276848554611206,0.355229914188385,0.3329530656337738,0.040184080600738525,False,0.24086096256684492,0.6918656480860208,0.008088558912277222,0.32830989360809326,0.32022133469581604,0.05437237024307251,False,0.32063101604278077,0.4240044576430477,-0.0030635595321655273,0.30213773250579834,0.30520129203796387,0.06552448868751526,True,0.411283422459893,0.198348231966173,-0.013966500759124756,0.29146867990493774,0.3054351806640625,0.07642742991447449,True,0.5936844919786096,0.4671390190985457,0.7289732620320856,10,False,0.16712258127457888,0.67856427756425,0.041244000000006054,False,0.6830049673409968,0.46275667239059715,13,1.0,0.19577168973771575,0.9922245945578541,0.04848983883857727,0.013971090316772461,False,0.10528877005347594,0.36044231057167053,0.31195247173309326,0.9523356609701832,0.029947340488433838,0.032513588666915894,False,0.22232620320855614,0.3415902853012085,0.31164294481277466,0.6102572828780481,0.004483938217163086,0.057976990938186646,False,0.35114973262032084,0.32391709089279175,0.31943315267562866,0.19923729536495774,-0.013910681009292603,0.07637161016464233,True,0.40028342245989307,0.30534031987190247,0.31925100088119507,0.13125118574583794,-0.01889941096305847,0.0813603401184082,True,0.5271978609625668,0.24350044131278992,0.2623998522758484,False,0.7632041161221186,0.48496936223117904,13,1.0,0.19577168973771575,0.9895856517249532,0.04554101824760437,0.01691991090774536,False,0.11703743315508021,0.37099558115005493,0.32545456290245056,0.9731216003593756,0.03589186072349548,0.026569068431854248,False,0.2535080213903743,0.3556801974773407,0.3197883367538452,0.8124391198641008,0.014659374952316284,0.04780155420303345,False,0.3441604278074866,0.3315610885620117,0.31690171360969543,0.3018074069576874,-0.008387058973312378,0.07084798812866211,True,0.43680213903743315,0.28909337520599365,0.29748043417930603,0.13125118574583794,-0.01889941096305847,0.0813603401184082,True,0.5271978609625668,0.24350044131278992,0.2623998522758484,1.8075150000004214,5.960464477539063e-08,2.7939677238464355e-09,-0.08019914878112178
3050114829,52345,A lone surfer surfing a large collapsing wave in the ocean.,144890,A surfer has just fallen off his surfboard and only his feet are visible above the water.,7052724381,0.30192822217941284,0.2965075373649597,0.005420684814453125,0.6322934679081075,14,0.0002567999999882886,0.604522106224291,0.004243433475494385,0.2968044877052307,0.29256105422973633,0.0011772513389587402,False,0.1505298013245033,0.5061642980447257,0.000246584415435791,0.28943097591400146,0.2891843914985657,0.005174100399017334,False,0.20933774834437086,0.8769648567285554,0.019639968872070312,0.25567835569381714,0.23603838682174683,-0.014219284057617188,False,0.37043708609271525,0.5068626713266233,0.00027452409267425537,0.2077089548110962,0.20743443071842194,0.00514616072177887,False,0.4309139072847682,0.518870431529319,0.0007551759481430054,0.20848241448402405,0.20772723853588104,0.00466550886631012,False,0.509271523178808,0.7795448670387021,0.37043708609271525,5,False,0.8769648567285554,0.6267574782064014,0.00010999999994965037,0.48051468399081587,-0.0007798075675964355,0.28831830620765686,0.2890981137752533,0.0062004923820495605,True,0.1363046357615894,0.42007824748099076,-0.0032245218753814697,0.2864850163459778,0.28970953822135925,0.008645206689834595,True,0.2179337748344371,0.5119417543643943,0.00047776103019714355,0.251027911901474,0.25055015087127686,0.0049429237842559814,False,0.3546225165562914,0.5072481620808793,0.0002899467945098877,0.25083720684051514,0.25054726004600525,0.005130738019943237,False,0.4329801324503311,0.5337948933830992,0.0013538599014282227,0.2625829577445984,0.26122909784317017,0.004066824913024902,False,0.5064635761589404,0.524699462014625,0.5064635761589404,7,False,0.5337948933830992,0.5024575522294751,0.07208059999993566,False,0.6080943361041671,0.5580375311643497,6,0.4309139072847682,0.50686341624431,0.7262946987031718,0.00975903868675232,-0.004338353872299194,False,0.13350993377483444,0.30896762013435364,0.2992085814476013,0.5357741970740936,0.0014334172010421753,0.00398726761341095,False,0.27394701986754966,0.24801255762577057,0.2465791404247284,0.6283608919243503,0.0052519142627716064,0.00016877055168151855,False,0.35341721854304636,0.24061794579029083,0.23536603152751923,0.50686341624431,0.00027455389499664307,0.005146130919456482,False,0.4309139072847682,0.20770899951457977,0.20743444561958313,0.50686341624431,0.00027455389499664307,0.005146130919456482,False,0.5052185430463576,0.20770899951457977,0.20743444561958313,False,0.5724157982664422,0.5501050372103837,6,0.4309139072847682,0.50686341624431,0.5997084879170853,0.004042506217956543,0.001378178596496582,False,0.11928476821192054,0.30234938859939575,0.2983068823814392,0.5357741970740936,0.0014334172010421753,0.00398726761341095,False,0.27394701986754966,0.24801255762577057,0.2465791404247284,0.6283608919243503,0.0052519142627716064,0.00016877055168151855,False,0.35341721854304636,0.24061794579029083,0.23536603152751923,0.50686341624431,0.00027455389499664307,0.005146130919456482,False,0.4309139072847682,0.20770899951457977,0.20743444561958313,0.50686341624431,0.00027455389499664307,0.005146130919456482,False,0.5052185430463576,0.20770899951457977,0.20743444561958313,0.6164827000002333,5.960464477539063e-08,2.0954757928848267e-09,0.0356785378377249
6474645169,140130,A basketball player from Penn State dribbles a ball while being surrounded by Lafayette players.,57330,A basketball player leaps with the ball while opponents try to block him.,3178300150,0.33645474910736084,0.28276491165161133,0.05368983745574951,0.9953627408613551,11,0.00024510000002919696,0.8230296574748072,0.015370100736618042,0.2943481206893921,0.27897801995277405,0.03831973671913147,False,0.10283734939759036,0.0345229959527438,-0.03330996632575989,0.24901729822158813,0.282327264547348,0.0869998037815094,True,0.2863072289156626,0.11926493501449288,-0.019994094967842102,0.24200166761875153,0.26199576258659363,0.07368393242359161,True,0.37489156626506026,0.03036241730141778,-0.03463716804981232,0.17410054802894592,0.20873771607875824,0.08832700550556183,True,0.4366144578313253,0.02609800454132713,-0.03619451820850372,0.1688147783279419,0.20500929653644562,0.08988435566425323,True,0.5219457831325302,0.26951530893510817,0.6029819277108434,7,False,0.15286564822643514,0.35636863622503046,0.00010629999997036066,0.8230296574748072,0.015370100736618042,0.2943481206893921,0.27897801995277405,0.03831973671913147,False,0.10283734939759036,0.0345229959527438,-0.03330996632575989,0.24901729822158813,0.282327264547348,0.0869998037815094,True,0.2863072289156626,0.03423140140181706,-0.03339780867099762,0.24897821247577667,0.2823760211467743,0.08708764612674713,True,0.34850602409638554,0.0024969323787855727,-0.059901922941207886,0.21673083305358887,0.27663275599479675,0.1135917603969574,True,0.47409036144578315,0.0013740366940116705,-0.06588627398014069,0.21207065880298615,0.27795693278312683,0.1195761114358902,True,0.559421686746988,0.2121751551653202,0.34850602409638554,4,False,0.03423140140181706,0.3159986499004584,0.06870719999915309,False,0.42548691060336685,0.2945483985630391,9,0.8524698795180723,0.19121942369720257,0.9922857898966164,0.04856947064399719,0.005120366811752319,False,0.1050722891566265,0.3390071392059326,0.2904376685619354,0.03452279728410755,-0.03331002593040466,0.08699986338615417,True,0.2863072289156626,0.24901723861694336,0.282327264547348,0.11926430892389529,-0.019994154572486877,0.07368399202823639,True,0.37489156626506026,0.24200157821178436,0.26199573278427124,0.01871778329239149,-0.039593860507011414,0.09328369796276093,True,0.5004759036144578,0.22283898293972015,0.26243284344673157,0.01871778329239149,-0.039593860507011414,0.09328369796276093,True,0.5004759036144578,0.22283898293972015,0.26243284344673157,False,0.3331657930213458,0.22767434841214695,9,0.8524698795180723,0.19121942369720257,0.9922857898966164,0.04856947064399719,0.005120366811752319,False,0.1050722891566265,0.3390071392059326,0.2904376685619354,0.19295448623947384,-0.01430925726890564,0.06799909472465515,True,0.20790963855421687,0.27706095576286316,0.2913702130317688,0.004580655878144016,-0.05381321907043457,0.10750305652618408,True,0.41189156626506024,0.2071201503276825,0.26093336939811707,0.004580655878144016,-0.05381321907043457,0.10750305652618408,True,0.41189156626506024,0.2071201503276825,0.26093336939811707,0.019260288083613474,-0.03930261731147766,0.09299245476722717,True,0.5621987951807229,0.1687527596950531,0.20805537700653076,1.3163067000004958,2.9802322387695312e-08,3.026798367500305e-09,0.09232111758202105
4475663002,97357,A woman wearing jeans and a blue shirt is standing next to a street post and is holding a white bag.,75690,A woman in a blue shirt is walking across the street of an older looking district.,3608661756,0.3466309905052185,0.320191890001297,0.02643910050392151,0.9336346461981437,11,0.00024389999998675194,0.24412374831033395,-0.011302024126052856,0.2666953206062317,0.27799734473228455,0.037741124629974365,True,0.20154354354354354,0.24412374831033395,-0.011302024126052856,0.2666953206062317,0.27799734473228455,0.037741124629974365,True,0.20154354354354354,0.165183415905139,-0.016201555728912354,0.27567848563194275,0.2918800413608551,0.04264065623283386,True,0.30774174174174174,0.16213268222998833,-0.016424447298049927,0.2580299973487854,0.2744544446468353,0.042863547801971436,True,0.43345345345345343,0.6269776800312018,0.0051927268505096436,0.20461878180503845,0.1994260549545288,0.021246373653411865,False,0.5357117117117117,0.6132647909323843,0.7935495495495496,9,False,0.908691274848515,0.37583442082663104,0.00010160000010728254,0.6822830129032044,0.007642835378646851,0.31912457942962646,0.3114817440509796,0.018796265125274658,False,0.1061981981981982,0.7947910687076328,0.013540506362915039,0.32090896368026733,0.3073684573173523,0.01289859414100647,False,0.2117897897897898,0.6863929139283919,0.007833093404769897,0.32346388697624207,0.31563079357147217,0.01860600709915161,False,0.36051051051051053,0.5141337103768411,0.0005654990673065186,0.3030427098274231,0.3024772107601166,0.02587360143661499,False,0.46524324324324323,0.39977508316926846,-0.004064023494720459,0.30457064509391785,0.3086346685886383,0.030503123998641968,True,0.5464264264264265,0.4331343684953353,0.8062162162162162,8,False,0.11374298596552165,0.684250723741816,0.12337560000014491,False,0.7320853183661389,0.5719037618502423,9,0.8507387387387387,0.40934089321333705,0.5489970857159598,0.0019661933183670044,0.024472907185554504,False,0.15902102102102103,0.2500845491886139,0.2481183558702469,0.9433372370309222,0.02812306582927704,-0.0016839653253555298,False,0.2612792792792793,0.2670711576938629,0.23894809186458588,0.6218384947627157,0.00497359037399292,0.02146551012992859,False,0.41,0.22462105751037598,0.21964746713638306,0.6218384947627157,0.00497359037399292,0.02146551012992859,False,0.41,0.22462105751037598,0.21964746713638306,0.6449942488392933,0.005971074104309082,0.020468026399612427,False,0.5155915915915916,0.22980695962905884,0.22383588552474976,False,0.8068511262278006,0.630879977929485,11,1.0,0.26928511379439307,0.5489970857159598,0.0019661933183670044,0.024472907185554504,False,0.15902102102102103,0.2500845491886139,0.2481183558702469,0.9433372370309222,0.02812306582927704,-0.0016839653253555298,False,0.2612792792792793,0.2670711576938629,0.23894809186458588,0.9755945366489436,0.03688240051269531,-0.010443300008773804,False,0.3668708708708709,0.27933770418167114,0.24245530366897583,0.6449942488392933,0.005971074104309082,0.020468026399612427,False,0.5155915915915916,0.22980695962905884,0.22383588552474976,0.6449942488392933,0.005971074104309082,0.020468026399612427,False,0.5155915915915916,0.22980695962905884,0.22383588552474976,1.3028636999997616,2.9802322387695312e-08,3.230525180697441e-09,-0.07476580786166176
139245992,6421,An elderly man tossing a red rubber ball on the beach.,80246,"A man in a green t-shirt walks down a beach, carrying his tennis shoes.",3721102409,0.38799619674682617,0.2994382977485657,0.0885578989982605,0.9998574663496942,14,0.00025899999991452205,0.9921036275243492,0.04833424091339111,0.3303639888763428,0.28202974796295166,0.040223658084869385,False,0.139355421686747,0.9995198925572005,0.0764102041721344,0.334856241941452,0.2584460377693176,0.012147694826126099,False,0.2170301204819277,0.9998400039773168,0.08740201592445374,0.3188968002796173,0.23149478435516357,0.0011558830738067627,False,0.30153012048192773,0.846831147999784,0.01709960401058197,0.21510230004787445,0.19800269603729248,0.07145829498767853,False,0.44769879518072286,0.8475535822584578,0.01715540885925293,0.21510855853557587,0.19795314967632294,0.07140249013900757,False,0.5137710843373494,0.9148068298161179,0.5893855421686747,8,False,0.8646927952552812,0.9567613176503423,0.00011899999981324072,0.9847502953155656,0.041678279638290405,0.32131412625312805,0.27963584661483765,0.04687961935997009,False,0.12614457831325301,0.9230379109753455,0.024843573570251465,0.26768743991851807,0.2428438663482666,0.06371432542800903,False,0.20589156626506025,0.7014849172726494,0.008543789386749268,0.23824410140514374,0.22970031201839447,0.08001410961151123,False,0.35796385542168674,0.7487206403234822,0.010918006300926208,0.2363821566104889,0.22546415030956268,0.07763989269733429,False,0.4309277108433735,0.5929035562599474,0.003759816288948059,0.22837285697460175,0.2246130406856537,0.08479808270931244,False,0.5640903614457832,0.5819323023063803,0.6376867469879518,9,False,0.23860307243903853,0.8278811908474196,0.06277919999956794,False,0.8105859926494584,0.6931128749753139,11,0.7813313253012049,0.4962498205815048,0.9847502058061106,0.04167822003364563,0.04687967896461487,False,0.12614457831325301,0.32131415605545044,0.2796359360218048,0.9230376992625814,0.024843543767929077,0.06371435523033142,False,0.20589156626506025,0.2676874101161957,0.2428438663482666,0.7666609744902775,0.011895522475242615,0.07666237652301788,False,0.33381927710843373,0.23960763216018677,0.22771210968494415,0.6926500660814752,0.00812537968158722,0.08043251931667328,False,0.4114939759036145,0.21619385480880737,0.20806847512722015,0.5232108629929274,0.0009291023015975952,0.0876287966966629,False,0.5716084337349397,0.19073797762393951,0.18980887532234192,False,0.8292449630718426,0.7289060808828695,8,0.5505240963855421,0.6095138207985098,0.9847502058061106,0.04167822003364563,0.04687967896461487,False,0.12614457831325301,0.32131415605545044,0.2796359360218048,0.9230376992625814,0.024843543767929077,0.06371435523033142,False,0.20589156626506025,0.2676874101161957,0.2428438663482666,0.7666609744902775,0.011895522475242615,0.07666237652301788,False,0.33381927710843373,0.23960763216018677,0.22771210968494415,0.6926500660814752,0.00812537968158722,0.08043251931667328,False,0.4114939759036145,0.21619385480880737,0.20806847512722015,0.6095138207985098,0.004452690482139587,0.08410520851612091,False,0.5505240963855421,0.2154776006937027,0.2110249102115631,1.4674411999994845,5.960464477539063e-08,3.4779077395796776e-09,-0.01865897042238418
2367139509,25801,A brown and black dog running on a trail in the woods.,112097,A black and a brown dog are running toward the camera.,475816542,0.33838391304016113,0.32605060935020447,0.012333303689956665,0.7744009351326762,12,0.00024970000004032045,0.23087306284873518,-0.01203387975692749,0.26860204339027405,0.28063592314720154,0.024367183446884155,True,0.16346666666666668,0.5067222538021594,0.0002689063549041748,0.2647295594215393,0.26446065306663513,0.01206439733505249,False,0.28930133333333335,0.5784857352335568,0.003165602684020996,0.24077676236629486,0.23761115968227386,0.009167701005935669,False,0.37715733333333334,0.6516399404040129,0.006262555718421936,0.22693398594856262,0.22067143023014069,0.006070747971534729,False,0.4545226666666667,0.3594314282347717,-0.005778327584266663,0.1953747421503067,0.20115306973457336,0.018111631274223328,True,0.52512,0.32648975279024817,0.7011573333333333,8,False,0.12579034258530858,0.4942050472275391,0.0001038999998854706,0.17020834761342662,-0.015841513872146606,0.3191397786140442,0.3349812924861908,0.02817481756210327,True,0.15030933333333332,0.059875577543236046,-0.027537435293197632,0.31701263785362244,0.34455007314682007,0.0398707389831543,True,0.276144,0.16591128908537028,-0.016148865222930908,0.31685036420822144,0.33299922943115234,0.028482168912887573,True,0.34674133333333335,0.2596388126736089,-0.010478466749191284,0.3130618631839752,0.3235403299331665,0.02281177043914795,True,0.46249066666666666,0.13646603549509279,-0.0184495747089386,0.29995664954185486,0.31840622425079346,0.030782878398895264,True,0.555376,0.2659481955183084,0.6623146666666667,7,False,0.35622341216241454,0.2457124071789145,0.022874899999806075,False,0.3322684817761433,0.2881895064309868,12,1.0,0.2257185785038827,0.23182700119097477,-0.011980235576629639,0.024313539266586304,True,0.10693866666666667,0.31695228815078735,0.328932523727417,0.26083619863668434,-0.010416269302368164,0.02274957299232483,True,0.237824,0.3084816336631775,0.31889790296554565,0.3504544590644663,-0.006170421838760376,0.01850372552871704,True,0.30027733333333334,0.31873807311058044,0.3249084949493408,0.3218424839588162,-0.007453173398971558,0.019786477088928223,True,0.4662773333333333,0.30201271176338196,0.3094658851623535,0.24727586558183637,-0.01113194227218628,0.023465245962142944,True,0.592112,0.2987837791442871,0.3099157214164734,False,0.3796192235424576,0.260637560303915,12,1.0,0.2257185785038827,0.2206702473881926,-0.012617647647857666,0.02495095133781433,True,0.177536,0.3146573603153229,0.32727500796318054,0.32802128093687466,-0.0071714818477630615,0.019504785537719727,True,0.22778666666666667,0.31063583493232727,0.31780731678009033,0.40160718631573045,-0.003987729549407959,0.016321033239364624,True,0.350528,0.3160112202167511,0.31999894976615906,0.3435725836537721,-0.006474137306213379,0.018807440996170044,True,0.438384,0.3128857910633087,0.3193599283695221,0.20571441964654705,-0.013509541749954224,0.02584284543991089,True,0.5642186666666666,0.3039521276950836,0.31746166944503784,1.6479750000007698,2.9802322387695312e-08,3.14321368932724e-09,-0.047350741766314264
3928395936,85186,Young female tennis player in a red shirt hitting the ball.,147541,A woman in a blue shirt and white shorts playing tennis.,7468663062,0.35823410749435425,0.3289576768875122,0.02927643060684204,0.9491961370421562,13,0.00025229999982911977,0.34020039512011646,-0.006624013185501099,0.28962311148643494,0.29624712467193604,0.03590044379234314,True,0.17893693693693694,0.1320668547519056,-0.01882806420326233,0.24079260230064392,0.25962066650390625,0.04810449481010437,True,0.27323723723723725,0.12418172624081937,-0.019534125924110413,0.2377265840768814,0.2572607100009918,0.048810556530952454,True,0.3541621621621622,0.10225649750822642,-0.021724000573158264,0.23377741873264313,0.2555014193058014,0.051000431180000305,True,0.43463663663663665,0.20683179332782833,-0.013441294431686401,0.22471818327903748,0.23815947771072388,0.04271772503852844,True,0.5108768768768769,0.28510657665696987,0.8557477477477478,11,False,0.36921383520175527,0.3305884299334215,0.00010800000018207356,0.28490250144353785,-0.009202718734741211,0.30948275327682495,0.31868547201156616,0.03847914934158325,True,0.1173033033033033,0.2970499636785064,-0.00861385464668274,0.31030020117759705,0.3189140558242798,0.03789028525352478,True,0.2355975975975976,0.34302097373062634,-0.006498605012893677,0.3033357858657837,0.30983439087867737,0.03577503561973572,True,0.3755195195195195,0.27121114381913597,-0.009884864091873169,0.28818002343177795,0.2980648875236511,0.03916129469871521,True,0.518078078078078,0.27121114381913597,-0.009884864091873169,0.28818002343177795,0.2980648875236511,0.03916129469871521,True,0.518078078078078,0.3057121056281491,0.2992792792792793,5,False,0.2970499636785064,0.3770951914693345,0.07468869999956951,False,0.40254026915307783,0.4835004499162793,10,0.8016456456456457,0.6359505108895882,0.31551810482258663,-0.007744461297988892,0.03702089190483093,True,0.12478678678678679,0.3030639886856079,0.3108084499835968,0.35471714720867203,-0.005983680486679077,0.03526011109352112,True,0.20273273273273273,0.30719438195228577,0.31317806243896484,0.21909673799365723,-0.012709379196166992,0.04198580980300903,True,0.4197777777777778,0.27725502848625183,0.2899644076824188,0.21909673799365723,-0.012709379196166992,0.04198580980300903,True,0.4197777777777778,0.27725502848625183,0.2899644076824188,0.6215055490103479,0.004959434270858765,0.024316996335983276,False,0.514078078078078,0.20478081703186035,0.1998213827610016,False,0.37470635694479276,0.3084934433130887,10,0.7657777777777778,0.3376089988861511,0.31551810482258663,-0.007744461297988892,0.03702089190483093,True,0.12478678678678679,0.3030639886856079,0.3108084499835968,0.35471714720867203,-0.005983680486679077,0.03526011109352112,True,0.20273273273273273,0.30719438195228577,0.31317806243896484,0.3027401655861801,-0.008342832326889038,0.03761926293373108,True,0.35814414414414414,0.2896583080291748,0.29800114035606384,0.2875687536208317,-0.009072214365005493,0.038348644971847534,True,0.4386186186186186,0.2848619222640991,0.2939341366291046,0.24413309731529254,-0.011301517486572266,0.04057794809341431,True,0.5811771771771772,0.2323271930217743,0.24362871050834656,1.4796897000005629,5.960464477539063e-08,3.434251993894577e-09,0.027833912208285072
1801663973,12145,A large woman with long pink hair dressed in black is laying on a tree trunk talking to a man who is crouched down next to her.,119786,A man hangs upside down in a busy park as three people are clearly seen looking at him.,4881733837,0.3830885589122772,0.33286339044570923,0.05022516846656799,0.993455191677506,13,0.00026249999973515514,0.6385786778716974,0.005692005157470703,0.2864415645599365,0.2807495594024658,0.04453316330909729,False,0.18013333333333334,0.5581063600941893,0.002334803342819214,0.28203070163726807,0.27969589829444885,0.04789036512374878,False,0.24064,0.7453808436059449,0.010741263628005981,0.2814742624759674,0.2707329988479614,0.03948390483856201,False,0.360304,0.8331280308926703,0.016079604625701904,0.28226029872894287,0.26618069410324097,0.03414556384086609,False,0.405968,0.96770088514707,0.03399883210659027,0.27636197209358215,0.24236313998699188,0.016226336359977722,False,0.5064853333333333,0.5157636921173764,0.9585973333333333,12,False,0.0835083720939737,0.7655376326960457,0.00011450000010881922,0.6385786778716974,0.005692005157470703,0.2864415645599365,0.2807495594024658,0.04453316330909729,False,0.18013333333333334,0.44012818730650555,-0.0024064183235168457,0.2783903181552887,0.28079673647880554,0.05263158679008484,True,0.280224,0.2463091655823128,-0.011183947324752808,0.27291354537010193,0.28409749269485474,0.0614091157913208,True,0.3407306666666667,0.0971701394032924,-0.022290706634521484,0.2688656151294708,0.2911563217639923,0.07251587510108948,True,0.43448,0.1357906855309714,-0.018507003784179688,0.26880979537963867,0.28731679916381836,0.06873217225074768,True,0.5333546666666666,0.2318485762208893,0.480144,6,False,0.08462637395593968,0.4675323357457732,0.07086619999972754,False,0.8051632802575012,0.5562295403179204,13,1.0,0.2777278200288931,0.9871820051387724,0.043440043926239014,0.0067851245403289795,False,0.10009066666666666,0.3598092198371887,0.3163691759109497,0.9927341376726369,0.04917275905609131,0.0010524094104766846,False,0.21922666666666665,0.3393508195877075,0.2901780605316162,0.9969880425112729,0.058021485805511475,-0.0077963173389434814,False,0.319744,0.33043503761291504,0.27241355180740356,0.45233850010039117,-0.0019122660160064697,0.05213743448257446,True,0.43621866666666664,0.2654954195022583,0.26740768551826477,0.17201874632040595,-0.015713870525360107,0.0659390389919281,True,0.538128,0.25083526968955994,0.26654914021492004,False,0.28740450008632096,0.18890757452024937,13,1.0,0.2777278200288931,0.4040461312678806,-0.0038863420486450195,0.05411151051521301,True,0.1024,0.30118829011917114,0.30507463216781616,0.15157513951669602,-0.017223000526428223,0.06744816899299622,True,0.25570133333333334,0.2852357029914856,0.3024587035179138,0.16656434976225826,-0.016101747751235962,0.06632691621780396,True,0.31117866666666666,0.2951323688030243,0.31123411655426025,0.137558415577657,-0.018357187509536743,0.06858235597610474,True,0.43084266666666665,0.272582083940506,0.2909392714500427,0.02009855684549092,-0.03886803984642029,0.08909320831298828,True,0.5139573333333334,0.24921506643295288,0.28808310627937317,2.2148977999995623,0.0,3.725290298461914e-09,0.5177587801711803
319750026,58280,"Several older men, some in traditional headdress convene on a street corner.",18240,A man in a brown jacket holding a red bag is speaking to another man with a white beard and green cap.,2152057198,0.35869625210762024,0.31896740198135376,0.03972885012626648,0.9815285537714084,13,0.0002602999998089217,0.8329983056391443,0.016070276498794556,0.30037549138069153,0.284305214881897,0.023658573627471924,False,0.10311976047904192,0.8066112175077236,0.014281392097473145,0.282897412776947,0.2686160206794739,0.025447458028793335,False,0.25399401197604793,0.8964966581307311,0.02158890664577484,0.27069252729415894,0.2491036206483841,0.018139943480491638,False,0.34250299401197604,0.5500122353636905,0.002007201313972473,0.24445810914039612,0.24245090782642365,0.037721648812294006,False,0.40731736526946105,0.1847307479242688,-0.014846190810203552,0.21803098917007446,0.23287717998027802,0.05457504093647003,True,0.5601916167664671,0.45680701273381247,1.0,13,False,0.2326001103064456,0.7062821036827368,0.00011170000016136328,0.843921782087567,0.016877025365829468,0.33914270997047424,0.3222656846046448,0.02285182476043701,False,0.11677245508982036,0.8776609416658508,0.01970463991165161,0.3042736351490021,0.28456899523735046,0.020024210214614868,False,0.2769760479041916,0.6165108058453427,0.004747644066810608,0.2504405975341797,0.24569295346736908,0.03498120605945587,False,0.38009580838323354,0.5755900809349388,0.003046959638595581,0.25597304105758667,0.2529260814189911,0.0366818904876709,False,0.4330299401197605,0.4755191012911413,-0.0009800195693969727,0.24973845481872559,0.25071847438812256,0.04070886969566345,True,0.5125748502994012,0.4937952610842787,0.8799281437125749,11,False,0.09982491484880675,0.7703829969077336,0.11900939999941329,False,0.6460698655967642,0.5278520198595487,12,0.947065868263473,0.10953878191959456,0.8329983056391443,0.016070276498794556,0.023658573627471924,False,0.10311976047904192,0.30037549138069153,0.284305214881897,0.4786016000506466,-0.0008564591407775879,0.04058530926704407,True,0.2412634730538922,0.2594926953315735,0.2603491544723511,0.5906216369681055,0.003665357828140259,0.03606349229812622,False,0.3921377245508982,0.2519650161266327,0.24829965829849243,0.55116741995185,0.002053886651992798,0.03767496347427368,False,0.46321556886227544,0.22072863578796387,0.21867474913597107,0.6036632229724489,0.004207521677017212,0.03552132844924927,False,0.5523413173652695,0.2043921798467636,0.2001846581697464,False,0.6908381360455882,0.45095277794299293,13,1.0,0.2326001103064456,0.8329983056391443,0.016070276498794556,0.023658573627471924,False,0.10311976047904192,0.30037549138069153,0.284305214881897,0.8066107526221793,0.014281362295150757,0.025447487831115723,False,0.25399401197604793,0.28289735317230225,0.2686159908771515,0.5631327418494088,0.0025388598442077637,0.037189990282058716,False,0.32732335329341317,0.272600919008255,0.27006205916404724,0.43832205861552304,-0.00247974693775177,0.04220859706401825,True,0.4812634730538922,0.20671996474266052,0.2091997116804123,0.6036632229724489,0.004207521677017212,0.03552132844924927,False,0.5523413173652695,0.2043921798467636,0.2001846581697464,1.9794896999992488,0.0,3.725290298461914e-09,-0.04476827044882403
2537755800,32745,Two men wearing helmets and orange suits are having a conversation at a construction site.,32430,A man in an orange vest and yellow hard hat looks on as a yellow vehicle lays track.,2536772737,0.3211118280887604,0.2886696755886078,0.03244215250015259,0.9624646885617971,14,0.0002540000000408327,0.9831022845625998,0.04063534736633301,0.3141860365867615,0.27355068922042847,-0.00819319486618042,False,0.1485568862275449,0.9471664331572411,0.02886328101158142,0.30745553970336914,0.2785922586917877,0.003578871488571167,False,0.2487425149700599,0.916962792211684,0.024017781019210815,0.313323438167572,0.2893056571483612,0.008424371480941772,False,0.3030119760479042,0.9972436455432132,0.05891086161136627,0.29907846450805664,0.24016760289669037,-0.026468709111213684,False,0.4126107784431138,0.9971932244805506,0.058729082345962524,0.25853997468948364,0.19981089234352112,-0.026286929845809937,False,0.5427005988023952,0.9762179987116703,0.6130179640718563,8,False,0.9943813624370637,0.969990188530561,0.00011479999966468313,0.97124942311521,0.035199254751205444,0.33140552043914795,0.2962062656879425,-0.0027571022510528564,False,0.10959880239520958,0.9838039411261575,0.04106658697128296,0.3353661298751831,0.29429954290390015,-0.008624434471130371,False,0.2039940119760479,0.9834501258006004,0.04084688425064087,0.3287237882614136,0.2878769040107727,-0.008404731750488281,False,0.3275329341317365,0.9849292563213436,0.041798144578933716,0.3282027840614319,0.28640463948249817,-0.009355992078781128,False,0.4159520958083832,0.9862248146498719,0.04271015524864197,0.3185478150844574,0.27583765983581543,-0.01026800274848938,False,0.5472754491017964,0.9820723071721801,0.4159520958083832,6,False,0.9849292563213436,0.979775256641903,0.12197519999972428,False,0.8643183614778246,0.9387161509312696,14,1.0,0.9931720347022587,0.9373031095580064,0.027046948671340942,0.0053952038288116455,False,0.1148562874251497,0.3138396739959717,0.28679272532463074,0.9295760792976926,0.02580195665359497,0.006640195846557617,False,0.20177844311377247,0.2955099642276764,0.2697080075740814,0.5468581189849819,0.0018798410892486572,0.03056231141090393,False,0.3201137724550898,0.2583412528038025,0.25646141171455383,0.9681692346916504,0.034149736166000366,-0.0017075836658477783,False,0.4330299401197605,0.26151153445243835,0.227361798286438,0.9829805108778877,0.04056230187416077,-0.008120149374008179,False,0.5332155688622755,0.25717049837112427,0.2166081964969635,False,0.9764214733031635,0.9850176953956058,13,0.9296826347305389,0.9782676199113546,0.9721697909569836,0.0355340838432312,-0.0030919313430786133,False,0.1172874251497006,0.3203596770763397,0.2848255932331085,0.9789692590072558,0.038405150175094604,-0.005962997674942017,False,0.23020359281437125,0.3239048719406128,0.2854997217655182,0.9619037487925756,0.03228798508644104,0.00015416741371154785,False,0.3303892215568862,0.29558053612709045,0.2632925510406494,0.9976137375597481,0.06035637855529785,-0.027914226055145264,False,0.45068263473053893,0.2995728552341461,0.23921647667884827,0.9994304954584879,0.07470174133777618,-0.042259588837623596,False,0.512317365269461,0.29296979308128357,0.21826805174350739,1.8910917000002883,5.960464477539063e-08,5.238689482212067e-09,-0.11210311182533894
2661138991,37536,A man in army fatigues is reading something while laying on the floor.,52451,A uniformed soldier is kneeling on the ground looking at a metal object.,3051972592,0.36428290605545044,0.33049246668815613,0.03379043936729431,0.9670431484005221,12,0.0002602999998089217,0.942196597022877,0.027911663055419922,0.34871387481689453,0.3208022117614746,0.00587877631187439,False,0.11732930513595166,0.9367553401574927,0.02695411443710327,0.33726149797439575,0.3103073835372925,0.00683632493019104,False,0.20033836858006043,0.9153976326997453,0.023813962936401367,0.3259550929069519,0.30214112997055054,0.009976476430892944,False,0.33338368580060423,0.5984866330647356,0.003991633653640747,0.2705569863319397,0.26656535267829895,0.029798805713653564,False,0.5061812688821752,0.5984866330647356,0.003991633653640747,0.2705569863319397,0.26656535267829895,0.029798805713653564,False,0.5061812688821752,0.5964148933354575,0.8523323262839879,10,False,0.17773844279669107,0.877151812823294,0.00010689999999158317,0.942196597022877,0.027911663055419922,0.34871387481689453,0.3208022117614746,0.00587877631187439,False,0.11732930513595166,0.9715977974395362,0.03532475233078003,0.3506816029548645,0.3153568506240845,-0.0015343129634857178,False,0.21662235649546827,0.9628201855819067,0.03254100680351257,0.3408508002758026,0.30830979347229004,0.0012494325637817383,False,0.3430392749244713,0.9805175086504234,0.03918564319610596,0.32657390832901,0.28738826513290405,-0.0053952038288116455,False,0.4321389728096677,0.6649633857366156,0.006854921579360962,0.2947847247123718,0.28792980313301086,0.02693551778793335,False,0.6271480362537765,0.9722201553328713,0.4321389728096677,6,False,0.9805175086504234,0.9189328843284434,0.020229599999765924,False,0.9405116460076259,0.745429025524374,11,0.9366042296072508,0.2983656389722004,0.9891568922335228,0.045133233070373535,-0.011342793703079224,False,0.13092447129909365,0.33723345398902893,0.2921002209186554,0.9921104886418651,0.048343002796173096,-0.014552563428878784,False,0.2639697885196375,0.32621487975120544,0.27787187695503235,0.953086469707167,0.03011399507522583,0.0036764442920684814,False,0.395583081570997,0.2937997877597809,0.26368579268455505,0.9237200136437205,0.02493998408317566,0.008850455284118652,False,0.4389909365558912,0.29459208250045776,0.2696520984172821,0.6893178201203745,0.007969319820404053,0.02582111954689026,False,0.5563202416918429,0.2804408073425293,0.27247148752212524,False,0.8909934780355416,0.7200722032337953,12,1.0,0.967366633492769,0.9951207220090947,0.05317866802215576,-0.01938822865486145,False,0.13330513595166163,0.34716182947158813,0.2939831614494324,0.849468192017991,0.01730436086654663,0.01648607850074768,False,0.26491842900302115,0.33923959732055664,0.32193523645401,0.8812582653510415,0.020043998956680298,0.013746440410614014,False,0.36421148036253775,0.33461666107177734,0.31457266211509705,0.856975744307207,0.017903953790664673,0.01588648557662964,False,0.44722054380664655,0.3186546564102173,0.3007507026195526,0.7046436410836288,0.008695095777511597,0.025095343589782715,False,0.55402416918429,0.3172835111618042,0.3085884153842926,1.4535584000004746,2.9802322387695312e-08,4.423782229423523e-09,0.049518167972084304
4814603619,115535,"Four men in green, red, gray, and white shirts standing near a blue handrail smiling for a picture.",56095,Three boys wearing green shirts and tan pants pose at the top of a slide.,3148193539,0.3256280720233917,0.32306987047195435,0.002558201551437378,0.563608517177537,7,0.00022380000018529245,0.28752601568380987,-0.009074300527572632,0.2745940685272217,0.2836683690547943,0.01163250207901001,True,0.18947904191616766,0.045000677418924155,-0.030550330877304077,0.2535499036312103,0.2841002345085144,0.033108532428741455,True,0.40005389221556886,0.045000677418924155,-0.030550330877304077,0.2535499036312103,0.2841002345085144,0.033108532428741455,True,0.40005389221556886,0.045000677418924155,-0.030550330877304077,0.2535499036312103,0.2841002345085144,0.033108532428741455,True,0.40005389221556886,0.19715228929014472,-0.014041885733604431,0.203314408659935,0.21735629439353943,0.01660008728504181,True,0.5581317365269461,0.1726225355369784,1.0,7,False,0.2544548807160941,0.24149579371478336,9.349999982077861e-05,0.06791049876756992,-0.026192381978034973,0.24568788707256317,0.27188026905059814,0.02875058352947235,True,0.2105748502994012,0.06791049876756992,-0.026192381978034973,0.24568788707256317,0.27188026905059814,0.02875058352947235,True,0.2105748502994012,0.1925811682719667,-0.014333248138427734,0.23337367177009583,0.24770691990852356,0.016891449689865112,True,0.36865269461077843,0.0007333936469045701,-0.07217094302177429,0.258429616689682,0.3306005597114563,0.07472914457321167,True,0.4761317365269461,0.00023148865833176173,-0.08370748162269592,0.2584633231163025,0.3421708047389984,0.0862656831741333,True,0.5278562874251497,0.09759154205302409,0.609748502994012,5,False,0.00020520933677191508,0.1846971989185544,0.06792229999973642,False,0.17357210102152443,0.12953087452368695,7,1.0,0.2544548807160941,0.21716073093699492,-0.012822896242141724,0.015381097793579102,True,0.15807784431137725,0.29529744386672974,0.30812034010887146,0.1925811682719667,-0.014333248138427734,0.016891449689865112,True,0.36865269461077843,0.23337361216545105,0.24770686030387878,0.1925811682719667,-0.014333248138427734,0.016891449689865112,True,0.36865269461077843,0.23337361216545105,0.24770686030387878,0.0007333958309882437,-0.0721709132194519,0.07472911477088928,True,0.4761317365269461,0.2584296464920044,0.3306005597114563,0.0023381823018490196,-0.060560405254364014,0.06311860680580139,True,0.6656107784431138,0.18748816847801208,0.2480485737323761,False,0.2946379630320488,0.16708835519402213,7,1.0,0.2544548807160941,0.32967488238490483,-0.0070965588092803955,0.009654760360717773,True,0.15920359281437127,0.30599716305732727,0.31309372186660767,0.24842702197702896,-0.011070191860198975,0.013628393411636353,True,0.3486826347305389,0.2749525308609009,0.28602272272109985,0.24842702197702896,-0.011070191860198975,0.013628393411636353,True,0.3486826347305389,0.2749525308609009,0.28602272272109985,0.04807011969451926,-0.029858306050300598,0.032416507601737976,True,0.5067604790419161,0.2311730831861496,0.2610313892364502,0.04807011969451926,-0.029858306050300598,0.032416507601737976,True,0.5067604790419161,0.2311730831861496,0.2610313892364502,0.874131400000806,0.0,4.016328603029251e-09,-0.12106586201052438
2468466969,29945,An silver-haired man stands on the cobblestones of an open-air square playing the accordion.,102240,"Two guys in front of a souvenir shop, with one guy in a red scarf talking on the phone.",4587060991,0.3267362117767334,0.3026945888996124,0.02404162287712097,0.917144148582181,12,0.0002448000000185857,0.7896422128973236,0.013227701187133789,0.2678573727607727,0.2546296715736389,0.010813921689987183,False,0.2384924924924925,0.7896422128973236,0.013227701187133789,0.2678573727607727,0.2546296715736389,0.010813921689987183,False,0.2384924924924925,0.8743239898343079,0.019397437572479248,0.25756531953811646,0.2381678819656372,0.004644185304641724,False,0.3963183183183183,0.9984709780855012,0.06481596827507019,0.2756507992744446,0.2108348309993744,-0.04077434539794922,False,0.4538978978978979,0.9950287940577719,0.05299109220504761,0.26657015085220337,0.21357905864715576,-0.028949469327926636,False,0.5354714714714714,0.8497024127174155,0.8475915915915916,10,False,0.8353628557876335,0.8778471598438055,0.00010579999980109278,0.7381057446763146,0.010361462831497192,0.27662789821624756,0.26626643538475037,0.01368016004562378,False,0.16142342342342342,0.9457486870306419,0.028583496809005737,0.2874791622161865,0.2588956654071808,-0.004541873931884766,False,0.23486486486486485,0.8954052286751155,0.02147182822227478,0.27748578786849976,0.256013959646225,0.0025697946548461914,False,0.31643843843843844,0.8181170250661579,0.015036419034004211,0.2641570568084717,0.24912063777446747,0.00900520384311676,False,0.42684084084084084,0.8557680995858172,0.01780577003955841,0.267192542552948,0.2493867725133896,0.006235852837562561,False,0.518078078078078,0.6502115026547712,0.8284804804804805,9,False,0.1446860492924936,0.8521379019939549,0.07793899999978748,False,0.822860713177608,0.6070898458086383,12,1.0,0.3150580902966819,0.7381057446763146,0.010361462831497192,0.01368016004562378,False,0.16142342342342342,0.27662792801856995,0.26626646518707275,0.9457480753870813,0.028583377599716187,-0.004541754722595215,False,0.23486486486486485,0.28747910261154175,0.25889572501182556,0.8359491636518299,0.01628391444683075,0.007757708430290222,False,0.3488048048048048,0.24886296689510345,0.2325790524482727,0.964717600534446,0.03308451175689697,-0.009042888879776001,False,0.4277717717717718,0.268754243850708,0.23566973209381104,0.49174438945026844,-0.0003302544355392456,0.024371877312660217,True,0.5972072072072072,0.21173858642578125,0.2120688408613205,False,0.9110729437943674,0.7036285552566723,11,0.938,0.2580662145536666,0.7381057446763146,0.010361462831497192,0.01368016004562378,False,0.16142342342342342,0.27662792801856995,0.26626646518707275,0.9457480753870813,0.028583377599716187,-0.004541754722595215,False,0.23486486486486485,0.28747910261154175,0.25889572501182556,0.8954049495620152,0.021471798419952393,0.002569824457168579,False,0.31643843843843844,0.277485728263855,0.2560139298439026,0.9949606245827265,0.05285421013832092,-0.02881258726119995,False,0.42144144144144147,0.26027846336364746,0.20742425322532654,0.9947035828679978,0.05235414206981659,-0.028312519192695618,False,0.5908768768768768,0.24547289311885834,0.19311875104904175,1.5459929999997257,2.9802322387695312e-08,4.190951585769653e-09,-0.08821223061675942
97233789,154713,An old man playing a game at the casino.,2602,A man stands next to a bank of computer gambling machines.,1167908324,0.35485753417015076,0.33014750480651855,0.024710029363632202,0.9220838515664799,10,0.00023890000011306256,0.5578005798710762,0.0023224055767059326,0.32062828540802,0.3183058798313141,0.02238762378692627,False,0.15956756756756757,0.45363894776456554,-0.0018597841262817383,0.3024938106536865,0.30435359477996826,0.02656981348991394,True,0.2385225225225225,0.17326259064826582,-0.01562678813934326,0.29510995745658875,0.310736745595932,0.040336817502975464,True,0.4297297297297297,0.17326259064826582,-0.01562678813934326,0.29510995745658875,0.310736745595932,0.040336817502975464,True,0.4297297297297297,0.512229923358561,0.0004892945289611816,0.2483486831188202,0.247859388589859,0.02422073483467102,False,0.5917657657657658,0.6256761447274819,0.9337057057057057,9,False,0.977173435764221,0.4621273610664485,0.0001007999999274034,0.5578005798710762,0.0023224055767059326,0.32062828540802,0.3183058798313141,0.02238762378692627,False,0.15956756756756757,0.5957873701705408,0.0038794279098510742,0.3050221800804138,0.30114275217056274,0.020830601453781128,False,0.22613813813813813,0.5052062775517558,0.00020825862884521484,0.30195918679237366,0.30175092816352844,0.024501770734786987,False,0.3570870870870871,0.6268257200205999,0.005186229944229126,0.28457993268966675,0.2793937027454376,0.019523799419403076,False,0.43604204204204206,0.326963213908005,-0.007219523191452026,0.29243046045303345,0.2996499836444855,0.03192955255508423,True,0.5122462462462463,0.5504800917284838,0.3570870870870871,4,False,0.5052062775517558,0.6043702561160046,0.1139658000001873,False,0.8528074384075234,0.8496027959403537,8,0.8575015015015015,0.9420142157961383,0.965098941683451,0.03319713473320007,-0.008487105369567871,False,0.1436096096096096,0.34091266989707947,0.3077155351638794,0.9782049637789467,0.038040369749069214,-0.013330340385437012,False,0.21018018018018017,0.32985174655914307,0.29181137681007385,0.9627952666584779,0.032534047961235046,-0.007824018597602844,False,0.33826426426426426,0.28221821784973145,0.2496841698884964,0.5579365692893846,0.0023279190063476562,0.022382110357284546,False,0.49783183183183183,0.254666805267334,0.25233888626098633,0.7020116787119954,0.008568957448005676,0.016141071915626526,False,0.5932972972972973,0.24488192796707153,0.23631297051906586,False,0.7539187860375064,0.7990641770372083,9,0.9237957957957958,0.937720818940413,0.965098941683451,0.03319713473320007,-0.008487105369567871,False,0.1436096096096096,0.34091266989707947,0.3077155351638794,0.4867797915794944,-0.0005289316177368164,0.02523896098136902,True,0.3031771771771772,0.29588305950164795,0.29641199111938477,0.4867797915794944,-0.0005289316177368164,0.02523896098136902,True,0.3031771771771772,0.29588305950164795,0.29641199111938477,0.7000901242478181,0.008477270603179932,0.01623275876045227,False,0.4716396396396396,0.2842394709587097,0.2757622003555298,0.8523200271756449,0.017529144883155823,0.007180884480476379,False,0.6628468468468468,0.2186213731765747,0.20109222829341888,1.2788557000003493,2.9802322387695312e-08,4.190951585769653e-09,0.09888865237001698
317383917,57115,"Two large black dogs, one small black dog, and one large white dog are standing in some snow.",64635,A brown and white dog with a pink collar is barking at a brown dog with a blue collar in the snow.,3348384389,0.3667253851890564,0.33103054761886597,0.03569483757019043,0.9726014356231215,16,0.000252700000146433,0.9312485457098935,0.026060283184051514,0.3517746925354004,0.3257144093513489,0.009634554386138916,False,0.10384362139917695,0.9865559433229286,0.04295682907104492,0.3338903784751892,0.2909335494041443,-0.007261991500854492,False,0.23758847736625516,0.9941296707842356,0.05131956934928894,0.32032760977745056,0.2690080404281616,-0.01562473177909851,False,0.33298765432098765,0.8306230344487329,0.015900492668151855,0.2651274800300598,0.24922698736190796,0.019794344902038574,False,0.43438683127572014,0.8816273196267137,0.020079314708709717,0.26189884543418884,0.24181953072547913,0.015615522861480713,False,0.5007325102880659,0.907861530147619,0.6825925925925926,11,False,0.8750418483654875,0.9404060598222398,0.00011370000038368744,0.6899072488535019,0.007996857166290283,0.33159753680229187,0.3236006796360016,0.027697980403900146,False,0.10139917695473251,0.3025961227036599,-0.00834965705871582,0.2841901183128357,0.2925397753715515,0.04404449462890625,True,0.2670617283950617,0.12842296243824716,-0.019149750471115112,0.27908626198768616,0.29823601245880127,0.05484458804130554,True,0.33054320987654323,0.34086029425069625,-0.006594628095626831,0.2733738422393799,0.2799684703350067,0.04228946566581726,True,0.43180246913580245,0.22676329622450717,-0.012266784906387329,0.26996511220932007,0.2822318971157074,0.04796162247657776,True,0.5695637860082304,0.432906975867278,0.7397942386831275,11,False,0.4404403203175905,0.4267083366345778,0.12123200000041834,False,0.9424491759069386,0.8966324431451747,11,0.6825925925925926,0.8750418483654875,0.9870555520824515,0.043340593576431274,-0.007645756006240845,False,0.10423045267489713,0.3532373607158661,0.3098967671394348,0.9841715912505393,0.04129993915557861,-0.005605101585388184,False,0.22724279835390945,0.31848233938217163,0.277182400226593,0.9815566296424306,0.03974434733390808,-0.004049509763717651,False,0.328641975308642,0.3146928548812866,0.27494850754737854,0.8790841342142754,0.01983785629272461,0.01585698127746582,False,0.42404115226337447,0.2703518271446228,0.2505139708518982,0.7119697409425613,0.00904969871044159,0.02664513885974884,False,0.5067160493827161,0.22333307564258575,0.21428337693214417,False,0.8327867842956489,0.8417696792296747,11,0.6825925925925926,0.8750418483654875,0.6899078864298308,0.007996886968612671,0.02769795060157776,False,0.10139917695473251,0.33159756660461426,0.3236006796360016,0.8053253649463982,0.014199167490005493,0.021495670080184937,False,0.2602798353909465,0.3176998198032379,0.3035006523132324,0.9422872614531674,0.027928322553634644,0.007766515016555786,False,0.31137448559670783,0.3040388524532318,0.27611052989959717,0.8975067452231693,0.0216982364654541,0.013996601104736328,False,0.4420576131687243,0.2825862765312195,0.2608880400657654,0.7725061203825759,0.012225165963172913,0.023469671607017517,False,0.5355555555555556,0.22825653851032257,0.21603137254714966,1.4824955000003683,0.0,3.0850060284137726e-09,0.10966239161128966
5501939468,131965,We see the backs of a young Asian girl with a green shirt and a red hat holding hands with a young Asian girl with a striped pink shirt and a pink hat by the pool.,70213,A girl in pink is holding onto a young boy wearing red.,3478547247,0.4244692623615265,0.33507585525512695,0.08939340710639954,0.9998688897295268,13,0.00025610000011511147,0.9997224241654543,0.08189138770103455,0.4154602587223053,0.33356887102127075,0.00750201940536499,False,0.100048,0.9988306040564363,0.06750097870826721,0.3937511146068573,0.3262501358985901,0.021892428398132324,False,0.26876266666666665,0.9980957764455777,0.06261774897575378,0.3795565664768219,0.3169388175010681,0.026775658130645752,False,0.35712533333333335,0.9977799385952465,0.061079978942871094,0.3799910247325897,0.31891104578971863,0.028313428163528442,False,0.43421333333333334,0.9926939797061634,0.04911723732948303,0.36017322540283203,0.311055988073349,0.040276169776916504,False,0.5147146666666667,0.9843556717330705,0.8010933333333333,10,False,0.9508129858067798,0.9984055224503735,0.00010870000005525071,0.9997224241654543,0.08189138770103455,0.4154602587223053,0.33356887102127075,0.00750201940536499,False,0.100048,0.9986321833752496,0.06593170762062073,0.38176238536834717,0.31583067774772644,0.02346169948577881,False,0.2767306666666667,0.9982449873644722,0.06343522667884827,0.3789984881877899,0.31556326150894165,0.02595818042755127,False,0.35381866666666667,0.9977799385952465,0.061079978942871094,0.3799910247325897,0.31891104578971863,0.028313428163528442,False,0.43421333333333334,0.9926939797061634,0.04911723732948303,0.36017322540283203,0.311055988073349,0.040276169776916504,False,0.5147146666666667,0.9984633790514563,0.7716213333333334,10,False,0.9995248480123019,0.9983886506885088,0.12116299999979674,False,0.9993911848781125,0.9757470868560741,13,1.0,0.7658627169955008,0.999722424992464,0.08189141750335693,0.0075019896030426025,False,0.100048,0.4154602885246277,0.33356887102127075,0.9990763345920554,0.06986236572265625,0.019531041383743286,False,0.24328,0.37360596656799316,0.3037436008453369,0.9985236396662518,0.06516698002815247,0.02422642707824707,False,0.320368,0.3619876205921173,0.29682064056396484,0.9996485325032762,0.07953041791915894,0.0098629891872406,False,0.440832,0.36253100633621216,0.2830005884170532,0.999893456568699,0.09146851301193237,-0.002075105905532837,False,0.5479573333333333,0.343245267868042,0.2517767548561096,False,0.9978686339614825,0.9974475944825253,11,0.9020373333333334,0.9993507601020936,0.9988089990052161,0.06731769442558289,0.02207571268081665,False,0.188368,0.3965773284435272,0.32925963401794434,0.9981661217973843,0.06299486756324768,0.026398539543151855,False,0.265456,0.39169150590896606,0.3286966383457184,0.9979503632811546,0.061880409717559814,0.02751299738883972,False,0.34585066666666664,0.3923153877258301,0.33043497800827026,0.9954087325749452,0.05378997325897217,0.03560343384742737,False,0.426352,0.38111621141433716,0.327326238155365,0.9971114224264604,0.058440983295440674,0.030952423810958862,False,0.57816,0.3721526265144348,0.31371164321899414,1.992164600000251,2.9802322387695312e-08,2.5902409106492996e-09,0.0015225509166300055
2686849571,38410,"A squatting couple outdoors, engaged with a kneeling street performer or vendor reading from a book of manga.",78374,A man in straw hat is looking at pictures on a table.,367400736,0.34160828590393066,0.3042805790901184,0.037327706813812256,0.9766326465055629,12,0.00025040000036824495,0.35500779837430246,-0.005970984697341919,0.31077051162719727,0.3167414963245392,0.043298691511154175,True,0.17778443113772455,0.768012148853452,0.011971205472946167,0.28859269618988037,0.2766214907169342,0.02535650134086609,False,0.25266467065868264,0.8105329931146482,0.01453477144241333,0.2832472324371338,0.26871246099472046,0.022792935371398926,False,0.336251497005988,0.7402901439449525,0.01047477126121521,0.2841172516345978,0.27364248037338257,0.026852935552597046,False,0.4285449101796407,0.7700369639436142,0.012085199356079102,0.257746160030365,0.2456609606742859,0.025242507457733154,False,0.5652694610778443,0.6897930839758195,0.9310718562874252,11,False,0.7995090270476631,0.7097606819450119,0.00010519999977987027,0.8811512564082519,0.02003377676010132,0.315316379070282,0.29528260231018066,0.017293930053710938,False,0.1674251497005988,0.5101343816902854,0.00040543079376220703,0.2925596237182617,0.2921541929244995,0.03692227602005005,False,0.27007784431137727,0.2535008650662728,-0.010800272226333618,0.28268253803253174,0.29348281025886536,0.048127979040145874,True,0.3390059880239521,0.47307657163566486,-0.0010779798030853271,0.2953336536884308,0.2964116334915161,0.03840568661689758,True,0.42022754491017966,0.041271275465251604,-0.0314544141292572,0.25973859429359436,0.29119300842285156,0.06878212094306946,True,0.518688622754491,0.3191855826850274,0.46894610778443113,6,False,0.039240576576599184,0.5939516453637899,0.1238098000003447,False,0.6037693835831721,0.4817533075501007,12,1.0,0.8859670839009469,0.4004703826723853,-0.004035055637359619,0.041362762451171875,True,0.1238502994011976,0.31385383009910583,0.31788888573646545,0.7663700208345341,0.011879265308380127,0.02544844150543213,False,0.2605748502994012,0.285288542509079,0.27340927720069885,0.42805483314722526,-0.002897918224334717,0.04022562503814697,True,0.36322754491017967,0.25929078459739685,0.26218870282173157,0.6529272776704252,0.006319314241409302,0.031008392572402954,False,0.46958682634730536,0.2675856053829193,0.26126629114151,0.5462051920179885,0.0018534958362579346,0.03547421097755432,False,0.5444670658682634,0.25812628865242004,0.2562727928161621,False,0.48409372339660905,0.35004523483913874,11,0.9502574850299401,0.2540262836096821,0.8811506322048224,0.020033717155456543,0.017293989658355713,False,0.1674251497005988,0.315316379070282,0.29528266191482544,0.5101328921862497,0.00040537118911743164,0.036922335624694824,False,0.27007784431137727,0.29255956411361694,0.2921541929244995,0.3437500486396571,-0.006466269493103027,0.04379397630691528,True,0.3536646706586826,0.282182514667511,0.288648784160614,0.12388819885206107,-0.01956114172935486,0.056888848543167114,True,0.4225928143712575,0.2761353850364685,0.29569652676582336,0.14338699804849964,-0.01787438988685608,0.055202096700668335,True,0.6341976047904192,0.23411601781845093,0.251990407705307,1.6655885000000126,2.9802322387695312e-08,4.48198989033699e-09,0.11967566018656306
483039719,116729,Teenager standing up with a headband on,124145,Overhead shot of 2 teenagers both looking at a shirt being held up by one of them.,4952001654,0.3056720793247223,0.29881271719932556,0.0068593621253967285,0.6650623081177518,13,0.0002594000002318353,0.07794912860070857,-0.024705439805984497,0.2529602646827698,0.2776657044887543,0.031564801931381226,True,0.14411377245508983,0.010642973081344535,-0.04532155394554138,0.2199440896511078,0.26526564359664917,0.05218091607093811,True,0.22182035928143712,0.0151573836627352,-0.04173994064331055,0.21401196718215942,0.25575190782546997,0.048599302768707275,True,0.3371437125748503,0.0036554906324572727,-0.056078627705574036,0.20738159120082855,0.2634602189064026,0.06293798983097076,True,0.4368862275449102,0.0040482072049743065,-0.05505424737930298,0.21621441841125488,0.27126866579055786,0.06191360950469971,True,0.5006646706586826,0.08015835423738919,0.5006646706586826,7,False,0.0040482072049743065,0.11914714065354395,0.00010840000004463946,0.07794912860070857,-0.024705439805984497,0.2529602646827698,0.2776657044887543,0.031564801931381226,True,0.14411377245508983,0.23625371533676812,-0.011733293533325195,0.2514270842075348,0.26316037774086,0.018592655658721924,True,0.20091017964071856,0.17778439834247395,-0.015314310789108276,0.2524630129337311,0.26777732372283936,0.022173672914505005,True,0.33591616766467064,0.005855009164473939,-0.05134585499763489,0.21347448229789734,0.2648203372955322,0.058205217123031616,True,0.413622754491018,0.002460055317011256,-0.0600510835647583,0.22580212354660034,0.28585320711135864,0.06691044569015503,True,0.6142395209580839,0.12055708480841615,0.45597005988023953,7,False,0.010210142120523394,0.16016515105482268,0.01986719999968045,False,0.12367718746528951,0.29366259895368474,12,0.9467604790419162,0.8407894856826159,0.011608875277190357,-0.04444308578968048,0.05130244791507721,True,0.15739520958083833,0.2294311672449112,0.2738742530345917,0.012870802982919163,-0.04339839518070221,0.05025775730609894,True,0.20034131736526947,0.22584153711795807,0.2692399322986603,0.04724490806361244,-0.030040130019187927,0.036899492144584656,True,0.4469700598802395,0.228798970580101,0.25883910059928894,0.04724490806361244,-0.030040130019187927,0.036899492144584656,True,0.4469700598802395,0.228798970580101,0.25883910059928894,0.016603923919395122,-0.04081372916698456,0.04767309129238129,True,0.5113952095808383,0.21499337255954742,0.255807101726532,False,0.11918115703320732,0.16216418165707797,11,0.8649940119760479,0.5935277890750308,0.011608875277190357,-0.04444308578968048,0.05130244791507721,True,0.15739520958083833,0.2294311672449112,0.2738742530345917,0.012870802982919163,-0.04339839518070221,0.05025775730609894,True,0.20034131736526947,0.22584153711795807,0.2692399322986603,0.012679994812539402,-0.043549686670303345,0.05040904879570007,True,0.35930538922155686,0.23068726062774658,0.2742369472980499,0.04724490806361244,-0.030040130019187927,0.036899492144584656,True,0.4469700598802395,0.228798970580101,0.25883910059928894,0.009235345483349458,-0.046754390001297,0.053613752126693726,True,0.5037664670658683,0.22357892990112305,0.27033331990242004,1.6043775000007372,2.9802322387695312e-08,2.6775524020195007e-09,0.0044960304320821876
5229996710,128880,"A long-haired skateboarder is about to exit a clean nosegrind on a public handrail, unaware of his surroundings while ignoring the negative public perception of skateboarders.",42599,A skateboarder grinds a curb.,2795866891,0.33002156019210815,0.3230372667312622,0.006984293460845947,0.667839446031743,13,0.0002571999998508545,0.27031258666003316,-0.00993037223815918,0.24996024370193481,0.259890615940094,0.016914665699005127,True,0.13708108108108108,0.19560915502129567,-0.01413966715335846,0.23019620776176453,0.24433587491512299,0.021123960614204407,True,0.21082882882882883,0.1635838148406343,-0.016318008303642273,0.20337288081645966,0.21969088912010193,0.02330230176448822,True,0.3588288288288288,0.21414200390143298,-0.013001367449760437,0.20590916275978088,0.21891053020954132,0.019985660910606384,True,0.42905105105105107,0.5561319890174168,0.002254784107208252,0.19652728736400604,0.1942725032567978,0.004729509353637695,False,0.5995255255255255,0.41492087428693103,0.7266306306306306,10,False,0.5081546823700359,0.3118807440886221,0.00010959999963233713,0.256518029211768,-0.01064145565032959,0.30388540029525757,0.31452685594558716,0.017625749111175537,True,0.13277477477477478,0.24779266464727012,-0.011104196310043335,0.304825097322464,0.3159292936325073,0.018088489770889282,True,0.23403603603603604,0.22963652796425635,-0.012103646993637085,0.2760748863220215,0.28817853331565857,0.019087940454483032,True,0.3191951951951952,0.15874510330991276,-0.016675949096679688,0.27285271883010864,0.28952866792678833,0.023660242557525635,True,0.40853453453453453,0.1084522818873797,-0.021066486835479736,0.24991968274116516,0.2709861695766449,0.028050780296325684,True,0.5518138138138138,0.18080618952563637,0.4826006006006006,6,False,0.1042466722146654,0.2604479636480315,0.03925410000010743,False,0.41277377205209886,0.36579272437925503,13,1.0,0.25477529709812663,0.25651632407682723,-0.010641545057296753,0.0176258385181427,True,0.13277477477477478,0.303885281085968,0.31452682614326477,0.19111412870850975,-0.014427870512008667,0.021412163972854614,True,0.20198798798798798,0.27645087242126465,0.2908787429332733,0.5414535360182159,0.0016619563102722168,0.0053223371505737305,False,0.3663063063063063,0.22363179922103882,0.2219698429107666,0.462798464033177,-0.0014908164739608765,0.008475109934806824,True,0.45564564564564564,0.22474661469459534,0.2262374311685562,0.529797889636709,0.0011933296918869019,0.005790963768959045,False,0.5295795795795796,0.23042984306812286,0.22923651337623596,False,0.4052727938784801,0.4103033521930838,12,0.9297777777777778,0.3526723330767982,0.25651632407682723,-0.010641545057296753,0.0176258385181427,True,0.13277477477477478,0.303885281085968,0.31452682614326477,0.1778985651919068,-0.0153065025806427,0.022290796041488647,True,0.21903903903903904,0.24090921878814697,0.2562157213687897,0.5414535360182159,0.0016619563102722168,0.0053223371505737305,False,0.3663063063063063,0.22363179922103882,0.2219698429107666,0.462798464033177,-0.0014908164739608765,0.008475109934806824,True,0.45564564564564564,0.22474661469459534,0.2262374311685562,0.529797889636709,0.0011933296918869019,0.005790963768959045,False,0.5295795795795796,0.23042984306812286,0.22923651337623596,1.6259868999995888,2.9802322387695312e-08,2.7939677238464355e-09,0.0075009781736187775
5060850038,126881,A female athlete is high jumping at the 2010 Barcelona.,130195,"A female gymnast, captured in midair during a jump.",5345473274,0.3994556963443756,0.3346341550350189,0.06482154130935669,0.9984718286754171,15,0.000266999999894324,0.9211395447442439,0.02457931637763977,0.3118535876274109,0.2872742712497711,0.04024222493171692,False,0.172208,0.9385232676129159,0.027256488800048828,0.29921582341194153,0.2719593346118927,0.03756505250930786,False,0.24138133333333334,0.932886586876811,0.026318997144699097,0.2855880856513977,0.2592690885066986,0.03850254416465759,False,0.3190133333333333,0.849601524275048,0.017314791679382324,0.28019970655441284,0.2628849148750305,0.047506749629974365,False,0.402512,0.9889674991850271,0.04495815932750702,0.24497240781784058,0.20001424849033356,0.01986338198184967,False,0.5098613333333334,0.8111331176365788,0.8311146666666667,12,False,0.39021986396882896,0.9323097068325513,0.00011519999998199637,0.8164746944495588,0.014926433563232422,0.3019104599952698,0.28698402643203735,0.04989510774612427,False,0.11288,0.7693771546823484,0.01204797625541687,0.2996595501899719,0.28761157393455505,0.05277356505393982,False,0.265552,0.8581867414537825,0.018003106117248535,0.2909259796142578,0.2729228734970093,0.046818435192108154,False,0.343184,0.8681318352546816,0.018845409154891968,0.2918032705783844,0.27295786142349243,0.04597613215446472,False,0.40416,0.9247185621769707,0.025082558393478394,0.31619852781295776,0.29111596941947937,0.039738982915878296,False,0.5249226666666666,0.7767266948501592,0.77208,11,False,0.7126015650410922,0.8526120424286009,0.08081769999989774,False,0.9499319998455323,0.8422503423101607,15,1.0,0.04800443028032855,0.9439776193146089,0.02824351191520691,0.03657802939414978,False,0.17450133333333334,0.3289574086666107,0.3007138967514038,0.9143074594230209,0.02367401123046875,0.04114753007888794,False,0.24631466666666665,0.31695759296417236,0.2932835817337036,0.9264928009109349,0.025340229272842407,0.03948131203651428,False,0.3085813333333333,0.327501505613327,0.3021612763404846,0.9562791942019594,0.03085225820541382,0.03396928310394287,False,0.46669333333333335,0.3001757860183716,0.26932352781295776,0.9980325936420328,0.062290698289871216,0.0025308430194854736,False,0.5022293333333333,0.28768327832221985,0.22539258003234863,False,0.9335618487948059,0.8308572322131451,15,1.0,0.04800443028032855,0.8164746944495588,0.014926433563232422,0.04989510774612427,False,0.11288,0.3019104599952698,0.28698402643203735,0.9365603111401029,0.026921242475509644,0.037900298833847046,False,0.2521333333333333,0.3068596422672272,0.27993839979171753,0.9226493694341836,0.024789005517959595,0.040032535791397095,False,0.32394666666666666,0.30511024594306946,0.28032124042510986,0.9974105006371623,0.05953697860240936,0.005284562706947327,False,0.40152,0.300403892993927,0.24086691439151764,0.9974842134302091,0.05982650816440582,0.004995033144950867,False,0.5442666666666667,0.2830119729042053,0.2231854647397995,2.3517685999995592,2.9802322387695312e-08,3.026798367500305e-09,0.016370151050726478
4756010841,111916,A Japanese shop with people sitting inside it.,6525,Many people are walking along a sidewalk with a variety of little shops.,1395410911,0.29652708768844604,0.28341054916381836,0.013116538524627686,0.7877897736434603,10,0.0002521000001252105,0.8903824157120357,0.020946532487869263,0.29177501797676086,0.2708284854888916,-0.007829993963241577,False,0.17404204204204204,0.9780635888159372,0.037974268198013306,0.2903171181678772,0.2523428499698639,-0.02485772967338562,False,0.28066066066066064,0.9109576507525123,0.023253843188285828,0.25805941224098206,0.23480556905269623,-0.010137304663658142,False,0.35011411411411414,0.9676650964770884,0.033987388014793396,0.2529408931732178,0.21895350515842438,-0.02087084949016571,False,0.4936816816816817,0.9892147547145017,0.0451873242855072,0.23924590647220612,0.1940585821866989,-0.03207078576087952,False,0.6658798798798798,0.9387417390441914,0.8218438438438438,7,False,0.9693826330540064,0.9229616446129402,0.00010489999976925901,0.8903824157120357,0.020946532487869263,0.29177501797676086,0.2708284854888916,-0.007829993963241577,False,0.17404204204204204,0.4783004120243865,-0.0008685290813446045,0.29068854451179504,0.29155707359313965,0.01398506760597229,True,0.2525825825825826,0.4089777788191353,-0.0036819279193878174,0.2821803390979767,0.2858622670173645,0.016798466444015503,True,0.32203603603603603,0.29988860097901837,-0.008478283882141113,0.27446120977401733,0.28293949365615845,0.0215948224067688,True,0.40325525525525524,0.43382477938552066,-0.0026626288890838623,0.27164560556411743,0.2743082344532013,0.015779167413711548,True,0.5754534534534534,0.43526744926788546,0.40325525525525524,5,False,0.29988860097901837,0.5605247744189691,0.11974860000009357,False,0.9622741148160704,0.968263926077532,8,0.9187807807807807,0.9576698008016669,0.9479808488703485,0.029027223587036133,-0.015910685062408447,False,0.10661861861861861,0.29783281683921814,0.268805593252182,0.9549752379061174,0.03054472804069519,-0.017428189516067505,False,0.20355555555555555,0.288248747587204,0.2577040195465088,0.9865815727092392,0.042976170778274536,-0.02985963225364685,False,0.35154954954954953,0.28930774331092834,0.2463315725326538,0.9967851461372395,0.057367533445358276,-0.04425099492073059,False,0.49511711711711714,0.2854263186454773,0.22805878520011902,0.9931452346953576,0.04975932836532593,-0.03664278984069824,False,0.6673153153153153,0.25716471672058105,0.20740538835525513,False,0.7894622850191566,0.8773546600972775,8,0.9187807807807807,0.9576698008016669,0.890383579207997,0.020946651697158813,-0.007830113172531128,False,0.17404204204204204,0.291775107383728,0.2708284556865692,0.8375241158901705,0.01639920473098755,-0.0032826662063598633,False,0.270978978978979,0.28426623344421387,0.2678670287132263,0.5283822455396446,0.0011365115642547607,0.011980026960372925,False,0.34043243243243243,0.2421117126941681,0.24097520112991333,0.9522800977721272,0.02993510663509369,-0.016818568110466003,False,0.5126306306306306,0.26099634170532227,0.23106123507022858,0.9522800977721272,0.02993510663509369,-0.016818568110466003,False,0.5126306306306306,0.26099634170532227,0.23106123507022858,1.4131594999998924,2.9802322387695312e-08,2.9103830456733704e-09,0.17281182979691379
3285342629,62086,"While visiting the Mayan ruins, a guide points in the direction of more attractions.",124319,Tourists walk among the grounds near a historic site.,4954827712,0.3794960379600525,0.33718371391296387,0.04231232404708862,0.9856737571458157,14,0.00025510000023132307,0.9959378426483393,0.05501970648765564,0.3519088625907898,0.29688915610313416,-0.012707382440567017,False,0.15816533333333332,0.9945104079032587,0.0519939661026001,0.31804555654525757,0.26605159044265747,-0.009681642055511475,False,0.21571733333333334,0.9804531293555416,0.03915199637413025,0.3028618097305298,0.26370981335639954,0.003160327672958374,False,0.337792,0.5811961110030753,0.0032768547534942627,0.2668392062187195,0.2635623514652252,0.03903546929359436,False,0.46584533333333333,0.46379924329315986,-0.001450568437576294,0.25546377897262573,0.256914347410202,0.04376289248466492,True,0.5462293333333333,0.5294140070914465,0.8474986666666666,12,False,0.0615095833198238,0.87238527075552,0.00011070000027757487,0.9963844032741027,0.056188762187957764,0.34585949778556824,0.2896707355976105,-0.01387643814086914,False,0.13816,0.9815748565001368,0.03975442051887512,0.3389650583267212,0.29921063780784607,0.002557903528213501,False,0.26023466666666667,0.9678178159143408,0.0340363085269928,0.33124974370002747,0.29721343517303467,0.008276015520095825,False,0.34219733333333335,0.691760170228884,0.008083611726760864,0.2776675522327423,0.26958394050598145,0.03422871232032776,False,0.4486293333333333,0.5883780325271829,0.0035726428031921387,0.27513715624809265,0.2715645134449005,0.038739681243896484,False,0.5336373333333333,0.5555986128495487,0.7289226666666667,10,False,0.06664083944835747,0.8999852775793767,0.11399669999991602,False,0.8709596255717171,0.6851429366244263,13,0.923936,0.8493381947825582,0.9837828912683926,0.04105338454246521,0.001258939504623413,False,0.132672,0.36013180017471313,0.3190784156322479,0.7920468436447295,0.013373076915740967,0.028939247131347656,False,0.257456,0.2937118113040924,0.28033873438835144,0.896609016413475,0.02160102128982544,0.020711302757263184,False,0.33501333333333333,0.274009108543396,0.25240808725357056,0.8836404790446062,0.020273655652999878,0.022038668394088745,False,0.4025066666666667,0.27411118149757385,0.253837525844574,0.618307701444116,0.0048237144947052,0.03748860955238342,False,0.539504,0.23090283572673798,0.22607912123203278,False,0.9836014409735467,0.987677658729459,12,0.8636693333333333,0.9903931687241546,0.9937724861683255,0.050725311040878296,-0.008412986993789673,False,0.11948266666666667,0.34937527775764465,0.29864996671676636,0.9830219934713379,0.04058712720870972,0.0017251968383789062,False,0.277648,0.32542333006858826,0.28483620285987854,0.9571369138620638,0.031059354543685913,0.01125296950340271,False,0.329712,0.3024252653121948,0.2713659107685089,0.9792157224818049,0.038525551557540894,0.0037867724895477295,False,0.41472,0.30389484763145447,0.2653692960739136,0.9963235496037515,0.05602124333381653,-0.013708919286727905,False,0.5407466666666667,0.288288414478302,0.23226717114448547,1.955961199999365,2.9802322387695312e-08,3.6088749766349792e-09,-0.1126418154018296
185404966,12759,A man in a gray shirt holds his hands in the air.,118953,Two people waving their hands in the air and looking up.,4864584935,0.3067893385887146,0.29991817474365234,0.006871163845062256,0.6653251454249859,14,0.0002567999999882886,0.22600804444141517,-0.012309908866882324,0.26413145661354065,0.276441365480423,0.01918107271194458,True,0.17524266666666666,0.04338907788250682,-0.03093189001083374,0.2454603910446167,0.27639228105545044,0.037803053855895996,True,0.25912,0.09064082038981236,-0.02305835485458374,0.24023312330245972,0.26329147815704346,0.029929518699645996,True,0.3180906666666667,0.014575942063899554,-0.04213699698448181,0.2334258258342743,0.2755628228187561,0.04900816082954407,True,0.429952,0.00695233743055248,-0.04961700737476349,0.20607928931713104,0.25569629669189453,0.056488171219825745,True,0.525344,0.08572344618903092,0.797264,11,False,0.0038568515663386974,0.19084929373696718,0.00010969999993903912,0.10951640064392587,-0.02095690369606018,0.27560877799987793,0.2965656816959381,0.027828067541122437,True,0.14715733333333333,0.08349058269874977,-0.02395838499069214,0.2727086842060089,0.29666706919670105,0.030829548835754395,True,0.20297066666666666,0.036398668500436306,-0.032761454582214355,0.2485859990119934,0.28134745359420776,0.03963261842727661,True,0.33149866666666666,0.16298060388695995,-0.016362160444259644,0.25681400299072266,0.2731761634349823,0.0232333242893219,True,0.42066133333333333,0.0438733219939222,-0.030815839767456055,0.24002578854560852,0.2708416283130646,0.03768700361251831,True,0.5467946666666667,0.11183870639363955,0.8530773333333334,12,False,0.0026205848981386984,0.16832046695075814,0.019382999999834283,False,0.1869946974374708,0.11277852330493265,13,0.9371093333333333,0.07487519200273113,0.22068408587718055,-0.012616842985153198,0.019488006830215454,True,0.18455466666666667,0.28531065583229065,0.29792749881744385,0.07685629948282256,-0.024858474731445312,0.03172963857650757,True,0.23632,0.2528107762336731,0.2776692509651184,0.04597644523597086,-0.030325591564178467,0.03719675540924072,True,0.35979733333333336,0.22345563769340515,0.2537812292575836,0.006442856832375511,-0.05038319528102875,0.057254359126091,True,0.45095466666666667,0.2075423151254654,0.25792551040649414,0.007346528968347646,-0.04906153678894043,0.055932700634002686,True,0.534832,0.19859103858470917,0.2476525753736496,False,0.13971320537573453,0.10085120487652793,13,0.9223893333333333,0.12343765755619862,0.10951640064392587,-0.02095690369606018,0.027828067541122437,True,0.14715733333333333,0.2756088376045227,0.2965657413005829,0.07685629948282256,-0.024858474731445312,0.03172963857650757,True,0.23632,0.2528107762336731,0.2776692509651184,0.021206387434317915,-0.038320183753967285,0.04519134759902954,True,0.32747733333333334,0.2324923276901245,0.2708125114440918,0.01570861455398608,-0.041377127170562744,0.048248291015625,True,0.480912,0.22825077176094055,0.2696278989315033,0.006891901975223121,-0.04970492422580719,0.056576088070869446,True,0.523216,0.22527070343494415,0.27497562766075134,2.1620774999992136,0.0,3.0340743251144886e-09,0.04728149206173626
900144365,153906,Two women runners in athletic shorts and bras going down a city street.,139150,"A female runner dressed in blue athletic wear is running in a competition, while spectators line the street.",6320815265,0.3670508861541748,0.36112362146377563,0.00592726469039917,0.6439904794775098,13,0.0002600000002530578,0.7408941824453721,0.010506212711334229,0.3425378203392029,0.33203160762786865,-0.004578948020935059,False,0.1368883116883117,0.6007489859597047,0.00408586859703064,0.32889071106910706,0.3248048424720764,0.0018413960933685303,False,0.20148051948051948,0.3411583212514977,-0.006581366062164307,0.29564809799194336,0.30222946405410767,0.012508630752563477,True,0.34887792207792206,0.25471362530622516,-0.010736286640167236,0.30403798818588257,0.3147742748260498,0.016663551330566406,True,0.4850805194805195,0.25737608305936677,-0.010596513748168945,0.27598804235458374,0.2865845561027527,0.016523778438568115,True,0.583787012987013,0.41269711203569753,0.8080051948051948,8,False,0.47136525825198955,0.4682998955878803,0.00010769999971671496,0.3170913103378607,-0.007671713829040527,0.3362717032432556,0.34394341707229614,0.013598978519439697,True,0.13205194805194806,0.18591839710581187,-0.01476752758026123,0.3272702097892761,0.34203773736953735,0.0206947922706604,True,0.23075844155844155,0.3999410028543322,-0.004057109355926514,0.3153745234012604,0.3194316327571869,0.009984374046325684,True,0.3676467532467532,0.5324121936447371,0.0012983083724975586,0.2543058693408966,0.25300756096839905,0.004628956317901611,False,0.5150441558441559,0.5324121936447371,0.0012983083724975586,0.2543058693408966,0.25300756096839905,0.004628956317901611,False,0.5150441558441559,0.4182201988891291,0.5492155844155844,6,False,0.46250173335558176,0.3826728117829175,0.07788609999988694,False,0.618907026741295,0.5985273751689967,13,1.0,0.8447195418160429,0.6338351954010898,0.0054870545864105225,0.00044021010398864746,False,0.19063896103896105,0.34537550806999207,0.33988845348358154,0.6308094162123083,0.005356907844543457,0.0005703568458557129,False,0.33803636363636363,0.31711238622665405,0.3117554783821106,0.6308094162123083,0.005356907844543457,0.0005703568458557129,False,0.33803636363636363,0.31711238622665405,0.3117554783821106,0.5456577630145697,0.0018314123153686523,0.004095852375030518,False,0.40262857142857145,0.26413220167160034,0.2623007893562317,0.6149577375550794,0.004682004451751709,0.001245260238647461,False,0.501335064935065,0.262398898601532,0.2577168941497803,False,0.5307687876287748,0.5228191860424094,13,1.0,0.8447195418160429,0.6338351954010898,0.0054870545864105225,0.00044021010398864746,False,0.19063896103896105,0.34537550806999207,0.33988845348358154,0.48367785422874615,-0.0006531178951263428,0.006580382585525513,True,0.2552311688311688,0.3237331807613373,0.3243862986564636,0.3169990321055384,-0.007675975561141968,0.013603240251541138,True,0.35393766233766233,0.32086673378944397,0.32854270935058594,0.6149577375550794,0.004682004451751709,0.001245260238647461,False,0.501335064935065,0.262398898601532,0.2577168941497803,0.6149577375550794,0.004682004451751709,0.001245260238647461,False,0.501335064935065,0.262398898601532,0.2577168941497803,2.2135080999996717,5.960464477539063e-08,5.122274160385132e-09,0.08813823911252028
4795824646,114175,"Two women wearing hijab garments walk on a sidewalk, one of the women is carrying a child on her shoulders.",41810,A woman and a few children in an alleyway in between a vehicle and a fence.,2773474615,0.33392560482025146,0.32480061054229736,0.009124994277954102,0.7135113505766498,15,0.0002678000000742031,0.41388587963828055,-0.0034792423248291016,0.3038736581802368,0.3073529005050659,0.012604236602783203,True,0.1493780487804878,0.16661027750665078,-0.016098439693450928,0.2889220118522644,0.30502045154571533,0.02522343397140503,True,0.22395121951219513,0.3081648494779358,-0.008087128400802612,0.2915808856487274,0.29966801404953003,0.017212122678756714,True,0.32023780487804876,0.1983392284866839,-0.013967067003250122,0.2848060429096222,0.2987731099128723,0.023092061281204224,True,0.4456707317073171,0.06329605919404006,-0.026945441961288452,0.23356366157531738,0.26050910353660583,0.036070436239242554,True,0.5188353658536585,0.2034288105355019,0.8039329268292683,12,False,0.02962967863887304,0.32774081598439686,0.00011469999981272849,0.23193953489156122,-0.011973917484283447,0.32314297556877136,0.3351168930530548,0.02109891176223755,True,0.13998170731707318,0.05683145791803511,-0.02809154987335205,0.3163314461708069,0.34442299604415894,0.03721654415130615,True,0.2117621951219512,0.004974464919945035,-0.05298450589179993,0.2852354347705841,0.33821994066238403,0.06210950016975403,True,0.329609756097561,0.014020112200968354,-0.04253143072128296,0.28553855419158936,0.3280699849128723,0.05165642499923706,True,0.405640243902439,0.061847814358618684,-0.027192354202270508,0.231779545545578,0.2589718997478485,0.03631734848022461,True,0.5532134146341463,0.11104286536478357,0.5532134146341463,8,False,0.061847814358618684,0.15635725923073465,0.12180929999976797,False,0.15163881407797303,0.14571047897698544,14,0.9439146341463415,0.09728026555036304,0.21025038384965097,-0.013234168291091919,0.02235916256904602,True,0.11784756097560975,0.32181552052497864,0.33504968881607056,0.05981864880654338,-0.027547553181648254,0.036672547459602356,True,0.27069512195121953,0.23500202596187592,0.26254957914352417,0.032205676786787665,-0.03402876853942871,0.04315376281738281,True,0.3389756097560976,0.22468429803848267,0.2587130665779114,0.01574947051130122,-0.04135073721408844,0.05047573149204254,True,0.4150060975609756,0.19729292392730713,0.23864366114139557,0.043723796329588074,-0.030851542949676514,0.039976537227630615,True,0.5553231707317073,0.17116375267505646,0.20201529562473297,False,0.17141989431375093,0.13127930657826653,13,0.8693414634146341,0.06670361461911646,0.21025038384965097,-0.013234168291091919,0.02235916256904602,True,0.11784756097560975,0.32181552052497864,0.33504968881607056,0.05981864880654338,-0.027547553181648254,0.036672547459602356,True,0.27069512195121953,0.23500202596187592,0.26254957914352417,0.03839612378588092,-0.0322064608335495,0.0413314551115036,True,0.3416707317073171,0.20934201776981354,0.24154847860336304,0.04492414925917179,-0.03056815266609192,0.03969314694404602,True,0.4099512195121951,0.20109914243221283,0.23166729509830475,0.14021605483756364,-0.018134966492652893,0.027259960770606995,True,0.5510731707317074,0.1928686499595642,0.2110036164522171,1.9839842000001227,2.9802322387695312e-08,3.026798367500305e-09,-0.019781080235777904
3128856481,55431,A white duck spreads its wings while in the water.,62432,A flock of birds fly away with food in their beaks.,3294830188,0.3224189877510071,0.27261531352996826,0.04980367422103882,0.9931753584403934,19,0.00027520000003278255,0.9982939967739374,0.06371894478797913,0.31969591975212097,0.25597697496414185,-0.013915270566940308,False,0.1333264248704663,0.9973409996700356,0.059271425008773804,0.3200816810131073,0.2608102560043335,-0.009467750787734985,False,0.20064248704663212,0.9854592030828428,0.0421614944934845,0.2996285557746887,0.2574670612812042,0.007642179727554321,False,0.3163160621761658,0.8322665263843382,0.016017764806747437,0.2546817362308502,0.23866397142410278,0.03378590941429138,False,0.40732642487046633,0.7720325675551447,0.01219823956489563,0.23983120918273926,0.22763296961784363,0.03760543465614319,False,0.5145129533678756,0.7028743191376088,0.6048963730569948,10,False,0.44211562021793793,0.939337376476825,0.0001223000003847119,0.9947808077343122,0.052501797676086426,0.30852583050727844,0.256024032831192,-0.0026981234550476074,False,0.19461658031088083,0.9892501495383584,0.04522055387496948,0.3062066435813904,0.2609860897064209,0.004583120346069336,False,0.2619326424870466,0.9854592030828428,0.0421614944934845,0.2996285557746887,0.2574670612812042,0.007642179727554321,False,0.3163160621761658,0.8322665263843382,0.016017764806747437,0.2546817362308502,0.23866397142410278,0.03378590941429138,False,0.40732642487046633,0.5376705138547907,0.0015096813440322876,0.2290254533290863,0.22751577198505402,0.04829399287700653,False,0.5150880829015544,0.7785085037372613,0.6219637305699481,11,False,0.6809675310427026,0.9133354329490967,0.11530070000026171,False,0.8380633651161757,0.5250337632056377,18,0.9741709844559585,0.04914361596743018,0.9909172182385371,0.046922504901885986,0.002881169319152832,False,0.1445958549222798,0.3137681782245636,0.2668456733226776,0.9859651314852785,0.042520761489868164,0.007282912731170654,False,0.22618652849740933,0.3072969913482666,0.26477622985839844,0.9849807062444682,0.04183286428451538,0.007970809936523438,False,0.32424352331606215,0.3038918077945709,0.26205894351005554,0.3510951458519348,-0.006142288446426392,0.05594596266746521,True,0.4575699481865285,0.24475908279418945,0.25090137124061584,0.35707578882871005,-0.005880787968635559,0.05568446218967438,True,0.5119533678756477,0.245817169547081,0.25169795751571655,False,0.9220733527656468,0.5623024261704687,18,0.9741709844559585,0.04914361596743018,0.9909172182385371,0.046922504901885986,0.002881169319152832,False,0.1445958549222798,0.3137681782245636,0.2668456733226776,0.9859651314852785,0.042520761489868164,0.007282912731170654,False,0.22618652849740933,0.3072969913482666,0.26477622985839844,0.9934604795822466,0.050233304500579834,-0.0004296302795410156,False,0.3596373056994819,0.30869534611701965,0.2584620416164398,0.9916156366178887,0.047729671001434326,0.002074003219604492,False,0.414020725388601,0.3060544729232788,0.2583248019218445,0.4266373878708093,-0.0029558390378952026,0.05275951325893402,True,0.5473471502590673,0.24639859795570374,0.24935443699359894,2.9981791000000158,2.9802322387695312e-08,2.6193447411060333e-09,-0.0840099876494711
4773842539,113067,A woman is standing and talking to a group of children.,118620,"A boy wearing shorts, crocs, and a white shirt plays with a yo-yo while another boy looks at his yo-yo in the background.",4860086271,0.30889150500297546,0.2886432707309723,0.020248234272003174,0.8833788414231686,12,0.0002472999999554304,0.8690421391364557,0.01892516016960144,0.3065018653869629,0.28757670521736145,0.0013230741024017334,False,0.12463466666666667,0.43217886566869196,-0.002729669213294983,0.21542544662952423,0.2181551158428192,0.022977903485298157,True,0.2681386666666667,0.5527041041447465,0.0021160244941711426,0.20138317346572876,0.19926714897155762,0.01813220977783203,False,0.34746666666666665,0.9327531453938274,0.02629770338535309,0.198263481259346,0.17196577787399292,-0.0060494691133499146,False,0.43250133333333335,0.9443467660445692,0.0283135324716568,0.19650085270404816,0.16818732023239136,-0.008065298199653625,False,0.507344,0.8380468129270423,0.915968,10,False,0.8247961067527259,0.739216532676596,0.00010549999979048152,0.8690421391364557,0.01892516016960144,0.3065018653869629,0.28757670521736145,0.0013230741024017334,False,0.12463466666666667,0.41890327345475026,-0.0032727718353271484,0.22106078267097473,0.22433355450630188,0.023521006107330322,True,0.28314666666666666,0.8507110572651972,0.017401888966560364,0.20551049709320068,0.18810860812664032,0.00284634530544281,False,0.35317333333333334,0.8189229568510245,0.01509067416191101,0.19538985192775726,0.18029917776584625,0.005157560110092163,False,0.4044426666666667,0.8679328036380015,0.01882803440093994,0.20204265415668488,0.18321461975574493,0.0014201998710632324,False,0.5167573333333333,0.781400508385468,0.47928533333333334,6,False,0.8921824808906683,0.76102812875424,0.1168561000004047,False,0.35238332196541955,0.6413203679933008,8,0.7663893333333334,0.8828575786160838,0.08324814712044688,-0.02399010956287384,0.044238343834877014,True,0.198112,0.2355748862028122,0.25956499576568604,0.26489402380353155,-0.010206848382949829,0.030455082654953003,True,0.288736,0.2533826529979706,0.2635895013809204,0.2586169594278888,-0.010531693696975708,0.030779927968978882,True,0.368064,0.2453208565711975,0.2558525502681732,0.2146115581960811,-0.012973487377166748,0.03322172164916992,True,0.48192,0.25365036725997925,0.266623854637146,0.9450887973027512,0.028455615043640137,-0.008207380771636963,False,0.52848,0.2341008484363556,0.20564523339271545,False,0.6390435246665769,0.7007022278676441,10,0.8925013333333334,0.5231536168475367,0.8193309444876727,0.015118211507797241,0.005130022764205933,False,0.15280533333333332,0.29055583477020264,0.2754376232624054,0.14762915080582845,-0.017533183097839355,0.03778141736984253,True,0.27744,0.23472997546195984,0.2522631585597992,0.2426740244636344,-0.011380746960639954,0.03162898123264313,True,0.324,0.2330830991268158,0.24446384608745575,0.7187740685125,0.00938388705253601,0.010864347219467163,False,0.414624,0.23621121048927307,0.22682732343673706,0.9450887973027512,0.028455615043640137,-0.008207380771636963,False,0.52848,0.2341008484363556,0.20564523339271545,1.6412874000006923,5.960464477539063e-08,4.773028194904327e-09,-0.28666020270115733
2658439322,37461,Two men participate in a recreation of a medieval sword fight while a crowd watches.,89915,A man and woman perform a martial arts demonstration with practice katanas in front of an audience in an outside park like environment.,4158826243,0.39878445863723755,0.31282418966293335,0.0859602689743042,0.9998151954391377,15,0.00026130000014745747,0.9859544050132149,0.04251301288604736,0.3861873149871826,0.34367430210113525,0.043447256088256836,False,0.10722,0.9225467897470169,0.024774640798568726,0.3551790714263916,0.3304044306278229,0.061185628175735474,False,0.218556,0.31245799174174826,-0.007886528968811035,0.2729138731956482,0.28080040216445923,0.09384679794311523,True,0.308472,0.31184433349526147,-0.007915109395980835,0.25603222846984863,0.26394733786582947,0.09387537837028503,True,0.400164,0.597049909184519,0.003931879997253418,0.22499783337116241,0.221065953373909,0.08202838897705078,False,0.521672,0.7434722214675256,0.838716,12,False,0.9517290822163823,0.6748754446834763,0.00010990000009769574,0.9859544050132149,0.04251301288604736,0.3861873149871826,0.34367430210113525,0.043447256088256836,False,0.10722,0.31245799174174826,-0.007886528968811035,0.2729138731956482,0.28080040216445923,0.09384679794311523,True,0.308472,0.31245799174174826,-0.007886528968811035,0.2729138731956482,0.28080040216445923,0.09384679794311523,True,0.308472,0.5057396751557782,0.0002295970916748047,0.2562771141529083,0.2560475170612335,0.0857306718826294,False,0.436804,0.4674820831895662,-0.0013025552034378052,0.23582887649536133,0.23713143169879913,0.087262824177742,True,0.528496,0.6752475133196203,0.65398,9,False,0.61058435751737,0.6324171807229626,0.11523589999978867,False,0.9982694303435053,0.8480134092505733,15,1.0,0.8187067511070608,0.999694597534516,0.08093574643135071,0.005024522542953491,False,0.130552,0.3553062975406647,0.27437055110931396,0.9995056721374699,0.07611817121505737,0.009842097759246826,False,0.272944,0.34816330671310425,0.2720451354980469,0.9967971855250751,0.057405173778533936,0.028555095195770264,False,0.38428,0.3039782643318176,0.2465730905532837,0.9965359702541632,0.056618526577949524,0.029341742396354675,False,0.475972,0.30225077271461487,0.24563224613666534,0.993458175120142,0.0502297580242157,0.0357305109500885,False,0.544212,0.29912495613098145,0.24889519810676575,False,0.8401275075439194,0.7407901322045061,15,1.0,0.8187067511070608,0.9859542399274643,0.04251289367675781,0.04344737529754639,False,0.10722,0.38618719577789307,0.34367430210113525,0.9711380324055873,0.03515943884849548,0.050800830125808716,False,0.25146,0.35479414463043213,0.31963470578193665,0.9463227334787705,0.02869594097137451,0.05726432800292969,False,0.315388,0.3356149196624756,0.3069189786911011,0.5680613667925738,0.002739459276199341,0.08322080969810486,False,0.405304,0.25532975792884827,0.2525902986526489,0.34786973720398623,-0.006284162402153015,0.09224443137645721,True,0.500732,0.24683718383312225,0.25312134623527527,3.0578420000001643,0.0,3.259629011154175e-09,0.15814192279958594
3391716619,66513,A man with mismatched shoes sits in front of an entrance.,22783,A man sits on a small chair on a sidewalk.,228947041,0.32490408420562744,0.30945250391960144,0.015451580286026001,0.8242133001745593,12,0.0002538000003369234,0.8133628873661815,0.014720112085342407,0.30208611488342285,0.28736600279808044,0.0007314682006835938,False,0.17263,0.8171614124111637,0.014972329139709473,0.2765360474586487,0.2615637183189392,0.0004792511463165283,False,0.286525,0.8017072056282013,0.013969987630844116,0.27743807435035706,0.26346808671951294,0.0014815926551818848,False,0.39555,0.819608706823165,0.01513698697090149,0.24651145935058594,0.23137447237968445,0.0003145933151245117,False,0.44974,0.8066495676388163,0.01428385078907013,0.23774684965610504,0.2234629988670349,0.0011677294969558716,False,0.537105,0.7372152998202195,0.692875,8,False,0.6116389631668843,0.8144009615476966,0.00011230000018258579,0.8133628873661815,0.014720112085342407,0.30208611488342285,0.28736600279808044,0.0007314682006835938,False,0.17263,0.817330110214734,0.01498362421989441,0.2983784079551697,0.28339478373527527,0.0004679560661315918,False,0.281655,0.8017072056282013,0.013969987630844116,0.27743807435035706,0.26346808671951294,0.0014815926551818848,False,0.39555,0.7122022286505032,0.009061038494110107,0.2766360342502594,0.2675749957561493,0.0063905417919158936,False,0.46379,0.5167768774885854,0.0006713271141052246,0.2711883783340454,0.2705170512199402,0.014780253171920776,False,0.507025,0.6851539893981925,0.754575,9,False,0.5756890899025247,0.7902227975479029,0.03508809999948426,False,0.7773425773589325,0.6878607220541713,12,1.0,0.24944308103806556,0.742767435683035,0.010604023933410645,0.0048475563526153564,False,0.14168,0.3132961392402649,0.30269211530685425,0.7187632248629168,0.009383350610733032,0.006068229675292969,False,0.31431,0.28421294689178467,0.27482959628105164,0.7187632248629168,0.009383350610733032,0.006068229675292969,False,0.31431,0.28421294689178467,0.27482959628105164,0.8539326639001142,0.017657846212387085,-0.002206265926361084,False,0.428205,0.2688791751861572,0.25122132897377014,0.7984965137183307,0.0137692391872406,0.0016823410987854004,False,0.55392,0.28727808594703674,0.27350884675979614,False,0.8295427072552259,0.7961445578523664,12,1.0,0.24944308103806556,0.742767435683035,0.010604023933410645,0.0048475563526153564,False,0.14168,0.3132961392402649,0.30269211530685425,0.8984282981762545,0.021798819303512573,-0.006347239017486572,False,0.255575,0.3024528920650482,0.28065407276153564,0.8539326639001142,0.017657846212387085,-0.002206265926361084,False,0.428205,0.2688791751861572,0.25122132897377014,0.8539326639001142,0.017657846212387085,-0.002206265926361084,False,0.428205,0.2688791751861572,0.25122132897377014,0.7972020753264218,0.013688981533050537,0.0017625987529754639,False,0.555895,0.2855479121208191,0.27185893058776855,2.0995177000004333,0.0,3.434251993894577e-09,-0.05220012989629341
2558911884,33665,A group of boys in swim gear is playing in a field surrounded by trees.,38513,Three children in swimsuites are having fun outside near a white building.,2689001252,0.34558194875717163,0.31908705830574036,0.026494890451431274,0.9339794910974086,10,0.00024239999993369565,0.9134341362874444,0.02356305718421936,0.2998034656047821,0.27624040842056274,0.002931833267211914,False,0.18216265060240963,0.6314976600446287,0.005386471748352051,0.2815134525299072,0.2761269807815552,0.021108418703079224,False,0.2656024096385542,0.6618802984104623,0.0067168474197387695,0.28473588824272156,0.2780190408229828,0.019778043031692505,False,0.35721084337349396,0.6040695797244393,0.004224509000778198,0.2673945426940918,0.2631700336933136,0.022270381450653076,False,0.5513975903614458,0.6040695797244393,0.004224509000778198,0.2673945426940918,0.2631700336933136,0.022270381450653076,False,0.5513975903614458,0.5596624266717937,0.923421686746988,9,False,0.08952288133958482,0.7524094520243808,9.789999967324547e-05,0.886453493356068,0.020550161600112915,0.32098323106765747,0.30043306946754456,0.005944728851318359,False,0.25956024096385544,0.886453493356068,0.020550161600112915,0.32098323106765747,0.30043306946754456,0.005944728851318359,False,0.25956024096385544,0.8288319160730736,0.0157737135887146,0.3192248046398163,0.3034510910511017,0.010721176862716675,False,0.3511686746987952,0.8352296026289516,0.016231536865234375,0.32324230670928955,0.3070107698440552,0.0102633535861969,False,0.4025421686746988,0.754186213385112,0.011210650205612183,0.3135909140110016,0.3023802638053894,0.015284240245819092,False,0.5069216867469879,0.5894674598812979,0.8755,8,False,0.1271226531772347,0.8690077463659844,0.07369359999938752,False,0.8610932467888206,0.7356328889479474,10,1.0,0.031860949733309725,0.7334627301191342,0.010122627019882202,0.016372263431549072,False,0.11329518072289156,0.3004752993583679,0.2903526723384857,0.9579586263677382,0.03126150369644165,-0.004766613245010376,False,0.37889759036144577,0.2689386308193207,0.23767712712287903,0.9579586263677382,0.03126150369644165,-0.004766613245010376,False,0.37889759036144577,0.2689386308193207,0.23767712712287903,0.8382471141348966,0.016452431678771973,0.010042458772659302,False,0.5730843373493976,0.2247757464647293,0.20832331478595734,0.8382471141348966,0.016452431678771973,0.010042458772659302,False,0.5730843373493976,0.2247757464647293,0.20832331478595734,False,0.780134703001824,0.668051715820642,10,1.0,0.031860949733309725,0.8864531933843284,0.020550131797790527,0.005944758653640747,False,0.25956024096385544,0.3209832012653351,0.30043306946754456,0.8864531933843284,0.020550131797790527,0.005944758653640747,False,0.25956024096385544,0.3209832012653351,0.30043306946754456,0.8536145485904895,0.017632365226745605,0.008862525224685669,False,0.343,0.31752562522888184,0.29989326000213623,0.5871793553705225,0.0035231709480285645,0.02297171950340271,False,0.49389759036144576,0.2634093463420868,0.2598861753940582,0.6190009577181445,0.004853099584579468,0.021641790866851807,False,0.6760602409638554,0.20350511372089386,0.1986520141363144,1.3372714999995878,8.940696716308594e-08,3.6088749766349792e-09,0.08095854378699663
378434971,81975,"A bulldozer works to demolish a decrepit building; in the background, another brick building waits for its demise, its face covered with a grid of blackened window-holes.",14017,A man using a bulldozer on a construction site.,196521598,0.3502739667892456,0.30494797229766846,0.04532599449157715,0.9893617016646011,12,0.0002833000003192865,0.8688894352954774,0.018911749124526978,0.297818660736084,0.278906911611557,0.02641424536705017,False,0.1508942598187311,0.611766734086056,0.004547446966171265,0.2447834610939026,0.24023601412773132,0.040778547525405884,False,0.22980664652567975,0.41553880096295176,-0.0034111440181732178,0.2571026682853699,0.2605138123035431,0.048737138509750366,True,0.38090030211480363,0.8464467057079138,0.017069995403289795,0.22350957989692688,0.20643958449363708,0.028255999088287354,False,0.49380060422960725,0.699934291530491,0.008469849824905396,0.20833180844783783,0.19986195862293243,0.03685614466667175,False,0.5687311178247734,0.49202126633300103,0.9056616314199396,10,False,0.020562087901496766,0.7128241559827937,0.00010659999998097192,0.9610307604692092,0.03205233812332153,0.3257408142089844,0.29368847608566284,0.013273656368255615,False,0.17422356495468277,0.9625425603572431,0.03246372938156128,0.326956570148468,0.29449284076690674,0.01286226511001587,False,0.24915407854984895,0.9241903182097759,0.025006920099258423,0.31832247972488403,0.2933155596256256,0.020319074392318726,False,0.4002477341389728,0.9241903182097759,0.025006920099258423,0.31832247972488403,0.2933155596256256,0.020319074392318726,False,0.4002477341389728,0.17643273028796208,-0.015407055616378784,0.25036564469337463,0.2657727003097534,0.06073305010795593,True,0.5623081570996978,0.5365671889529717,0.5981510574018127,7,False,0.12625448063152175,0.8424023884611325,0.12030790000062552,False,0.8312726320942987,0.575991378399701,11,0.9641570996978852,0.026429081585307896,0.8688894352954774,0.018911749124526978,0.02641424536705017,False,0.1508942598187311,0.297818660736084,0.278906911611557,0.611766734086056,0.004547446966171265,0.040778547525405884,False,0.22980664652567975,0.2447834610939026,0.24023601412773132,0.9301414163955364,0.025888636708259583,0.019437357783317566,False,0.3427069486404834,0.2492450475692749,0.22335641086101532,0.8464467057079138,0.017069995403289795,0.028255999088287354,False,0.49380060422960725,0.22350957989692688,0.20643958449363708,0.4948980194924217,-0.0002040863037109375,0.045530080795288086,True,0.5522960725075529,0.22092455625534058,0.2211286425590515,False,0.9385339585769101,0.5760689056052363,12,1.0,0.33138949567668113,0.9445967640295074,0.028361201286315918,0.01696479320526123,False,0.17044712990936556,0.31242823600769043,0.2840670347213745,0.9427906873529653,0.028021275997161865,0.017304718494415283,False,0.24537764350453173,0.31328335404396057,0.2852620780467987,0.9866777342782498,0.04304906725883484,0.0022769272327423096,False,0.35827794561933535,0.3162553906440735,0.27320632338523865,0.7819401527267004,0.012770086526870728,0.03255590796470642,False,0.5093716012084593,0.29488831758499146,0.2821182310581207,0.7819401527267004,0.012770086526870728,0.03255590796470642,False,0.5093716012084593,0.29488831758499146,0.2821182310581207,1.7685285999996267,2.9802322387695312e-08,2.6193447411060333e-09,-0.10726132648261144
394707439,85546,A gray-haired man singing in a crowd and playing an acoustic guitar.,59571,A man in a black windbreaker strumming on a large stringed instrument on the sidewalk in front of a building.,322516292,0.35332340002059937,0.3161877989768982,0.03713560104370117,0.9761901981527803,15,0.0002943999998024083,0.983953080753192,0.04116061329841614,0.33624887466430664,0.2950882613658905,-0.004025012254714966,False,0.16464432989690722,0.9707719295168049,0.03502961993217468,0.320562481880188,0.2855328619480133,0.0021059811115264893,False,0.23792268041237113,0.9586137157352057,0.03142538666725159,0.28735917806625366,0.2559337913990021,0.005710214376449585,False,0.3369278350515464,0.8549142564042915,0.017736762762069702,0.25770747661590576,0.23997071385383606,0.01939883828163147,False,0.40554639175257734,0.19754151260887767,-0.014017313718795776,0.1976158767938614,0.21163319051265717,0.05115291476249695,True,0.6003762886597939,0.5612309459451027,0.7386494845360825,10,False,0.108942547596284,0.8215482230748802,0.00011099999983343878,0.8903509972274091,0.02094331383705139,0.33009448647499084,0.30915117263793945,0.01619228720664978,False,0.14189690721649484,0.7992683897596202,0.013817280530929565,0.3288787305355072,0.31506145000457764,0.023318320512771606,False,0.2187680412371134,0.022237272367188175,-0.03783497214317322,0.25835126638412476,0.296186238527298,0.07497057318687439,True,0.33672680412371137,0.04464151286142696,-0.03063422441482544,0.26665687561035156,0.297291100025177,0.06776982545852661,True,0.41301030927835053,0.10174643378502511,-0.021779686212539673,0.28958672285079956,0.31136640906333923,0.058915287256240845,True,0.5420773195876288,0.30572963814332244,0.5420773195876288,8,False,0.10174643378502511,0.47561367807761334,0.12363559999994322,False,0.5374301048457598,0.39124527874578713,13,0.8858762886597938,0.4024913034373004,0.8818948446860484,0.020104974508285522,0.01703062653541565,False,0.17113917525773195,0.32330089807510376,0.30319592356681824,0.1456696635594403,-0.017689764499664307,0.05482536554336548,True,0.2890979381443299,0.2791098952293396,0.2967996597290039,0.16381576295271555,-0.016301065683364868,0.05343666672706604,True,0.33247938144329897,0.2788972854614258,0.29519835114479065,0.5221450197986363,0.000886380672454834,0.03624922037124634,False,0.4213041237113402,0.2846887707710266,0.2838023900985718,0.11548204266535704,-0.020359277725219727,0.0574948787689209,True,0.5601649484536082,0.2768900692462921,0.29724934697151184,False,0.5072065139691339,0.45669386307799803,15,1.0,0.8689807364257455,0.988203603220416,0.044280946254730225,-0.007145345211029053,False,0.18657731958762885,0.3375348150730133,0.2932538688182831,0.028637033359105116,-0.035239994525909424,0.0723755955696106,True,0.2598556701030928,0.2747412323951721,0.30998122692108154,0.042080038853493366,-0.03125190734863281,0.06838750839233398,True,0.30323711340206183,0.27685117721557617,0.308103084564209,0.25286635611715025,-0.010833829641342163,0.047969430685043335,True,0.4716185567010309,0.27392590045928955,0.2847597301006317,0.4354703225128657,-0.002595663070678711,0.03973126411437988,True,0.518659793814433,0.26553159952163696,0.2681272625923157,2.3030580999993617,2.9802322387695312e-08,3.3178366720676422e-09,0.03022359087662596
1749702972,11595,Several people walking past a food cart on a city street.,130245,A man in an orange visor crossing the street with a ice cream vendor in the background and a woman about to cross the street as well.,535020523,0.3405127227306366,0.32818081974983215,0.012331902980804443,0.7743764632251903,8,0.00026419999994686805,0.9505429365251524,0.029559284448623657,0.3365342617034912,0.30697497725486755,-0.017227381467819214,False,0.16518318318318317,0.968754068622294,0.03434121608734131,0.27322396636009216,0.23888275027275085,-0.022009313106536865,False,0.30787987987987986,0.968754068622294,0.03434121608734131,0.27322396636009216,0.23888275027275085,-0.022009313106536865,False,0.30787987987987986,0.7552314282125085,0.011267110705375671,0.24285168945789337,0.2315845787525177,0.001064792275428772,False,0.5595135135135135,0.7552314282125085,0.011267110705375671,0.24285168945789337,0.2315845787525177,0.001064792275428772,False,0.5595135135135135,0.8040086565343678,1.0,8,False,0.9772638666090209,0.8870364439158833,0.00010799999972732621,0.36169649776671514,-0.005680084228515625,0.3213921785354614,0.32707226276397705,0.01801198720932007,True,0.2516336336336336,0.36169649776671514,-0.005680084228515625,0.3213921785354614,0.32707226276397705,0.01801198720932007,True,0.2516336336336336,0.6370330822790946,0.005625098943710327,0.2698841989040375,0.26425909996032715,0.006706804037094116,False,0.3943303303303303,0.5606890090484051,0.0024395883083343506,0.273425817489624,0.2709862291812897,0.009892314672470093,False,0.4993693693693694,0.560136170693457,0.002417147159576416,0.2744404673576355,0.2720233201980591,0.009914755821228027,False,0.5505645645645646,0.6197029828254461,0.3943303303303303,3,False,0.6370330822790946,0.5554099009825161,0.11431269999957294,False,0.9351716281018199,0.9275369937520548,8,1.0,0.9772638666090209,0.9775093258474032,0.03771907091140747,-0.025387167930603027,False,0.14269669669669668,0.29364898800849915,0.2559299170970917,0.968754068622294,0.03434121608734131,-0.022009313106536865,False,0.30787987987987986,0.27322396636009216,0.23888275027275085,0.968754068622294,0.03434121608734131,-0.022009313106536865,False,0.30787987987987986,0.27322396636009216,0.23888275027275085,0.9131223308237704,0.023523688316345215,-0.011191785335540771,False,0.4492192192192192,0.2656475305557251,0.24212384223937988,0.9704396917631101,0.03491316735744476,-0.02258126437664032,False,0.6559459459459459,0.2509218752384186,0.21600870788097382,False,0.9095753083224211,0.9235261681287699,8,1.0,0.9772638666090209,0.9775093258474032,0.03771907091140747,-0.025387167930603027,False,0.14269669669669668,0.29364898800849915,0.2559299170970917,0.968754068622294,0.03434121608734131,-0.022009313106536865,False,0.30787987987987986,0.27322396636009216,0.23888275027275085,0.968754068622294,0.03434121608734131,-0.022009313106536865,False,0.30787987987987986,0.27322396636009216,0.23888275027275085,0.8586091246547662,0.018037855625152588,-0.0057059526443481445,False,0.4366006006006006,0.28291749954223633,0.26487964391708374,0.8834123030355363,0.020251482725143433,-0.00791957974433899,False,0.5980900900900901,0.24889041483402252,0.2286389321088791,1.0768547999996372,2.9802322387695312e-08,3.725290298461914e-09,0.025596319779398802
3974197857,86250,Military men in blue and red suits stand in the street.,105529,Men in uniform are standing on a street.,4653258614,0.3557228446006775,0.3276832699775696,0.02803957462310791,0.9428893036359987,7,0.0002918999998655636,0.9653291879102912,0.03326570987701416,0.3192610740661621,0.28599536418914795,-0.00522613525390625,False,0.40947428571428574,0.9653291879102912,0.03326570987701416,0.3192610740661621,0.28599536418914795,-0.00522613525390625,False,0.40947428571428574,0.9653291879102912,0.03326570987701416,0.3192610740661621,0.28599536418914795,-0.00522613525390625,False,0.40947428571428574,0.9653291879102912,0.03326570987701416,0.3192610740661621,0.28599536418914795,-0.00522613525390625,False,0.40947428571428574,0.9542417562104683,0.03037545084953308,0.2863374650478363,0.2559620141983032,-0.002335876226425171,False,0.6805142857142857,0.8564856603542458,1.0,7,False,0.11477615291720102,0.9563700129681749,9.839999984251335e-05,0.9723517619155831,0.03560155630111694,0.31405240297317505,0.2784508466720581,-0.007561981678009033,False,0.16033714285714284,0.9349944581755655,0.026660680770874023,0.3124901354312897,0.28582945466041565,0.0013788938522338867,False,0.23349142857142857,0.9592223274596929,0.0315798819065094,0.3320535719394684,0.300473690032959,-0.0035403072834014893,False,0.41666857142857144,0.9592223274596929,0.0315798819065094,0.3320535719394684,0.300473690032959,-0.0035403072834014893,False,0.41666857142857144,0.5811402533956658,0.00327455997467041,0.17625300586223602,0.1729784458875656,0.0247650146484375,False,0.8781542857142857,0.8317792780249988,0.8781542857142857,6,False,0.5811402533956658,0.856596272305294,0.12178649999987101,False,0.9248274356722075,0.7962589844429254,7,1.0,0.11477615291720102,0.972351681795464,0.035601526498794556,-0.0075619518756866455,False,0.16033714285714284,0.31405240297317505,0.2784508764743805,0.9349944581755655,0.026660680770874023,0.0013788938522338867,False,0.23349142857142857,0.31249019503593445,0.2858295142650604,0.8786721858093587,0.019799157977104187,0.008240416646003723,False,0.6429657142857143,0.26018571853637695,0.24038656055927277,0.8786721858093587,0.019799157977104187,0.008240416646003723,False,0.6429657142857143,0.26018571853637695,0.24038656055927277,0.8786721858093587,0.019799157977104187,0.008240416646003723,False,0.6429657142857143,0.26018571853637695,0.24038656055927277,False,0.9595634410436823,0.8333967754646978,7,1.0,0.11477615291720102,0.972351681795464,0.035601526498794556,-0.0075619518756866455,False,0.16033714285714284,0.31405240297317505,0.2784508764743805,0.9482967941721082,0.029091477394104004,-0.0010519027709960938,False,0.5698114285714285,0.27361318469047546,0.24452170729637146,0.9482967941721082,0.029091477394104004,-0.0010519027709960938,False,0.5698114285714285,0.27361318469047546,0.24452170729637146,0.9482967941721082,0.029091477394104004,-0.0010519027709960938,False,0.5698114285714285,0.27361318469047546,0.24452170729637146,0.9482967941721082,0.029091477394104004,-0.0010519027709960938,False,0.5698114285714285,0.27361318469047546,0.24452170729637146,0.9451129999997647,5.960464477539063e-08,2.9685907065868378e-09,-0.03473600537147481
4830651041,116758,Two female soldiers standing in a crowd.,119252,A group of Asian students in their uniforms.,4869914617,0.30290621519088745,0.29106706380844116,0.011839151382446289,0.7656510256839477,12,0.00041340000007039635,0.6801382136881586,0.007544070482254028,0.2937994599342346,0.2862553894519806,0.004295080900192261,False,0.13347147147147148,0.6764770221036105,0.007376283407211304,0.2844051122665405,0.2770288288593292,0.004462867975234985,False,0.21022222222222223,0.8959690848194921,0.021532177925109863,0.2909772992134094,0.26944512128829956,-0.009693026542663574,False,0.31034234234234237,0.125573547045687,-0.019406765699386597,0.2524939775466919,0.2719007432460785,0.031245917081832886,True,0.42404204204204204,0.24052608348459512,-0.011497974395751953,0.23772957921028137,0.24922755360603333,0.023337125778198242,True,0.5824804804804805,0.3718351502897458,0.7627687687687688,9,False,0.06018997264779451,0.5396573048079869,0.00018049999971481157,0.6801382136881586,0.007544070482254028,0.2937994599342346,0.2862553894519806,0.004295080900192261,False,0.13347147147147148,0.7359761293147065,0.01025158166885376,0.2897706627845764,0.27951908111572266,0.0015875697135925293,False,0.24245645645645644,0.6587746891001074,0.006578385829925537,0.28380537033081055,0.277226984500885,0.005260765552520752,False,0.3008888888888889,0.774813549845311,0.012356936931610107,0.27893275022506714,0.26657581329345703,-0.0005177855491638184,False,0.47775975975975976,0.9222754829087056,0.024736732244491577,0.2844514846801758,0.2597147524356842,-0.012897580862045288,False,0.554006006006006,0.7429590855333121,0.47775975975975976,6,False,0.774813549845311,0.7326293942378196,0.11809629999970639,False,0.63709849698494,0.7952256815178272,11,0.9237537537537538,0.8121369343074945,0.8743884877482032,0.019403308629989624,-0.007564157247543335,False,0.1534954954954955,0.27626121044158936,0.25685790181159973,0.8147457824458386,0.014811471104621887,-0.002972319722175598,False,0.2671951951951952,0.2570450007915497,0.2422335296869278,0.40273572989840445,-0.003940790891647339,0.015779942274093628,True,0.32562762762762765,0.2512902319431305,0.25523102283477783,0.11910084007538516,-0.020009726285934448,0.03184887766838074,True,0.43461261261261264,0.23920217156410217,0.2592118978500366,0.9179085415385055,0.024142637848854065,-0.012303486466407776,False,0.5106006006006006,0.25662943720817566,0.2324867993593216,False,0.9119429985281295,0.9314334804584847,10,0.8554414414414414,0.9833139302780344,0.9264010078227364,0.02532675862312317,-0.01348760724067688,False,0.10898498498498499,0.29910996556282043,0.27378320693969727,0.9253554841972341,0.02517440915107727,-0.013335257768630981,False,0.26124924924924925,0.30894023180007935,0.2837658226490021,0.9370291649773969,0.02700042724609375,-0.015161275863647461,False,0.338,0.3080647587776184,0.28106433153152466,0.9476632272730026,0.02896299958229065,-0.01712384819984436,False,0.44204204204204206,0.29259636998176575,0.2636333703994751,0.8891606308655505,0.020821958780288696,-0.008982807397842407,False,0.5072012012012012,0.29073357582092285,0.26991161704063416,1.692866999999751,5.960464477539063e-08,4.190951585769653e-09,-0.2748445015431895
7446693604,147448,A man is leaping over a barrier away from a bull.,143838,"A man being hit by a bull during an event, as another man runs to help.",6956989138,0.3612273037433624,0.3169252574443817,0.04430204629898071,0.9882281747316843,13,0.0002886000002035871,0.993947131732741,0.05101151764392853,0.2745881676673889,0.2235766500234604,-0.006709471344947815,False,0.10013813813813814,0.9638800168056026,0.03284120559692383,0.2404719591140747,0.20763075351715088,0.011460840702056885,False,0.2654174174174174,0.987047286532162,0.043334126472473145,0.2695496678352356,0.22621554136276245,0.0009679198265075684,False,0.35463663663663664,0.969367769436164,0.034545913338661194,0.25233232975006104,0.21778641641139984,0.009756132960319519,False,0.4283123123123123,0.9784599672681167,0.038160666823387146,0.2245001345872879,0.18633946776390076,0.006141379475593567,False,0.5157117117117117,0.946741741050589,0.8140720720720721,10,False,0.853982840215646,0.9797324435310524,0.0001098000002457411,0.92071265922102,0.024520695209503174,0.3287509083747864,0.3042302131652832,0.01978135108947754,False,0.16527927927927927,0.8234971062197017,0.015402227640151978,0.3269793689250946,0.3115771412849426,0.028899818658828735,False,0.23895495495495495,0.8566309376380755,0.017875850200653076,0.32239246368408203,0.30451661348342896,0.026426196098327637,False,0.3437297297297297,0.7631009186688829,0.011697560548782349,0.3074556589126587,0.29575809836387634,0.032604485750198364,False,0.432948948948949,0.5975717665006759,0.00395357608795166,0.28767263889312744,0.2837190628051758,0.04034847021102905,False,0.5566906906906907,0.6490118548008748,0.6061681681681682,8,False,0.4254739185720035,0.837927120722486,0.12327290000030189,False,0.983108532410087,0.9080079452908517,13,1.0,0.6944549664569141,0.9939471227678516,0.051011502742767334,-0.006709456443786621,False,0.10013813813813814,0.27458813786506653,0.2235766351222992,0.9977286798326896,0.06085120141506195,-0.016549155116081238,False,0.23883483483483484,0.2827162742614746,0.22186507284641266,0.9940204498468433,0.051134124398231506,-0.0068320780992507935,False,0.3436096096096096,0.27966243028640747,0.22852830588817596,0.956986273759686,0.031022697687149048,0.013279348611831665,False,0.4433573573573574,0.3019733428955078,0.27095064520835876,0.9238974765075956,0.02496519684791565,0.019336849451065063,False,0.517033033033033,0.286690890789032,0.26172569394111633,False,0.7515544888720219,0.7319235531208363,13,1.0,0.6944549664569141,0.92071265922102,0.024520695209503174,0.01978135108947754,False,0.16527927927927927,0.32875096797943115,0.304230272769928,0.8821606067309721,0.020130515098571777,0.024171531200408936,False,0.2317237237237237,0.32283782958984375,0.302707314491272,0.8223262276673047,0.015321880578994751,0.028980165719985962,False,0.3053993993993994,0.3134590685367584,0.29813718795776367,0.42354961824736265,-0.003082185983657837,0.04738423228263855,True,0.44409609609609607,0.2844751477241516,0.28755733370780945,0.44818093440683676,-0.0020802319049835205,0.04638227820396423,True,0.5488708708708708,0.2816826403141022,0.2837628722190857,1.8033025000004272,5.960464477539063e-08,2.7939677238464355e-09,0.23155404353806508
367400736,78373,A street vendor is displaying artwork and other goods.,22782,A man prepares his local stand for the days business.,228947041,0.3422747850418091,0.3041655421257019,0.03810924291610718,0.9783513188518307,12,0.00028249999968466,0.993779288257801,0.050736308097839355,0.32365068793296814,0.2729143798351288,-0.012627065181732178,False,0.2603641791044776,0.993779288257801,0.050736308097839355,0.32365068793296814,0.2729143798351288,-0.012627065181732178,False,0.2603641791044776,0.9668022826191812,0.033715128898620605,0.28999462723731995,0.25627949833869934,0.004394114017486572,False,0.36970149253731344,0.8535458274049161,0.017626866698265076,0.24147047102451324,0.22384360432624817,0.020482376217842102,False,0.4832179104477612,0.5401816873155482,0.0016107410192489624,0.21581755578517914,0.21420681476593018,0.036498501896858215,False,0.5475820895522389,0.6840570376169197,0.8796537313432836,10,False,0.2991539003435076,0.935186186741707,0.00010969999993903912,0.9706275784192556,0.03497886657714844,0.33260345458984375,0.2976245880126953,0.0031303763389587402,False,0.1689910447761194,0.9217631463936632,0.024665474891662598,0.30915775895118713,0.28449228405952454,0.01344376802444458,False,0.2825074626865672,0.749166970216245,0.010941743850708008,0.2829616665840149,0.2720199227333069,0.02716749906539917,False,0.3468716417910448,0.5383197861343848,0.0015358030796051025,0.2781011164188385,0.2765653133392334,0.036573439836502075,False,0.42644776119402983,0.3492559799013125,-0.006223112344741821,0.23050585389137268,0.2367289662361145,0.044332355260849,True,0.5357850746268656,0.6629175611744682,0.7428238805970149,8,False,0.6514975175901137,0.7943705710102901,0.0205562999999529,False,0.873000125624954,0.5905942008934482,11,0.9458626865671642,0.0843297263220196,0.970627663384611,0.034978896379470825,0.0031303465366363525,False,0.1689910447761194,0.33260345458984375,0.2976245582103729,0.9217627165486303,0.024665415287017822,0.013443827629089355,False,0.2825074626865672,0.3091577887535095,0.2844923734664917,0.9191125266336058,0.02430349588394165,0.013805747032165527,False,0.34120597014925375,0.30897653102874756,0.2846730351448059,0.7958186507231754,0.013603627681732178,0.024505615234375,False,0.40557014925373136,0.28789427876472473,0.27429065108299255,0.6203119640829501,0.004908725619316101,0.03320051729679108,False,0.5707522388059701,0.2336479127407074,0.2287391871213913,False,0.9015420072887409,0.6954139630673046,12,1.0,0.029370255038628706,0.970627663384611,0.034978896379470825,0.0031303465366363525,False,0.1689910447761194,0.33260345458984375,0.2976245582103729,0.940102610101286,0.02753356099128723,0.010575681924819946,False,0.22768955223880596,0.3220013976097107,0.29446783661842346,0.9526955613822881,0.030026912689208984,0.008082330226898193,False,0.3014985074626866,0.31585267186164856,0.2858257591724396,0.7277231146642006,0.009831011295318604,0.028278231620788574,False,0.41501492537313434,0.2641381621360779,0.2543071508407593,0.8163044904298586,0.01491507887840271,0.023194164037704468,False,0.5063880597014926,0.24914276599884033,0.23422768712043762,1.647303899999315,0.0,2.3283064365386963e-09,-0.028541881663786905
5829317322,134912,"Two young ballerinas pose before a sign reading ""babys"".",114464,Rhythmic gymnasts are new to the competitive olympics.,480048562,0.29887452721595764,0.29042741656303406,0.008447110652923584,0.6994564921444655,16,0.000366900000244641,0.005982899010120791,-0.05112849175930023,0.23774327337741852,0.28887176513671875,0.059575602412223816,True,0.10244332493702771,0.36374112582329726,-0.005591630935668945,0.26082420349121094,0.2664158344268799,0.01403874158859253,True,0.25096725440806045,0.12164047440278218,-0.019769862294197083,0.24836088716983795,0.26813074946403503,0.028216972947120667,True,0.3195264483627204,0.6919431551926044,0.00809219479560852,0.2688427269458771,0.26075053215026855,0.0003549158573150635,False,0.435808564231738,0.11474194103412895,-0.020431935787200928,0.246122807264328,0.26655474305152893,0.02887904644012451,True,0.5281763224181361,0.157886469276047,0.7379244332493703,11,False,0.006965621233587612,0.3119930777180256,0.00014629999986937037,0.5588493101685208,0.002364933490753174,0.2839823365211487,0.2816174030303955,0.00608217716217041,False,0.146911838790932,0.14979436923282993,-0.017362147569656372,0.25573647022247314,0.2730986177921295,0.025809258222579956,True,0.24089168765743074,0.02586612501043177,-0.03628614544868469,0.2533048391342163,0.289590984582901,0.044733256101608276,True,0.34819143576826195,0.07601728337091217,-0.02497732639312744,0.25743377208709717,0.2824110984802246,0.033424437046051025,True,0.40506297229219146,0.0791058686710341,-0.0245455801486969,0.2584027945995331,0.28294837474823,0.03299269080162048,True,0.5121662468513853,0.15496849491214928,0.6683979848866499,10,False,0.027121224255772635,0.2857617396488443,0.04245159999936732,False,0.25797612114202256,0.20105987418030374,16,1.0,0.25760627781541107,0.03253078589558424,-0.03392496705055237,0.04237207770347595,True,0.14337027707808564,0.25733986496925354,0.2912648320198059,0.029112613498461223,-0.03507038950920105,0.043517500162124634,True,0.25879596977329977,0.24445995688438416,0.2795303463935852,0.36836087217510044,-0.005392551422119141,0.013839662075042725,True,0.340816120906801,0.24176645278930664,0.24715900421142578,0.4164116033506564,-0.003375217318534851,0.011822327971458435,True,0.42527959697733,0.22619208693504333,0.22956730425357819,0.1913266073849994,-0.01441413164138794,0.022861242294311523,True,0.517647355163728,0.2161463499069214,0.23056048154830933,False,0.1549623801144316,0.20686533968318854,16,1.0,0.25760627781541107,0.15967103259563603,-0.016606777906417847,0.02505388855934143,True,0.10729974811083123,0.2766959071159363,0.2933026850223541,0.03513702125151699,-0.0331273078918457,0.04157441854476929,True,0.28479093198992445,0.2602621912956238,0.2933894991874695,0.04655888957554255,-0.030193597078323364,0.03864070773124695,True,0.3787707808564232,0.2533756196498871,0.28356921672821045,0.10809188888623425,-0.021103814244270325,0.02955092489719391,True,0.46323425692695214,0.2476179450750351,0.2687217593193054,0.1569701971952505,-0.016809463500976562,0.025256574153900146,True,0.5509068010075566,0.2464686632156372,0.26327812671661377,2.605899099999988,2.9802322387695312e-08,2.6775524020195007e-09,0.10301374102759095
4587060991,102242,Two men are having a conversation in front of a souvenir shop in Rome.,87344,Merchants and customers at a market.,4031513473,0.31335675716400146,0.2995026111602783,0.013854146003723145,0.7998592011286729,11,0.00033750000011423253,0.705083826997434,0.00871625542640686,0.29926273226737976,0.2905464768409729,0.005137890577316284,False,0.14304433497536945,0.6090622479305132,0.004433721303939819,0.2821890413761139,0.2777553200721741,0.009420424699783325,False,0.2161527093596059,0.6784709599922795,0.007467538118362427,0.2807653546333313,0.27329781651496887,0.006386607885360718,False,0.32908866995073893,0.02890915925006903,-0.03514261543750763,0.21427591145038605,0.24941852688789368,0.048996761441230774,True,0.42707881773399015,0.12427445766909861,-0.019525602459907532,0.20792537927627563,0.22745098173618317,0.033379748463630676,True,0.5818620689655173,0.3160089472663136,0.8435467980295567,10,False,0.12304253933331363,0.4724349871855072,0.00015039999971122597,0.2856274110818799,-0.00916716456413269,0.2556324005126953,0.264799565076828,0.023021310567855835,True,0.1710985221674877,0.09629987194170628,-0.022390305995941162,0.22438155114650726,0.24677185714244843,0.03624445199966431,True,0.23440886699507388,0.0859530167253264,-0.023640811443328857,0.2167559117078781,0.24039672315120697,0.037494957447052,True,0.31414285714285717,0.11261529382137365,-0.02064301073551178,0.20928514003753662,0.2299281507730484,0.034497156739234924,True,0.43049753694581283,0.09137897531068881,-0.02296912670135498,0.20598545670509338,0.22895458340644836,0.036823272705078125,True,0.5060689655172413,0.25054731454170187,0.5444975369458128,7,False,0.19868300037397252,0.2598038623659662,0.119187399999646,False,0.2594430593819332,0.2375083852865096,11,1.0,0.13931864359393226,0.28562680298258986,-0.009167194366455078,0.023021340370178223,True,0.1710985221674877,0.25563234090805054,0.2647995352745056,0.09629922354789017,-0.02239038050174713,0.036244526505470276,True,0.23440886699507388,0.22438153624534607,0.2467719167470932,0.06996710582578362,-0.025871947407722473,0.03972609341144562,True,0.39086206896551723,0.20572392642498016,0.23159587383270264,0.1835389263036937,-0.014925524592399597,0.02877967059612274,True,0.4664334975369458,0.21622660756111145,0.23115213215351105,0.1716809196134553,-0.015737608075141907,0.02959175407886505,True,0.5461674876847291,0.19557906687259674,0.21131667494773865,False,0.2593968763115656,0.2268862260715689,11,1.0,0.13931864359393226,0.28562680298258986,-0.009167194366455078,0.023021340370178223,True,0.1710985221674877,0.25563234090805054,0.2647995352745056,0.09629922354789017,-0.02239038050174713,0.036244526505470276,True,0.23440886699507388,0.22438153624534607,0.2467719167470932,0.08595278258338444,-0.023640841245651245,0.03749498724937439,True,0.31414285714285717,0.21675589680671692,0.24039673805236816,0.14002789607835198,-0.018150582909584045,0.03200472891330719,True,0.4705960591133005,0.20028097927570343,0.21843156218528748,0.1716809196134553,-0.015737608075141907,0.02959175407886505,True,0.5461674876847291,0.19557906687259674,0.21131667494773865,1.7195310999995854,2.9802322387695312e-08,3.4924596548080444e-09,4.618307036757807e-05
3969232921,86012,Security officers are standing near a sporting event tent.,68253,Two police officers observe while a crowd gathers outside a white tarp.,3432637363,0.31561216711997986,0.3035993278026581,0.012012839317321777,0.7687531090657436,12,0.00027399999999033753,0.2887320648743856,-0.009015500545501709,0.27404463291168213,0.28306013345718384,0.021028339862823486,True,0.20366978193146418,0.2887320648743856,-0.009015500545501709,0.27404463291168213,0.28306013345718384,0.021028339862823486,True,0.20366978193146418,0.11047070874950662,-0.02085942029953003,0.2713310420513153,0.29219046235084534,0.03287225961685181,True,0.32122118380062303,0.06937956559986026,-0.02596259117126465,0.279214471578598,0.30517706274986267,0.037975430488586426,True,0.4355638629283489,0.08642269363839607,-0.02358117699623108,0.2072175145149231,0.23079869151115417,0.035594016313552856,True,0.5638566978193147,0.19840518112237487,0.7645919003115265,9,False,0.1263404769891182,0.2685589240528921,0.00010380000003351597,0.33311918796896633,-0.006941109895706177,0.29673177003860474,0.3036728799343109,0.018953949213027954,True,0.11755140186915888,0.5359102126798156,0.0014388859272003174,0.23602473735809326,0.23458585143089294,0.01057395339012146,False,0.36646728971962617,0.5359102126798156,0.0014388859272003174,0.23602473735809326,0.23458585143089294,0.01057395339012146,False,0.36646728971962617,0.3236152769067568,-0.007372066378593445,0.23571521043777466,0.2430872768163681,0.019384905695915222,True,0.4063613707165109,0.63857317524927,0.0056917667388916016,0.23801299929618835,0.23232123255729675,0.006321072578430176,False,0.5070654205607477,0.5332579801321714,0.5070654205607477,5,False,0.63857317524927,0.4703812289608157,0.11362439999993512,False,0.5293357413039341,0.36727452560688645,12,1.0,0.573128580869419,0.2887320648743856,-0.009015500545501709,0.021028339862823486,True,0.20366978193146418,0.27404463291168213,0.28306013345718384,0.2887320648743856,-0.009015500545501709,0.021028339862823486,True,0.20366978193146418,0.27404463291168213,0.28306013345718384,0.907321749792036,0.02281363308429718,-0.010800793766975403,False,0.37254828660436135,0.24271221458911896,0.21989858150482178,0.2016524180159836,-0.013759985566139221,0.025772824883461,True,0.49009968847352026,0.2102121263742447,0.2239721119403839,0.13329118264926187,-0.018721669912338257,0.030734509229660034,True,0.529993769470405,0.21130524575710297,0.23002691566944122,False,0.20596042437988973,0.18416595690042042,11,0.9229408099688473,0.19406795427949283,0.16276199434138278,-0.016378194093704224,0.028391033411026,True,0.16673520249221183,0.2916766107082367,0.3080548048019409,0.0542358711234985,-0.028586506843566895,0.04059934616088867,True,0.37040498442367603,0.26997387409210205,0.29856038093566895,0.0542358711234985,-0.028586506843566895,0.04059934616088867,True,0.37040498442367603,0.26997387409210205,0.29856038093566895,0.03669859227290887,-0.03267627954483032,0.0446891188621521,True,0.41589408099688474,0.26935669779777527,0.3020329773426056,0.05414925963277562,-0.028603404760360718,0.040616244077682495,True,0.5165981308411215,0.2753358483314514,0.30393925309181213,1.7237227999994502,2.9802322387695312e-08,3.5797711461782455e-09,0.3233753169240444
2870426310,45325,Three little children in a grassy yard running towards the camera.,132035,"4 kids playing, one in a red dress one in a pink shirt, one in a white shirt and a little boy with his arm through a green toy.",5506383509,0.3544353246688843,0.3281252980232239,0.0263100266456604,0.9328304014831732,12,0.0002729000002545945,0.6820891712466334,0.007633894681930542,0.34381940960884094,0.3361855149269104,0.01867613196372986,False,0.12671148459383755,0.6216338343227873,0.004964888095855713,0.326700359582901,0.3217354714870453,0.021345138549804688,False,0.2535686274509804,0.9601260477419317,0.03181341290473938,0.313303142786026,0.2814897298812866,-0.0055033862590789795,False,0.34383193277310925,0.9986874197480291,0.06634446978569031,0.27628278732299805,0.20993831753730774,-0.04003444314002991,False,0.40398879551820727,0.9984141989603432,0.06445078551769257,0.24666540324687958,0.182214617729187,-0.038140758872032166,False,0.561047619047619,0.9109255324125153,0.8046442577030812,9,False,0.9999082088749113,0.8415406989142955,0.0001067000002876739,0.6820891712466334,0.007633894681930542,0.34381940960884094,0.3361855149269104,0.01867613196372986,False,0.12671148459383755,0.6767763285549315,0.007389962673187256,0.3268280029296875,0.31943804025650024,0.018920063972473145,False,0.21680112044817929,0.35003531815136035,-0.006188839673995972,0.3078596591949463,0.31404849886894226,0.03249886631965637,True,0.3693501400560224,0.49760167649950454,-9.593367576599121e-05,0.30869773030281067,0.30879366397857666,0.02640596032142639,True,0.4883249299719888,0.5548427238444759,0.0022025704383850098,0.3085792362689972,0.3063766658306122,0.02410745620727539,False,0.5617591036414565,0.4688692749041513,0.3693501400560224,4,False,0.35003531815136035,0.5890607544988402,0.12215519999972457,False,0.5121397541311694,0.6771582113207993,12,1.0,0.9990724638631248,0.6820891712466334,0.007633894681930542,0.01867613196372986,False,0.12671148459383755,0.34381940960884094,0.3361855149269104,0.1198052115409632,-0.019942760467529297,0.0462527871131897,True,0.26164145658263305,0.310208261013031,0.3301510214805603,0.47019505745648515,-0.001193612813949585,0.027503639459609985,True,0.3519047619047619,0.3081144392490387,0.3093080520629883,0.27799871369988866,-0.00954410433769226,0.03585413098335266,True,0.44199439775910365,0.27906736731529236,0.2886114716529846,0.8979276153702103,0.021744072437286377,0.0045659542083740234,False,0.5688515406162465,0.24103254079818726,0.21928846836090088,False,0.8169471450275438,0.8339745180858614,12,1.0,0.9990724638631248,0.9633339490275703,0.03268548846244812,-0.00637546181678772,False,0.15805042016806722,0.33071842789649963,0.2980329394340515,0.6985272082334284,0.00840294361114502,0.01790708303451538,False,0.28476190476190477,0.33032339811325073,0.3219204545021057,0.8757983382728912,0.01953229308128357,0.006777733564376831,False,0.3498711484593838,0.33939433097839355,0.31986203789711,0.759970610785682,0.011525183916091919,0.014784842729568481,False,0.4401344537815126,0.30733367800712585,0.29580849409103394,0.2574259281920554,-0.010593906044960022,0.03690393269062042,True,0.5071036414565826,0.2463732212781906,0.25696712732315063,1.8408756999997422,2.9802322387695312e-08,3.4924596548080444e-09,-0.30480739089637443
4637947642,104662,Young man with a cigarette placing food on a paper plate.,9905,A man in a blue and white t-shirt is grilling outdoors.,157910841,0.32290971279144287,0.30782970786094666,0.015080004930496216,0.8187646909572157,12,0.00026049999996757833,0.027250998316380216,-0.035750359296798706,0.22211793065071106,0.25786828994750977,0.05083036422729492,True,0.1463012048192771,0.29306076265939973,-0.008805647492408752,0.21557368338108063,0.22437933087348938,0.023885652422904968,True,0.2682409638554217,0.20774780208598334,-0.013385549187660217,0.20636627078056335,0.21975181996822357,0.028465554118156433,True,0.3624759036144578,0.05036410975931248,-0.029367998242378235,0.15105780959129333,0.18042580783367157,0.04444800317287445,True,0.5167590361445783,0.05036410975931248,-0.029367998242378235,0.15105780959129333,0.18042580783367157,0.04444800317287445,True,0.5167590361445783,0.2345872868134761,0.7110120481927711,8,False,0.30384567660773426,0.24174500622480352,0.00010569999994913815,0.6365064495635906,0.005602329969406128,0.24497568607330322,0.2393733561038971,0.009477674961090088,False,0.1478855421686747,0.1355474538458342,-0.018527746200561523,0.22104692459106445,0.23957467079162598,0.03360775113105774,True,0.30216867469879516,0.1355474538458342,-0.018527746200561523,0.22104692459106445,0.23957467079162598,0.03360775113105774,True,0.30216867469879516,0.18646164104580237,-0.014731675386428833,0.21260011196136475,0.22733178734779358,0.02981168031692505,True,0.4359518072289157,0.11200560562107213,-0.02070416510105133,0.2094816416501999,0.23018580675125122,0.035784170031547546,True,0.5043734939759036,0.2091174638636072,0.6668192771084337,8,False,0.09237084108325716,0.3943798384961653,0.11738129999957891,False,0.1475528004714333,0.20112315900760558,9,0.7805240963855422,0.2921231449769276,0.02725103781697448,-0.03575034439563751,0.05083034932613373,True,0.1463012048192771,0.22211791574954987,0.2578682601451874,0.0019653622171316673,-0.062301114201545715,0.07738111913204193,True,0.23762048192771085,0.21621321141719818,0.2785143256187439,0.0016593275153700242,-0.063996821641922,0.07907682657241821,True,0.3058313253012048,0.20062515139579773,0.2646219730377197,0.02268705117310005,-0.037630125880241394,0.05271013081073761,True,0.4601144578313253,0.20126855373382568,0.23889867961406708,0.3395802135957867,-0.006651654839515686,0.021731659770011902,True,0.5395903614457831,0.21152885258197784,0.21818050742149353,False,0.1630580498333062,0.2083731820338597,10,0.8747590361445783,0.41089136018034267,0.02725103781697448,-0.03575034439563751,0.05083034932613373,True,0.1463012048192771,0.22211791574954987,0.2578682601451874,0.10417002767445985,-0.021517261862754822,0.03659726679325104,True,0.3005843373493976,0.20995911955833435,0.23147638142108917,0.10417002767445985,-0.021517261862754822,0.03659726679325104,True,0.3005843373493976,0.20995911955833435,0.23147638142108917,0.010002002520458656,-0.04594917595386505,0.06102918088436127,True,0.5177349397590362,0.21104447543621063,0.2569936513900757,0.010002002520458656,-0.04594917595386505,0.06102918088436127,True,0.5177349397590362,0.21104447543621063,0.2569936513900757,1.5364111999997476,2.9802322387695312e-08,4.6566128730773926e-09,-0.01550524936187292
1489286545,8618,A man and his dog watch the sunset from a bench.,124230,A woman with a dog sitting on a bench near the ocean.,4953536921,0.35131803154945374,0.3041378855705261,0.04718014597892761,0.9911461937877841,14,0.0002598999999463558,0.995768926604961,0.05461059510707855,0.3017193377017975,0.24710874259471893,-0.00743044912815094,False,0.1598918918918919,0.9986294185266242,0.06591148674488068,0.30360719561576843,0.23769570887088776,-0.018731340765953064,False,0.22932732732732733,0.8366645677484588,0.016336172819137573,0.26024821400642395,0.24391204118728638,0.03084397315979004,False,0.3586006006006006,0.9330215518971081,0.026340574026107788,0.24074974656105042,0.21440917253494263,0.020839571952819824,False,0.44345345345345344,0.9569077535021923,0.031003639101982117,0.23771972954273224,0.20671609044075012,0.016176506876945496,False,0.5108588588588588,0.772281580792801,0.7752252252252252,11,False,0.459253556623853,0.9503430803486781,0.00011959999983446323,0.928635607033687,0.025659173727035522,0.3379303812980652,0.31227120757102966,0.02152097225189209,False,0.1423903903903904,0.9168481252048348,0.02400273084640503,0.3214223384857178,0.29741960763931274,0.023177415132522583,False,0.21182582582582582,0.9380204619151484,0.02716967463493347,0.3122261166572571,0.2850564420223236,0.02001047134399414,False,0.33136336336336336,0.9233464428207773,0.0248870849609375,0.29646408557891846,0.27157700061798096,0.022293061017990112,False,0.414012012012012,0.9717191794413337,0.03536882996559143,0.2738317847251892,0.23846295475959778,0.011811316013336182,False,0.5413153153153153,0.8375668255944876,0.6804564564564565,10,False,0.7150716930497468,0.9405926769256998,0.12212369999997463,False,0.8573400181362506,0.8316795434837735,14,1.0,0.12801105661005516,0.7775641956239552,0.012515276670455933,0.03466486930847168,False,0.12716516516516516,0.3239672780036926,0.3114520013332367,0.8598211268704063,0.01813805103302002,0.029042094945907593,False,0.2681921921921922,0.3105848729610443,0.2924468219280243,0.6821466841925725,0.007636547088623047,0.039543598890304565,False,0.3355975975975976,0.30401375889778137,0.2963772118091583,0.9468487673724757,0.028799980878829956,0.018380165100097656,False,0.4303663663663664,0.24226048588752747,0.2134605050086975,0.9288351248922535,0.025689318776130676,0.021490827202796936,False,0.5781381381381382,0.23160970211029053,0.20592038333415985,False,0.9255669898297167,0.7896359086006941,14,1.0,0.12801105661005516,0.7830109727355627,0.012832999229431152,0.03434714674949646,False,0.14010810810810811,0.30898624658584595,0.2961532473564148,0.938644553408819,0.02727752923965454,0.01990261673927307,False,0.20746546546546546,0.3058494031429291,0.27857187390327454,0.9718128855629973,0.03540298342704773,0.011777162551879883,False,0.30223423423423423,0.2624446451663971,0.22704166173934937,0.9595141500691317,0.03165474534034729,0.015525400638580322,False,0.4544924924924925,0.2444293200969696,0.21277457475662231,0.923707413217839,0.024938195943832397,0.022241950035095215,False,0.5066726726726727,0.23034007847309113,0.20540188252925873,1.9843806999997469,2.9802322387695312e-08,3.725290298461914e-09,-0.06822697169346614
6887015851,142851,"Two little boys smiling and holding a tiny, black puppy.",112097,A black and a brown dog are running toward the camera.,475816542,0.3678779602050781,0.2855426073074341,0.08233535289764404,0.9997344748115978,15,0.00024260000009235227,0.9994317087081249,0.07472307980060577,0.2964901030063629,0.22176702320575714,0.007612273097038269,False,0.128688,0.9971349148403148,0.05852288007736206,0.2805904448032379,0.22206756472587585,0.023812472820281982,False,0.23220266666666667,0.9940821914244485,0.0512385368347168,0.252686470746994,0.20144793391227722,0.031096816062927246,False,0.3197333333333333,0.9539209608930509,0.030302226543426514,0.2573334872722626,0.22703126072883606,0.05203312635421753,False,0.4872106666666667,0.517985761081334,0.0007197409868240356,0.22754475474357605,0.22682501375675201,0.08161561191082001,False,0.5457546666666667,0.5464475125309908,0.8362506666666667,12,False,0.004235583473175192,0.9625688351435238,0.00011180000001331791,0.9994949934150839,0.07590433955192566,0.3588043749332428,0.28290003538131714,0.006431013345718384,False,0.10351466666666667,0.9919568612805298,0.04814860224723816,0.27534833550453186,0.2271997332572937,0.034186750650405884,False,0.2913173333333333,0.8985671858299403,0.021814048290252686,0.2540195882320404,0.23220553994178772,0.06052130460739136,False,0.391008,0.8415895232623062,0.016701027750968933,0.24520212411880493,0.228501096367836,0.06563432514667511,False,0.459008,0.5227907960251359,0.0009122639894485474,0.2273424118757248,0.22643014788627625,0.0814230889081955,False,0.5465386666666666,0.5338703581584611,0.8429813333333334,12,False,0.0053334662129595894,0.9214104875183889,0.1220128000004479,False,0.7648807361157962,0.4380988889966068,15,1.0,0.0026639920218808504,0.9997409131057576,0.08258087933063507,-0.00024552643299102783,False,0.175856,0.28377753496170044,0.20119665563106537,0.9983871245480569,0.06428122520446777,0.01805412769317627,False,0.27554666666666666,0.2581261098384857,0.19384488463401794,0.987396282281976,0.043610796332359314,0.03872455656528473,False,0.33409066666666665,0.2439022660255432,0.2002914696931839,0.005898274897525725,-0.051271796226501465,0.1336071491241455,True,0.480576,0.17815691232681274,0.2294287085533142,0.012330467689699781,-0.043832749128341675,0.12616810202598572,True,0.5317866666666666,0.18206141889095306,0.22589416801929474,False,0.7410814028098729,0.4214004322615523,15,1.0,0.0026639920218808504,0.9990145668449908,0.06921443343162537,0.013120919466018677,False,0.19104533333333334,0.3144952654838562,0.24528083205223083,0.9919639676743187,0.04815751314163208,0.03417783975601196,False,0.242256,0.297091543674469,0.24893403053283691,0.8266876702780506,0.015623316168785095,0.06671203672885895,False,0.3008,0.24879798293113708,0.233174666762352,0.6474086268178456,0.00607667863368988,0.07625867426395416,False,0.40049066666666666,0.2263929694890976,0.22031629085540771,0.02648507955345362,-0.03604331612586975,0.1183786690235138,True,0.578208,0.15992599725723267,0.19596931338310242,2.3241743999997198,2.9802322387695312e-08,2.444721758365631e-09,0.02379933330592332
6317293855,139086,"Young man sitting on a skateboard, holding a cellphone, and posing on the escalator.",122289,A boy is sitting down while smoking.,4926882194,0.3794932961463928,0.3407100439071655,0.038783252239227295,0.9797337760847166,13,0.0002691999998205574,0.793789414481334,0.01347920298576355,0.2783205807209015,0.26484137773513794,0.025304049253463745,False,0.19566366366366367,0.9704801455624367,0.03492727875709534,0.28279149532318115,0.24786421656608582,0.003855973482131958,False,0.24535735735735736,0.9650535903447902,0.03318367898464203,0.2815122604370117,0.2483285814523697,0.005599573254585266,False,0.30992792792792795,0.8712288799080695,0.01911868155002594,0.2679316997528076,0.24881301820278168,0.019664570689201355,False,0.5196096096096096,0.8712288799080695,0.01911868155002594,0.2679316997528076,0.24881301820278168,0.019664570689201355,False,0.5196096096096096,0.6738513688692254,0.8787267267267267,11,False,0.10243460224206022,0.9090482669957197,0.0001119000003200199,0.21667221594294198,-0.01285165548324585,0.3122861385345459,0.32513779401779175,0.051634907722473145,True,0.1431111111111111,0.02911952168397239,-0.03506794571876526,0.31518155336380005,0.3502494990825653,0.07385119795799255,True,0.3302282282282282,0.02911952168397239,-0.03506794571876526,0.31518155336380005,0.3502494990825653,0.07385119795799255,True,0.3302282282282282,0.14609075660474014,-0.01765596866607666,0.3191298246383667,0.33678579330444336,0.056439220905303955,True,0.4567087087087087,0.09788729394232201,-0.022209227085113525,0.30981412529945374,0.33202335238456726,0.06099247932434082,True,0.507033033033033,0.17392511593559248,0.7462762762762762,9,False,0.0014902246039986702,0.24815892313415736,0.019682999999531603,False,0.19568189138368616,0.14069930200590544,11,0.8697417417417418,0.0018853256368223685,0.21667171012235928,-0.012851685285568237,0.05163493752479553,True,0.1431111111111111,0.3122860789299011,0.32513776421546936,0.029119774452615578,-0.035067856311798096,0.07385110855102539,True,0.3302282282282282,0.31518155336380005,0.35024940967559814,0.029119774452615578,-0.035067856311798096,0.07385110855102539,True,0.3302282282282282,0.31518155336380005,0.35024940967559814,0.0025844893953788205,-0.059556394815444946,0.09833964705467224,True,0.48882882882882883,0.2630864977836609,0.32264289259910583,0.001671134064085517,-0.06392580270767212,0.10270905494689941,True,0.5687267267267268,0.2478868067264557,0.3118126094341278,False,0.2033833566697926,0.11829674953162633,13,1.0,0.005999893447323912,0.21667171012235928,-0.012851685285568237,0.05163493752479553,True,0.1431111111111111,0.3122860789299011,0.32513776421546936,0.014537039370799858,-0.042164117097854614,0.08094736933708191,True,0.28053453453453453,0.312309592962265,0.35447371006011963,0.029119774452615578,-0.035067856311798096,0.07385110855102539,True,0.3302282282282282,0.31518155336380005,0.35024940967559814,0.05483562200744952,-0.02847018837928772,0.06725344061851501,True,0.4385045045045045,0.31264930963516235,0.3411194980144501,0.013122132513052526,-0.04320245981216431,0.0819857120513916,True,0.5444144144144144,0.2717043161392212,0.3149067759513855,1.8131450000000768,2.9802322387695312e-08,3.259629011154175e-09,-0.007701465286106435
3155400369,56390,Several people in yellow and black uniforms are lined up carrying drums.,53456,People are holding various types of drumsticks above different kinds of drums.,3083847439,0.39118272066116333,0.2965802848339081,0.09460243582725525,0.9999221184493821,10,0.00022679999983665766,0.9998119973953067,0.08578866720199585,0.3858575224876404,0.30006885528564453,0.0088137686252594,False,0.15058133333333334,0.9990788695402053,0.06988987326622009,0.3563404381275177,0.2864505648612976,0.024712562561035156,False,0.2516,0.9985645755261546,0.0654485821723938,0.33542317152023315,0.26997458934783936,0.02915385365486145,False,0.406208,0.9985645755261546,0.0654485821723938,0.33542317152023315,0.26997458934783936,0.02915385365486145,False,0.406208,0.9989940641824516,0.06900830566883087,0.3153652548789978,0.24635694921016693,0.025594130158424377,False,0.5896853333333333,0.9547143677561266,1.0,10,False,0.05228838528867562,0.9991823123277891,0.00010040000006483751,0.999847278813914,0.08786743879318237,0.3708913326263428,0.2830238938331604,0.006734997034072876,False,0.10101866666666667,0.9990788695402053,0.06988987326622009,0.3563404381275177,0.2864505648612976,0.024712562561035156,False,0.2516,0.9988089777336336,0.06731751561164856,0.331331729888916,0.26401421427726746,0.02728492021560669,False,0.355296,0.999536216980177,0.0767562985420227,0.34724706411361694,0.27049076557159424,0.017846137285232544,False,0.416048,0.9988030103007312,0.06726747751235962,0.35855790972709656,0.29129043221473694,0.02733495831489563,False,0.653104,0.9728800548934872,0.8600746666666667,8,False,0.8818467226406113,0.9993123240317271,0.11598899999989953,False,0.9988127728050665,0.9539113899789686,10,1.0,0.05228838528867562,0.9998472783588382,0.08786740899085999,0.006735026836395264,False,0.10101866666666667,0.37089136242866516,0.2830239534378052,0.999169024994088,0.07092079520225525,0.023681640625,False,0.254944,0.33921918272972107,0.2682983875274658,0.9989711891963208,0.0687832236289978,0.025819212198257446,False,0.3073066666666667,0.33815741539001465,0.26937419176101685,0.997576264021209,0.06020018458366394,0.03440225124359131,False,0.46191466666666664,0.31171295046806335,0.2515127658843994,0.9968059981717701,0.05743281543254852,0.037169620394706726,False,0.5516106666666667,0.25058436393737793,0.1931515485048294,False,0.9972097470238735,0.9577854795131667,10,1.0,0.05228838528867562,0.9998928487526375,0.09141162037849426,0.0031908154487609863,False,0.103696,0.3768543601036072,0.2854427397251129,0.999169024994088,0.07092079520225525,0.023681640625,False,0.254944,0.33921918272972107,0.2682983875274658,0.9987281620326616,0.06666019558906555,0.027942240238189697,False,0.315696,0.3390375077724457,0.2723773121833801,0.9978482828296082,0.06139335036277771,0.03320908546447754,False,0.405392,0.3224373757839203,0.2610440254211426,0.9885198949621969,0.04455593228340149,0.05004650354385376,False,0.6123626666666667,0.2929111421108246,0.2483552098274231,1.4374797000000399,0.0,3.026798367500305e-09,0.0016030257811929793
2844641033,44350,A black boy in orange and white trucks on playing in the sand.,148864,A bare chested smiling child plays in water.,766061382,0.3388245105743408,0.3286893665790558,0.010135143995285034,0.7337073594034246,13,0.0002611999998407555,0.03472161796355994,-0.03325054049491882,0.3054693937301636,0.3387199342250824,0.04338568449020386,True,0.10988484848484849,0.9937989983057088,0.05076824128627777,0.27850931882858276,0.227741077542305,-0.04063309729099274,False,0.2815939393939394,0.9992085880425847,0.07140900194644928,0.2938753068447113,0.22246630489826202,-0.061273857951164246,False,0.35,0.9936207199985443,0.05048300325870514,0.2741124629974365,0.22362945973873138,-0.040347859263420105,False,0.4554909090909091,0.9909529970886166,0.04696233570575714,0.2694755792617798,0.22251324355602264,-0.03682719171047211,False,0.5421818181818182,0.7522561601038378,1.0,13,False,0.936777583470135,0.7189919399780547,0.00010979999979099375,0.11500678458734705,-0.020405888557434082,0.3279497027397156,0.34835559129714966,0.030541032552719116,True,0.11557575757575758,0.06335633961183211,-0.026935279369354248,0.3235014081001282,0.3504366874694824,0.03707042336463928,True,0.20396969696969697,0.00403690410629167,-0.05508232116699219,0.2927889823913574,0.3478713035583496,0.06521746516227722,True,0.38941818181818183,0.012513412680878924,-0.04368361830711365,0.2803806662559509,0.3240642845630646,0.05381876230239868,True,0.4280060606060606,0.01594194686230088,-0.0412273108959198,0.28425294160842896,0.32548025250434875,0.051362454891204834,True,0.5146969696969697,0.043874173521795616,0.6069030303030303,8,False,0.004363497544155062,0.12576374499128332,0.11960719999933644,False,0.19943845825240272,0.43457574226032425,13,1.0,0.936777583470135,0.08663894422610594,-0.023553818464279175,0.03368896245956421,True,0.1307939393939394,0.3336268663406372,0.3571806848049164,0.0018694043798861799,-0.06280264258384705,0.07293778657913208,True,0.2561818181818182,0.28477877378463745,0.3475814163684845,0.0018898230827546828,-0.06269380450248718,0.07282894849777222,True,0.3445757575757576,0.2779409885406494,0.3406347930431366,0.00452687526633716,-0.053931862115859985,0.06406700611114502,True,0.41298181818181817,0.27301689982414246,0.32694876194000244,0.7000084586528189,0.008473381400108337,0.0016617625951766968,False,0.5620484848484848,0.25185829401016235,0.24338491261005402,False,0.20547762390850963,0.4367101386196611,13,1.0,0.936777583470135,0.08663894422610594,-0.023553818464279175,0.03368896245956421,True,0.1307939393939394,0.3336268663406372,0.3571806848049164,0.030776761850880848,-0.034497350454330444,0.04463249444961548,True,0.24636969696969696,0.3145192265510559,0.34901657700538635,0.004079302159926372,-0.0549774169921875,0.06511256098747253,True,0.32193333333333335,0.2909283936023712,0.3459058105945587,0.003787649777474418,-0.05572214722633362,0.06585729122161865,True,0.4103272727272727,0.2855130732059479,0.3412352204322815,0.7000084586528189,0.008473381400108337,0.0016617625951766968,False,0.5620484848484848,0.25185829401016235,0.24338491261005402,1.5993144000003667,5.960464477539063e-08,2.7939677238464355e-09,-0.006039165656106904
4808471657,115031,A group of three people climb a path of wooden stairs up a rocky hill.,14546,A boy in blue shorts and a white shirt begins repelling down a rock.,202175131,0.30844512581825256,0.28671514987945557,0.021729975938796997,0.8977983433763498,13,0.0002544000003581459,0.723645664707954,0.009626179933547974,0.25089937448501587,0.2412731945514679,0.012103796005249023,False,0.13230933333333333,0.23294500058707324,-0.011917561292648315,0.23844924569129944,0.25036680698394775,0.03364753723144531,True,0.23789333333333335,0.1605587495279265,-0.0165407657623291,0.23532873392105103,0.2518694996833801,0.0382707417011261,True,0.301536,0.7597650547241478,0.01151391863822937,0.22112350165843964,0.20960958302021027,0.010216057300567627,False,0.414992,0.4179202384826262,-0.0033131688833236694,0.16575154662132263,0.1690647155046463,0.025043144822120667,True,0.5794293333333334,0.46457506650472324,0.5794293333333334,8,False,0.4179202384826262,0.5511009906368978,0.0001077000001714623,0.766367352815557,0.011879116296768188,0.3063472509384155,0.29446813464164734,0.009850859642028809,False,0.12501866666666667,0.1291998616600053,-0.019080519676208496,0.2157561182975769,0.2348366379737854,0.04081049561500549,True,0.257328,0.01741941544848345,-0.04032596945762634,0.2137507200241089,0.25407668948173523,0.06205594539642334,True,0.3209706666666667,0.004842445083399184,-0.05325481295585632,0.19562849402427673,0.24888330698013306,0.07498478889465332,True,0.44567466666666666,0.02445838354839088,-0.03686019778251648,0.19614386558532715,0.23300406336784363,0.05859017372131348,True,0.508048,0.17344518366867742,0.44567466666666666,6,False,0.004842445083399184,0.33508512260618467,0.019371399999727146,False,0.23310894333143176,0.2709958193390033,11,0.8093866666666667,0.4440070566164297,0.1285840002744531,-0.01913537085056305,0.040865346789360046,True,0.187776,0.23241592943668365,0.2515513002872467,0.12920053225699865,-0.01908046007156372,0.04081043601036072,True,0.257328,0.2157561033964157,0.23483656346797943,0.09543297294458285,-0.022490322589874268,0.044220298528671265,True,0.30587733333333333,0.20868340134620667,0.23117372393608093,0.0048424738069372955,-0.05325475335121155,0.07498472929000854,True,0.44567466666666666,0.1956285983324051,0.24888335168361664,0.033038110390400735,-0.033764973282814026,0.05549494922161102,True,0.5105813333333333,0.1650966852903366,0.19886165857315063,False,0.3605604816163492,0.3062478720764486,13,1.0,0.624033393586312,0.7663678864210469,0.011879146099090576,0.009850829839706421,False,0.12501866666666667,0.3063472807407379,0.29446813464164734,0.12920053225699865,-0.01908046007156372,0.04081043601036072,True,0.257328,0.2157561033964157,0.23483656346797943,0.017419542972926083,-0.040325894951820374,0.06205587089061737,True,0.3209706666666667,0.21375073492527008,0.25407662987709045,0.1426898010052766,-0.017931267619132996,0.03966124355792999,True,0.43189333333333335,0.20887669920921326,0.22680796682834625,0.024458347993990628,-0.03686021268367767,0.05859018862247467,True,0.508048,0.19614382088184357,0.23300403356552124,1.7285702999997739,2.9802322387695312e-08,3.259629011154175e-09,-0.12745153828491743
4914029409,121575,A little boy with a blue bike helmet and a woman in a green bike helmet are riding bikes down a street with other various bike riders.,132059,A group of kids playing on bicycles on a trial.,5506399373,0.3208276033401489,0.31323498487472534,0.007592618465423584,0.6811934512349104,13,0.00025419999974474194,0.7971765378315783,0.01368740200996399,0.26342540979385376,0.24973800778388977,-0.006094783544540405,False,0.11384384384384384,0.8767814503550132,0.019622981548309326,0.25222334265708923,0.2326003611087799,-0.012030363082885742,False,0.2646366366366366,0.8872601557346546,0.020630553364753723,0.23279905319213867,0.21216849982738495,-0.01303793489933014,False,0.3343843843843844,0.9442312962564582,0.02829158306121826,0.18015295267105103,0.15186136960983276,-0.020698964595794678,False,0.40285885885885886,0.7695175212452915,0.012055888772010803,0.21222539246082306,0.20016950368881226,-0.004463270306587219,False,0.5407207207207207,0.9002883195263975,0.45935735735735733,6,False,0.9398170231750281,0.8372465063021282,0.0001077000001714623,0.8598836166505155,0.01814323663711548,0.30161723494529724,0.28347399830818176,-0.010550618171691895,False,0.11998198198198198,0.8806672738734361,0.019987642765045166,0.29998496174812317,0.279997318983078,-0.012395024299621582,False,0.25565765765765763,0.8986559746329725,0.021823793649673462,0.30004724860191345,0.27822345495224,-0.014231175184249878,False,0.3483063063063063,0.8535746972823504,0.017629176378250122,0.2754422724246979,0.25781309604644775,-0.010036557912826538,False,0.4335555555555556,0.6765128943368985,0.007377922534942627,0.2752044200897217,0.26782649755477905,0.00021469593048095703,False,0.5843483483483484,0.7596700261643528,0.5843483483483484,7,False,0.6765128943368985,0.8265671724540755,0.11526390000017273,False,0.8085980312703449,0.8764801868011975,7,0.5477297297297298,0.9807826739373545,0.8598846938560079,0.01814332604408264,-0.010550707578659058,False,0.11998198198198198,0.30161720514297485,0.2834738790988922,0.6307393130898146,0.0053538978099823,0.002238720655441284,False,0.2707747747747748,0.2854529321193695,0.2800990343093872,0.9426168372727718,0.027989089488983154,-0.02039647102355957,False,0.33311111111111114,0.23268172144889832,0.20469263195991516,0.7957908042530817,0.013601914048194885,-0.006009295582771301,False,0.41836036036036034,0.22623807191848755,0.21263615787029266,0.9807826739373545,0.03932538628578186,-0.031732767820358276,False,0.5477297297297298,0.23393213748931885,0.194606751203537,False,0.8383504119197382,0.7539250125131248,13,1.0,0.8229660563262935,0.8164970218579672,0.014927923679351807,-0.007335305213928223,False,0.15079279279279278,0.305874764919281,0.2909468412399292,0.7018018491313609,0.008558928966522217,-0.0009663105010986328,False,0.21926726726726728,0.2939879894256592,0.28542906045913696,0.9426168372727718,0.027989089488983154,-0.02039647102355957,False,0.33311111111111114,0.23268172144889832,0.20469263195991516,0.9253113167799079,0.02516801655292511,-0.017575398087501526,False,0.4122882882882883,0.22718827426433563,0.20202025771141052,0.9552572675760812,0.030610516667366028,-0.023017898201942444,False,0.5416576576576576,0.2173101007938385,0.18669958412647247,1.6117948999999498,1.4901161193847656e-07,3.725290298461914e-09,-0.02975238064939334
271396631,39546,A young red-haired man is fishing and caught some seaweed.,21566,A person rappelling a cliff above a body of water.,2255338013,0.30557817220687866,0.30263203382492065,0.002946138381958008,0.5731252998243764,14,0.00025849999974525417,0.07480441473780303,-0.02515128254890442,0.2932596206665039,0.3184109032154083,0.028097420930862427,True,0.11828828828828829,0.7174722234466343,0.009319573640823364,0.29808309674263,0.28876352310180664,-0.0063734352588653564,False,0.2024924924924925,0.03794843803095146,-0.032328397035598755,0.26841843128204346,0.3007468283176422,0.03527453541755676,True,0.3462702702702703,0.07440525651278429,-0.025209099054336548,0.2639123201370239,0.2891214191913605,0.028155237436294556,True,0.4175915915915916,0.11707755753078598,-0.020204007625579834,0.2542492747306824,0.2744532823562622,0.023150146007537842,True,0.5055435435435436,0.18843033669932488,0.7903423423423424,10,False,0.021914042817461062,0.27378722311382964,0.00011039999981221627,0.9618878008703131,0.032283633947372437,0.3195827007293701,0.2872990667819977,-0.02933749556541443,False,0.12628228228228228,0.02272914839999811,-0.037611156702041626,0.2702305018901825,0.3078416585922241,0.040557295083999634,True,0.24457057057057058,0.015858009100351348,-0.04128095507621765,0.2671700119972229,0.30845096707344055,0.04422709345817566,True,0.328006006006006,0.05910372107867077,-0.027675390243530273,0.27262407541275024,0.3002994656562805,0.03062152862548828,True,0.40183783783783783,0.002026515144011958,-0.06199409067630768,0.23458369076251984,0.2965777814388275,0.06494022905826569,True,0.5056936936936937,0.17186263157211126,0.46707507507507506,6,False,0.005216570209692036,0.321752521775657,0.12011249999977736,False,0.26979602311143425,0.4195701331742866,11,0.8069129129129129,0.5959484865808546,0.07480420848002291,-0.025151312351226807,0.028097450733184814,True,0.11828828828828829,0.29325950145721436,0.31841081380844116,0.001757740197746569,-0.06341966986656189,0.0663658082485199,True,0.24386786786786788,0.2541882395744324,0.31760790944099426,0.31524076599889167,-0.007757306098937988,0.010703444480895996,True,0.31810810810810813,0.2716580927371979,0.27941539883613586,0.28569461083979975,-0.00916387140750885,0.012110009789466858,True,0.40606006006006007,0.24113859236240387,0.2503024637699127,0.6432193804942975,0.00589364767074585,-0.002947509288787842,False,0.5510870870870871,0.2485092580318451,0.24261561036109924,False,0.3172497268652764,0.4250125542967358,13,0.9616696696696697,0.424020470340493,0.20000009475795913,-0.013862937688827515,0.016809076070785522,True,0.13458258258258257,0.28734418749809265,0.30120712518692017,0.1321635603058179,-0.01881963014602661,0.02176576852798462,True,0.25287087087087085,0.2690127491950989,0.2878323793411255,0.31524076599889167,-0.007757306098937988,0.010703444480895996,True,0.31810810810810813,0.2716580927371979,0.27941539883613586,0.23894650458225594,-0.011584639549255371,0.014530777931213379,True,0.4046666666666667,0.26545509696006775,0.2770397365093231,0.6432193804942975,0.00589364767074585,-0.002947509288787842,False,0.5510870870870871,0.2485092580318451,0.24261561036109924,1.8394400999995923,2.9802322387695312e-08,3.958120942115784e-09,-0.04745370375384217
4972129585,125347,Several elderly men are grouped around a table.,116202,Eight men gathered around a table at night.,4823948097,0.3531801104545593,0.32711151242256165,0.02606859803199768,0.9313017621823763,14,0.00024660000008225325,0.9271199225404051,0.025432676076889038,0.33757245540618896,0.3121397793292999,0.0006359219551086426,False,0.169552,0.8949757348148759,0.02142605185508728,0.33251988887786865,0.31109383702278137,0.0046425461769104,False,0.27768533333333334,0.877930760259721,0.019729793071746826,0.32690754532814026,0.30717775225639343,0.0063388049602508545,False,0.35466133333333333,0.9194864016343468,0.024353891611099243,0.3088935613632202,0.28453966975212097,0.0017147064208984375,False,0.40818666666666664,0.6522475542636111,0.00628933310508728,0.29161468148231506,0.2853253483772278,0.0197792649269104,False,0.5468106666666667,0.6516467503413684,0.781632,11,False,0.2609729744414583,0.8802745632554376,0.00011210000002392917,0.9067809117935786,0.022749483585357666,0.3458114266395569,0.3230619430541992,0.0033191144466400146,False,0.18709866666666666,0.8656354705380277,0.018629074096679688,0.3421550989151001,0.3235260248184204,0.007439523935317993,False,0.25138666666666665,0.855122617870526,0.017753571271896362,0.3266363739967346,0.30888280272483826,0.008315026760101318,False,0.34197333333333335,0.7832463358035083,0.01284685730934143,0.3263772130012512,0.3135303556919098,0.01322174072265625,False,0.424848,0.5835793436821886,0.003374844789505005,0.3117360472679138,0.3083612024784088,0.022693753242492676,False,0.531424,0.7135534609768432,0.531424,7,False,0.5835793436821886,0.8422424992186951,0.019484499999634863,False,0.8703075561589455,0.7055041782606529,13,0.923024,0.2969504043364897,0.962704259194141,0.032508671283721924,-0.006440073251724243,False,0.14426666666666665,0.3132677674293518,0.2807590961456299,0.9445922408233832,0.028360337018966675,-0.002291738986968994,False,0.20855466666666667,0.310441255569458,0.28208091855049133,0.965316817448018,0.033262014389038086,-0.007193416357040405,False,0.3410453333333333,0.3031497597694397,0.2698877453804016,0.734944614074552,0.01019856333732605,0.01587003469467163,False,0.4957493333333333,0.2765633761882782,0.26636481285095215,0.552232149344969,0.0020969361066818237,0.023971661925315857,False,0.6038826666666667,0.24028705060482025,0.23819011449813843,False,0.8825465645479058,0.7098386878009999,14,1.0,0.5008974214692281,0.9317602388025186,0.026140481233596802,-7.18832015991211e-05,False,0.147808,0.3317224085330963,0.3055819272994995,0.9145953915393715,0.023710817098617554,0.002357780933380127,False,0.21029333333333333,0.3238375782966614,0.3001267611980438,0.8809698060176089,0.020016461610794067,0.006052136421203613,False,0.3184266666666667,0.3264020085334778,0.3063855469226837,0.9105690191851202,0.02320602536201477,0.00286257266998291,False,0.451072,0.27659863233566284,0.25339260697364807,0.5841043224033908,0.003396451473236084,0.022672146558761597,False,0.5485546666666666,0.27441227436065674,0.27101582288742065,2.0467178999997486,5.960464477539063e-08,3.6088749766349792e-09,-0.012239008388960304
7900347098,150555,A girl with orange hair and tattoos takes a picture of a painting with her phone.,102814,A tattooed blond woman is holding a purse.,4603095253,0.37470367550849915,0.31467485427856445,0.06002882122993469,0.997534475442663,15,0.00025550000009388896,0.9899886384309265,0.04593972861766815,0.27703922986984253,0.23109950125217438,0.01408909261226654,False,0.12662462462462462,0.9925713661745634,0.04894956946372986,0.2781640589237213,0.22921448945999146,0.011079251766204834,False,0.20723723723723725,0.9823861749290904,0.040213003754615784,0.273298978805542,0.2330859750509262,0.01981581747531891,False,0.3004984984984985,0.987121375697952,0.04339224100112915,0.2751821279525757,0.23178988695144653,0.016636580228805542,False,0.44218618618618616,0.9866839420102281,0.04305379092693329,0.27001744508743286,0.22696365416049957,0.016975030303001404,False,0.5595495495495495,0.9879543441485219,0.7778198198198198,11,False,0.9861776479727853,0.9886373274837515,0.00011130000029879739,0.9807175193236054,0.03929087519645691,0.32176682353019714,0.28247594833374023,0.020737946033477783,False,0.12433633633633634,0.9851333657177419,0.04193657636642456,0.3184395730495453,0.2765029966831207,0.018092244863510132,False,0.20494894894894894,0.9702832252754741,0.034858763217926025,0.32832837104797363,0.2934696078300476,0.025170058012008667,False,0.34524324324324324,0.9941855813560061,0.051415830850601196,0.29987025260925293,0.24845442175865173,0.008612990379333496,False,0.4055495495495495,0.9975484319885757,0.060085728764534,0.27681827545166016,0.21673254668712616,-5.69075345993042e-05,False,0.5415315315315316,0.9862331655088274,0.711945945945946,10,False,0.9889878847501511,0.9861702468097828,0.07051380000029894,False,0.9964509154781495,0.9885209245848657,14,0.9243903903903904,0.9937520725293055,0.989988623662175,0.04593971371650696,0.014089107513427734,False,0.12662462462462462,0.2770392894744873,0.23109957575798035,0.9991731741441766,0.07097089290618896,-0.010942071676254272,False,0.2568348348348348,0.24048353731632233,0.16951264441013336,0.9988452175545176,0.06762687861919403,-0.007598057389259338,False,0.3017717717717718,0.24370409548282623,0.1760772168636322,0.9992497657130077,0.0719437450170517,-0.011914923787117004,False,0.4412072072072072,0.2359767109155655,0.1640329658985138,0.995735148641885,0.05453073978424072,0.00549808144569397,False,0.543957957957958,0.1965058445930481,0.14197510480880737,False,0.9628364679207794,0.9566866918211109,15,1.0,0.9968179030008149,0.9807176320396389,0.039290934801101685,0.020737886428833008,False,0.12433633633633634,0.3217669129371643,0.2824759781360626,0.9988515185302309,0.06768165528774261,-0.007652834057807922,False,0.2698858858858859,0.26129472255706787,0.19361306726932526,0.9989703542066724,0.06877510249614716,-0.008746281266212463,False,0.33596396396396394,0.25782474875450134,0.1890496462583542,0.9301327984518355,0.02588731050491333,0.03414151072502136,False,0.48574774774774776,0.2336760312318802,0.20778872072696686,0.5579641336536872,0.002329036593437195,0.0576997846364975,False,0.5306846846846847,0.22145184874534607,0.21912281215190887,1.9650437999998758,5.960464477539063e-08,3.259629011154175e-09,0.033614447557370086
86350713,153370,"There is lady with the white apron has an utensil standing over a wok, a man in blue shorts and blue shirt sitting down, a person in a pink shirt and others are in the background all in one place.",1141,"Woman wearing a yellow hat, pink shirt, and red apron is holding food in a kitchen.",1082250005,0.34732818603515625,0.33844056725502014,0.008887618780136108,0.7086346015853425,14,0.0002509999999347201,0.9278523148835071,0.025541573762893677,0.31014785170555115,0.28460627794265747,-0.01665395498275757,False,0.1396156156156156,0.4213304206059658,-0.003173142671585083,0.28816378116607666,0.29133692383766174,0.012060761451721191,True,0.23904504504504503,0.09209860694116205,-0.02288275957107544,0.26369932293891907,0.2865820825099945,0.03177037835121155,True,0.30363963963963964,0.10478192458231037,-0.021451860666275024,0.25224512815475464,0.27369698882102966,0.030339479446411133,True,0.4065045045045045,0.4558461991652039,-0.0017707645893096924,0.22008804976940155,0.22185881435871124,0.0106583833694458,True,0.5687567567567567,0.6222369494583246,0.8210690690690691,11,False,0.9669656025305425,0.4457156743752459,0.00011029999996026163,0.6704719686970206,0.0071032047271728516,0.33283427357673645,0.3257310688495636,0.0017844140529632568,False,0.16318318318318317,0.618155767443291,0.004817277193069458,0.328199177980423,0.3233819007873535,0.00407034158706665,False,0.22777777777777777,0.44664761960775906,-0.0021422505378723145,0.30870673060417175,0.31084898114204407,0.011029869318008423,True,0.39265465465465466,0.4512844400737376,-0.0019548237323760986,0.308588445186615,0.3105432689189911,0.010842442512512207,True,0.4491171171171171,0.4391406912195691,-0.002446502447128296,0.2950000464916229,0.2974465489387512,0.011334121227264404,True,0.5033273273273273,0.49954059386911626,0.5033273273273273,7,False,0.4391406912195691,0.5789636289807494,0.11206640000000334,False,0.8378053842332979,0.8233286208075191,12,0.8473873873873874,0.7818758638242796,0.9572666951325308,0.031091034412384033,-0.022203415632247925,False,0.12526726726726728,0.31828224658966064,0.2871912121772766,0.9851093842974539,0.041920214891433716,-0.03303259611129761,False,0.2127987987987988,0.29248926043510437,0.25056904554367065,0.8952865463246042,0.02145916223526001,-0.012571543455123901,False,0.328012012012012,0.24226897954940796,0.22080981731414795,0.7819134732204649,0.012768521904945374,-0.003880903124809265,False,0.43087687687687687,0.23975452780723572,0.22698600590229034,0.4321485149038435,-0.0027309060096740723,0.01161852478981018,True,0.5303063063063063,0.2504977285861969,0.25322863459587097,False,0.9297942798831226,0.9133279242678983,14,1.0,0.7888860370818304,0.9175682422680753,0.024097561836242676,-0.015209943056106567,False,0.16225225225225226,0.2923518419265747,0.26825428009033203,0.9849002312027657,0.04177860915660858,-0.03289099037647247,False,0.21646246246246245,0.2747877240180969,0.23300911486148834,0.9969401096830294,0.05786311626434326,-0.04897549748420715,False,0.36858858858858856,0.2579680383205414,0.20010492205619812,0.9792346988732654,0.03853487968444824,-0.029647260904312134,False,0.47145345345345346,0.2602525055408478,0.22171762585639954,0.9754406883010858,0.03681798279285431,-0.0279303640127182,False,0.5235375375375375,0.2184094935655594,0.18159151077270508,1.9294411000000764,2.9802322387695312e-08,3.6088749766349792e-09,-0.09198889564982471
2268207503,22010,"A lady pushes a stroller, behind a child, riding a tricycle, while another child walks along side.",40079,A child walks next to a woman down a park path.,2728583298,0.32858848571777344,0.32620319724082947,0.0023852884769439697,0.5593510751218826,14,0.000268199999936769,0.0035809186404691567,-0.05628548562526703,0.23263047635555267,0.2889159619808197,0.058670774102211,True,0.11912,0.006317037383869005,-0.0505816787481308,0.19388249516487122,0.24446417391300201,0.05296696722507477,True,0.25345066666666666,0.004205073976379213,-0.054672494530677795,0.18812435865402222,0.2427968531847,0.057057783007621765,True,0.3395146666666667,0.012265795561512728,-0.04388599097728729,0.20061150193214417,0.24449749290943146,0.04627127945423126,True,0.41885866666666666,0.01671499340419491,-0.04074592888355255,0.2127724438905716,0.25351837277412415,0.04313121736049652,True,0.5713333333333334,0.03228810113956333,0.768464,11,False,0.0006373518420867446,0.06565110904057546,0.00011019999965355964,0.0035809186404691567,-0.05628548562526703,0.23263047635555267,0.2889159619808197,0.058670774102211,True,0.11912,0.007460609037054685,-0.048906296491622925,0.20178350806236267,0.2506898045539856,0.051291584968566895,True,0.23521066666666668,0.011618522370272484,-0.04443468153476715,0.20275291800498962,0.24718759953975677,0.04681997001171112,True,0.366208,0.0037694871239371402,-0.0557703971862793,0.2116316556930542,0.2674020528793335,0.05815568566322327,True,0.445552,0.005706285598915961,-0.05160464346408844,0.21143083274364471,0.26303547620773315,0.05398993194103241,True,0.5379093333333334,0.03171843432757392,0.445552,7,False,0.0037694871239371402,0.06779367037197129,0.11344470000040019,False,0.06160779941358818,0.043958492006762474,14,1.0,0.25243952870559416,0.0035809239573499517,-0.056285470724105835,0.058670759201049805,True,0.11912,0.23263049125671387,0.2889159619808197,0.0027846374734598325,-0.05880849063396454,0.06119377911090851,True,0.24122666666666667,0.1940009742975235,0.25280946493148804,0.0018774012150494922,-0.0627598762512207,0.06514516472816467,True,0.32057066666666667,0.21057423949241638,0.2733341157436371,0.0007473743926800791,-0.07198196649551392,0.07436725497245789,True,0.40663466666666664,0.19213959574699402,0.26412156224250793,0.002601875276444884,-0.0594891756772995,0.06187446415424347,True,0.55952,0.16251105070114136,0.22200022637844086,False,0.06253737073484518,0.031279579988421485,12,0.866256,0.01622528883800859,0.0035809239573499517,-0.056285470724105835,0.058670759201049805,True,0.11912,0.23263049125671387,0.2889159619808197,0.0050408549730216025,-0.05285125970840454,0.05523654818534851,True,0.25443733333333335,0.21036705374717712,0.26321831345558167,0.0018774012150494922,-0.0627598762512207,0.06514516472816467,True,0.32057066666666667,0.21057423949241638,0.2733341157436371,0.0007473743926800791,-0.07198196649551392,0.07436725497245789,True,0.40663466666666664,0.19213959574699402,0.26412156224250793,0.0006194825102354311,-0.0738600641489029,0.07624535262584686,True,0.5525173333333333,0.1868748813867569,0.2607349455356598,1.990139100000306,5.960464477539063e-08,3.055902197957039e-09,-0.0009295713212569973
4494095559,98195,"A man on a skateboard waits at the corner of a city street, with an overpass in the background.",103283,A man is skateboarding on a road while another man watches from the sidewalk.,4612060755,0.36206603050231934,0.3273365795612335,0.034729450941085815,0.9699080942186923,10,0.0002454000000398082,0.9159857028083949,0.023890137672424316,0.3018081486225128,0.2779180109500885,0.010839313268661499,False,0.1805945945945946,0.7776940632961783,0.012522786855697632,0.2935851216316223,0.2810623347759247,0.022206664085388184,False,0.33374174174174176,0.7776940632961783,0.012522786855697632,0.2935851216316223,0.2810623347759247,0.022206664085388184,False,0.33374174174174176,0.5932922988188524,0.0037759244441986084,0.2729652225971222,0.2691892981529236,0.030953526496887207,False,0.42656456456456454,0.7376535460377106,0.010338082909584045,0.24985691905021667,0.23951883614063263,0.02439136803150177,False,0.545981981981982,0.6583525554656487,0.8399219219219219,8,False,0.12365306324401737,0.8115298847077136,0.00010109999993801466,0.9159857028083949,0.023890137672424316,0.3018081486225128,0.2779180109500885,0.010839313268661499,False,0.1805945945945946,0.6972233457801077,0.008341103792190552,0.29471129179000854,0.286370187997818,0.026388347148895264,False,0.28011411411411413,0.8611823282089882,0.0182514488697052,0.2922206521034241,0.27396920323371887,0.016478002071380615,False,0.3729369369369369,0.8835767269805485,0.020267456769943237,0.29670706391334534,0.2764396071434021,0.014461994171142578,False,0.45096096096096094,0.8253026379685362,0.015526950359344482,0.27191609144210815,0.25638914108276367,0.019202500581741333,False,0.5252132132132132,0.6318943167932729,0.7205045045045045,7,False,0.28913832164243247,0.8651771034457808,0.1204779999998209,False,0.9188543992673143,0.8889534692241353,7,0.7968528528528529,0.891472341327641,0.9601541057124405,0.03182074427604675,0.0029087066650390625,False,0.21893693693693694,0.3097327649593353,0.2779120206832886,0.9601541057124405,0.03182074427604675,0.0029087066650390625,False,0.21893693693693694,0.3097327649593353,0.2779120206832886,0.9026495723982851,0.022270172834396362,0.012459278106689453,False,0.3850870870870871,0.30566921830177307,0.2833990454673767,0.8000103954569078,0.013863593339920044,0.02086585760116577,False,0.5656816816816816,0.27713724970817566,0.2632736563682556,0.8000103954569078,0.013863593339920044,0.02086585760116577,False,0.5656816816816816,0.27713724970817566,0.2632736563682556,False,0.7845937928764083,0.7112083916441245,9,0.9132492492492492,0.0379852306927134,0.9159857028083949,0.023890137672424316,0.010839313268661499,False,0.1805945945945946,0.3018081486225128,0.2779180109500885,0.697222716643915,0.008341073989868164,0.02638837695121765,False,0.28011411411411413,0.29471129179000854,0.2863702178001404,0.5862370178104963,0.0034843087196350098,0.031245142221450806,False,0.43326126126126124,0.2953595817089081,0.29187527298927307,0.5862370178104963,0.0034843087196350098,0.031245142221450806,False,0.43326126126126124,0.2953595817089081,0.29187527298927307,0.7909939324878636,0.013309270143508911,0.021420180797576904,False,0.5260840840840841,0.2881465256214142,0.2748372554779053,1.3808366999992359,5.960464477539063e-08,3.6088749766349792e-09,0.13426060639090598
400598822,86880,Two men are barbecuing their food while another prepares the meat.,97177,A man in white apron and blue shirt is cooking eggs outside for a woman in a tan coat.,4469735380,0.3592424690723419,0.3581312596797943,0.0011112093925476074,0.5277516845218899,12,0.00022920000037629507,0.7672956085809428,0.011931031942367554,0.3066340684890747,0.29470303654670715,-0.010819822549819946,False,0.21210133333333334,0.7672956085809428,0.011931031942367554,0.3066340684890747,0.29470303654670715,-0.010819822549819946,False,0.21210133333333334,0.8533275677347314,0.01760941743850708,0.26968899369239807,0.252079576253891,-0.016498208045959473,False,0.3851733333333333,0.634714560784465,0.005524963140487671,0.2821313738822937,0.27660641074180603,-0.0044137537479400635,False,0.48533333333333334,0.8410346814327674,0.016659468412399292,0.27078965306282043,0.25413018465042114,-0.015548259019851685,False,0.5497173333333333,0.8385514464833018,0.7125066666666666,9,False,0.9031245075956471,0.7269396854609567,0.00010680000013962854,0.8937280136134651,0.021293997764587402,0.35368800163269043,0.332394003868103,-0.020182788372039795,False,0.16926933333333333,0.7432306664623198,0.010628283023834229,0.34103792905807495,0.3304096460342407,-0.009517073631286621,False,0.2662293333333333,0.7048668816354592,0.008705824613571167,0.29381707310676575,0.2851112484931946,-0.00759461522102356,False,0.361648,0.68453145259831,0.007746756076812744,0.2900378108024597,0.282291054725647,-0.006635546684265137,False,0.41250133333333333,0.15094957563458522,-0.017271727323532104,0.2872513234615326,0.3045230507850647,0.018382936716079712,True,0.5563946666666667,0.7209614114144876,0.361648,4,False,0.7048668816354592,0.6545566502188256,0.11810400000013033,False,0.8914063710379725,0.8807142351208144,10,0.89656,0.9730503786534317,0.9209106296863925,0.024547845125198364,-0.023436635732650757,False,0.14018666666666665,0.3520839512348175,0.32753610610961914,0.9629069295669977,0.03256526589393616,-0.03145405650138855,False,0.207984,0.3486802577972412,0.31611499190330505,0.9591495247855687,0.03156128525733948,-0.03045007586479187,False,0.32466666666666666,0.3379806578159332,0.30641937255859375,0.9576548777951501,0.031186342239379883,-0.030075132846832275,False,0.42162666666666665,0.3307279646396637,0.2995416224002838,0.8999105861257577,0.02196231484413147,-0.020851105451583862,False,0.56552,0.31212639808654785,0.2901640832424164,False,0.6741606486409897,0.7545998956781649,11,0.9491466666666667,0.8023646946408886,0.7387964706561531,0.010397225618362427,-0.00928601622581482,False,0.19237866666666667,0.29438748955726624,0.2839902639389038,0.5958598571710373,0.0038824379444122314,-0.002771228551864624,False,0.30906133333333335,0.301011860370636,0.29712942242622375,0.5958598571710373,0.0038824379444122314,-0.002771228551864624,False,0.30906133333333335,0.301011860370636,0.29712942242622375,0.7255101983506212,0.009719610214233398,-0.008608400821685791,False,0.45266133333333336,0.2813143730163574,0.271594762802124,0.9520244351606155,0.02987898886203766,-0.02876777946949005,False,0.5170453333333334,0.2513602077960968,0.22148121893405914,1.8587871999998242,0.0,3.14321368932724e-09,0.2172457223969828
2872099696,45372,A man creates a sculpture with a hammer and chisel.,83194,A woman wearing a hat with making bread.,3827317206,0.33346664905548096,0.30155372619628906,0.031912922859191895,0.9605052723627593,14,0.0002474000002621324,0.9852978858842514,0.042049527168273926,0.3174434304237366,0.27539390325546265,-0.010136604309082031,False,0.14778879310344828,0.8790930038979867,0.019838690757751465,0.31136104464530945,0.291522353887558,0.01207423210144043,False,0.21947413793103449,0.7062673288469489,0.008773237466812134,0.30642083287239075,0.2976475954055786,0.02313968539237976,False,0.3167758620689655,0.7292633773449017,0.009908884763717651,0.29613757133483887,0.2862286865711212,0.022004038095474243,False,0.435823275862069,0.35800304418196377,-0.005840420722961426,0.28617143630981445,0.2920118570327759,0.03775334358215332,True,0.5577327586206896,0.6639295884094638,0.9238448275862069,13,False,0.07944129176683072,0.7879400926647484,0.00010769999971671496,0.9250165629576159,0.025125443935394287,0.31945371627807617,0.2943282723426819,0.006787478923797607,False,0.15058189655172413,0.8866252635657956,0.020567238330841064,0.30688950419425964,0.2863222658634186,0.01134568452835083,False,0.23194827586206895,0.3838221732218157,-0.004733562469482422,0.276050329208374,0.28078389167785645,0.036646485328674316,True,0.35048706896551723,0.5336695516668234,0.0013488233089447021,0.27390262484550476,0.27255380153656006,0.030564099550247192,False,0.42664224137931034,0.8985025194022784,0.021806955337524414,0.2753719985485077,0.2535650432109833,0.01010596752166748,False,0.5371508620689656,0.773634913644111,0.4682586206896552,7,False,0.8287075758011561,0.7540419775022187,0.11530520000087563,False,0.440901592354552,0.5142980637606895,12,0.891978448275862,0.8833386150617762,0.24486306630013144,-0.011261999607086182,0.043174922466278076,True,0.12381896551724138,0.2937627136707306,0.3050247132778168,0.3240508654551399,-0.007352173328399658,0.03926509618759155,True,0.2400948275862069,0.2854849398136139,0.29283711314201355,0.6783851365372977,0.007463604211807251,0.024449318647384644,False,0.3038706896551724,0.28897756338119507,0.2815139591693878,0.2796436922626501,-0.009462296962738037,0.04137521982192993,True,0.45892241379310345,0.2614574134349823,0.27091971039772034,0.31709808657931804,-0.0076714009046554565,0.03958432376384735,True,0.5402887931034482,0.24996061623096466,0.2576320171356201,False,0.4847721218543409,0.44756185192000253,14,1.0,0.6893296274898459,0.24486306630013144,-0.011261999607086182,0.043174922466278076,True,0.12381896551724138,0.2937627136707306,0.3050247132778168,0.3240508654551399,-0.007352173328399658,0.03926509618759155,True,0.2400948275862069,0.2854849398136139,0.29283711314201355,0.6783851365372977,0.007463604211807251,0.024449318647384644,False,0.3038706896551724,0.28897756338119507,0.2815139591693878,0.4007530522607385,-0.0040232837200164795,0.035936206579208374,True,0.45165948275862067,0.27606356143951416,0.28008684515953064,0.5531321340412141,0.0021333396434783936,0.0297795832157135,False,0.5097931034482759,0.27592799067497253,0.27379465103149414,2.5273123999995732,5.960464477539063e-08,2.7939677238464355e-09,-0.04387052949978887
14559446,7881,Two men wearing hats and using walking sticks are walking near a body of water during sundown.,33228,Three men are walking up hill.,2547291721,0.3211488425731659,0.29146134853363037,0.029687494039535522,0.9511421936791243,12,0.00024399999983870657,0.9435350010043846,0.028160125017166138,0.31480735540390015,0.286647230386734,0.0015273690223693848,False,0.11174166666666667,0.7293357459379564,0.009912550449371338,0.2728073298931122,0.26289477944374084,0.019774943590164185,False,0.23319166666666666,0.8814935161273448,0.020066499710083008,0.2795620262622833,0.2594955265522003,0.009620994329452515,False,0.33145833333333335,0.974718368269153,0.03652070462703705,0.246923565864563,0.21040286123752594,-0.006833210587501526,False,0.42115833333333336,0.8770371893516374,0.019646674394607544,0.24044685065746307,0.22080017626285553,0.010040819644927979,False,0.5211333333333333,0.7507071712738729,1.0,12,False,0.26219797129688327,0.8873034698105363,0.00010679999968488119,0.7166135976644823,0.009277254343032837,0.2786971628665924,0.26941990852355957,0.020410239696502686,False,0.12145,0.9056372643778634,0.02261492609977722,0.2898228168487549,0.26720789074897766,0.007072567939758301,False,0.21971666666666667,0.8814935161273448,0.020066499710083008,0.2795620262622833,0.2594955265522003,0.009620994329452515,False,0.33145833333333335,0.8500864128471408,0.017352789640426636,0.28060758113861084,0.2632547914981842,0.012334704399108887,False,0.4931333333333333,0.8069485002199053,0.014303028583526611,0.2767176032066345,0.2624145746231079,0.015384465456008911,False,0.5853166666666667,0.6918375595249107,0.8509666666666666,9,False,0.30138556281812995,0.8494233471512647,0.11519090000001597,False,0.9109644246782485,0.7783687756305292,10,0.8265583333333333,0.21653845616657216,0.960338292073782,0.03186899423599243,-0.002181500196456909,False,0.16949166666666668,0.28635460138320923,0.2544856071472168,0.8735780845169557,0.019329726696014404,0.010357767343521118,False,0.2694666666666667,0.2818714380264282,0.2625417113304138,0.7744592435851383,0.012336641550064087,0.017350852489471436,False,0.311125,0.25867170095443726,0.24633505940437317,0.9066855174792562,0.022738203406333923,0.006949290633201599,False,0.40939166666666665,0.245742067694664,0.22300386428833008,0.9621470301892769,0.032354578375816345,-0.0026670843362808228,False,0.5096333333333334,0.24121756851673126,0.20886299014091492,False,0.8533415167079876,0.8800525392177426,11,0.9519583333333334,0.7965863406154833,0.716612992442852,0.00927722454071045,0.020410269498825073,False,0.12145,0.2786971628665924,0.26941993832588196,0.7246065645118547,0.009674280881881714,0.02001321315765381,False,0.221425,0.27562519907951355,0.26595091819763184,0.964962062269508,0.03315657377243042,-0.0034690797328948975,False,0.3552666666666667,0.29580479860305786,0.26264822483062744,0.9539222708590974,0.03030252456665039,-0.0006150305271148682,False,0.4146,0.27561357617378235,0.24531105160713196,0.9404034655603205,0.02758711576461792,0.0021003782749176025,False,0.5263416666666667,0.27052122354507446,0.24293410778045654,1.1259383999995407,2.9802322387695312e-08,2.6193447411060333e-09,0.05762290797026082
4817447781,115724,Pedestrians walk by outside a cafe.,98864,A group of people walk along a sidewalk.,4510809964,0.303032785654068,0.28959184885025024,0.013440936803817749,0.7931623396395506,12,0.00023869999995440594,0.9438308650330883,0.028215795755386353,0.27701613306999207,0.2488003373146057,-0.014774858951568604,False,0.20733180778032037,0.9438308650330883,0.028215795755386353,0.27701613306999207,0.2488003373146057,-0.014774858951568604,False,0.20733180778032037,0.89555264793404,0.021487578749656677,0.24463187158107758,0.2231442928314209,-0.008046641945838928,False,0.3585537757437071,0.9734447510292711,0.03601613640785217,0.24902580678462982,0.21300967037677765,-0.022575199604034424,False,0.44155606407322656,0.9261881792227902,0.02529558539390564,0.24260547757148743,0.2173098921775818,-0.01185464859008789,False,0.5108604118993135,0.8964551461506243,0.8560823798627002,9,False,0.8301863219240182,0.9054068358848326,0.00010750000001280569,0.46873351076814196,-0.001252293586730957,0.269945353269577,0.271197646856308,0.014693230390548706,True,0.15122196796338672,0.6826698610416515,0.00766068696975708,0.28577515482902527,0.2781144678592682,0.005780249834060669,False,0.2003203661327231,0.5763266782297016,0.0030771195888519287,0.2797665596008301,0.27668944001197815,0.01036381721496582,False,0.3310983981693364,0.5094931339180779,0.00037977099418640137,0.2723971903324127,0.2720174193382263,0.013061165809631348,False,0.4349610983981693,0.6220725394534631,0.00498354434967041,0.2600354850292206,0.25505194067955017,0.008457392454147339,False,0.5179633867276888,0.5975147054555074,0.3310983981693364,4,False,0.5763266782297016,0.597249012771254,0.021109299999807263,False,0.6346714922114961,0.7436007345171983,12,1.0,0.8360576456056853,0.8044154625397768,0.014141231775283813,-0.0007002949714660645,False,0.10467276887871854,0.2899814546108246,0.27584022283554077,0.4174458151953186,-0.003332674503326416,0.016773611307144165,True,0.2558947368421053,0.26064157485961914,0.26397424936294556,0.461396545148152,-0.0015472173690795898,0.014988154172897339,True,0.33081464530892446,0.2668341398239136,0.26838135719299316,0.8179752956533246,0.015026897192001343,-0.0015859603881835938,False,0.5381464530892448,0.24698173999786377,0.23195484280586243,0.8179752956533246,0.015026897192001343,-0.0015859603881835938,False,0.5381464530892448,0.24698173999786377,0.23195484280586243,False,0.7236267943967348,0.75970915427359,12,1.0,0.8360576456056853,0.6826685698145628,0.007660627365112305,0.005780309438705444,False,0.2003203661327231,0.2857751250267029,0.2781144976615906,0.6826685698145628,0.007660627365112305,0.005780309438705444,False,0.2003203661327231,0.2857751250267029,0.2781144976615906,0.7832685971522709,0.01284816861152649,0.0005927681922912598,False,0.3228054919908467,0.27689114212989807,0.2640429735183716,0.6445778729761396,0.005952894687652588,0.007488042116165161,False,0.4524759725400458,0.2842612862586975,0.2783083915710449,0.7185782412124,0.00937420129776001,0.004066735506057739,False,0.5178352402745996,0.2778967320919037,0.2685225307941437,1.9808523000001514,2.9802322387695312e-08,2.9103830456733704e-09,-0.08895530218523873
4813957025,115457,An older man in a tropical shirt plays a drum.,10805,An African American man with a black hat and black tank top plays the drums on some buckets for donations.,1675332284,0.3289291262626648,0.32797372341156006,0.0009554028511047363,0.5238669193761699,11,0.00024220000022978638,0.5527033673648295,0.002115994691848755,0.301634818315506,0.2995188236236572,-0.0011605918407440186,False,0.16126726726726726,0.23364065136845252,-0.011878669261932373,0.2658710181713104,0.2777496874332428,0.01283407211303711,True,0.2622702702702703,0.1264469318676163,-0.01932746171951294,0.26093143224716187,0.2802588939666748,0.020282864570617676,True,0.34075675675675676,0.22620986185315867,-0.012298375368118286,0.22526216506958008,0.23756054043769836,0.013253778219223022,True,0.47885285285285284,0.19041321716535348,-0.01447327435016632,0.22009126842021942,0.23456454277038574,0.015428677201271057,True,0.6153093093093093,0.21597284250725057,0.8453393393393394,9,False,0.023680783834939507,0.31435579987784895,0.00010640000027706265,0.4530783695385615,-0.001882404088973999,0.3177850544452667,0.3196674585342407,0.0028378069400787354,True,0.1380960960960961,0.4538635075431355,-0.001850724220275879,0.3054347634315491,0.30728548765182495,0.0028061270713806152,True,0.20633033033033032,0.3777078326146664,-0.004992887377738953,0.24817536771297455,0.2531682550907135,0.005948290228843689,True,0.30733333333333335,0.23060248713404127,-0.012049123644828796,0.24678166210651398,0.2588307857513428,0.013004526495933533,True,0.43387987987987986,0.283590406257862,-0.009267210960388184,0.23054710030555725,0.23981431126594543,0.01022261381149292,True,0.6158498498498498,0.3073663132739145,0.43387987987987986,5,False,0.23060248713404127,0.3664328676994534,0.07840549999946234,False,0.26052965184150867,0.4016594446825241,9,0.8826006006006006,0.5648318708325527,0.22482422855313988,-0.012377709150314331,0.013333112001419067,True,0.10100300300300301,0.2878475785255432,0.30022528767585754,0.1022227146281254,-0.021727681159973145,0.02268308401107788,True,0.2172972972972973,0.2747476398944855,0.2964753210544586,0.18424223858853267,-0.014878660440444946,0.015834063291549683,True,0.3553933933933934,0.2563125491142273,0.27119120955467224,0.2920710725569997,-0.00885346531867981,0.009808868169784546,True,0.45834234234234233,0.25068703293800354,0.25954049825668335,0.6949811581281261,0.008235111832618713,-0.007279708981513977,False,0.5368288288288289,0.25361424684524536,0.24537913501262665,False,0.1880352282872273,0.2482519283164834,10,0.9343123123123123,0.7323408520435712,0.07915103815864744,-0.02453938126564026,0.025494784116744995,True,0.16923723723723724,0.2669614553451538,0.29150083661079407,0.1022227146281254,-0.021727681159973145,0.02268308401107788,True,0.2172972972972973,0.2747476398944855,0.2964753210544586,0.18424223858853267,-0.014878660440444946,0.015834063291549683,True,0.3553933933933934,0.2563125491142273,0.27119120955467224,0.1725338128670131,-0.01567775011062622,0.016633152961730957,True,0.49184984984984986,0.2465120553970337,0.2621898055076599,0.0827631591072324,-0.024053826928138733,0.02500922977924347,True,0.6081321321321321,0.21408957242965698,0.23814339935779572,1.4690974999994069,2.9802322387695312e-08,3.4924596548080444e-09,0.07249442355428137
7249763658,146252,A man in a striped polo is signing autographs for children at a convention.,15814,A boy with writing on his hand is standing in a store.,2076906555,0.36888307332992554,0.29472196102142334,0.0741611123085022,0.9993988779306573,8,0.00023989999999685097,0.9899441015171306,0.045894891023635864,0.34061264991760254,0.2947177588939667,0.028266221284866333,False,0.2944,0.9899441015171306,0.045894891023635864,0.34061264991760254,0.2947177588939667,0.028266221284866333,False,0.2944,0.47731961633157344,-0.0009078383445739746,0.29323408007621765,0.2941419184207916,0.07506895065307617,True,0.3566285714285714,0.5726797471781657,0.002927929162979126,0.2847445011138916,0.2818165719509125,0.07123318314552307,False,0.4974571428571429,0.13615955279477013,-0.01847560703754425,0.24686314165592194,0.2653387486934662,0.09263671934604645,True,0.5347028571428571,0.5344826257834703,1.0,8,False,0.01937450272794316,0.7959929737180786,9.679999993750243e-05,0.47731961633157344,-0.0009078383445739746,0.29323408007621765,0.2941419184207916,0.07506895065307617,True,0.3566285714285714,0.47731961633157344,-0.0009078383445739746,0.29323408007621765,0.2941419184207916,0.07506895065307617,True,0.3566285714285714,0.47731961633157344,-0.0009078383445739746,0.29323408007621765,0.2941419184207916,0.07506895065307617,True,0.3566285714285714,0.0720621447520048,-0.025554358959197998,0.26136699318885803,0.28692135214805603,0.0997154712677002,True,0.44901714285714284,0.010483094615427041,-0.04547452926635742,0.25325897336006165,0.29873350262641907,0.11963564157485962,True,0.5682628571428572,0.3107684738810957,0.8528114285714286,7,False,0.0015908318981900018,0.5166973010237951,0.12132409999958327,False,0.9761728340520858,0.8221326881915163,8,1.0,0.01937450272794316,0.9899441015171306,0.045894891023635864,0.028266221284866333,False,0.2944,0.34061264991760254,0.2947177588939667,0.9899441015171306,0.045894891023635864,0.028266221284866333,False,0.2944,0.34061264991760254,0.2947177588939667,0.9207170103021405,0.024521291255950928,0.04963982105255127,False,0.3867885714285714,0.29762816429138184,0.2731068730354309,0.9837932057324279,0.04105985164642334,0.03310126066207886,False,0.5339771428571428,0.2650390863418579,0.22397923469543457,0.9837932057324279,0.04105985164642334,0.03310126066207886,False,0.5339771428571428,0.2650390863418579,0.22397923469543457,False,0.7340231715745428,0.708147099051661,8,1.0,0.01937450272794316,0.47731961633157344,-0.0009078383445739746,0.07506895065307617,True,0.3566285714285714,0.29323408007621765,0.2941419184207916,0.47731961633157344,-0.0009078383445739746,0.07506895065307617,True,0.3566285714285714,0.29323408007621765,0.2941419184207916,0.47731961633157344,-0.0009078383445739746,0.07506895065307617,True,0.3566285714285714,0.29323408007621765,0.2941419184207916,0.9697146548021626,0.034663379192352295,0.0394977331161499,False,0.5038171428571429,0.30159831047058105,0.26693493127822876,0.9697146548021626,0.034663379192352295,0.0394977331161499,False,0.5038171428571429,0.30159831047058105,0.26693493127822876,1.2275103000001764,5.960464477539063e-08,3.4924596548080444e-09,0.242149662477543
3591283677,75022,Little boy playing tennis with a black and yellow racket.,60387,A child jumping on a tennis court.,3245460937,0.3291007876396179,0.313899964094162,0.015200823545455933,0.8205506073979475,12,0.00025129999994533136,0.03333899854352842,-0.03367120027542114,0.2698102295398712,0.30348142981529236,0.048872023820877075,True,0.16882985074626866,0.004792103755545332,-0.05335982143878937,0.22479315102100372,0.2781529724597931,0.0685606449842453,True,0.24399402985074628,0.007688235606949808,-0.04860346019268036,0.2232116013765335,0.27181506156921387,0.06380428373813629,True,0.31398208955223883,0.020300514046127944,-0.03876599669456482,0.23660492897033691,0.27537092566490173,0.05396682024002075,True,0.44268059701492535,0.03243281868665691,-0.0339561402797699,0.22524625062942505,0.25920239090919495,0.04915696382522583,True,0.5710805970149254,0.08968621499486477,0.8883283582089552,10,False,0.10798289990207467,0.13857474191930602,0.0001071000001502398,0.03333899854352842,-0.03367120027542114,0.2698102295398712,0.30348142981529236,0.048872023820877075,True,0.16882985074626866,0.07622288836841076,-0.024948090314865112,0.2782680094242096,0.3032160997390747,0.040148913860321045,True,0.24653731343283583,0.07116280669168522,-0.025689631700515747,0.28993144631385803,0.3156210780143738,0.04089045524597168,True,0.3546865671641791,0.019804193854400142,-0.03901858627796173,0.23581598699092865,0.2748345732688904,0.054219409823417664,True,0.4298507462686567,0.018140178968276015,-0.03991319239139557,0.2363247126340866,0.2762379050254822,0.0551140159368515,True,0.5582507462686567,0.07663456173440031,0.6869492537313433,7,False,0.05915487016766943,0.1615089657226248,0.12217599999985396,False,0.13668172365165188,0.09573564830315004,12,1.0,0.2618219617469616,0.02019079650282404,-0.03882130980491638,0.054022133350372314,True,0.13825074626865672,0.2658742070198059,0.3046955168247223,0.03861895933509448,-0.03214627504348755,0.04734709858894348,True,0.20823880597014927,0.2766093909740448,0.30875566601753235,0.007688235606949808,-0.04860346019268036,0.06380428373813629,True,0.31398208955223883,0.2232116013765335,0.27181506156921387,0.0624323439176319,-0.02709205448627472,0.04229287803173065,True,0.507910447761194,0.20118536055088043,0.22827741503715515,0.0624323439176319,-0.02709205448627472,0.04229287803173065,True,0.507910447761194,0.20118536055088043,0.22827741503715515,False,0.15445669827274364,0.09518693252173584,12,1.0,0.2618219617469616,0.03333871040834028,-0.033671289682388306,0.04887211322784424,True,0.16882985074626866,0.26981019973754883,0.30348148941993713,0.004792132181915798,-0.05335976183414459,0.06856058537960052,True,0.24399402985074628,0.22479315102100372,0.2781529128551483,0.007688235606949808,-0.04860346019268036,0.06380428373813629,True,0.31398208955223883,0.2232116013765335,0.27181506156921387,0.020300632590587533,-0.038765937089920044,0.05396676063537598,True,0.44268059701492535,0.23660504817962646,0.2753709852695465,0.0624323439176319,-0.02709205448627472,0.04229287803173065,True,0.507910447761194,0.20118536055088043,0.22827741503715515,1.6083413000005748,5.960464477539063e-08,3.259629011154175e-09,-0.01777497462109176
3344531479,64512,A man in a orange shirt and white shorts playing tennis.,147544,A tennis player strikes the ball.,7468663062,0.34210851788520813,0.3189406991004944,0.023167818784713745,0.9102574028206982,16,0.00024759999996604165,0.08549054637306447,-0.023699820041656494,0.30447375774383545,0.32817357778549194,0.04686763882637024,True,0.11099,0.10854222048306147,-0.021057188510894775,0.2975602447986603,0.31861743330955505,0.04422500729560852,True,0.21057,0.11750892390152877,-0.020162343978881836,0.3065049350261688,0.32666727900505066,0.04333016276359558,True,0.32828,0.16928180934049727,-0.015907257795333862,0.3108406662940979,0.32674792408943176,0.03907507658004761,True,0.44546,0.1334093184843447,-0.018711447715759277,0.28676527738571167,0.30547672510147095,0.04187926650047302,True,0.536095,0.14035733337578224,0.536095,9,False,0.1334093184843447,0.2028454625595874,0.00011790000007749768,0.06667069021869154,-0.02638992667198181,0.2969723641872406,0.3233622908592224,0.04955774545669556,True,0.156195,0.0876276739920673,-0.023429512977600098,0.29732567071914673,0.3207551836967468,0.04659733176231384,True,0.218415,0.07004364943133763,-0.025860190391540527,0.2960863709449768,0.32194656133651733,0.04902800917625427,True,0.363885,0.0543932352925344,-0.028555870056152344,0.2914515435695648,0.32000741362571716,0.05172368884086609,True,0.42521,0.04786658329637327,-0.029902875423431396,0.28857338428497314,0.31847625970840454,0.05307069420814514,True,0.533555,0.0928542183211532,0.363885,6,False,0.07004364943133763,0.19101930178949714,0.11284990000058315,False,0.17090215540553005,0.06533071455207765,16,1.0,0.04532434397597334,0.07660611044382293,-0.02489379048347473,0.04806160926818848,True,0.142225,0.2958061099052429,0.32069990038871765,0.10854308559511741,-0.021057099103927612,0.04422491788864136,True,0.21057,0.2975601553916931,0.3186172544956207,0.029410595113282697,-0.03496548533439636,0.05813330411911011,True,0.307305,0.2838461995124817,0.31881168484687805,0.05239149034595341,-0.028951972723007202,0.05211979150772095,True,0.480495,0.29428717494010925,0.32323914766311646,0.027637263760192373,-0.03560563921928406,0.0587734580039978,True,0.542715,0.2181870937347412,0.25379273295402527,False,0.150353636686017,0.048679155731121936,16,1.0,0.04532434397597334,0.07660611044382293,-0.02489379048347473,0.04806160926818848,True,0.142225,0.2958061099052429,0.32069990038871765,0.022387254630110258,-0.037766218185424805,0.06093403697013855,True,0.23896,0.2853841781616211,0.3231503963470459,0.02796712613540012,-0.035483598709106445,0.05865141749382019,True,0.30267,0.28658023476600647,0.3220638334751129,0.02746622920876601,-0.0356694757938385,0.058837294578552246,True,0.47632,0.2884376645088196,0.3241071403026581,0.019404676857812424,-0.039226457476615906,0.06239427626132965,True,0.553275,0.24628467857837677,0.2855111360549927,2.458407399999487,2.9802322387695312e-08,3.259629011154175e-09,0.020548518719513048
416992999,90140,A girl wearing glasses is in a blue harness while rock climbing.,14546,A boy in blue shorts and a white shirt begins repelling down a rock.,202175131,0.3365326225757599,0.3328176438808441,0.0037149786949157715,0.5918208668656639,14,0.00024350000012418604,0.030198467404878106,-0.034693002700805664,0.2870398163795471,0.3217328190803528,0.038407981395721436,True,0.15728,0.06675418991037872,-0.02637651562690735,0.2880910336971283,0.31446754932403564,0.03009149432182312,True,0.24322666666666667,0.10011464950262054,-0.021959513425827026,0.27378225326538086,0.2957417666912079,0.025674492120742798,True,0.30757866666666667,0.11819178722069934,-0.020096659660339355,0.26464125514030457,0.2847379148006439,0.023811638355255127,True,0.46174933333333334,0.12502252504106826,-0.01945704221725464,0.25578927993774414,0.2752463221549988,0.02317202091217041,True,0.52784,0.12010098513194967,0.6926506666666666,10,False,0.1054672639447786,0.1578441829874696,0.00010849999989659409,0.014817349776448404,-0.041970282793045044,0.2862815260887146,0.32825180888175964,0.045685261487960815,True,0.13127466666666668,0.009343132099698611,-0.046637266874313354,0.27248597145080566,0.319123238325119,0.050352245569229126,True,0.20144533333333334,0.282342955421232,-0.009328693151473999,0.28563499450683594,0.29496368765830994,0.01304367184638977,True,0.36001066666666665,0.24587511964610792,-0.011207342147827148,0.265495240688324,0.2767025828361511,0.01492232084274292,True,0.42436266666666667,0.08061315863612444,-0.024340450763702393,0.2340187132358551,0.2583591639995575,0.028055429458618164,True,0.5465973333333334,0.18069146654968274,0.4755413333333333,7,False,0.20740881703964115,0.1843065741814631,0.12048739999954705,False,0.13053914142856127,0.14333677178775497,13,0.935648,0.4142662066651907,0.002883371910740262,-0.058459073305130005,0.062174052000045776,True,0.17341333333333334,0.26320526003837585,0.32166433334350586,0.04589403082039306,-0.030344396829605103,0.034059375524520874,True,0.25936,0.2629412114620209,0.293285608291626,0.048585488919283396,-0.029746249318122864,0.033461228013038635,True,0.35206933333333335,0.2447495311498642,0.27449578046798706,0.09365151895902372,-0.022698432207107544,0.026413410902023315,True,0.424688,0.22859051823616028,0.2512889504432678,0.039422097519906496,-0.03193208575248718,0.035647064447402954,True,0.5460373333333334,0.21022865176200867,0.24216073751449585,False,0.6789789342839289,0.4670505252648069,13,0.916,0.020666902970372353,0.5055809981286769,0.00022324919700622559,0.003491729497909546,False,0.15484266666666666,0.3315810263156891,0.33135777711868286,0.6429437100609194,0.005881637334823608,-0.002166658639907837,False,0.247552,0.3381965160369873,0.3323148787021637,0.7198379145816978,0.009436577558517456,-0.005721598863601685,False,0.318608,0.32899147272109985,0.3195548951625824,0.8626126195277818,0.018371611833572388,-0.014656633138656616,False,0.479264,0.30180713534355164,0.28343552350997925,0.9907225103039046,0.04670843482017517,-0.0429934561252594,False,0.5264053333333333,0.32628723978996277,0.2795788049697876,2.2400786999996853,2.9802322387695312e-08,3.259629011154175e-09,-0.5484397928553676
7194590496,145927,There is a goalie in a swimming pool blocking the ball.,145218,Soccer players are jumping in the air to hit the ball with their heads.,7099368287,0.3295801281929016,0.28585726022720337,0.04372286796569824,0.987534994760533,12,0.00023680000003878376,0.9783600278868329,0.03811335563659668,0.28978481888771057,0.2516714632511139,0.0056095123291015625,False,0.1755855855855856,0.9901632454225723,0.04611743986606598,0.2893799841403961,0.24326254427433014,-0.002394571900367737,False,0.2504084084084084,0.9873064357817555,0.04353885352611542,0.26979750394821167,0.22625865042209625,0.0001840144395828247,False,0.3110510510510511,0.9715095433212929,0.035292819142341614,0.2559615969657898,0.22066877782344818,0.008430048823356628,False,0.4607747747747748,0.9171542259445956,0.024042949080467224,0.23964634537696838,0.21560339629650116,0.019679918885231018,False,0.5200840840840841,0.8316341995780463,0.7864924924924925,9,False,0.8505031444053602,0.9783887657439599,0.00010539999993852689,0.9783600278868329,0.03811335563659668,0.28978481888771057,0.2516714632511139,0.0056095123291015625,False,0.1755855855855856,0.9787846410506722,0.03831586241722107,0.28191402554512024,0.24359816312789917,0.005407005548477173,False,0.2375975975975976,0.9888641734622053,0.04486389458179474,0.2778218388557434,0.23295794427394867,-0.0011410266160964966,False,0.3124204204204204,0.9832320237602783,0.04071374237537384,0.2629002034664154,0.22218646109104156,0.003009125590324402,False,0.43237237237237236,0.9802234117173889,0.039032816886901855,0.26702016592025757,0.2279873490333557,0.004690051078796387,False,0.5155495495495496,0.9315938174342315,0.8696696696696696,10,False,0.8032916940151535,0.9830731264456399,0.11748869999973977,False,0.9892622690046866,0.9561117771310425,11,0.9406906906906907,0.7257866821550029,0.9854647109774953,0.04216533899307251,0.0015575289726257324,False,0.10593993993993994,0.31329500675201416,0.27112966775894165,0.9903296294556344,0.04628971219062805,-0.0025668442249298096,False,0.35634834834834833,0.2689073383808136,0.22261762619018555,0.9903296294556344,0.04628971219062805,-0.0025668442249298096,False,0.35634834834834833,0.2689073383808136,0.22261762619018555,0.9945487133090963,0.05206437408924103,-0.008341506123542786,False,0.4099039039039039,0.2716292142868042,0.21956484019756317,0.9903721913329007,0.04633425176143646,-0.00261138379573822,False,0.5550930930930931,0.2573912739753723,0.21105702221393585,False,0.8864746558752815,0.7190543449386974,12,1.0,0.26560262678540986,0.9798678424225064,0.038850992918014526,0.004871875047683716,False,0.1289069069069069,0.3322893977165222,0.2934384047985077,0.997198025008216,0.05874624848365784,-0.015023380517959595,False,0.263039039039039,0.3234805762767792,0.26473432779312134,0.9928921273484496,0.049394190311431885,-0.005671322345733643,False,0.32368168168168165,0.2983267307281494,0.24893254041671753,0.9868324810557609,0.04316747188568115,0.0005553960800170898,False,0.4087147147147147,0.30933308601379395,0.2661656141281128,0.47014049063265645,-0.0011958032846450806,0.04491867125034332,True,0.672012012012012,0.20677702128887177,0.20797282457351685,1.5289034000006723,5.960464477539063e-08,2.6775524020195007e-09,0.1027876131294051
3665179773,77940,"Two teenage girls hugging, one wearing a bicycle helmet, with cyclists in the background.",15439,Two people on a bicycle are posing for a picture,2064792226,0.39887890219688416,0.28783631324768066,0.11104258894920349,0.9999849521275604,12,0.00023480000027120695,0.9990083715574579,0.06915169954299927,0.3270563781261444,0.25790467858314514,0.041890889406204224,False,0.1545120481927711,0.9987816796318649,0.06709063053131104,0.31260278820991516,0.24551215767860413,0.043951958417892456,False,0.2575240963855422,0.9942696108545417,0.05156224966049194,0.3148949146270752,0.26333266496658325,0.05948033928871155,False,0.34745180722891567,0.9383155669851365,0.027220547199249268,0.2826157212257385,0.25539517402648926,0.08382204174995422,False,0.4311566265060241,0.15870988388728008,-0.016678586602211,0.22780154645442963,0.24448013305664062,0.1277211755514145,True,0.5664759036144579,0.5378468544566382,0.9588373493975904,11,False,0.004609999109798364,0.886278582697639,0.00010829999973793747,0.9990083715574579,0.06915169954299927,0.3270563781261444,0.25790467858314514,0.041890889406204224,False,0.1545120481927711,0.989155645543848,0.045132070779800415,0.31475722789764404,0.26962515711784363,0.06591051816940308,False,0.24443975903614457,0.9744663913531196,0.03641894459724426,0.28101763129234314,0.24459868669509888,0.07462364435195923,False,0.3621325301204819,0.9227000811813018,0.02479611337184906,0.2589181065559387,0.23412199318408966,0.08624647557735443,False,0.44583734939759034,0.5037322990261986,0.00014929473400115967,0.22276610136032104,0.22261680662631989,0.11089329421520233,False,0.5384036144578314,0.5730617155346648,0.8235180722891566,10,False,0.010844578235971299,0.9375914071690943,0.018813800000316405,False,0.7866930117095253,0.5293276060567323,12,1.0,0.0070772727858714945,0.9998397367750308,0.08738532662391663,0.023657262325286865,False,0.1035421686746988,0.35975173115730286,0.27236640453338623,0.9743030445586602,0.036353498697280884,0.07468909025192261,False,0.2898313253012048,0.29015830159187317,0.2538048028945923,0.8113253232131075,0.014586448669433594,0.0964561402797699,False,0.3339156626506024,0.26941466331481934,0.25482821464538574,0.47349224150565755,-0.0010613054037094116,0.1121038943529129,True,0.42648192771084337,0.23704077303409576,0.23810207843780518,0.23785373975400126,-0.011644825339317322,0.12268741428852081,True,0.5441746987951808,0.215569406747818,0.22721423208713531,False,0.7371730384045492,0.5291657355046098,12,1.0,0.0070772727858714945,0.9998397367750308,0.08738532662391663,0.023657262325286865,False,0.1035421686746988,0.35975173115730286,0.27236640453338623,0.8383658803246605,0.016461193561553955,0.09458139538764954,False,0.29116265060240965,0.26893350481987,0.25247231125831604,0.7090762135938762,0.008909016847610474,0.10213357210159302,False,0.408855421686747,0.23440079391002655,0.22549177706241608,0.7090762135938762,0.008909016847610474,0.10213357210159302,False,0.408855421686747,0.23440079391002655,0.22549177706241608,0.16588572070791763,-0.016150712966918945,0.12719330191612244,True,0.6278795180722891,0.2124021202325821,0.22855283319950104,1.4683101999999053,2.9802322387695312e-08,3.4924596548080444e-09,0.04951997330497615
4846324908,117545,"Three people, two in black and one in yellow, are seated on a wooden bench, only their heads and shoulders visible, in front of a sign for a furniture showroom &amp; restaurant.",95137,Asian people sitting at a restaurant with yellow chairs.,4427860005,0.3396831154823303,0.33553647994995117,0.00414663553237915,0.6022055824867633,13,0.0002596999997876992,0.9995055999805111,0.07611671090126038,0.3097379207611084,0.23362120985984802,-0.07197007536888123,False,0.12854225352112675,0.9945490929980929,0.05206507444381714,0.28355950117111206,0.23149442672729492,-0.04791843891143799,False,0.2344507042253521,0.9972375152843678,0.05888858437538147,0.24302101135253906,0.1841324269771576,-0.05474194884300232,False,0.3187535211267606,0.9640849989711795,0.03290024399757385,0.2047760784626007,0.17187583446502686,-0.028753608465194702,False,0.4223591549295775,0.9820876102437847,0.04004187881946564,0.21228450536727905,0.17224262654781342,-0.03589524328708649,False,0.5114577464788732,0.7074460407450044,0.797725352112676,10,False,0.16874332504063674,0.9400515848826542,0.00011689999973896192,0.48691008648365686,-0.0005237162113189697,0.3141079843044281,0.31463170051574707,0.00467035174369812,True,0.10590845070422535,0.2559154429393767,-0.010673075914382935,0.3090258836746216,0.3196989595890045,0.014819711446762085,True,0.2108380281690141,0.16581686674862184,-0.01615568995475769,0.31055930256843567,0.32671499252319336,0.02030232548713684,True,0.3177042253521127,0.05119387864549173,-0.029195845127105713,0.28728172183036804,0.31647756695747375,0.03334248065948486,True,0.451830985915493,0.31234660128403274,-0.007891714572906494,0.256961464881897,0.26485317945480347,0.012038350105285645,True,0.5205633802816901,0.2898845576361886,0.5205633802816901,6,False,0.31234660128403274,0.28090124779797865,0.038449199999377015,False,0.933458848273173,0.6315492103910294,10,0.7995281690140845,0.032105322050548155,0.9940629979933652,0.051205962896347046,-0.047059327363967896,False,0.14411267605633804,0.2857467234134674,0.23454076051712036,0.9662148467678675,0.033533647656440735,-0.029387012124061584,False,0.28004225352112677,0.24144376814365387,0.20791012048721313,0.9600767864909028,0.03180055320262909,-0.02765391767024994,False,0.33861971830985915,0.23501144349575043,0.20321089029312134,0.9862857369256511,0.04275509715080261,-0.03860846161842346,False,0.4073521126760563,0.20155462622642517,0.15879952907562256,0.9774826765788174,0.03770695626735687,-0.03356032073497772,False,0.5867535211267606,0.17918792366981506,0.1414809674024582,False,0.2465571481366289,0.1845248357199702,12,0.9248169014084507,0.009588417673509863,0.10433854432877249,-0.021499216556549072,0.025645852088928223,True,0.15093661971830985,0.2983337640762329,0.319832980632782,0.06873065908235,-0.026063531637191772,0.030210167169570923,True,0.2558661971830986,0.2912459671497345,0.31730949878692627,0.0696162322795038,-0.02592599391937256,0.03007262945175171,True,0.3303380281690141,0.28589558601379395,0.3118215799331665,0.46988808198052956,-0.001205936074256897,0.005352571606636047,True,0.4810492957746479,0.24419888854026794,0.24540482461452484,0.32579822839480743,-0.007272511720657349,0.011419147253036499,True,0.5497816901408451,0.208275705575943,0.21554821729660034,1.3689271000002918,2.9802322387695312e-08,4.6566128730773926e-09,0.6869017001365442
102617084,447,"Five people wearing winter clothing, helmets, and ski goggles stand outside in the snow.",57115,"Two large black dogs, one small black dog, and one large white dog are standing in some snow.",317383917,0.34502366185188293,0.29848217964172363,0.0465414822101593,0.9905677932202023,14,0.000247500000114087,0.984341303939634,0.041409462690353394,0.3390088379383087,0.2975993752479553,0.005132019519805908,False,0.10037866666666667,0.9658568167166035,0.03342452645301819,0.327033132314682,0.2936086058616638,0.013116955757141113,False,0.258336,0.8976442850750211,0.021713197231292725,0.33151036500930786,0.30979716777801514,0.024828284978866577,False,0.31256,0.7991009871937758,0.013806849718093872,0.3102847933769226,0.29647794365882874,0.03273463249206543,False,0.4116106666666667,0.6097574432733007,0.004462927579879761,0.23047223687171936,0.2260093092918396,0.04207855463027954,False,0.5804266666666666,0.8317990201720029,0.883152,12,False,0.9478915689899838,0.8728362889607049,0.00010990000009769574,0.984341303939634,0.041409462690353394,0.3390088379383087,0.2975993752479553,0.005132019519805908,False,0.10037866666666667,0.9435667480000742,0.028166085481643677,0.33300578594207764,0.30483970046043396,0.018375396728515625,False,0.23548266666666667,0.8019903711950679,0.013987809419631958,0.31349456310272217,0.2995067536830902,0.032553672790527344,False,0.32420266666666664,0.003951507745831279,-0.05529698729515076,0.2693021297454834,0.32459911704063416,0.10183846950531006,True,0.451728,0.005665654024198049,-0.05167651176452637,0.27131715416908264,0.322993665933609,0.09821799397468567,True,0.5015893333333333,0.38163252634144346,0.5427946666666666,8,False,0.00800430802297972,0.7145588459081373,0.07211760000063805,False,0.8445348405466779,0.5076300449868197,12,0.8592746666666666,0.05310026125235351,0.9947140216056536,0.0523739755153656,-0.005832493305206299,False,0.15795733333333334,0.3371158242225647,0.2847418487071991,0.9843664110003434,0.04142576456069946,0.005115717649459839,False,0.21218133333333333,0.33942848443984985,0.2980027198791504,0.8976437374320732,0.02171313762664795,0.024828344583511353,False,0.31256,0.3315103054046631,0.30979716777801514,0.7114588534492527,0.00902479887008667,0.03751668334007263,False,0.44664,0.306978315114975,0.2979535162448883,0.006829834975121425,-0.04979601502418518,0.09633749723434448,True,0.5199413333333334,0.27201956510543823,0.3218155801296234,False,0.6586786591487523,0.5837177252469127,12,0.8100853333333333,0.6425248930700573,0.988386182432155,0.04443877935409546,0.0021027028560638428,False,0.15458666666666668,0.3302575349807739,0.28581875562667847,0.9497170032870812,0.029384970664978027,0.017156511545181274,False,0.2549653333333333,0.32155969738960266,0.29217472672462463,0.9358443947643971,0.026801377534866333,0.01974010467529297,False,0.3091893333333333,0.3302360773086548,0.30343469977378845,0.003951496015972423,-0.055297017097473145,0.10183849930763245,True,0.451728,0.269302099943161,0.32459911704063416,0.019505390851892054,-0.039173662662506104,0.0857151448726654,True,0.5611466666666667,0.2716671824455261,0.3108408451080322,1.9954536000004737,2.9802322387695312e-08,3.6088749766349792e-09,0.1858561813979256
1255504166,3772,A young boy plays in the water with the mountains in the background.,148861,A child with shoulder-length brown hair is playing in water outdoors.,766061382,0.3786662817001343,0.35098105669021606,0.027685225009918213,0.9409509468116442,12,0.00025410000034753466,0.9983313153601365,0.06394049525260925,0.26621317863464355,0.2022726833820343,-0.03625527024269104,False,0.11087687687687688,0.9964320046627563,0.05632176995277405,0.24243654310703278,0.18611477315425873,-0.028636544942855835,False,0.2486126126126126,0.99901061575693,0.0691743791103363,0.22908450663089752,0.15991012752056122,-0.04148915410041809,False,0.3648588588588589,0.9966839046453999,0.05705645680427551,0.21985766291618347,0.16280120611190796,-0.0293712317943573,False,0.4455315315315315,0.9979071991450161,0.06167156994342804,0.21240714192390442,0.15073557198047638,-0.03398634493350983,False,0.5375315315315315,0.9763198245093306,1.0,12,False,0.7923794571148572,0.9917882004500999,0.00010640000027706265,0.9462888133733083,0.028689265251159668,0.3433397114276886,0.31465044617652893,-0.001004040241241455,False,0.16578378378378378,0.8404736694524834,0.016617566347122192,0.32457447052001953,0.30795690417289734,0.01106765866279602,False,0.24482882882882884,0.8406893258585472,0.016633659601211548,0.32785898447036743,0.3112253248691559,0.011051565408706665,False,0.3035195195195195,0.8271553686861124,0.015655994415283203,0.31418749690055847,0.29853150248527527,0.01202923059463501,False,0.458,0.7967536164809861,0.01366126537322998,0.31421345472335815,0.3005521893501282,0.014023959636688232,False,0.55,0.9097951287752525,0.360960960960961,5,False,0.9077634947508496,0.8725692391493731,0.12308350000057544,False,0.9259647327992222,0.8642759265274486,12,1.0,0.7923794571148572,0.9983313153601365,0.06394049525260925,-0.03625527024269104,False,0.11087687687687688,0.26621317863464355,0.2022726833820343,0.9843196764547795,0.04139544069766998,-0.01371021568775177,False,0.2079159159159159,0.25270771980285645,0.21131227910518646,0.909116681296417,0.023028969764709473,0.00465625524520874,False,0.36763363363363366,0.21279770135879517,0.1897687315940857,0.82218314402718,0.015312090516090393,0.01237313449382782,False,0.44265465465465464,0.2058945596218109,0.19058246910572052,0.7054886465454036,0.00873573124408722,0.018949493765830994,False,0.5041801801801802,0.20976684987545013,0.20103111863136292,False,0.8766440654656621,0.8311347050497466,12,1.0,0.7923794571148572,0.9843196764547795,0.04139544069766998,-0.01371021568775177,False,0.2079159159159159,0.25270771980285645,0.21131227910518646,0.9843196764547795,0.04139544069766998,-0.01371021568775177,False,0.2079159159159159,0.25270771980285645,0.21131227910518646,0.8059336771526681,0.014238014817237854,0.013447210192680359,False,0.3484864864864865,0.2062525451183319,0.19201453030109406,0.7576221675052397,0.011396870017051697,0.016288354992866516,False,0.42915915915915914,0.2064613252878189,0.1950644552707672,0.8370515115757482,0.01636451482772827,0.011320710182189941,False,0.5908588588588588,0.19877184927463531,0.18240733444690704,1.6870329999992464,5.960464477539063e-08,3.4051481634378433e-09,0.04932066733356011
2346401538,25080,A woman with a blue hat and blue and red jacket setting up a camera on a tripod.,129102,Three young girls in winter coats and hats inspect cameras.,5246144625,0.37750232219696045,0.31150928139686584,0.0659930408000946,0.9986405355850488,12,0.0002463999999235966,0.9977555315835152,0.06097039580345154,0.3522034287452698,0.29123303294181824,0.005022644996643066,False,0.10137267080745342,0.8785744546192834,0.01978999376296997,0.2848667502403259,0.26507675647735596,0.046203047037124634,False,0.2955217391304348,0.9735928792472222,0.03607359528541565,0.2843181788921356,0.24824458360671997,0.029919445514678955,False,0.3800869565217391,0.7295127917432318,0.009921520948410034,0.214931458234787,0.20500993728637695,0.05607151985168457,False,0.45283850931677017,0.8906643916552083,0.02097545564174652,0.21112404763698578,0.19014859199523926,0.045017585158348083,False,0.544527950310559,0.6318832326856615,0.7297391304347826,8,False,0.20562945847697225,0.9143271480068019,0.0001046000002133951,0.9977555315835152,0.06097039580345154,0.3522034287452698,0.29123303294181824,0.005022644996643066,False,0.10137267080745342,0.9761924146673374,0.03713655471801758,0.31484198570251465,0.27770543098449707,0.028856486082077026,False,0.27239751552795033,0.9968927460503967,0.05770903825759888,0.29470565915107727,0.2369966208934784,0.008284002542495728,False,0.3872111801242236,0.9867015704912672,0.043067216873168945,0.2759242355823517,0.23285701870918274,0.02292582392692566,False,0.47177639751552797,0.9440750977020553,0.028261959552764893,0.28128117322921753,0.25301921367645264,0.03773108124732971,False,0.5780993788819876,0.9530932403710414,0.6569875776397516,7,False,0.9125197009905853,0.9855920436104108,0.1190640999993775,False,0.8335613588444731,0.7332230980727099,10,0.8779503105590062,0.38182805329918,0.953673924986216,0.03024616837501526,0.035746872425079346,False,0.1807080745341615,0.3112775385379791,0.28103137016296387,0.7103701665407145,0.008971825242042542,0.05702121555805206,False,0.2534596273291925,0.24770911037921906,0.2387372851371765,0.7965119628871803,0.013646349310874939,0.052346691489219666,False,0.3380248447204969,0.2371312379837036,0.22348488867282867,0.7295122036718455,0.009921491146087646,0.05607154965400696,False,0.45283850931677017,0.214931458234787,0.20500996708869934,0.6964722608654137,0.008305549621582031,0.05768749117851257,False,0.5422546583850931,0.2152295559644699,0.20692400634288788,False,0.8319032942307,0.8387903532088458,7,0.633944099378882,0.8630802834134557,0.9791313668614783,0.03848418593406677,0.027508854866027832,False,0.15208695652173912,0.27652180194854736,0.2380376160144806,0.7103701665407145,0.008971825242042542,0.05702121555805206,False,0.2534596273291925,0.24770911037921906,0.2387372851371765,0.7965119628871803,0.013646349310874939,0.052346691489219666,False,0.3380248447204969,0.2371312379837036,0.22348488867282867,0.7295122036718455,0.009921491146087646,0.05607154965400696,False,0.45283850931677017,0.214931458234787,0.20500996708869934,0.6964722608654137,0.008305549621582031,0.05768749117851257,False,0.5422546583850931,0.2152295559644699,0.20692400634288788,1.3586230999999316,0.0,4.6566128730773926e-09,0.001658064613773158
4800006797,114430,Graffiti with saying CRAZI with bright green and pink with women in a red skirt walking by.,120357,A group of people walking up stairs surrounded by buildings covered in graffiti.,4890769146,0.3385782539844513,0.30292826890945435,0.03564998507499695,0.9724816595256635,11,0.0002610000001368462,0.7646930182141563,0.011785835027694702,0.29949113726615906,0.28770530223846436,0.023864150047302246,False,0.21616077170418008,0.7646930182141563,0.011785835027694702,0.29949113726615906,0.28770530223846436,0.023864150047302246,False,0.21616077170418008,0.4417664894521949,-0.002339959144592285,0.26048821210861206,0.26282817125320435,0.03798994421958923,True,0.30012861736334406,0.0578501659778104,-0.027903079986572266,0.22605636715888977,0.25395944714546204,0.06355306506156921,True,0.4937234726688103,0.10986638447993975,-0.020921066403388977,0.2223072052001953,0.2432282716035843,0.056571051478385925,True,0.5731511254019293,0.4400301207396965,0.718064308681672,7,False,0.33788663825344,0.5119569208652828,9.949999957825639e-05,0.6799890747349282,0.007537215948104858,0.3031676411628723,0.29563042521476746,0.02811276912689209,False,0.12153054662379421,0.22608312439709655,-0.012305617332458496,0.2837485074996948,0.2960541248321533,0.047955602407455444,True,0.3376913183279743,0.22608312439709655,-0.012305617332458496,0.2837485074996948,0.2960541248321533,0.047955602407455444,True,0.3376913183279743,0.24715246281256667,-0.011138573288917542,0.24016280472278595,0.2513013780117035,0.04678855836391449,True,0.42165916398713826,0.12226148093453862,-0.019711866974830627,0.20852576196193695,0.22823762893676758,0.055361852049827576,True,0.5700128617363344,0.2743326010975826,0.6494405144694534,6,False,0.08559942028507989,0.43088802698635986,0.019797700000708573,False,0.8795132281140864,0.7595731822149742,11,1.0,0.869940188086382,0.7646924819578784,0.011785805225372314,0.023864179849624634,False,0.21616077170418008,0.29949116706848145,0.28770536184310913,0.7646924819578784,0.011785805225372314,0.023864179849624634,False,0.21616077170418008,0.29949116706848145,0.28770536184310913,0.9697889616499382,0.034688711166381836,0.0009612739086151123,False,0.3044694533762058,0.30308595299720764,0.2683972418308258,0.8642351927764745,0.018509209156036377,0.01714077591896057,False,0.426,0.2938450276851654,0.27533581852912903,0.8683125522824908,0.018861204385757446,0.016788780689239502,False,0.509967845659164,0.22087691724300385,0.2020157128572464,False,0.8795132281140864,0.7595731822149742,11,1.0,0.869940188086382,0.7646924819578784,0.011785805225372314,0.023864179849624634,False,0.21616077170418008,0.29949116706848145,0.28770536184310913,0.7646924819578784,0.011785805225372314,0.023864179849624634,False,0.21616077170418008,0.29949116706848145,0.28770536184310913,0.9697889616499382,0.034688711166381836,0.0009612739086151123,False,0.3044694533762058,0.30308595299720764,0.2683972418308258,0.8642351927764745,0.018509209156036377,0.01714077591896057,False,0.426,0.2938450276851654,0.27533581852912903,0.8683125522824908,0.018861204385757446,0.016788780689239502,False,0.509967845659164,0.22087691724300385,0.2020157128572464,1.4230870999999752,2.9802322387695312e-08,3.725290298461914e-09,0.0
4752074240,111635,"Two nuns, one with paper in her hand, and the other holding a bag.",125294,A woman wearing all black looking at something.,4971580248,0.35340988636016846,0.2857832908630371,0.06762659549713135,0.9988451848973726,12,0.0002533000001676555,0.9974461804565747,0.05967608094215393,0.35287755727767944,0.2932014763355255,0.007950514554977417,False,0.11254819277108434,0.9956719766572615,0.05438306927680969,0.3349754810333252,0.2805924117565155,0.013243526220321655,False,0.2925301204819277,0.9940277523905025,0.05114641785621643,0.3178580701351166,0.26671165227890015,0.016480177640914917,False,0.38847590361445783,0.8026714635631459,0.014030754566192627,0.28477171063423157,0.27074095606803894,0.05359584093093872,False,0.48023493975903614,0.8219259329877687,0.015294507145881653,0.25152042508125305,0.2362259179353714,0.052332088351249695,False,0.5508674698795181,0.9329925324785673,0.7190783132530121,8,False,0.9304953522207846,0.9566006368679578,0.00010689999999158317,0.9884161462471179,0.04446491599082947,0.33637553453445435,0.2919106185436249,0.02316167950630188,False,0.15541566265060242,0.9869414335006734,0.04325166344642639,0.33333760499954224,0.29008594155311584,0.024374932050704956,False,0.24717469879518073,0.9630168373205532,0.032596081495285034,0.31724056601524353,0.2846444845199585,0.035030514001846313,False,0.38428915662650603,0.6698949096129769,0.0070770978927612305,0.2773616313934326,0.2702845335006714,0.06054949760437012,False,0.45492168674698796,0.8219259329877687,0.015294507145881653,0.25152042508125305,0.2362259179353714,0.052332088351249695,False,0.5508674698795181,0.663644311081776,0.7477590361445783,9,False,0.18504222045211433,0.9221333424389504,0.04076600000007602,False,0.9094066286656032,0.6523549505260196,12,1.0,0.03371755626511735,0.8914398993037744,0.02105534076690674,0.04657125473022461,False,0.1135,0.3293844163417816,0.3083290755748749,0.749140647756581,0.010940343141555786,0.05668625235557556,False,0.20944578313253012,0.3186212480068207,0.3076809048652649,0.9863337450899038,0.04279065132141113,0.024835944175720215,False,0.30120481927710846,0.32555678486824036,0.2827661335468292,0.9339440153107629,0.02648913860321045,0.0411374568939209,False,0.4383192771084337,0.30223485827445984,0.2757457196712494,0.9049009543645681,0.02252906560897827,0.045097529888153076,False,0.5742771084337349,0.30521005392074585,0.2826809883117676,False,0.8558601239817115,0.5923566183051361,12,1.0,0.03371755626511735,0.8914398993037744,0.02105534076690674,0.04657125473022461,False,0.1135,0.3293844163417816,0.3083290755748749,0.9886687913571441,0.04468798637390137,0.02293860912322998,False,0.2506144578313253,0.3134821355342865,0.26879414916038513,0.8929391135050463,0.021211206912994385,0.04641538858413696,False,0.3465602409638554,0.2912117540836334,0.27000054717063904,0.8946955612258753,0.021396279335021973,0.046230316162109375,False,0.4061265060240964,0.2954738140106201,0.27407753467559814,0.5029019685569094,0.00011608004570007324,0.06751051545143127,False,0.610433734939759,0.2412196397781372,0.24110355973243713,1.5281263999995645,2.9802322387695312e-08,3.026798367500305e-09,0.05354650468389166
464340358,104906,Three men with hard hats in front of a large hole in the ground.,110967,A man in a reflective vest stands in a hole in the ground.,4739632460,0.3416261076927185,0.2948967516422272,0.04672935605049133,0.9907417201521133,12,0.00025279999999838765,0.8810385417355049,0.02002301812171936,0.2875621020793915,0.2675390839576721,0.026706337928771973,False,0.16076047904191618,0.39134620862156694,-0.004416570067405701,0.23923003673553467,0.24364660680294037,0.051145926117897034,True,0.24660479041916167,0.32758720885028375,-0.007191181182861328,0.22658661007881165,0.23377779126167297,0.05392053723335266,True,0.31194610778443116,0.2110879061224109,-0.013183802366256714,0.2225530445575714,0.23573684692382812,0.05991315841674805,True,0.46677245508982035,0.32977170374894127,-0.007092177867889404,0.22093483805656433,0.22802701592445374,0.05382153391838074,True,0.5124790419161677,0.40169502694934783,0.9447844311377246,11,False,0.30965777322587124,0.5514696619598916,0.00010229999998045969,0.9409958053025705,0.02769330143928528,0.32227158546447754,0.29457828402519226,0.019036054611206055,False,0.1637065868263473,0.8425915487695643,0.01677638292312622,0.31393861770629883,0.2971622347831726,0.029952973127365112,False,0.3185329341317365,0.8425915487695643,0.01677638292312622,0.31393861770629883,0.2971622347831726,0.029952973127365112,False,0.3185329341317365,0.04404453697224423,-0.030775099992752075,0.2573177218437195,0.28809282183647156,0.07750445604324341,True,0.40035928143712574,0.0336193827439378,-0.03358455002307892,0.21769140660762787,0.2512759566307068,0.08031390607357025,True,0.6056107784431137,0.3475968837347968,0.6914550898203593,7,False,0.014590032113446947,0.5621393511922842,0.0745734000001903,False,0.6424921826429761,0.4023513822189698,12,1.0,0.31986308301361577,0.9367009368908343,0.02694493532180786,0.01978442072868347,False,0.12753293413173653,0.3059624433517456,0.27901750802993774,0.888232934321031,0.02072817087173462,0.026001185178756714,False,0.21337724550898204,0.27505600452423096,0.25432783365249634,0.4244372203992545,-0.0030458420515060425,0.049775198101997375,True,0.3576526946107784,0.22462198138237,0.22766782343387604,0.3826771138544469,-0.004782006144523621,0.051511362195014954,True,0.4128682634730539,0.2348024994134903,0.23958450555801392,0.21834938210613358,-0.012753114104270935,0.05948247015476227,True,0.5676946107784431,0.22363166511058807,0.236384779214859,False,0.5124172654162925,0.38624047403105616,12,1.0,0.31986308301361577,0.9523974458764087,0.029960960149765015,0.01676839590072632,False,0.16767065868263473,0.28610217571258545,0.25614121556282043,0.9096581768873132,0.02309468388557434,0.023634672164916992,False,0.2330119760479042,0.28349700570106506,0.2604023218154907,0.10162814758898135,-0.021792635321617126,0.06852199137210846,True,0.331377245508982,0.23616959154605865,0.2579622268676758,0.09858837063904559,-0.022130087018013,0.06885944306850433,True,0.410311377245509,0.22546063363552094,0.24759072065353394,0.2168629711671144,-0.012840420007705688,0.05956977605819702,True,0.6108443113772455,0.21796055138111115,0.23080097138881683,1.5742494000005536,2.9802322387695312e-08,3.725290298461914e-09,0.13007491722668363
374124237,80995,"A woman is propping her leg up revealing cleavage, a great tatoo, and some kicking boots.",61465,"A drunken woman in a blue dress, black tights, and black leather pumps, laying on a couch, smoking a cigarette, laughing.",3269841412,0.3328007161617279,0.30997124314308167,0.02282947301864624,0.9074548602934852,13,0.00025120000009337673,0.25609197659431127,-0.010663807392120361,0.28995299339294434,0.3006168007850647,0.0334932804107666,True,0.14848,0.06630997782956975,-0.026448041200637817,0.27033305168151855,0.29678109288215637,0.04927751421928406,True,0.232608,0.16171005728551988,-0.01645559072494507,0.27462342381477356,0.29107901453971863,0.03928506374359131,True,0.3146986666666667,0.03038220883809287,-0.03463044762611389,0.25780412554740906,0.29243457317352295,0.05745992064476013,True,0.453776,0.34102201690427963,-0.006587430834770203,0.2430156171321869,0.2496030479669571,0.029416903853416443,True,0.5187573333333333,0.28246313883491747,0.8419253333333333,11,False,0.4153480928502485,0.2597118028657228,0.00010819999988598283,0.1424207776663306,-0.01795327663421631,0.29677584767341614,0.31472912430763245,0.04078274965286255,True,0.16725333333333334,0.03420446495371317,-0.033405959606170654,0.27150020003318787,0.3049061596393585,0.056235432624816895,True,0.25138133333333335,0.05038913093125836,-0.029362767934799194,0.25032249093055725,0.27968525886535645,0.052192240953445435,True,0.366384,0.051990647367837435,-0.029033005237579346,0.24966368079185486,0.2786966860294342,0.051862478256225586,True,0.42422933333333335,0.5432739589529659,0.001735299825668335,0.22280964255332947,0.22107434272766113,0.021094173192977905,False,0.5514453333333333,0.2665090557774171,0.763008,10,False,0.327780896011412,0.2555395567603106,0.11974430000009306,False,0.24919474810728862,0.4155903030310759,12,0.9421546666666667,0.9557604304700301,0.10228454344329546,-0.021720945835113525,0.044550418853759766,True,0.17476266666666668,0.27795010805130005,0.2996710538864136,0.03420476030656348,-0.03340587019920349,0.05623534321784973,True,0.25138133333333335,0.2715003192424774,0.3049061894416809,0.09045013442393394,-0.02308151125907898,0.04591098427772522,True,0.34130133333333335,0.24598240852355957,0.26906391978263855,0.10709565008881834,-0.021207571029663086,0.044037044048309326,True,0.47224533333333335,0.24522659182548523,0.2664341628551483,0.48061697470435977,-0.0007757097482681274,0.023605182766914368,True,0.5994613333333333,0.22242967784404755,0.22320538759231567,False,0.3291133115485949,0.338978149255502,12,0.9421546666666667,0.9557604304700301,0.1424207776663306,-0.01795327663421631,0.04078274965286255,True,0.16725333333333334,0.29677584767341614,0.31472912430763245,0.6315656228813291,0.005389392375946045,0.017440080642700195,False,0.2571733333333333,0.290105938911438,0.28471654653549194,0.09045013442393394,-0.02308151125907898,0.04591098427772522,True,0.34130133333333335,0.24598240852355957,0.26906391978263855,0.15445527912246526,-0.01700076460838318,0.03983023762702942,True,0.423392,0.2509876787662506,0.2679884433746338,0.14216362568296637,-0.01797434687614441,0.04080381989479065,True,0.554336,0.23280441761016846,0.25077876448631287,1.9653025999996316,5.960464477539063e-08,3.026798367500305e-09,-0.0799185634413063
2729685399,40115,Three people standing near each other wearing coats with other people in the background,27901,"A man in a brown coat, with a fancy scarf, waits next to a woman and a man wearing headphones.",2421340833,0.339910626411438,0.33362826704978943,0.00628235936164856,0.6520893585493833,12,0.0002718000000641041,0.8718166898854521,0.019171178340911865,0.27712804079055786,0.257956862449646,-0.012888818979263306,False,0.23201066666666667,0.8718166898854521,0.019171178340911865,0.27712804079055786,0.257956862449646,-0.012888818979263306,False,0.23201066666666667,0.8356622566981703,0.01626300811767578,0.27377238869667053,0.25750938057899475,-0.009980648756027222,False,0.338384,0.9770480266872723,0.03751131892204285,0.27114155888557434,0.2336302399635315,-0.031228959560394287,False,0.44082133333333334,0.9858059480450964,0.042406365275382996,0.2658692002296448,0.22346283495426178,-0.036124005913734436,False,0.50768,0.8593495345022835,0.835232,9,False,0.927446974089239,0.8392251935542164,0.00010720000000219443,0.46287589248607314,-0.0014877021312713623,0.3262521028518677,0.32773980498313904,0.007770061492919922,True,0.138656,0.5424337905996715,0.001701444387435913,0.3187696635723114,0.3170682191848755,0.0045809149742126465,False,0.20551466666666668,0.6722184473221503,0.00718235969543457,0.2962650656700134,0.28908270597457886,-0.0009000003337860107,False,0.38624533333333333,0.2539873181852226,-0.010774582624435425,0.2843829095363617,0.2951574921607971,0.017056941986083984,True,0.473872,0.26684384064048783,-0.010106950998306274,0.28476130962371826,0.29486826062202454,0.016389310359954834,True,0.5078666666666667,0.37261972418982536,0.473872,6,False,0.2539873181852226,0.5318334875488615,0.020950299999640265,False,0.8345303257467601,0.8341325501770019,11,0.9660053333333334,0.2681671043101469,0.6368414921107965,0.005616813898086548,0.0006655454635620117,False,0.10637333333333333,0.3071211874485016,0.30150437355041504,0.8912580665413237,0.02103656530380249,-0.01475420594215393,False,0.20764266666666667,0.31962496042251587,0.2985883951187134,0.9119817370160342,0.023380756378173828,-0.01709839701652527,False,0.35279466666666665,0.291755735874176,0.2683749794960022,0.9862940385467415,0.04276123642921448,-0.03647887706756592,False,0.506512,0.26043984293937683,0.21767860651016235,0.9862940385467415,0.04276123642921448,-0.03647887706756592,False,0.506512,0.26043984293937683,0.21767860651016235,False,0.6094720029482158,0.616131684738671,11,0.9660053333333334,0.2681671043101469,0.7066795394297195,0.008793115615844727,-0.002510756254196167,False,0.20476266666666668,0.2910746932029724,0.2822815775871277,0.7066795394297195,0.008793115615844727,-0.002510756254196167,False,0.20476266666666668,0.2910746932029724,0.2822815775871277,0.3393540092622455,-0.006661742925643921,0.01294410228729248,True,0.39876266666666665,0.2693605422973633,0.2760222852230072,0.7170161993020189,0.009297087788581848,-0.0030147284269332886,False,0.477056,0.2591923773288727,0.24989528954029083,0.7658001856562081,0.011847466230392456,-0.0055651068687438965,False,0.5439146666666667,0.24020616710186005,0.2283587008714676,1.8872519000005923,2.9802322387695312e-08,2.852175384759903e-09,0.22505832279854432
2773744784,41820,A man with glasses wearing a tuxedo and corsage stands near a man in a suit at a formal event.,18241,A man on a brown coat is talking to a man with black pants and a man in a suit.,2152057198,0.3195297122001648,0.29266253113746643,0.026867181062698364,0.9362383456549729,14,0.00026459999980943394,0.7875819389193216,0.013104110956192017,0.2763737440109253,0.2632696330547333,0.013763070106506348,False,0.16840336134453782,0.3912415071365242,-0.004420965909957886,0.2506195902824402,0.25504055619239807,0.03128814697265625,True,0.257781512605042,0.5273297755230322,0.0010942816734313965,0.25195106863975525,0.25085678696632385,0.025772899389266968,False,0.3130028011204482,0.8388138502364677,0.01649428904056549,0.25582969188690186,0.23933540284633636,0.010372892022132874,False,0.4469467787114846,0.8435492833149503,0.016848772764205933,0.2364528775215149,0.21960410475730896,0.010018408298492432,False,0.5098431372549019,0.4522122503122483,0.81303081232493,11,False,0.0777000596110392,0.720990489712435,0.00011300000005576294,0.8821674222677451,0.020131170749664307,0.28910884261131287,0.26897767186164856,0.006736010313034058,False,0.11396078431372549,0.10295996849562276,-0.021647602319717407,0.25324368476867676,0.27489128708839417,0.04851478338241577,True,0.2849859943977591,0.06167917215003271,-0.027221456170082092,0.24198679625988007,0.26920825242996216,0.05408863723278046,True,0.353327731092437,0.025974027014799093,-0.03624340891838074,0.2332945466041565,0.26953795552253723,0.0631105899810791,True,0.41622408963585433,0.009912776524069019,-0.04603968560695648,0.2239076942205429,0.2699473798274994,0.07290686666965485,True,0.5009523809523809,0.18377508810196044,0.8163025210084034,11,False,0.012358082031152448,0.3947620581345884,0.07700769999974,False,0.6598213545791936,0.4110334889791607,14,1.0,0.07263298052371754,0.8557300232160965,0.017802685499191284,0.00906449556350708,False,0.1341736694677871,0.2935689389705658,0.2757662534713745,0.5483945160661681,0.0019418597221374512,0.024925321340560913,False,0.23129971988795517,0.2780037224292755,0.27606186270713806,0.6308337080857588,0.005357950925827026,0.021509230136871338,False,0.32067787114845936,0.25560876727104187,0.25025081634521484,0.3745905194222138,-0.0051257312297821045,0.03199291229248047,True,0.5085378151260505,0.2198067605495453,0.2249324917793274,0.3745905194222138,-0.0051257312297821045,0.03199291229248047,True,0.5085378151260505,0.2198067605495453,0.2249324917793274,False,0.39743792279362083,0.24534739002721764,14,1.0,0.07263298052371754,0.4317053787442161,-0.0027489662170410156,0.02961614727973938,True,0.13123809523809524,0.2758338451385498,0.2785828113555908,0.561054548593642,0.002454429864883423,0.02441275119781494,False,0.24519887955182074,0.2629949748516083,0.26054054498672485,0.37806409650198536,-0.00497773289680481,0.031844913959503174,True,0.3423249299719888,0.2592853605747223,0.2642630934715271,0.025973989315816338,-0.03624342381954193,0.0631106048822403,True,0.41622408963585433,0.2332945615053177,0.2695379853248596,0.04257673864855232,-0.031129375100135803,0.05799655616283417,True,0.5303417366946779,0.2334410399198532,0.264570415019989,2.0871394999994664,2.9802322387695312e-08,3.841705620288849e-09,0.2623834317855727
4709819574,108996,Harnessed Asian child lying on ground in front of stroller.,22010,"A lady pushes a stroller, behind a child, riding a tricycle, while another child walks along side.",2268207503,0.3370857536792755,0.3229745030403137,0.014111250638961792,0.8039433351019227,12,0.0002564000001257227,0.11312871839076112,-0.02059173583984375,0.25600937008857727,0.276601105928421,0.03470298647880554,True,0.16666666666666666,0.10404508296251141,-0.02153065800666809,0.2532021105289459,0.274732768535614,0.03564190864562988,True,0.26384384384384385,0.7730806820004225,0.012257888913154602,0.22057805955410004,0.20832017064094543,0.00185336172580719,False,0.3667027027027027,0.8685772805336088,0.01888437569141388,0.21305082738399506,0.19416645169258118,-0.004773125052452087,False,0.41315315315315315,0.6378120882431979,0.0056588053703308105,0.19844290614128113,0.19278410077095032,0.008452445268630981,False,0.5729189189189189,0.440779975286621,0.8886606606606606,10,False,0.09500368364634969,0.5071354935064271,0.00010890000021390733,0.03170636936263444,-0.03419017791748047,0.25935083627700806,0.2935410141944885,0.04830142855644226,True,0.15338738738738739,0.01025865531455541,-0.04569321870803833,0.249372661113739,0.29506587982177734,0.05980446934700012,True,0.23330330330330332,0.009301571271790411,-0.046682268381118774,0.24941271543502808,0.29609498381614685,0.060793519020080566,True,0.3046726726726727,0.008963015396302496,-0.04705645143985748,0.24200226366519928,0.28905871510505676,0.061167702078819275,True,0.40184984984984984,0.015356452487234017,-0.041607439517974854,0.23589593172073364,0.2775033712387085,0.055718690156936646,True,0.5213093093093093,0.056712240668764666,0.3046726726726727,4,False,0.009301571271790411,0.13198295940974358,0.11897839999983262,False,0.15219599546696141,0.1269097475084182,12,1.0,0.46788792758818526,0.03170636936263444,-0.03419017791748047,0.04830142855644226,True,0.15338738738738739,0.25935089588165283,0.2935410737991333,0.010258640184798638,-0.045693233609199524,0.059804484248161316,True,0.23330330330330332,0.2493726760149002,0.29506590962409973,0.040037715175008516,-0.031770721077919006,0.0458819717168808,True,0.343003003003003,0.2354636937379837,0.2672344148159027,0.060100264718437574,-0.027497589588165283,0.041608840227127075,True,0.4301741741741742,0.2390097975730896,0.2665073871612549,0.04107209545474657,-0.03150486946105957,0.04561612010002136,True,0.5031831831831832,0.23055914044380188,0.26206400990486145,False,0.14808157308904496,0.2280671396806806,11,0.8295195195195195,0.614755542276879,0.03170636936263444,-0.03419017791748047,0.04830142855644226,True,0.15338738738738739,0.25935089588165283,0.2935410737991333,0.010258640184798638,-0.045693233609199524,0.059804484248161316,True,0.23330330330330332,0.2493726760149002,0.29506590962409973,0.009301516345960693,-0.04668232798576355,0.06079357862472534,True,0.3046726726726727,0.24941274523735046,0.296095073223114,0.060100264718437574,-0.027497589588165283,0.041608840227127075,True,0.4301741741741742,0.2390097975730896,0.2665073871612549,0.04107209545474657,-0.03150486946105957,0.04561612010002136,True,0.5031831831831832,0.23055914044380188,0.26206400990486145,1.424539900000127,2.9802322387695312e-08,2.837623469531536e-09,0.004114422377916455
3815960082,82661,A blond child sleeps with her book open and resting on her chest.,25280,"A little girl in cuffed jeans, a long-sleeve pink shirt and no shoes is sleeping on the sofa.",2352452459,0.35778406262397766,0.3029632866382599,0.05482077598571777,0.995856563004392,14,0.00023980000014489633,0.9988140826364135,0.067360520362854,0.3405535817146301,0.2731930613517761,-0.01253974437713623,False,0.14523123123123124,0.9804144818643159,0.03913185000419617,0.30417391657829285,0.2650420665740967,0.015688925981521606,False,0.2284024024024024,0.438225576669702,-0.002483665943145752,0.2664949893951416,0.26897865533828735,0.057304441928863525,True,0.34237837837837837,0.6268445421152079,0.005187034606933594,0.2665361166000366,0.261349081993103,0.04963374137878418,False,0.4316036036036036,0.296667387832689,-0.008632183074951172,0.2582322061061859,0.2668643891811371,0.06345295906066895,True,0.5412852852852853,0.5056637536509863,0.8583603603603603,11,False,0.07226508139180694,0.7503599317807886,0.00010629999997036066,0.9988140826364135,0.067360520362854,0.3405535817146301,0.2731930613517761,-0.01253974437713623,False,0.14523123123123124,0.9804144818643159,0.03913185000419617,0.30417391657829285,0.2650420665740967,0.015688925981521606,False,0.2284024024024024,0.5569800497467302,0.0022891461849212646,0.27134308218955994,0.26905393600463867,0.05253162980079651,False,0.32274474474474474,0.19139439879915443,-0.014409750699996948,0.25311529636383057,0.2675250470638275,0.06923052668571472,True,0.4193393393393393,0.03144491484596874,-0.03427568078041077,0.24766167998313904,0.2819373607635498,0.08909645676612854,True,0.5486546546546547,0.34994702419605717,0.7485285285285286,10,False,0.02360442191714687,0.6383342320502751,0.019376199999896926,False,0.7249340112120332,0.6427773465718589,11,0.8010930930930931,0.5889473987022794,0.9804142529582138,0.039131730794906616,0.015689045190811157,False,0.2284024024024024,0.3041738271713257,0.26504209637641907,0.9804142529582138,0.039131730794906616,0.015689045190811157,False,0.2284024024024024,0.3041738271713257,0.26504209637641907,0.9502842259537229,0.029504388570785522,0.02531638741493225,False,0.324996996996997,0.2960885167121887,0.2665841281414032,0.1760070228553989,-0.015436381101608276,0.07025715708732605,True,0.40002402402402404,0.26063454151153564,0.2760709226131439,0.32785904404962984,-0.007178843021392822,0.061999619007110596,True,0.5505525525525525,0.268375039100647,0.2755538821220398,False,0.76886909149035,0.648870354437447,12,0.8903183183183183,0.5230584530786208,0.9928570012395896,0.049344539642333984,0.005476236343383789,False,0.1191951951951952,0.34181496500968933,0.29247042536735535,0.6988333876057005,0.008417487144470215,0.04640328884124756,False,0.26442642642642644,0.278537780046463,0.2701202929019928,0.471784112847688,-0.001129835844039917,0.05595061182975769,True,0.3034294294294294,0.27306070923805237,0.2741905450820923,0.7633351993897974,0.011710524559020996,0.04311025142669678,False,0.4726006006006006,0.26694226264953613,0.25523173809051514,0.5800386375549715,0.0032293200492858887,0.051591455936431885,False,0.5271351351351351,0.22541877627372742,0.22218945622444153,1.653106800000387,5.960464477539063e-08,3.958120942115784e-09,-0.04393508027831683
1916798494,13391,A large group of kids in a room sitting on front of there computers with orange barriers separating them.,143306,Several people are sitting at tables within a large classroom having a discussion.,6917718093,0.3559524714946747,0.32545205950737,0.030500411987304688,0.954784305150145,10,0.0002451999998811516,0.9025919429468375,0.02226361632347107,0.32582464814186096,0.3035610318183899,0.008236795663833618,False,0.1423843843843844,0.4093502605692867,-0.003666520118713379,0.30490413308143616,0.30857065320014954,0.034166932106018066,True,0.25383183183183183,0.34112616847284727,-0.006582796573638916,0.285637229681015,0.29222002625465393,0.037083208560943604,True,0.3783303303303303,0.9217128398567797,0.024658501148223877,0.3069646656513214,0.28230616450309753,0.0058419108390808105,False,0.46611411411411413,0.9878331731984763,0.04396800696849823,0.24453340470790863,0.2005653977394104,-0.013467594981193542,False,0.5688228228228228,0.5843704211113465,0.8091171171171171,8,False,0.0665258169858371,0.712955714106888,0.00010010000005422626,0.9025919429468375,0.02226361632347107,0.32582464814186096,0.3035610318183899,0.008236795663833618,False,0.1423843843843844,0.4093502605692867,-0.003666520118713379,0.30490413308143616,0.30857065320014954,0.034166932106018066,True,0.25383183183183183,0.34112616847284727,-0.006582796573638916,0.285637229681015,0.29222002625465393,0.037083208560943604,True,0.3783303303303303,0.21529954295927223,-0.01293271780014038,0.2703288793563843,0.28326159715652466,0.04343312978744507,True,0.5044984984984985,0.21529954295927223,-0.01293271780014038,0.2703288793563843,0.28326159715652466,0.04343312978744507,True,0.5044984984984985,0.3123461623993332,0.636,6,False,0.026298193123580137,0.5691893895150496,0.07169060000069294,False,0.8189066038791226,0.6025406451363199,10,1.0,0.08054537481235106,0.9025916809253167,0.02226358652114868,0.008236825466156006,False,0.1423843843843844,0.3258246183395386,0.3035610318183899,0.9047675090996956,0.02251356840133667,0.007986843585968018,False,0.21279279279279278,0.31962648034095764,0.29711291193962097,0.6589421513290467,0.006585836410522461,0.023914575576782227,False,0.3372912912912913,0.312566339969635,0.30598050355911255,0.6843505799091543,0.007738381624221802,0.022762030363082886,False,0.44873873873873876,0.29006341099739075,0.28232502937316895,0.9422616489133357,0.027923613786697388,0.0025767982006073,False,0.5514474474474474,0.2438005805015564,0.215876966714859,False,0.680054199806941,0.4368638131854653,10,1.0,0.08054537481235106,0.9025916809253167,0.02226358652114868,0.008236825466156006,False,0.1423843843843844,0.3258246183395386,0.3035610318183899,0.49244121683548103,-0.00030237436294555664,0.030802786350250244,True,0.26688288288288287,0.30828240513801575,0.3085847795009613,0.6589421513290467,0.006585836410522461,0.023914575576782227,False,0.3372912912912913,0.312566339969635,0.30598050355911255,0.6843505799091543,0.007738381624221802,0.022762030363082886,False,0.44873873873873876,0.29006341099739075,0.28232502937316895,0.21144794641143705,-0.013162195682525635,0.04366260766983032,True,0.5749069069069069,0.2551349699497223,0.2682971656322479,1.4213138999994044,2.9802322387695312e-08,3.4924596548080444e-09,0.13885240407218158
246231741,29737,A German shepherd barking at another German shepherd in a forest.,38955,Two brown and white dogs play roughly in a clearing of a wooded area.,270263570,0.32080191373825073,0.299226850271225,0.021575063467025757,0.8963681361990041,13,0.0002730000001065491,0.19550343332987696,-0.014146387577056885,0.2770172953605652,0.29116368293762207,0.03572145104408264,True,0.18723733333333334,0.2351241677315075,-0.011795997619628906,0.27099692821502686,0.28279292583465576,0.03337106108665466,True,0.25717866666666667,0.6527476101100337,0.006311386823654175,0.27770018577575684,0.27138879895210266,0.015263676643371582,False,0.33064,0.8773883657289642,0.019679278135299683,0.28457003831863403,0.26489076018333435,0.0018957853317260742,False,0.448544,0.7990210754338691,0.013801872730255127,0.27623242139816284,0.2624305486679077,0.00777319073677063,False,0.5203413333333333,0.7481675395097915,0.7842986666666667,10,False,0.9728539158871609,0.5770759262359355,0.00010979999979099375,0.7694649238393922,0.012052923440933228,0.3021136522293091,0.29006072878837585,0.00952214002609253,False,0.11964266666666666,0.293174074444208,-0.00880017876625061,0.30236318707466125,0.31116336584091187,0.030375242233276367,True,0.26004266666666664,0.5462103628815248,0.0018537044525146484,0.2920801341533661,0.29022642970085144,0.01972135901451111,False,0.3238666666666667,0.7223953140676698,0.009563744068145752,0.28620821237564087,0.2766444683074951,0.012011319398880005,False,0.46697066666666665,0.7975044880419325,0.01370769739151001,0.2667425870895386,0.25303488969802856,0.007867366075515747,False,0.5444266666666666,0.6567650073808469,0.46697066666666665,7,False,0.7223953140676698,0.6441087900522761,0.1194601999995939,False,0.7394572634826783,0.6915375202256694,13,1.0,0.4720277203548278,0.6457581704994657,0.006004452705383301,0.015570610761642456,False,0.13376533333333335,0.2788456380367279,0.2728411853313446,0.8013758282239773,0.013949155807495117,0.00762590765953064,False,0.25166933333333336,0.26627567410469055,0.25232651829719543,0.7301732751203566,0.009955018758773804,0.011620044708251953,False,0.3291253333333333,0.2720392644405365,0.2620842456817627,0.721896592927209,0.009538888931274414,0.012036174535751343,False,0.41504,0.28879618644714355,0.27925729751586914,0.7072549546883429,0.008820891380310059,0.012754172086715698,False,0.5452373333333334,0.2888076901435852,0.27998679876327515,False,0.30430124226559263,0.26206087417881263,13,1.0,0.4720277203548278,0.5501261925295587,0.002011805772781372,0.019563257694244385,False,0.12341333333333333,0.2946479916572571,0.2926361858844757,0.10505984630932894,-0.021422266960144043,0.0429973304271698,True,0.25584,0.2635856866836548,0.28500795364379883,0.1576742558095808,-0.01675635576248169,0.038331419229507446,True,0.31441066666666667,0.23206022381782532,0.248816579580307,0.042467474641181106,-0.031156212091445923,0.05273127555847168,True,0.4451253333333333,0.26081764698028564,0.29197385907173157,0.06574905455061383,-0.026538997888565063,0.04811406135559082,True,0.5169226666666666,0.27007612586021423,0.2966151237487793,2.0689284999998563,5.960464477539063e-08,3.026798367500305e-09,0.43515602121708563
3514194772,71660,A brown dog with white paws is trotting through a field of green grass.,92497,A brown dog running to catch a Frisbee in a field of grass.,430173345,0.36265072226524353,0.3425274193286896,0.020123302936553955,0.8820856132814663,14,0.0002488000000084867,0.39320587189036665,-0.004338562488555908,0.3335205316543579,0.3378590941429138,0.024461865425109863,True,0.10942342342342343,0.8544534287359337,0.01769965887069702,0.3451767563819885,0.3274770975112915,0.0024236440658569336,False,0.21306906906906906,0.8475200785497881,0.0171528160572052,0.3307317793369293,0.3135789632797241,0.002970486879348755,False,0.3318378378378378,0.8995037123986824,0.021917223930358887,0.3404605984687805,0.31854337453842163,-0.0017939209938049316,False,0.42052252252252253,0.9260199178952445,0.02527099847793579,0.3109548091888428,0.285683810710907,-0.005147695541381836,False,0.5588408408408408,0.8454707772391963,0.7705765765765765,11,False,0.9518183404016991,0.7859483955884826,0.00010819999988598283,0.47351564492880666,-0.0010603666305541992,0.353721559047699,0.3547819256782532,0.021183669567108154,True,0.15574774774774774,0.7394085027067914,0.010428965091705322,0.36010605096817017,0.34967708587646484,0.009694337844848633,False,0.22243243243243244,0.7958026696159474,0.013602644205093384,0.3469037413597107,0.3333010971546173,0.006520658731460571,False,0.34864264264264266,0.8067761981917885,0.014291971921920776,0.34707126021385193,0.33277928829193115,0.005831331014633179,False,0.4373273273273273,0.3176116929466389,-0.007647693157196045,0.3228750228881836,0.33052271604537964,0.02777099609375,True,0.5587447447447448,0.5960222597388727,0.6623903903903904,9,False,0.5268305652120411,0.6840503777429047,0.11458519999996497,False,0.7077372186864614,0.6509924393527977,14,1.0,0.6369683048568665,0.898503878316661,0.021807104349136353,-0.0016838014125823975,False,0.15536936936936938,0.3575700521469116,0.33576294779777527,0.8871257867266332,0.020617127418518066,-0.0004938244819641113,False,0.2070930930930931,0.3567028045654297,0.3360856771469116,0.3108992240659095,-0.007959187030792236,0.02808248996734619,True,0.3704084084084084,0.3296680450439453,0.33762723207473755,0.6649919352944549,0.006856203079223633,0.013267099857330322,False,0.44204204204204206,0.3343397080898285,0.32748350501060486,0.6300664595236818,0.005325019359588623,0.014798283576965332,False,0.5157177177177177,0.3282665014266968,0.32294148206710815,False,0.7986859786021102,0.7682732449778304,12,0.8461141141141141,0.8240033501545153,0.729448099068088,0.009918242692947388,0.010205060243606567,False,0.15723123123123123,0.36243024468421936,0.352512001991272,0.8616466192554795,0.018290340900421143,0.0018329620361328125,False,0.2608768768768769,0.36709266901016235,0.3488023281097412,0.81212738551284,0.014638930559158325,0.00548437237739563,False,0.3406786786786787,0.35969477891921997,0.34505584836006165,0.767341900645783,0.011933624744415283,0.008189678192138672,False,0.4620960960960961,0.3560270667076111,0.3440934419631958,0.7532590424968415,0.011160701513290405,0.00896260142326355,False,0.5337297297297298,0.3449386954307556,0.3337779939174652,1.8298479999994015,5.960464477539063e-08,2.561137080192566e-09,-0.09094875991564877
502529086,126575,A man with gray hair and a bear sits in a chair on the street with a guitar by his side.,22783,A man sits on a small chair on a sidewalk.,228947041,0.3145201802253723,0.313385009765625,0.0011351704597473145,0.5283488258327246,11,0.00024089999988063937,0.2896528277276123,-0.008970707654953003,0.30862167477607727,0.3175923824310303,0.010105878114700317,True,0.12259733333333334,0.09363280123904742,-0.022700637578964233,0.22718383371829987,0.2498844712972641,0.023835808038711548,True,0.310896,0.09363280123904742,-0.022700637578964233,0.22718383371829987,0.2498844712972641,0.023835808038711548,True,0.310896,0.09748105434689569,-0.022255316376686096,0.22170232236385345,0.24395763874053955,0.02339048683643341,True,0.422512,0.045339563074663386,-0.03047175705432892,0.21683119237422943,0.24730294942855835,0.03160692751407623,True,0.5653173333333333,0.11881608123833311,0.796496,8,False,0.06905728051805657,0.18943688051770635,0.00010440000005473848,0.10641699878933954,-0.021278738975524902,0.25059521198272705,0.27187395095825195,0.022413909435272217,True,0.18829866666666667,0.044293092248529946,-0.030716225504875183,0.23814605176448822,0.2688622772693634,0.0318513959646225,True,0.272592,0.10914855762150195,-0.020994678139686584,0.22167545557022095,0.24267013370990753,0.0221298485994339,True,0.33592,0.017638001277673496,-0.04019904136657715,0.2263396680355072,0.26653870940208435,0.04133421182632446,True,0.44500266666666666,0.010501876369897198,-0.04545643925666809,0.24173271656036377,0.28718915581703186,0.046591609716415405,True,0.587808,0.07801430987852342,0.39293866666666666,5,False,0.04943248103663629,0.13592474729423246,0.019870999999511696,False,0.23122601844069002,0.23293257424710626,10,0.889168,0.12054524371475452,0.28965221453309264,-0.00897073745727539,0.010105907917022705,True,0.12259733333333334,0.3086216449737549,0.3175923824310303,0.18696714428889444,-0.014698386192321777,0.015833556652069092,True,0.3174666666666667,0.23471584916114807,0.24941423535346985,0.18696714428889444,-0.014698386192321777,0.015833556652069092,True,0.3174666666666667,0.23471584916114807,0.24941423535346985,0.1195933975542346,-0.019962862133979797,0.021098032593727112,True,0.434816,0.22105622291564941,0.2410190850496292,0.09149348322832973,-0.02295534312725067,0.024090513586997986,True,0.546432,0.21233293414115906,0.23528827726840973,False,0.1344116414955276,0.21463928231308887,11,1.0,0.19422252140890273,0.10310980194701869,-0.0216313898563385,0.022766560316085815,True,0.19486933333333334,0.2835071086883545,0.305138498544693,0.0141129846231871,-0.04246446490287781,0.04359963536262512,True,0.26581866666666665,0.2796182334423065,0.3220826983451843,0.012501780937921791,-0.04369303584098816,0.044828206300735474,True,0.33296533333333334,0.2617500126361847,0.30544304847717285,0.058429098483461075,-0.027797356247901917,0.02893252670764923,True,0.45556266666666667,0.18903720378875732,0.21683456003665924,0.03670960362535774,-0.03267316520214081,0.03380833566188812,True,0.5671786666666667,0.17844808101654053,0.21112124621868134,1.5521346000004996,2.9802322387695312e-08,3.4924596548080444e-09,0.09681437694516243
6439261679,139943,Two sweepers work frantically as their curling teammates look on.,65850,A man is guiding the hockey puck across the ice while an opposing player races towards it.,3373481779,0.3613375723361969,0.2925584614276886,0.0687791109085083,0.9989707664237526,13,0.00024780000012469827,0.9987971633919938,0.06721869111061096,0.3598559498786926,0.29263725876808167,0.0015604197978973389,False,0.12568072289156626,0.9912094935547384,0.047252535820007324,0.32426631450653076,0.27701377868652344,0.021526575088500977,False,0.2588975903614458,0.9935409930655552,0.05035799741744995,0.3237617611885071,0.27340376377105713,0.01842111349105835,False,0.33069879518072287,0.9605273121487587,0.031918734312057495,0.2922423779964447,0.2603236436843872,0.036860376596450806,False,0.410644578313253,0.6031696992911187,0.004186898469924927,0.249511256814003,0.24532435834407806,0.06459221243858337,False,0.5218614457831325,0.8154003746243492,0.8737048192771084,11,False,0.7097986689528197,0.947396918382963,0.00010780000002341694,0.9900357146497365,0.045987337827682495,0.32904234528541565,0.28305500745773315,0.022791773080825806,False,0.17722289156626506,0.9385124337774562,0.027254611253738403,0.3128751218318939,0.2856205105781555,0.0415244996547699,False,0.3029036144578313,0.9385124337774562,0.027254611253738403,0.3128751218318939,0.2856205105781555,0.0415244996547699,False,0.3029036144578313,0.8796831566911996,0.019894331693649292,0.2988305389881134,0.2789362072944641,0.04888477921485901,False,0.43846385542168675,0.5712336273467936,0.002868860960006714,0.2720530331134796,0.2691841721534729,0.06591024994850159,False,0.5079216867469879,0.7978252752545995,0.8556807228915663,11,False,0.7764635656124497,0.9274376301939852,0.04508960000021034,False,0.9186269568501209,0.8334865604733253,12,0.9499036144578313,0.4296801288642661,0.992125240979447,0.04836186766624451,0.020417243242263794,False,0.1332168674698795,0.32973745465278625,0.28137558698654175,0.977534635380587,0.037730589509010315,0.031048521399497986,False,0.3091566265060241,0.2697810232639313,0.23205043375492096,0.977534635380587,0.037730589509010315,0.031048521399497986,False,0.3091566265060241,0.2697810232639313,0.23205043375492096,0.916519564836156,0.02395971119403839,0.04481939971446991,False,0.43003614457831324,0.26561909914016724,0.24165938794612885,0.6564707676312378,0.006476059556007385,0.062303051352500916,False,0.621722891566265,0.20118744671344757,0.19471138715744019,False,0.9849231767341324,0.8830141287327493,13,1.0,0.1971459211357696,0.9897574000523249,0.045709043741226196,0.023070067167282104,False,0.17497590361445783,0.3194487392902374,0.27373969554901123,0.9795598469946252,0.03869602084159851,0.03008309006690979,False,0.25219277108433735,0.3159162104129791,0.2772201895713806,0.9946045981418885,0.05216798186302185,0.01661112904548645,False,0.32165060240963855,0.2884140908718109,0.23624610900878906,0.9928962064994955,0.0493999719619751,0.019379138946533203,False,0.45237951807228916,0.23510925471782684,0.18570928275585175,0.9302375027488946,0.025903433561325073,0.04287567734718323,False,0.5780602409638554,0.2171565592288971,0.19125312566757202,1.6994709000000512,2.9802322387695312e-08,3.725290298461914e-09,-0.06629621988401158
4562512283,101200,Man standing at a counter in a convenience store with a woman on the other side of the counter wearing a white shirt looking at him very expectantly.,134530,"A woman with long brown hair wearing a white sleeveless shirt, a man with long brown hair wearing a green t-shirt and tattoos on his arms, and another woman with black hair wearing a green dress, also with tattoos, are in the checkout line at a supermarket.",5787072819,0.314715713262558,0.29983797669410706,0.014877736568450928,0.8157438754841528,13,0.0002555999999458436,0.9845084983732741,0.04151850938796997,0.3272428810596466,0.28572437167167664,-0.026640772819519043,False,0.12145403899721448,0.9636353923113333,0.032771170139312744,0.30727657675743103,0.2745054066181183,-0.017893433570861816,False,0.2220891364902507,0.9816480705545192,0.039794981479644775,0.3056933879852295,0.2658984065055847,-0.024917244911193848,False,0.3308579387186629,0.9920401986272522,0.04825359582901001,0.30249661207199097,0.25424301624298096,-0.03337585926055908,False,0.4511922005571031,0.8714495565085192,0.019138365983963013,0.2704097628593445,0.25127139687538147,-0.004260629415512085,False,0.6000557103064067,0.6767926664047057,0.7546629526462395,9,False,0.03674524105902761,0.9509064336370563,0.00010730000030889641,0.713265780870275,0.00911298394203186,0.307169109582901,0.29805612564086914,0.005764752626419067,False,0.10063509749303622,0.528468392943569,0.0011399686336517334,0.32260146737098694,0.3214614987373352,0.013737767934799194,False,0.24579387186629525,0.9184910881060682,0.024220198392868042,0.30709272623062134,0.2828725278377533,-0.009342461824417114,False,0.35456267409470754,0.944723039314424,0.028385356068611145,0.27295809984207153,0.2445727437734604,-0.013507619500160217,False,0.476016713091922,0.945049499911218,0.028448045253753662,0.26789334416389465,0.239445298910141,-0.013570308685302734,False,0.5195877437325905,0.8156150993044953,0.6057994428969359,7,False,0.8380933002859887,0.7699747774884251,0.07024379999984376,False,0.9321422284734593,0.638899006892927,11,0.9201949860724234,0.21178704263651885,0.8191040788254033,0.015102893114089966,-0.00022515654563903809,False,0.10876880222841226,0.2962316572666168,0.28112876415252686,0.9675759712733715,0.03395894169807434,-0.019081205129623413,False,0.2120222841225627,0.31685370206832886,0.2828947603702545,0.9924934591411343,0.04884445667266846,-0.03396672010421753,False,0.33347632311977715,0.30790048837661743,0.259056031703949,0.9935009371573719,0.05029577016830444,-0.035418033599853516,False,0.41023955431754877,0.29929274320602417,0.24899697303771973,0.9646354945507507,0.03306041657924652,-0.018182680010795593,False,0.538016713091922,0.26973792910575867,0.23667751252651215,False,0.9143974774097838,0.6585745362140172,11,0.9201949860724234,0.21178704263651885,0.9417088829846251,0.02782246470451355,-0.012944728136062622,False,0.10325348189415041,0.34203803539276123,0.3142155706882477,0.9675759712733715,0.03395894169807434,-0.019081205129623413,False,0.2120222841225627,0.31685370206832886,0.2828947603702545,0.8930675386183811,0.021224647760391235,-0.006346911191940308,False,0.3810529247910864,0.31155484914779663,0.2903302013874054,0.8799710041597432,0.01992155611515045,-0.005043819546699524,False,0.5025069637883008,0.25289463996887207,0.23297308385372162,0.8799710041597432,0.01992155611515045,-0.005043819546699524,False,0.5025069637883008,0.25289463996887207,0.23297308385372162,1.9008830999991915,8.940696716308594e-08,3.958120942115784e-09,0.017744751063675457
5829827359,134921,A small group of women in traditional dark blue and white kimonos and sandals dancing in front of a tall brown brick church.,96865,"A woman holds sticks attached to large striped banners, causing one to launch its banner in a wide loop through the air.",4463538995,0.3220095932483673,0.29649320244789124,0.025516390800476074,0.9276835523521129,14,0.00024759999996604165,0.7032567417268197,0.008628547191619873,0.3423337936401367,0.33370524644851685,0.0168878436088562,False,0.11393898305084746,0.9186932252721327,0.02424722909927368,0.2515387535095215,0.2272915244102478,0.0012691617012023926,False,0.27033898305084747,0.24632991316460812,-0.011182829737663269,0.21230782568454742,0.2234906554222107,0.03669922053813934,True,0.3492813559322034,0.08272798564843033,-0.02405846118927002,0.21258558332920074,0.23664404451847076,0.049574851989746094,True,0.47597966101694916,0.06926141561299656,-0.025980904698371887,0.206098735332489,0.2320796400308609,0.05149729549884796,True,0.5241627118644068,0.34110330046972354,0.8438508474576272,11,False,0.02004615100365248,0.5537257060993469,0.00010849999989659409,0.45107855051127876,-0.0019631385803222656,0.295220285654068,0.29718342423439026,0.02747952938079834,True,0.19247457627118644,0.7674674422083233,0.01194065809249878,0.273444265127182,0.2615036070346832,0.013575732707977295,False,0.2714169491525424,0.4360257505307731,-0.002573072910308838,0.265429824590683,0.2680028975009918,0.028089463710784912,True,0.36896949152542374,0.27867815596988155,-0.009510278701782227,0.2561124861240387,0.2656227648258209,0.0350266695022583,True,0.4487389830508475,0.15160867765741512,-0.0172203928232193,0.1946410983800888,0.2118614912033081,0.042736783623695374,True,0.5266033898305085,0.31120664902296147,0.5266033898305085,6,False,0.15160867765741512,0.5407209596386036,0.01897839999946882,False,0.4696863356884614,0.24326693459967222,11,0.8438508474576272,0.020046121731381105,0.5965615442022778,0.0039115846157073975,0.021604806184768677,False,0.1564,0.28384679555892944,0.27993521094322205,0.5257086335364862,0.0010292530059814453,0.02448713779449463,False,0.23616949152542374,0.2860685884952545,0.28503933548927307,0.5798745603672081,0.0032225847244262695,0.022293806076049805,False,0.3151118644067797,0.27369534969329834,0.27047276496887207,0.03894173658786839,-0.0320596843957901,0.057576075196266174,True,0.4290508474576271,0.20605914294719696,0.23811882734298706,0.2163825207383019,-0.012868732213973999,0.03838512301445007,True,0.5498915254237288,0.16855159401893616,0.18142032623291016,False,0.4201185484817716,0.23059923098700041,11,0.8438508474576272,0.020046121731381105,0.3279128995116901,-0.007176399230957031,0.032692790031433105,True,0.15830508474576271,0.295457661151886,0.302634060382843,0.3226098619986863,-0.007418036460876465,0.03293442726135254,True,0.23724745762711866,0.2757760286331177,0.28319406509399414,0.4371480861513175,-0.0025274455547332764,0.02804383635520935,True,0.35808813559322034,0.2658412456512451,0.2683686912059784,0.3366898897862385,-0.006780803203582764,0.03229719400405884,True,0.4720271186440678,0.22907064855098724,0.23585145175457,0.16028198801759114,-0.016561314463615417,0.04207770526409149,True,0.5695796610169491,0.19992755353450775,0.21648886799812317,1.5267910000002303,2.9802322387695312e-08,4.190951585769653e-09,0.049567787206689806
7890007278,150526,"Bicycle rider wearing black, riding down a dirt trail in a mountain bike.",3671,"Men, surrounded by nature, are riding mountain bikes.",1250181412,0.3257408142089844,0.31480860710144043,0.010932207107543945,0.7489877171428839,15,0.00023690000034548575,0.22768379388685867,-0.012214362621307373,0.2621362805366516,0.274350643157959,0.02314656972885132,True,0.13817417417417419,0.13252391430524108,-0.018788248300552368,0.23967301845550537,0.25846126675605774,0.029720455408096313,True,0.20475675675675675,0.37232557735972655,-0.005222529172897339,0.24894407391548157,0.2541666030883789,0.016154736280441284,True,0.34033033033033033,0.44260633744866235,-0.0023059099912643433,0.22573672235012054,0.2280426323413849,0.013238117098808289,True,0.48102702702702704,0.4093189162134578,-0.0036678165197372437,0.22183147072792053,0.22549928724765778,0.014600023627281189,True,0.5534654654654655,0.2589239740775036,0.7973273273273274,12,False,0.037540318186091624,0.36474629162601646,0.00011150000000270666,0.41878285225573986,-0.003277719020843506,0.2950085699558258,0.2982862889766693,0.014209926128387451,True,0.12494294294294295,0.6324791453024932,0.005428671836853027,0.3035361170768738,0.29810744524002075,0.005503535270690918,False,0.2497957957957958,0.6162997555825497,0.004738718271255493,0.3029663860797882,0.2982276678085327,0.006193488836288452,False,0.32223423423423425,0.8053314388664417,0.014199554920196533,0.3100055456161499,0.29580599069595337,-0.003267347812652588,False,0.4602942942942943,0.16944217422391808,-0.01589585840702057,0.23657356202602386,0.25246942043304443,0.026828065514564514,True,0.538894894894895,0.38743492170841526,0.6243483483483484,9,False,0.17306630625177408,0.594276945508142,0.08031729999947856,False,0.3337770993100867,0.29466324336084926,14,0.9275615615615616,0.2546030367584976,0.2276832698316722,-0.01221439242362976,0.023146599531173706,True,0.13817417417417419,0.2621362507343292,0.274350643157959,0.13252442822326221,-0.018788203597068787,0.029720410704612732,True,0.20475675675675675,0.2396729737520218,0.2584611773490906,0.4190831978220664,-0.003265380859375,0.014197587966918945,True,0.3652972972972973,0.2401810586452484,0.2434464395046234,0.23397673213321246,-0.011859908699989319,0.022792115807533264,True,0.4285285285285285,0.23536242544651031,0.24722233414649963,0.4100796746310755,-0.0036363601684570312,0.014568567276000977,True,0.5441741741741741,0.22965720295906067,0.2332935631275177,False,0.32997693028454234,0.28489436141543445,13,0.8421081081081081,0.10093423980292811,0.2276832698316722,-0.01221439242362976,0.023146599531173706,True,0.13817417417417419,0.2621362507343292,0.274350643157959,0.13252442822326221,-0.018788203597068787,0.029720410704612732,True,0.20475675675675675,0.2396729737520218,0.2584611773490906,0.2623343426674604,-0.010338708758354187,0.021270915865898132,True,0.33903903903903904,0.22913190722465515,0.23947061598300934,0.4215949305375882,-0.003162294626235962,0.014094501733779907,True,0.4205405405405405,0.2240471988916397,0.22720949351787567,0.3148693640454318,-0.007774516940116882,0.018706724047660828,True,0.5491411411411411,0.2246095985174179,0.2323841154575348,1.9470467000001008,2.9802322387695312e-08,2.561137080192566e-09,0.0038001690255443643
136693281,6010,"A father and daughter holding a young tree upright, ready to be planted, as the son stands to their side wielding a shovel.",154466,Some children are outside playing in the dirt where two trees are.,95758790,0.3477468192577362,0.2971072196960449,0.050639599561691284,0.9937192165101852,15,0.00026590000015858095,0.9904194611468489,0.046383947134017944,0.30532440543174744,0.2589404582977295,0.00425565242767334,False,0.12923123123123123,0.955761312541871,0.030729085206985474,0.2836848497390747,0.25295576453208923,0.01991051435470581,False,0.2018978978978979,0.9151045140721211,0.02377617359161377,0.26718074083328247,0.2434045672416687,0.026863425970077515,False,0.3190630630630631,0.8172778223751562,0.014980122447013855,0.24910464882850647,0.23412452638149261,0.03565947711467743,False,0.42781381381381384,0.10310043170538798,-0.021632403135299683,0.20171239972114563,0.2233448028564453,0.07227200269699097,True,0.5324864864864864,0.5662430548252352,0.7531771771771771,12,False,0.2938779833494434,0.8467555625021632,0.00011289999974906095,0.9649679060241559,0.033158302307128906,0.33172276616096497,0.29856446385383606,0.017481297254562378,False,0.15417417417417417,0.955761312541871,0.030729085206985474,0.2836848497390747,0.25295576453208923,0.01991051435470581,False,0.2018978978978979,0.8036382948809474,0.014091908931732178,0.26474374532699585,0.25065183639526367,0.036547690629959106,False,0.35418018018018016,0.06090883576625876,-0.027355343103408813,0.24250981211662292,0.26986515522003174,0.0779949426651001,True,0.40406006006006007,0.011707117140001597,-0.044357821345329285,0.2157088667154312,0.2600666880607605,0.09499742090702057,True,0.5668708708708708,0.352910374641067,0.6773153153153153,10,False,0.0072871533927887045,0.6319912645352799,0.11870730000009644,False,0.26542683481226564,0.16931186336228263,15,1.0,0.047212253591004234,0.5525884268654487,0.0021113455295562744,0.04852825403213501,False,0.13212012012012012,0.29495689272880554,0.29284554719924927,0.09049697480845263,-0.02307581901550293,0.07371541857719421,True,0.25466666666666665,0.27321258187294006,0.296288400888443,0.026351933100484216,-0.03609508275985718,0.08673468232154846,True,0.3496156156156156,0.2653867304325104,0.30148181319236755,0.049988219904540325,-0.02944687008857727,0.08008646965026855,True,0.4002462462462463,0.2508527934551239,0.28029966354370117,0.05203318804491428,-0.029024377465248108,0.07966397702693939,True,0.5998438438438438,0.22115494310855865,0.25017932057380676,False,0.3590029655597409,0.21870063038066118,14,0.9401681681681682,0.11641468924472441,0.8938095065557712,0.02130258083343506,0.029337018728256226,False,0.1004924924924925,0.34385621547698975,0.3225536346435547,0.09049697480845263,-0.02307581901550293,0.07371541857719421,True,0.25466666666666665,0.27321258187294006,0.296288400888443,0.026351933100484216,-0.03609508275985718,0.08673468232154846,True,0.3496156156156156,0.2653867304325104,0.30148181319236755,0.049988219904540325,-0.02944687008857727,0.08008646965026855,True,0.4002462462462463,0.2508527934551239,0.28029966354370117,0.04843197820202497,-0.029779508709907532,0.08041910827159882,True,0.5116396396396397,0.2403123527765274,0.27009186148643494,2.063708900000165,0.0,2.444721758365631e-09,-0.09357613074747528
1664475761,10697,Two young men are loading fruit unto a bicycle.,92130,A group of five dark-skinned people sitting at what looks to be a farmer's market right behind a fruit that is green and spiky.,4284980126,0.34118688106536865,0.3160645067691803,0.025122374296188354,0.9249952688793455,13,0.0002730000001065491,0.8458492304617795,0.017024099826812744,0.2971632480621338,0.28013914823532104,0.00809827446937561,False,0.14853453453453452,0.8247398977561013,0.015487968921661377,0.2957301139831543,0.2802421450614929,0.009634405374526978,False,0.22356756756756757,0.8543143874489633,0.017688482999801636,0.30786406993865967,0.29017558693885803,0.007433891296386719,False,0.31546546546546544,0.9375876272292727,0.02709546685218811,0.29899218678474426,0.27189671993255615,-0.001973092555999756,False,0.4123123123123123,0.9992119873726025,0.0714520812034607,0.30947285890579224,0.23802077770233154,-0.04632970690727234,False,0.5544624624624624,0.8908074823392864,0.8278738738738739,10,False,0.7582446811028976,0.8941443065005621,0.00010830000019268482,0.8458492304617795,0.017024099826812744,0.2971632480621338,0.28013914823532104,0.00809827446937561,False,0.14853453453453452,0.8994322979667716,0.021909326314926147,0.30083414912223816,0.278924822807312,0.003213047981262207,False,0.20926126126126127,0.8085331778796544,0.01440507173538208,0.2902221381664276,0.27581706643104553,0.010717302560806274,False,0.3491591591591592,0.46286626014075666,-0.0014880895614624023,0.29991719126701355,0.30140528082847595,0.026610463857650757,True,0.5342342342342342,0.46286626014075666,-0.0014880895614624023,0.29991719126701355,0.30140528082847595,0.026610463857650757,True,0.5342342342342342,0.7961483428167626,0.3929129129129129,6,False,0.758741470808616,0.789224903646072,0.12021209999966231,False,0.6625478138044165,0.5569338747354186,13,1.0,0.5619105172942502,0.8458488418739345,0.017024070024490356,0.008098304271697998,False,0.14853453453453452,0.2971632480621338,0.28013917803764343,0.8522594344379553,0.01752433180809021,0.0075980424880981445,False,0.2222102102102102,0.2914867699146271,0.27396243810653687,0.46596036883472686,-0.0013636946678161621,0.026486068964004517,True,0.3631111111111111,0.25041547417640686,0.251779168844223,0.43096377285796117,-0.0027792006731033325,0.027901574969291687,True,0.4445345345345345,0.22651849687099457,0.2292976975440979,0.2645308989444244,-0.010225504636764526,0.03534787893295288,True,0.5364324324324324,0.2259136140346527,0.23613911867141724,False,0.5841769333044035,0.4058289288092586,13,1.0,0.5619105172942502,0.8458488418739345,0.017024070024490356,0.008098304271697998,False,0.14853453453453452,0.2971632480621338,0.28013917803764343,0.8522594344379553,0.01752433180809021,0.0075980424880981445,False,0.2222102102102102,0.2914867699146271,0.27396243810653687,0.7320767208002844,0.010051846504211426,0.015070527791976929,False,0.33183183183183185,0.2834951877593994,0.273443341255188,0.1301631974663071,-0.018995165824890137,0.04411754012107849,True,0.40686486486486484,0.2499598264694214,0.2689549922943115,0.014438045492424898,-0.04223345220088959,0.06735582649707794,True,0.5545105105105105,0.23129616677761078,0.27352961897850037,1.7470143000000462,5.960464477539063e-08,5.3551048040390015e-09,0.07837088050001306
3425756814,67901,A tennis player in a green striped shirt is holding his hand up to his mouth.,64511,The tennis player holds his racket in preparation for the ball.,3344531479,0.32873421907424927,0.29477787017822266,0.03395634889602661,0.9675678359641924,11,0.0002430999998068728,0.6584879017936374,0.0065656304359436035,0.2990068793296814,0.2924412488937378,0.027390718460083008,False,0.23613,0.6584879017936374,0.0065656304359436035,0.2990068793296814,0.2924412488937378,0.027390718460083008,False,0.23613,0.09905668483494057,-0.022077500820159912,0.27897217869758606,0.30104967951774597,0.05603384971618652,True,0.38931,0.056106286242172516,-0.028227657079696655,0.27314940094947815,0.3013770580291748,0.06218400597572327,True,0.492525,0.1290168995194011,-0.019096791744232178,0.2764528691768646,0.2955496609210968,0.05305314064025879,True,0.592145,0.2775286953557477,0.742935,7,False,0.04976106027853834,0.451290088544034,0.00010530000008657225,0.3302645965883888,-0.007069885730743408,0.2941904366016388,0.3012603223323822,0.04102623462677002,True,0.23872,0.3302645965883888,-0.007069885730743408,0.2941904366016388,0.3012603223323822,0.04102623462677002,True,0.23872,0.20034316120069032,-0.013841509819030762,0.28275346755981445,0.2965949773788452,0.04779785871505737,True,0.300865,0.15070833691765315,-0.017290562391281128,0.28966429829597473,0.30695486068725586,0.05124691128730774,True,0.400485,0.1920908961073593,-0.014364808797836304,0.298267662525177,0.3126324713230133,0.048321157693862915,True,0.592345,0.29026540730218114,0.655445,7,False,0.15302761753662444,0.3743885645168633,0.11573860000044078,False,0.6672848433650211,0.43394357519732574,10,0.911355,0.1574657740505906,0.9008664235150654,0.022068887948989868,0.011887460947036743,False,0.15318,0.3253174126148224,0.3032485246658325,0.6383048783373473,0.0056801438331604,0.02827620506286621,False,0.30377,0.30278486013412476,0.29710471630096436,0.6383048783373473,0.0056801438331604,0.02827620506286621,False,0.30377,0.30278486013412476,0.29710471630096436,0.5656144186643003,0.0026398003101348877,0.031316548585891724,False,0.40339,0.299038827419281,0.2963990271091461,0.09473012231458382,-0.02257201075553894,0.05652835965156555,True,0.551075,0.2689860165119171,0.29155802726745605,False,0.45093333659746776,0.2877903231757765,11,1.0,0.32103838755023284,0.9008664235150654,0.022068887948989868,0.011887460947036743,False,0.15318,0.3253174126148224,0.3032485246658325,0.33026525578597177,-0.0070698559284210205,0.04102620482444763,True,0.23872,0.29419049620628357,0.3012603521347046,0.09905668483494057,-0.022077500820159912,0.05603384971618652,True,0.38931,0.2789721190929413,0.3010496199131012,0.18510020314005635,-0.014821678400039673,0.048778027296066284,True,0.48893,0.2817377746105194,0.2965594530105591,0.11163104106258129,-0.02074187994003296,0.05469822883605957,True,0.56086,0.284604012966156,0.30534589290618896,1.9624964999993608,5.960464477539063e-08,5.122274160385132e-09,0.21635150676755338
4786476156,113755,A man with an orange shirt and sunglasses along with a young boy and train conductor ride a children's train through a park.,72268,Two adults and two children pose on a park bench.,3527184455,0.3784868121147156,0.32683080434799194,0.05165600776672363,0.9943227832213605,14,0.00024990000019897707,0.9906364332320242,0.04661521315574646,0.3262360394001007,0.27962082624435425,0.005040794610977173,False,0.2062694610778443,0.9906364332320242,0.04661521315574646,0.3262360394001007,0.27962082624435425,0.005040794610977173,False,0.2062694610778443,0.9934503261563749,0.05021768808364868,0.2924323081970215,0.2422146201133728,0.0014383196830749512,False,0.3891497005988024,0.9970141815339454,0.05810891091823578,0.28945133090019226,0.23134241998195648,-0.006452903151512146,False,0.4437425149700599,0.973196020965777,0.03592035174369812,0.2822168171405792,0.2462964653968811,0.015735656023025513,False,0.5154790419161677,0.7516783209693273,0.894437125748503,13,False,0.2643598883412623,0.9915900969402925,0.00011069999982282752,0.9906364332320242,0.04661521315574646,0.3262360394001007,0.27962082624435425,0.005040794610977173,False,0.2062694610778443,0.9906364332320242,0.04661521315574646,0.3262360394001007,0.27962082624435425,0.005040794610977173,False,0.2062694610778443,0.9716917300801853,0.03535884618759155,0.2605848014354706,0.22522595524787903,0.01629716157913208,False,0.30147904191616764,0.5910254628270677,0.003682062029838562,0.22653181850910187,0.2228497564792633,0.04797394573688507,False,0.46965269461077847,0.610612701667576,0.004498884081840515,0.23020173609256744,0.22570285201072693,0.04715712368488312,False,0.51862874251497,0.7501937050889865,0.51862874251497,7,False,0.610612701667576,0.8849569848866528,0.11867590000019845,False,0.8622340704787372,0.7786495948968755,13,0.950502994011976,0.7075245298204295,0.9822270283005675,0.04012143611907959,0.011534571647644043,False,0.15945508982035927,0.32564517855644226,0.28552374243736267,0.9687277164063105,0.0343325138092041,0.01732349395751953,False,0.23119161676646707,0.30086225271224976,0.26652973890304565,0.7660889621379863,0.011863574385643005,0.03979243338108063,False,0.3923473053892216,0.24890653789043427,0.23704296350479126,0.6956939430658029,0.008268758654594421,0.04338724911212921,False,0.4887844311377246,0.2517794966697693,0.24351073801517487,0.3595045086093972,-0.005775153636932373,0.057431161403656006,True,0.5377604790419162,0.2509104311466217,0.2566855847835541,False,0.5434224835927662,0.5802994635137717,13,0.950502994011976,0.7075245298204295,0.9822270283005675,0.04012143611907959,0.011534571647644043,False,0.15945508982035927,0.32564517855644226,0.28552374243736267,0.8376275026949951,0.01640680432319641,0.03524920344352722,False,0.2084311377245509,0.3039895296096802,0.28758272528648376,0.13248451895033342,-0.018791675567626953,0.07044768333435059,True,0.3149940119760479,0.24582475423812866,0.2646164298057556,0.08345843368652146,-0.023962587118148804,0.07561859488487244,True,0.4114311377245509,0.2616119682788849,0.2855745553970337,0.3595045086093972,-0.005775153636932373,0.057431161403656006,True,0.5377604790419162,0.2509104311466217,0.2566855847835541,2.010966699999699,0.0,4.773028194904327e-09,0.318811586885971
624080960,138355,A guy inside a sports arena wearing a yellow shirt and black cap is holding up a red bag containing snacks and a bottle containing something to drink.,85355,"A many in an orange t-shirt, tan shorts and tan and black baseball cap is moving a tall metal cart with sheets of pretzels that is surrounded by similar carts.",3938498023,0.3962950110435486,0.3166479170322418,0.07964709401130676,0.9996526080419689,13,0.00026249999973515514,0.9987243822391744,0.06663048267364502,0.3701222240924835,0.3034917414188385,0.013016611337661743,False,0.1013189448441247,0.9930686899850409,0.049647510051727295,0.2939097285270691,0.2442622184753418,0.029999583959579468,False,0.28117505995203834,0.9725031451380801,0.03565801680088043,0.2751215100288391,0.23946349322795868,0.04398907721042633,False,0.3730071942446043,0.9561671653982752,0.030825495719909668,0.27289068698883057,0.2420651912689209,0.048821598291397095,False,0.4626091127098321,0.8885753801174171,0.020762711763381958,0.27332258224487305,0.2525598704814911,0.058884382247924805,False,0.5213189448441247,0.719338092184931,0.8840191846522781,11,False,0.5452099859163125,0.9805219664947671,0.00010789999987537158,0.9982632753073089,0.06354016065597534,0.36178290843963623,0.2982427477836609,0.01610693335533142,False,0.16002877697841728,0.9790993727549728,0.03846853971481323,0.33457642793655396,0.2961078882217407,0.04117855429649353,False,0.2518609112709832,0.9839693540502537,0.04117092490196228,0.31005069613456726,0.268879771232605,0.03847616910934448,False,0.34256594724220624,0.992126800840832,0.04836386442184448,0.32876819372177124,0.28040432929992676,0.03128322958946228,False,0.44496882494004797,0.9748627526576744,0.03657945990562439,0.28785499930381775,0.25127553939819336,0.04306763410568237,False,0.5341199040767386,0.8992965718031914,0.6237218225419664,7,False,0.7767505206448646,0.9895595101250437,0.12056570000004285,False,0.9845842632530154,0.7327539650951242,13,1.0,0.14565890808056156,0.99453997319899,0.05204826593399048,0.027598828077316284,False,0.19047002398081533,0.311519980430603,0.25947171449661255,0.9804400456103739,0.03914517164230347,0.040501922369003296,False,0.2491798561151079,0.30286547541618347,0.26372030377388,0.9842900490725244,0.0413762629032135,0.03827083110809326,False,0.31697841726618703,0.3017119765281677,0.2603357136249542,0.9648447875420666,0.03312194347381592,0.046525150537490845,False,0.41938129496402876,0.2932537794113159,0.2601318359375,0.9743222881962529,0.03636118769645691,0.043285906314849854,False,0.5112134292565947,0.2928820252418518,0.2565208375453949,False,0.9774152409098567,0.668639402730779,13,1.0,0.14565890808056156,0.9996209273346968,0.07877403497695923,0.0008730590343475342,False,0.15054196642685852,0.38928061723709106,0.31050658226013184,0.9999290523998763,0.09553498029708862,-0.01588788628578186,False,0.2224988009592326,0.37816670536994934,0.2826317250728607,0.9939296700497232,0.050982534885406494,0.02866455912590027,False,0.38866666666666666,0.32136255502700806,0.27038002014160156,0.9928416615013048,0.049322932958602905,0.030324161052703857,False,0.4910695443645084,0.3309693932533264,0.2816464602947235,0.7414138956498803,0.010533303022384644,0.06911379098892212,False,0.5802206235011991,0.26235511898994446,0.2518218159675598,2.2681094999998095,5.960464477539063e-08,4.190951585769653e-09,0.0071690223431587485
45543081,100772,Two men are sitting in a horse drawn cart with potatoes in the back.,72453,Mexican villagers are buying potatoes at an outdoor market.,3532476966,0.32656076550483704,0.3238743543624878,0.002686411142349243,0.5667592701245633,13,0.0002570999999988999,0.03736353384062972,-0.03248980641365051,0.2967439293861389,0.32923373579978943,0.035176217555999756,True,0.141176,0.11877916269556829,-0.020040422677993774,0.3050461411476135,0.3250865638256073,0.022726833820343018,True,0.202356,0.021777442978199536,-0.038048624992370605,0.2615649104118347,0.2996135354042053,0.04073503613471985,True,0.332948,0.014678280895022155,-0.04206599295139313,0.24586723744869232,0.28793323040008545,0.04475240409374237,True,0.428896,0.017978909339582922,-0.04000413417816162,0.23894494771957397,0.2789490818977356,0.042690545320510864,True,0.525428,0.3201134498185048,0.930184,12,False,0.927381070078587,0.11404639367976027,0.00010830000019268482,0.11150165651970154,-0.02075493335723877,0.28659701347351074,0.3073519468307495,0.023441344499588013,True,0.139284,0.03979689531158569,-0.03183355927467346,0.2711774706840515,0.303011029958725,0.034519970417022705,True,0.205672,0.007468038745019674,-0.048896268010139465,0.22216396033763885,0.2710602283477783,0.05158267915248871,True,0.30162,0.23750032399042828,-0.011664330959320068,0.2646012306213379,0.27626556158065796,0.014350742101669312,True,0.427272,0.8276197296888881,0.01568850874900818,0.2543957531452179,0.23870724439620972,-0.013002097606658936,False,0.5362,0.076474374484619,0.357456,5,False,0.02104927920756103,0.23857929968311598,0.11507979999987583,False,0.6225425449649401,0.7030834178480934,13,1.0,0.93102735609641,0.164897170647979,-0.016222327947616577,0.01890873908996582,True,0.170736,0.28902462124824524,0.3052469491958618,0.24712667824693,-0.01113995909690857,0.013826370239257812,True,0.231916,0.28314781188964844,0.294287770986557,0.990004531863435,0.045955777168273926,-0.04326936602592468,False,0.327596,0.2701376676559448,0.2241818904876709,0.9891469307425934,0.04512394964694977,-0.042437538504600525,False,0.477692,0.25881558656692505,0.21369163691997528,0.7088040968730175,0.008895829319953918,-0.006209418177604675,False,0.542188,0.2157890349626541,0.2068932056427002,False,0.3535015796546497,0.34176061456399687,13,1.0,0.93102735609641,0.164897170647979,-0.016222327947616577,0.01890873908996582,True,0.170736,0.28902462124824524,0.3052469491958618,0.21042363479455317,-0.013223737478256226,0.01591014862060547,True,0.235232,0.2661122977733612,0.27933603525161743,0.28657211681405176,-0.009120911359786987,0.01180732250213623,True,0.330912,0.23303824663162231,0.2421591579914093,0.5491922536100993,0.00197407603263855,0.0007123351097106934,False,0.444756,0.23849007487297058,0.23651599884033203,0.30849979735338134,-0.008071422576904297,0.01075783371925354,True,0.594852,0.21495825052261353,0.22302967309951782,2.6838378000002194,2.9802322387695312e-08,3.725290298461914e-09,0.2690409653102904
277119391,41688,A boy is leaning up against a car adorned with flowers.,113891,A man on a city street takes a picture while a taxi and bus drive by.,4789309483,0.3449499011039734,0.29269641637802124,0.05225348472595215,0.9946502879693847,12,0.0002689000002646935,0.0472087681389446,-0.03004816174507141,0.24743714928627014,0.27748531103134155,0.08230164647102356,True,0.13322535211267605,0.2775879518541842,-0.009564578533172607,0.27754291892051697,0.2871074974536896,0.061818063259124756,True,0.30558685446009387,0.2775879518541842,-0.009564578533172607,0.27754291892051697,0.2871074974536896,0.061818063259124756,True,0.30558685446009387,0.8026587182013608,0.01402994990348816,0.26642194390296936,0.2523919939994812,0.03822353482246399,False,0.5224788732394366,0.8026587182013608,0.01402994990348816,0.26642194390296936,0.2523919939994812,0.03822353482246399,False,0.5224788732394366,0.5874933767681536,0.8731877934272301,10,False,0.7020880443078824,0.4106207860664217,0.00011380000023564207,0.11772264696633927,-0.02014175057411194,0.27070024609565735,0.2908419966697693,0.07239523530006409,True,0.12889671361502347,0.30968484993837875,-0.008015930652618408,0.2781924307346344,0.2862083613872528,0.06026941537857056,True,0.2162488262910798,0.30636266331736023,-0.008171796798706055,0.28018876910209656,0.2883605659008026,0.0604252815246582,True,0.34242723004694836,0.032533412270915774,-0.03392413258552551,0.25030580163002014,0.28422993421554565,0.08617761731147766,True,0.493037558685446,0.005831256938442006,-0.051386743783950806,0.23962941765785217,0.291016161441803,0.10364022850990295,True,0.5755258215962441,0.10636595054320526,0.5755258215962441,7,False,0.005831256938442006,0.2716245977355308,0.11971139999968727,False,0.3111810825867946,0.22030820465464954,12,1.0,0.0345790147732695,0.22811013218984139,-0.012190133333206177,0.06444361805915833,True,0.21299530516431925,0.28271740674972534,0.2949075400829315,0.22811013218984139,-0.012190133333206177,0.06444361805915833,True,0.21299530516431925,0.28271740674972534,0.2949075400829315,0.09508212032431071,-0.02253103256225586,0.07478451728820801,True,0.3636056338028169,0.25988516211509705,0.2824161946773529,0.08838904979128578,-0.023334652185440063,0.07558813691139221,True,0.45095774647887327,0.2673168182373047,0.29065147042274475,0.01348471219501291,-0.04292622208595276,0.09517970681190491,True,0.5364272300469484,0.25627660751342773,0.2992028295993805,False,0.2246302403698452,0.196116668610853,12,1.0,0.0345790147732695,0.08681409281343616,-0.023531705141067505,0.07578518986701965,True,0.16436150234741784,0.26771435141563416,0.29124605655670166,0.22811013218984139,-0.012190133333206177,0.06444361805915833,True,0.21299530516431925,0.28271740674972534,0.2949075400829315,0.013835195224520494,-0.042666077613830566,0.09491956233978271,True,0.3935070422535211,0.24559912085533142,0.288265198469162,0.016147457317814796,-0.04109713435173035,0.0933506190776825,True,0.449075117370892,0.2509351968765259,0.2920323312282562,0.01348471219501291,-0.04292622208595276,0.09517970681190491,True,0.5364272300469484,0.25627660751342773,0.2992028295993805,1.9598650999996607,0.0,4.307366907596588e-09,0.08655084221694942
3224375029,59531,Four females of Asian descent are wearing golden dresses while performing point ballet.,89891,Several men are wearing martial arts uniforms while they perform some moves in unison.,415755815,0.36059123277664185,0.3044978678226471,0.05609336495399475,0.9963498729377953,12,0.0002679999997781124,0.3903319140779697,-0.004459172487258911,0.2993852496147156,0.3038444221019745,0.06055253744125366,True,0.1251299093655589,0.2914946352841966,-0.008881360292434692,0.29079362750053406,0.29967498779296875,0.06497472524642944,True,0.23058006042296073,0.7973475451106815,0.013697981834411621,0.2201860249042511,0.20648804306983948,0.04239538311958313,False,0.42386706948640485,0.7973475451106815,0.013697981834411621,0.2201860249042511,0.20648804306983948,0.04239538311958313,False,0.42386706948640485,0.7357574592902325,0.010240331292152405,0.20607781410217285,0.19583748281002045,0.045853033661842346,False,0.5448700906344411,0.5838863534638744,0.7175226586102719,9,False,0.5394820758796802,0.5885654907822616,0.00010089999977935804,0.3903319140779697,-0.004459172487258911,0.2993852496147156,0.3038444221019745,0.06055253744125366,True,0.1251299093655589,0.3923017597949793,-0.004376471042633057,0.2797231376171112,0.28409960865974426,0.06046983599662781,True,0.24260422960725075,0.2969497821512137,-0.008618652820587158,0.24301224946975708,0.25163090229034424,0.06471201777458191,True,0.351583081570997,0.3069583002618962,-0.008143782615661621,0.22210834920406342,0.23025213181972504,0.06423714756965637,True,0.4214138972809668,0.6176678047168742,0.004796609282493591,0.227242112159729,0.2224455028772354,0.05129675567150116,False,0.5378851963746224,0.35229229644639515,0.351583081570997,6,False,0.2969497821512137,0.4558894424472476,0.11718029999974533,False,0.8813361143586538,0.8600433880862977,11,0.939655589123867,0.977091761067477,0.9952833742620004,0.05351933836936951,0.002574026584625244,False,0.11747432024169184,0.34598714113235474,0.29246780276298523,0.5846073987938012,0.0034171640872955322,0.05267620086669922,False,0.20323867069486404,0.3141222596168518,0.3107050955295563,0.949483370934133,0.029336154460906982,0.02675721049308777,False,0.39652567975830816,0.30943402647972107,0.2800978720188141,0.9512618513640634,0.02971327304840088,0.026380091905593872,False,0.46635649546827795,0.28469735383987427,0.2549840807914734,0.9869777763669647,0.04327990114688873,0.012813463807106018,False,0.599178247734139,0.2922742962837219,0.2489943951368332,False,0.840278467070123,0.7793505950898276,11,0.939655589123867,0.977091761067477,0.9952833742620004,0.05351933836936951,0.002574026584625244,False,0.11747432024169184,0.34598714113235474,0.29246780276298523,0.5846073987938012,0.0034171640872955322,0.05267620086669922,False,0.20323867069486404,0.3141222596168518,0.3107050955295563,0.9512618513640634,0.02971327304840088,0.026380091905593872,False,0.46635649546827795,0.28469735383987427,0.2549840807914734,0.9512618513640634,0.02971327304840088,0.026380091905593872,False,0.46635649546827795,0.28469735383987427,0.2549840807914734,0.9382004994273975,0.02720068395137787,0.028892681002616882,False,0.5149909365558912,0.2570763826370239,0.22987569868564606,1.605811200000062,2.9802322387695312e-08,3.026798367500305e-09,0.041057647288530785
3970114165,86043,Two men in blue shirts looking at a soccer game.,98622,"A group of people stand, talking at a soccer game.",450697885,0.3146739602088928,0.2891969084739685,0.025477051734924316,0.9274191948002856,12,0.00025379999988217605,0.9372573834324222,0.027039170265197754,0.3024565279483795,0.27541735768318176,-0.0015621185302734375,False,0.11392215568862275,0.9641275924693905,0.03291255235671997,0.305812805891037,0.272900253534317,-0.007435500621795654,False,0.2644610778443114,0.9840363450834984,0.04121348261833191,0.29655060172080994,0.255337119102478,-0.015736430883407593,False,0.3655508982035928,0.9393472110979509,0.027400195598602295,0.2849002480506897,0.2575000524520874,-0.0019231438636779785,False,0.4446586826347305,0.8834888649894453,0.020258918404579163,0.20170511305332184,0.18144619464874268,0.005218133330345154,False,0.5635508982035928,0.8966725294903075,0.7004790419161676,8,False,0.8388529318619811,0.9444360728073969,0.00010700000029828516,0.9319965347666788,0.026177704334259033,0.31164664030075073,0.2854689359664917,-0.0007006525993347168,False,0.18019760479041916,0.9656966515484101,0.033376067876815796,0.294405996799469,0.2610299289226532,-0.00789901614189148,False,0.2941197604790419,0.7667550604094274,0.011900782585144043,0.27695193886756897,0.2650511562824249,0.013576269149780273,False,0.3859880239520958,0.6858698403013985,0.007808804512023926,0.27862969040870667,0.27082088589668274,0.01766824722290039,False,0.4645449101796407,0.8421301135954962,0.016741633415222168,0.2198176085948944,0.20307597517967224,0.008735418319702148,False,0.583437125748503,0.8468077803703951,0.583437125748503,6,False,0.8421301135954962,0.862295039418522,0.020335399999567016,False,0.7916255679566739,0.607303905269753,12,1.0,0.6378365281095331,0.9192026575310966,0.024315625429153442,0.001161426305770874,False,0.17097604790419163,0.31060874462127686,0.2862931191921234,0.9324144731202498,0.02624383568763733,-0.0007667839527130127,False,0.28489820359281437,0.2889794707298279,0.26273563504219055,0.7667555933989161,0.01190081238746643,0.013576239347457886,False,0.3859880239520958,0.27695193886756897,0.26505112648010254,0.667229626660842,0.006956815719604492,0.018520236015319824,False,0.43823353293413175,0.288237988948822,0.28128117322921753,0.25897196509856824,-0.01051318645477295,0.035990238189697266,True,0.5592634730538922,0.25434109568595886,0.2648542821407318,False,0.7916255679566739,0.6021783648785296,12,1.0,0.6378365281095331,0.9192026575310966,0.024315625429153442,0.001161426305770874,False,0.17097604790419163,0.31060874462127686,0.2862931191921234,0.9324144731202498,0.02624383568763733,-0.0007667839527130127,False,0.28489820359281437,0.2889794707298279,0.26273563504219055,0.7667555933989161,0.01190081238746643,0.013576239347457886,False,0.3859880239520958,0.27695193886756897,0.26505112648010254,0.667229626660842,0.006956815719604492,0.018520236015319824,False,0.43823353293413175,0.288237988948822,0.28128117322921753,0.25897196509856824,-0.01051318645477295,0.035990238189697266,True,0.5592634730538922,0.25434109568595886,0.2648542821407318,1.5263745000002018,2.9802322387695312e-08,3.3178366720676422e-09,0.0
2725508159,39982,"A girl is kayaking in a blue boat, on a blue lake wearing an orange life jacket.",35765,A man in an orange kayak and a man in a blue kayak paddle around a beautiful lake.,2613889835,0.32811158895492554,0.3094523549079895,0.018659234046936035,0.8659858763614481,14,0.00025970000024244655,0.9262643416126661,0.025306731462478638,0.2898092269897461,0.26450249552726746,-0.0066474974155426025,False,0.10536533333333334,0.7296574328608649,0.009928852319717407,0.25788313150405884,0.24795427918434143,0.008730381727218628,False,0.20390933333333333,0.8344959856044648,0.016178324818611145,0.23942863941192627,0.22325031459331512,0.00248090922832489,False,0.3397653333333333,0.8907186507913997,0.02098102867603302,0.23814135789871216,0.21716032922267914,-0.002321794629096985,False,0.4188213333333333,0.8560896674270659,0.017831847071647644,0.23697887361049652,0.21914702653884888,0.0008273869752883911,False,0.5547733333333333,0.7696039830111037,0.68144,9,False,0.6870699590975122,0.8457440365161228,0.00010829999973793747,0.16917119662971603,-0.015915125608444214,0.2847275137901306,0.30064263939857483,0.03457435965538025,True,0.14965866666666666,0.44573812922947553,-0.002179056406021118,0.29490426182746887,0.29708331823349,0.020838290452957153,True,0.222144,0.28822067059003004,-0.009040415287017822,0.28907740116119385,0.29811781644821167,0.027699649333953857,True,0.36648,0.3633005056109058,-0.005610674619674683,0.2924642264842987,0.2980749011039734,0.024269908666610718,True,0.42985066666666666,0.2995645802867266,-0.00849372148513794,0.28400638699531555,0.2925001084804535,0.027152955532073975,True,0.5593973333333333,0.376960203953279,0.49068266666666666,7,False,0.355569617548491,0.38665549507825386,0.08010560000002442,False,0.8369047845226331,0.8225088922791821,12,0.8652053333333334,0.8117125627896815,0.926264138066387,0.02530670166015625,-0.006647467613220215,False,0.10536533333333334,0.2898092567920685,0.26450255513191223,0.7296580207335147,0.009928882122039795,0.00873035192489624,False,0.20390933333333333,0.25788307189941406,0.24795418977737427,0.8731726936422809,0.01929306983947754,-0.0006338357925415039,False,0.30931733333333333,0.2853781580924988,0.26608508825302124,0.8056823139269864,0.014221951365470886,0.004437282681465149,False,0.435984,0.24794119596481323,0.23371924459934235,0.8149923826779267,0.014827817678451538,0.003831416368484497,False,0.508896,0.24811995029449463,0.2332921326160431,False,0.49464877631905324,0.5387907500934603,14,1.0,0.8174789000612325,0.7485352852121173,0.010908156633377075,0.00775107741355896,False,0.11224533333333334,0.3135106563568115,0.30260249972343445,0.41910061100051316,-0.0032646656036376953,0.02192389965057373,True,0.21078933333333333,0.29490458965301514,0.29816925525665283,0.3605152624386312,-0.0057312846183776855,0.02439051866531372,True,0.347072,0.2862619161605835,0.2919932007789612,0.3072658757452306,-0.008129328489303589,0.026788562536239624,True,0.418496,0.28631606698036194,0.2944453954696655,0.44593619801878986,-0.002171039581298828,0.020830273628234863,True,0.5718773333333333,0.29583874344825745,0.2980097830295563,2.145042099999955,2.9802322387695312e-08,3.055902197957039e-09,0.3422560082035798
7037413229,144830,A man who wearing blue color jacket and light green color trouser is cleaning his fishing nets after went for fishing.,133413,A man throws a fishing net into the bay.,566945636,0.34298428893089294,0.30062684416770935,0.042357444763183594,0.9857373326893487,11,0.00025219999997716513,0.9961399583003072,0.055532097816467285,0.32927340269088745,0.27374130487442017,-0.013174653053283691,False,0.10279466666666667,0.9946791512628692,0.05230787396430969,0.32571324706077576,0.27340537309646606,-0.009950429201126099,False,0.21429333333333334,0.9914771716577636,0.04756447672843933,0.332058846950531,0.2844943702220917,-0.005207031965255737,False,0.3361013333333333,0.975794546710246,0.03696674108505249,0.2964928150177002,0.2595260739326477,0.0053907036781311035,False,0.5240746666666667,0.975794546710246,0.03696674108505249,0.2964928150177002,0.2595260739326477,0.0053907036781311035,False,0.5240746666666667,0.9499978112578136,0.8225546666666667,8,False,0.8537829793080068,0.9897677846623749,0.00010720000000219443,0.9829485718539893,0.04054322838783264,0.3402722477912903,0.29972901940345764,0.0018142163753509521,False,0.11149866666666666,0.9761958083151243,0.037138015031814575,0.3305009603500366,0.29336294531822205,0.0052194297313690186,False,0.26946133333333333,0.9602563681661511,0.0318475067615509,0.311726838350296,0.2798793315887451,0.01050993800163269,False,0.45743466666666666,0.9602563681661511,0.0318475067615509,0.311726838350296,0.2798793315887451,0.01050993800163269,False,0.45743466666666666,0.9427302179804394,0.028010070323944092,0.3031858205795288,0.2751757502555847,0.014347374439239502,False,0.540976,0.8225928174321906,0.7830293333333334,9,False,0.455699092684847,0.9722768951806345,0.111422500000117,False,0.9771739841421162,0.8703851894842519,11,1.0,0.2257190993586082,0.9811515192575035,0.03952294588088989,0.002834498882293701,False,0.11999466666666667,0.3422327935695648,0.3027098476886749,0.9875103914973128,0.043702900409698486,-0.0013454556465148926,False,0.307968,0.32584819197654724,0.28214529156684875,0.9875103914973128,0.043702900409698486,-0.0013454556465148926,False,0.307968,0.32584819197654724,0.28214529156684875,0.9770926282539376,0.03753122687339783,0.004826217889785767,False,0.4561173333333333,0.28918638825416565,0.2516551613807678,0.9216614278402013,0.024651378393173218,0.017706066370010376,False,0.558912,0.22946672141551971,0.2048153430223465,False,0.9754639572120976,0.7612645551587539,11,1.0,0.2257190993586082,0.9636369587883065,0.03277161717414856,0.009585827589035034,False,0.15796266666666667,0.3276188373565674,0.2948472201824188,0.9829532665855079,0.040546029806137085,0.0018114149570465088,False,0.22075733333333333,0.3341914117336273,0.29364538192749023,0.9803774221959864,0.03911256790161133,0.0032448768615722656,False,0.30429866666666666,0.32688426971435547,0.28777170181274414,0.9726066766499967,0.03569680452346802,0.006660640239715576,False,0.492272,0.3044607639312744,0.2687639594078064,0.9643159445457987,0.03296715021133423,0.009390294551849365,False,0.55688,0.2929864525794983,0.26001930236816406,1.6282891999999265,5.960464477539063e-08,3.026798367500305e-09,0.0017100269300186488
164969525,10565,"Three people dancing acrobatically in a subway station, with one girl in a skirt doing a cartwheel over another person bending over.",34606,A group of young teenagers are jumping at night making funny poses for the camera.,2582413611,0.37209421396255493,0.31069132685661316,0.06140288710594177,0.9978503294797315,12,0.000252700000146433,0.9466712073264457,0.0287647545337677,0.32109901309013367,0.29233425855636597,0.03263813257217407,False,0.15374933333333332,0.9932567041663454,0.04992440342903137,0.3236163854598999,0.27369198203086853,0.0114784836769104,False,0.22406933333333334,0.9604909119010587,0.03190913796424866,0.3050041198730469,0.2730949819087982,0.029493749141693115,False,0.3083786666666667,0.7605094870102341,0.011554747819900513,0.2449445128440857,0.23338976502418518,0.04984813928604126,False,0.456736,0.6829829005623876,0.007675141096115112,0.2186572253704071,0.210982084274292,0.05372774600982666,False,0.5414186666666667,0.6899674229576523,0.8464746666666667,10,False,0.2529361794857478,0.9028739258701484,0.0001081000000340282,0.9001401313711742,0.021987825632095337,0.3391282856464386,0.31714046001434326,0.039415061473846436,False,0.14501333333333333,0.5532242128168032,0.0021370649337768555,0.31941813230514526,0.3172810673713684,0.05926582217216492,False,0.20812266666666668,0.2213978658195565,-0.012575387954711914,0.2745257318019867,0.2871011197566986,0.07397827506065369,True,0.386416,0.16972945578753912,-0.01587545871734619,0.25714030861854553,0.2730157673358917,0.07727834582328796,True,0.525344,0.16972945578753912,-0.01587545871734619,0.25714030861854553,0.2730157673358917,0.07727834582328796,True,0.525344,0.32388322086367144,0.7440266666666666,9,False,0.09176448204834765,0.5324161570560455,0.06494669999938196,False,0.946858208639579,0.8797403278449787,12,1.0,0.3895658789510117,0.9035127086308816,0.022368788719177246,0.039034098386764526,False,0.16807466666666668,0.31950950622558594,0.2971407175064087,0.9152012431638346,0.023788630962371826,0.037614256143569946,False,0.23839466666666667,0.303289532661438,0.27950090169906616,0.9900436788935164,0.04599541425704956,0.015407472848892212,False,0.3236426666666667,0.2966781556606293,0.2506827414035797,0.9957300198774356,0.054518669843673706,0.006884217262268066,False,0.4083253333333333,0.2866237163543701,0.2321050465106964,0.8649586211100186,0.018571004271507263,0.04283188283443451,False,0.5533386666666666,0.22027109563350677,0.2017000913619995,False,0.9072803818903883,0.7700732226126965,12,1.0,0.3895658789510117,0.9035127086308816,0.022368788719177246,0.039034098386764526,False,0.16807466666666668,0.31950950622558594,0.2971407175064087,0.982020459233635,0.04000377655029297,0.021399110555648804,False,0.25332266666666664,0.30117031931877136,0.2611665427684784,0.9172303928351627,0.024052977561950684,0.03734990954399109,False,0.337632,0.30688899755477905,0.28283601999282837,0.9634871192987887,0.03272894024848938,0.028673946857452393,False,0.47656,0.3032127022743225,0.27048376202583313,0.24204115163241277,-0.011415213346481323,0.0728181004524231,True,0.537264,0.2595102787017822,0.27092549204826355,1.7531974000003174,2.9802322387695312e-08,3.2887328416109085e-09,0.03957782674919075
6502187283,140289,A football player wearing white and green has a football.,47864,A University of Miami player holds a football.,2933637854,0.3220008611679077,0.2919412851333618,0.0300595760345459,0.9528425469229692,12,0.00022650000028079376,0.9131620414453239,0.023528695106506348,0.30192869901657104,0.2784000039100647,0.006530880928039551,False,0.20458258258258258,0.9131620414453239,0.023528695106506348,0.30192869901657104,0.2784000039100647,0.006530880928039551,False,0.20458258258258258,0.7600863869749505,0.011531531810760498,0.2882001996040344,0.2766686677932739,0.0185280442237854,False,0.33996396396396394,0.18682629395800235,-0.01470765471458435,0.27413633465766907,0.2888439893722534,0.04476723074913025,True,0.5229129129129129,0.18682629395800235,-0.01470765471458435,0.27413633465766907,0.2888439893722534,0.04476723074913025,True,0.5229129129129129,0.40444483292570516,0.697033033033033,7,False,0.1010555994158402,0.7472710865015174,0.000105000000075961,0.9519427659695241,0.029861122369766235,0.31446924805641174,0.2846081256866455,0.00019845366477966309,False,0.14001201201201202,0.6026445649958964,0.004164963960647583,0.295363187789917,0.2911982238292694,0.025894612073898315,False,0.27222822822822823,0.2760939615089973,-0.009639203548431396,0.279918909072876,0.2895581126213074,0.039698779582977295,True,0.3875315315315315,0.18682629395800235,-0.01470765471458435,0.27413633465766907,0.2888439893722534,0.04476723074913025,True,0.5229129129129129,0.18682629395800235,-0.01470765471458435,0.27413633465766907,0.2888439893722534,0.04476723074913025,True,0.5229129129129129,0.41465742273285144,0.6371531531531531,7,False,0.20816799375784445,0.6083486385364106,0.11898839999958,False,0.6558450223815261,0.4800951599915052,12,1.0,0.5107145295668686,0.952308191605236,0.029941290616989136,0.0001182854175567627,False,0.10397597597597598,0.3154781758785248,0.28553688526153564,0.7943079795186025,0.013510912656784058,0.01654866337776184,False,0.2542942942942943,0.30784621834754944,0.2943353056907654,0.3356138393897391,-0.006829023361206055,0.03688859939575195,True,0.43261261261261263,0.2683429419994354,0.2751719653606415,0.3356138393897391,-0.006829023361206055,0.03688859939575195,True,0.43261261261261263,0.2683429419994354,0.2751719653606415,0.15502067899589095,-0.016957536339759827,0.047017112374305725,True,0.5479159159159159,0.21522362530231476,0.23218116164207458,False,0.7404379284754472,0.6819678892756704,12,1.0,0.5107145295668686,0.8458410699488161,0.017023473978042603,0.013036102056503296,False,0.11308108108108109,0.30339616537094116,0.28637269139289856,0.757925495348884,0.011413395404815674,0.018646180629730225,False,0.2038258258258258,0.2876783609390259,0.2762649655342102,0.587894354445852,0.003552675247192383,0.026506900787353516,False,0.3970810810810811,0.294437438249588,0.29088476300239563,0.7593361541387236,0.011490434408187866,0.018569141626358032,False,0.4581201201201201,0.3045102655887604,0.2930198311805725,0.6298913929935452,0.005317509174346924,0.024742066860198975,False,0.5981321321321321,0.2975423038005829,0.29222479462623596,1.6184282000003805,5.960464477539063e-08,4.6566128730773926e-09,-0.08459290609392112
616564448,137479,A row of bikers wearing red and black.,149762,Two Black women in a brown motorcycle amidst many other motorcycles with the woman in the rear giving a smile to the camera.,7764093618,0.3825593590736389,0.32482436299324036,0.05773499608039856,0.9969007763805574,11,0.00023570000030304072,0.9991932848062621,0.07121732831001282,0.3457433581352234,0.27452602982521057,-0.013482332229614258,False,0.17450666666666667,0.9929178249506402,0.049430668354034424,0.3277297616004944,0.27829909324645996,0.008304327726364136,False,0.32154133333333335,0.9929178249506402,0.049430668354034424,0.3277297616004944,0.27829909324645996,0.008304327726364136,False,0.32154133333333335,0.3635893997439628,-0.005598187446594238,0.26595205068588257,0.2715502381324768,0.0633331835269928,True,0.4543893333333333,0.8382064993392905,0.01644943654537201,0.19663050770759583,0.18018107116222382,0.04128555953502655,False,0.5407306666666667,0.8603431476164672,0.729744,6,False,0.8529887423378215,0.855523001652566,0.00010310000016033882,0.9791672649437285,0.03850176930427551,0.3276958167552948,0.2891940474510193,0.019233226776123047,False,0.132848,0.9230141958272126,0.024840235710144043,0.30927181243896484,0.2844315767288208,0.03289476037025452,False,0.27988266666666667,0.3635893997439628,-0.005598187446594238,0.26595205068588257,0.2715502381324768,0.0633331835269928,True,0.4543893333333333,0.3635893997439628,-0.005598187446594238,0.26595205068588257,0.2715502381324768,0.0633331835269928,True,0.4543893333333333,0.4469415316040621,-0.002130359411239624,0.2687072455883026,0.27083760499954224,0.059865355491638184,True,0.5724373333333334,0.761375463935523,0.799712,8,False,0.897685350898201,0.7532752618738435,0.01987820000067586,False,0.9781350702891289,0.9783801043479193,11,1.0,0.9444542722841588,0.993613830734327,0.050472140312194824,0.007262855768203735,False,0.10746133333333334,0.3576442003250122,0.3071720600128174,0.9881093272647681,0.044200390577316284,0.013534605503082275,False,0.263392,0.33724266290664673,0.29304227232933044,0.9658149244996714,0.03341183066368103,0.02432316541671753,False,0.41042666666666666,0.32705748081207275,0.2936456501483917,0.9658149244996714,0.03341183066368103,0.02432316541671753,False,0.41042666666666666,0.32705748081207275,0.2936456501483917,0.9489153041072403,0.029218345880508423,0.028516650199890137,False,0.586256,0.31031548976898193,0.2810971438884735,False,0.7935574517059907,0.7964850600649984,11,1.0,0.9444542722841588,0.9791670217705022,0.03850165009498596,0.019233345985412598,False,0.132848,0.32769572734832764,0.2891940772533417,0.8906436392700813,0.0209733247756958,0.03676167130470276,False,0.30735466666666666,0.3065028786659241,0.28552955389022827,0.8906436392700813,0.0209733247756958,0.03676167130470276,False,0.30735466666666666,0.3065028786659241,0.28552955389022827,0.36358871014190347,-0.005598217248916626,0.06333321332931519,True,0.4543893333333333,0.26595205068588257,0.2715502679347992,0.3432056924189215,-0.0064904093742370605,0.06422540545463562,True,0.5135253333333333,0.27210164070129395,0.278592050075531,1.5971167999996396,8.940696716308594e-08,3.4924596548080444e-09,0.18457761858313826
1287704027,4282,A woman at a fish market is looking at the fish that are frozen.,109984,People are shopping for fish at a market.,4725026501,0.36594510078430176,0.3537105321884155,0.01223456859588623,0.7726713202985498,12,0.00024450000000797445,0.6822998095394139,0.007643610239028931,0.3176227807998657,0.3099791705608368,0.0045909583568573,False,0.15335735735735737,0.5792725511149887,0.00319787859916687,0.30401137471199036,0.3008134961128235,0.00903668999671936,False,0.272006006006006,0.6378045151822332,0.005658477544784546,0.2684662938117981,0.26280781626701355,0.006576091051101685,False,0.3825165165165165,0.7222458751280371,0.009556293487548828,0.25391197204589844,0.2443556785583496,0.0026782751083374023,False,0.48176576576576574,0.7548304146721398,0.011245429515838623,0.23041146993637085,0.21916604042053223,0.0009891390800476074,False,0.5576036036036036,0.5357115703057107,1.0,12,False,0.5975789333348838,0.6763912918056851,0.00010689999999158317,0.5534540254964943,0.0021463632583618164,0.3212670683860779,0.31912070512771606,0.010088205337524414,False,0.13682282282282282,0.7614196666122095,0.011604785919189453,0.29638001322746277,0.2847752273082733,0.0006297826766967773,False,0.3025705705705706,0.7614196666122095,0.011604785919189453,0.29638001322746277,0.2847752273082733,0.0006297826766967773,False,0.3025705705705706,0.48984327577078735,-0.0004063248634338379,0.27459755539894104,0.2750038802623749,0.012640893459320068,True,0.45926726726726724,0.2760802618301489,-0.009639889001846313,0.26585641503334045,0.27549630403518677,0.021874457597732544,True,0.5065165165165165,0.5583984020487633,0.45926726726726724,6,False,0.48984327577078735,0.6235133777243121,0.07956399999966379,False,0.671598699882638,0.4786132157848192,12,1.0,0.5975789333348838,0.5358961295676847,0.0014383196830749512,0.01079624891281128,False,0.19873273273273273,0.3088603913784027,0.30742207169532776,0.6913723990222697,0.00806543231010437,0.00416913628578186,False,0.2906546546546547,0.29175183176994324,0.28368639945983887,0.6261715883509495,0.005158275365829468,0.007076293230056763,False,0.3458918918918919,0.2913180887699127,0.28615981340408325,0.6986812611616076,0.008410260081291199,0.0038243085145950317,False,0.4217297297297297,0.2571392357349396,0.24872897565364838,0.8741929423567876,0.01938551664352417,-0.0071509480476379395,False,0.5103183183183183,0.25250422954559326,0.2331187129020691,False,0.6908032608216357,0.45757274923301094,12,1.0,0.5975789333348838,0.7764762385363532,0.012452483177185059,-0.00021791458129882812,False,0.12996996996996996,0.3380061388015747,0.32555365562438965,0.7616264153767797,0.011616170406341553,0.0006183981895446777,False,0.21855855855855855,0.3446476459503174,0.33303147554397583,0.6539463683777145,0.006364315748214722,0.005870252847671509,False,0.37924324324324327,0.3086715042591095,0.3023071885108948,0.5456326421556486,0.0018303990364074707,0.01040416955947876,False,0.4264924924924925,0.27157965302467346,0.269749253988266,0.5880528319056322,0.003559216856956482,0.008675351738929749,False,0.5575675675675675,0.2252231389284134,0.2216639220714569,1.5520945000007487,2.9802322387695312e-08,2.9685907065868378e-09,-0.019204560938997695
5244864049,129095,A man in a white shirt playing a white guitar standing in front of a microphone with the light casting a somewhat reddish hue on his shirt,51176,"A man with short dreads, and solemn expression, playing guitar.",3021953768,0.3563414514064789,0.3111751675605774,0.04516628384590149,0.989192283708102,12,0.0002517999996598519,0.9942230855880023,0.05148091912269592,0.35695022344589233,0.3054693043231964,-0.006314635276794434,False,0.11752533333333333,0.9804238647573985,0.03913673758506775,0.3183121681213379,0.27917543053627014,0.00602954626083374,False,0.22826133333333334,0.9981589230217228,0.06295561790466309,0.31555262207984924,0.25259700417518616,-0.017789334058761597,False,0.37045866666666666,0.9945645329026712,0.05209359526634216,0.3184741735458374,0.26638057827949524,-0.006927311420440674,False,0.457072,0.9875203854639331,0.04371100664138794,0.2945220470428467,0.25081104040145874,0.0014552772045135498,False,0.55416,0.8823827243610513,0.7743306666666666,9,False,0.6295425475883714,0.990822447301647,0.00010530000008657225,0.9982748209127627,0.06360697746276855,0.3684879541397095,0.3048809766769409,-0.018440693616867065,False,0.20413866666666666,0.9982748209127627,0.06360697746276855,0.3684879541397095,0.3048809766769409,-0.018440693616867065,False,0.20413866666666666,0.9989259809058086,0.06835272908210754,0.35342395305633545,0.2850712239742279,-0.023186445236206055,False,0.346336,0.9986131102014072,0.06579303741455078,0.3374195694923401,0.2716265320777893,-0.020626753568649292,False,0.443424,0.9875203854639331,0.04371100664138794,0.2945220470428467,0.25081104040145874,0.0014552772045135498,False,0.55416,0.9601268805941444,0.7482133333333333,9,False,0.9157297427812213,0.9957314376573322,0.12370310000005702,False,0.9915967592079885,0.9472683032149934,12,1.0,0.4679662077836155,0.9942230855880023,0.05148091912269592,-0.006314635276794434,False,0.11752533333333333,0.35695022344589233,0.3054693043231964,0.9916268287911691,0.047743141651153564,-0.002576857805252075,False,0.26337066666666664,0.3187565207481384,0.27101337909698486,0.9970545621295552,0.05824548006057739,-0.013079196214675903,False,0.32522666666666666,0.32632532715797424,0.26807984709739685,0.9907883486320963,0.04678031802177429,-0.0016140341758728027,False,0.41184,0.3216862082481384,0.27490589022636414,0.9805020173444275,0.039177536964416504,0.005988746881484985,False,0.508928,0.312519907951355,0.2733423709869385,False,0.9879833591126113,0.9111266739489041,12,1.0,0.4679662077836155,0.9942230855880023,0.05148091912269592,-0.006314635276794434,False,0.11752533333333333,0.35695022344589233,0.3054693043231964,0.9916268287911691,0.047743141651153564,-0.002576857805252075,False,0.26337066666666664,0.3187565207481384,0.27101337909698486,0.9673400921560362,0.033884018659591675,0.011282265186309814,False,0.349984,0.3073478937149048,0.2734638750553131,0.9907883486320963,0.04678031802177429,-0.0016140341758728027,False,0.41184,0.3216862082481384,0.27490589022636414,0.98679237871622,0.043136656284332275,0.002029627561569214,False,0.572304,0.29930442571640015,0.25616776943206787,1.8035448999999062,2.9802322387695312e-08,3.3760443329811096e-09,0.0036134000953772505
133010954,5115,A man in a military-type uniform is standing in the street listening to another man who has a piece of paper in his hands.,39605,A man in a hat and a man in glasses talk on the side of the road as a man walks past them.,271572671,0.3249053657054901,0.31659141182899475,0.008313953876495361,0.6966498963386266,15,0.00025080000023081084,0.03892551134116568,-0.03206402063369751,0.28692564368247986,0.31898966431617737,0.04037797451019287,True,0.10263793103448277,0.005711149000143205,-0.05159607529640198,0.26007744669914246,0.31167352199554443,0.05991002917289734,True,0.20407471264367816,0.1375997876912528,-0.018353700637817383,0.21689091622829437,0.23524461686611176,0.026667654514312744,True,0.3154540229885057,0.029652394111012365,-0.0348811149597168,0.20943422615528107,0.24431534111499786,0.04319506883621216,True,0.4322528735632184,0.08175422866779271,-0.024187475442886353,0.21789634227752686,0.2420838177204132,0.032501429319381714,True,0.5064425287356322,0.11344474252132458,0.6958160919540229,11,False,0.1625882506758886,0.1222129707905936,0.0001129000002038083,0.03892551134116568,-0.03206402063369751,0.28692564368247986,0.31898966431617737,0.04037797451019287,True,0.10263793103448277,0.10521742752645444,-0.021405518054962158,0.27502715587615967,0.2964326739311218,0.02971947193145752,True,0.2374367816091954,0.4907083331678059,-0.0003717094659805298,0.23912785947322845,0.23949956893920898,0.008685663342475891,True,0.3430804597701149,0.14617628646214623,-0.01764911413192749,0.23845267295837402,0.2561017870903015,0.02596306800842285,True,0.4016954022988506,0.08213604619237147,-0.024136722087860107,0.22548392415046692,0.24962064623832703,0.03245067596435547,True,0.5399597701149426,0.15573358086063993,0.4016954022988506,7,False,0.14617628646214623,0.2099993906771663,0.11319000000003143,False,0.43658137318207657,0.3784882466168278,13,0.8302126436781609,0.5088429170072327,0.9644771122192926,0.03301408886909485,-0.024700134992599487,False,0.11303448275862069,0.2901690602302551,0.2571549713611603,0.7880104040875697,0.013129740953445435,-0.004815787076950073,False,0.21312068965517242,0.284881591796875,0.27175185084342957,0.08031899696707961,-0.024380207061767578,0.03269416093826294,True,0.33179885057471264,0.2495015263557434,0.273881733417511,0.010310102729600559,-0.0456426739692688,0.05395662784576416,True,0.43323563218390804,0.20971223711967468,0.2553549110889435,0.031302452567430444,-0.03432255983352661,0.04263651371002197,True,0.5500344827586207,0.2244693636894226,0.2587919235229492,False,0.13842365026254502,0.29367710836690214,15,1.0,0.645426092097986,0.03892551134116568,-0.03206402063369751,0.04037797451019287,True,0.10263793103448277,0.2869257628917694,0.3189897835254669,0.16180299883978236,-0.0164487361907959,0.02476269006729126,True,0.21236206896551724,0.2688255310058594,0.2852742671966553,0.08031899696707961,-0.024380207061767578,0.03269416093826294,True,0.33179885057471264,0.2495015263557434,0.273881733417511,0.01625021082758809,-0.04103265702724457,0.04934661090373993,True,0.4887816091954023,0.21869684755802155,0.2597295045852661,0.1335537503785285,-0.018698960542678833,0.027012914419174194,True,0.538235632183908,0.18102620542049408,0.1997251659631729,2.018362099999649,5.960464477539063e-08,4.190951585769653e-09,0.2981577229195316
4337180031,93330,A kid in a red and black coat is laying on his back in the snow with his arm in the air and a red sled is next to him.,63531,An Asian girl in glasses is laying in a deep pit of snow.,3324049172,0.3574819564819336,0.3135146200656891,0.04396733641624451,0.9878323672490966,13,0.00025379999988217605,0.9973905382437879,0.05945998430252075,0.38210272789001465,0.3226427435874939,-0.015492647886276245,False,0.123696,0.9567732954124168,0.03097108006477356,0.33584827184677124,0.3048771917819977,0.012996256351470947,False,0.22313066666666667,0.8731710434466149,0.0192929208278656,0.2944946885108948,0.2752017676830292,0.024674415588378906,False,0.30322133333333334,0.09621030088742637,-0.02240060269832611,0.226321741938591,0.24872234463691711,0.06636793911457062,True,0.4876586666666667,0.0036705929463722673,-0.05603724718093872,0.1402396857738495,0.1962769329547882,0.10000458359718323,True,0.626448,0.38683655178798804,1.0,13,False,0.022975610388605832,0.6218311310688223,0.00010900000006586197,0.9461779780428887,0.028667479753494263,0.3246648609638214,0.29599738121032715,0.015299856662750244,False,0.160272,0.9567732954124168,0.03097108006477356,0.33584827184677124,0.3048771917819977,0.012996256351470947,False,0.22313066666666667,0.8731710434466149,0.0192929208278656,0.2944946885108948,0.2752017676830292,0.024674415588378906,False,0.30322133333333334,0.09621030088742637,-0.02240060269832611,0.226321741938591,0.24872234463691711,0.06636793911457062,True,0.4876586666666667,0.029136251131812486,-0.0350620299577713,0.2014729529619217,0.236534982919693,0.07902936637401581,True,0.5485973333333334,0.4036318178821841,0.5485973333333334,8,False,0.029136251131812486,0.6950222535294444,0.11714200000005803,False,0.5553131794573398,0.32826441242413507,12,0.9390613333333333,0.0036117336944347595,0.9981722923349904,0.06302863359451294,-0.019061297178268433,False,0.11101866666666667,0.3591032028198242,0.2960745692253113,0.2503791167732687,-0.010965913534164429,0.054933249950408936,True,0.29906133333333335,0.2414882779121399,0.2524541914463043,0.41291167096331177,-0.003519415855407715,0.04748675227165222,True,0.379152,0.21968087553977966,0.22320029139518738,0.24668030985955733,-0.011163964867591858,0.055131301283836365,True,0.46752,0.19806981086730957,0.20923377573490143,0.2305147234034655,-0.012054070830345154,0.05602140724658966,True,0.5424053333333333,0.19166074693202972,0.20371481776237488,False,0.586694421485244,0.3356211236034087,12,0.9390613333333333,0.0036117336944347595,0.986681063700769,0.04305160045623779,0.0009157359600067139,False,0.11009066666666667,0.3538605570793152,0.3108089566230774,0.8139850553621223,0.014761149883270264,0.029206186532974243,False,0.24864,0.30014342069625854,0.2853822708129883,0.17165909456839656,-0.015739142894744873,0.05970647931098938,True,0.38742933333333335,0.21274475753307343,0.2284839004278183,0.24668030985955733,-0.011163964867591858,0.055131301283836365,True,0.46752,0.19806981086730957,0.20923377573490143,0.004709684622261202,-0.053534135222435,0.0975014716386795,True,0.5635893333333334,0.14194174110889435,0.19547587633132935,1.9504714999993666,2.9802322387695312e-08,2.7939677238464355e-09,-0.031381242027904155
3773310720,81738,A man in brown building a raft.,144832,A fisherman is handling a net on a small boat near a dock.,7037413229,0.312653511762619,0.2971239387989044,0.0155295729637146,0.8253404469787765,13,0.0002376000002186629,0.6945795285967985,0.008216172456741333,0.30604252219200134,0.29782634973526,0.007313400506973267,False,0.16141866666666665,0.26206366280401416,-0.01035270094871521,0.278399258852005,0.2887519598007202,0.02588227391242981,True,0.22479466666666667,0.05797642445816204,-0.02787993848323822,0.24402587115764618,0.2719058096408844,0.04340951144695282,True,0.414736,0.05797642445816204,-0.02787993848323822,0.24402587115764618,0.2719058096408844,0.04340951144695282,True,0.414736,0.08120120815121241,-0.024261370301246643,0.24779503047466278,0.2720564007759094,0.03979094326496124,True,0.614944,0.2713605064852647,0.8346186666666666,10,False,0.14753261006932256,0.3208625428980619,0.00010689999999158317,0.5444332226218324,0.0017820298671722412,0.28332948684692383,0.2815474569797516,0.013747543096542358,False,0.13293333333333332,0.18109825690642772,-0.015089243650436401,0.27294430136680603,0.28803354501724243,0.030618816614151,True,0.22831466666666667,0.2701691796081747,-0.009937644004821777,0.2633329927921295,0.2732706367969513,0.025467216968536377,True,0.34869866666666666,0.05797642445816204,-0.02787993848323822,0.24402587115764618,0.2719058096408844,0.04340951144695282,True,0.414736,0.08230640106064388,-0.024114146828651428,0.23689241707324982,0.26100656390190125,0.03964371979236603,True,0.6388906666666667,0.20756844523489684,0.6388906666666667,7,False,0.08230640106064388,0.2807452418148351,0.12165670000013051,False,0.47147265028042834,0.4616535054949219,12,0.9533706666666667,0.1704286021821822,0.6256600958249787,0.005136430263519287,0.010393142700195312,False,0.11525333333333333,0.29199978709220886,0.2868633568286896,0.25598354935847506,-0.010669499635696411,0.02619907259941101,True,0.216592,0.27408722043037415,0.28475672006607056,0.3657903427010478,-0.0055031925439834595,0.02103276550769806,True,0.37394133333333335,0.23407183587551117,0.23957502841949463,0.2865111902772104,-0.009123891592025757,0.024653464555740356,True,0.4303093333333333,0.2138366550207138,0.22296054661273956,0.7529708985833301,0.011145204305648804,0.004384368658065796,False,0.5813013333333333,0.20409053564071655,0.19294533133506775,False,0.32077272308513893,0.24743179690642358,13,1.0,0.37794812987014353,0.47018986058540274,-0.0011938214302062988,0.0167233943939209,True,0.13559466666666667,0.3012714087963104,0.3024652302265167,0.10859154153588074,-0.02105209231376648,0.03658166527748108,True,0.2861493333333333,0.2720058262348175,0.293057918548584,0.1602697544049166,-0.016562223434448242,0.03209179639816284,True,0.3815306666666667,0.27719244360923767,0.2937546670436859,0.25573331671071164,-0.010682642459869385,0.026212215423583984,True,0.42712,0.2721312642097473,0.2828139066696167,0.11936138688666559,-0.019984915852546692,0.03551448881626129,True,0.552464,0.22126789391040802,0.2412528097629547,2.0293578999999227,2.9802322387695312e-08,3.4924596548080444e-09,0.1506999271952894
4796827555,114237,A train stop with a band including a tuba and drum.,133077,"Three men are dressed in strange costumes, two are carrying musical instruments.",5622966650,0.3767991364002228,0.2984607517719269,0.0783383846282959,0.9996040546995935,14,0.0002921000000242202,0.975807706476256,0.03697231411933899,0.2978596091270447,0.2608872950077057,0.04136607050895691,False,0.2055187969924812,0.975807706476256,0.03697231411933899,0.2978596091270447,0.2608872950077057,0.04136607050895691,False,0.2055187969924812,0.9508645998300717,0.02962791919708252,0.27432066202163696,0.24469274282455444,0.04871046543121338,False,0.31013032581453637,0.9967554572038153,0.05727531015872955,0.24782733619213104,0.1905520260334015,0.021063074469566345,False,0.42887719298245613,0.9918247463003214,0.047984346747398376,0.23520010709762573,0.18721576035022736,0.030354037880897522,False,0.5366265664160401,0.9884054440354575,0.9443859649122807,13,False,0.9806241099886895,0.9812022934429405,0.00011099999983343878,0.9995599308709894,0.07728138566017151,0.3727843761444092,0.29550299048423767,0.0010569989681243896,False,0.15773934837092732,0.9995856594049629,0.07788407802581787,0.35885339975357056,0.2809693217277527,0.00045430660247802734,False,0.21520802005012532,0.9990312040603643,0.0693848729133606,0.35203638672828674,0.28265151381492615,0.008953511714935303,False,0.3214937343358396,0.9994537513770162,0.07511889934539795,0.3508659899234772,0.2757470905780792,0.0032194852828979492,False,0.42924310776942354,0.99546219297108,0.05390763282775879,0.3181219696998596,0.26421433687210083,0.02443075180053711,False,0.5315087719298246,0.8480430968037638,0.8504912280701754,12,False,0.8477450535931051,0.9990487915709054,0.12062059999971098,False,0.9916976186498568,0.9098489062409578,14,1.0,0.5362863587508574,0.9963440480270781,0.05607736110687256,0.02226102352142334,False,0.11354887218045112,0.36884093284606934,0.3127635717391968,0.975807706476256,0.03697231411933899,0.04136607050895691,False,0.2055187969924812,0.2978596091270447,0.2608872950077057,0.9943703622410955,0.05174064636230469,0.02659773826599121,False,0.3341453634085213,0.3002437651157379,0.24850311875343323,0.997357890755508,0.05933532118797302,0.019003063440322876,False,0.4483308270676692,0.28707417845726013,0.2277388572692871,0.9922540955409702,0.04852814972400665,0.029810234904289246,False,0.5057994987468671,0.27364814281463623,0.22511999309062958,False,0.9994697011123788,0.9711878296714317,14,1.0,0.5362863587508574,0.9987264763474323,0.06664693355560303,0.011691451072692871,False,0.19848621553884713,0.3727005124092102,0.3060535788536072,0.9996252134525856,0.07888779044151306,-0.0005494058132171631,False,0.2546817042606516,0.37849506735801697,0.2996072769165039,0.9997965598562383,0.08499935269355774,-0.006660968065261841,False,0.30309774436090225,0.37050437927246094,0.2855050265789032,0.9999213344857265,0.0945022702217102,-0.016163885593414307,False,0.4166466165413534,0.35503658652305603,0.2605343163013458,0.9994667395657163,0.07535967230796814,0.002978712320327759,False,0.5105413533834586,0.3109307289123535,0.23557105660438538,2.3899871999992683,2.9802322387695312e-08,3.841705620288849e-09,-0.007772082462521923
2165461920,18505,Four white dogs are running and jumping with masks over their mouth.,19174,Three gray dogs jump at a woman.,2190227737,0.3518698811531067,0.314161479473114,0.037708401679992676,0.9774858577549039,15,0.0002670999997462786,0.9738623877719896,0.03617894649505615,0.3235955238342285,0.28741657733917236,0.0015294551849365234,False,0.1422811501597444,0.9391862149198176,0.027371972799301147,0.29672423005104065,0.2693522572517395,0.010336428880691528,False,0.23492651757188499,0.6825801140666938,0.00765654444694519,0.24120165407657623,0.23354510962963104,0.030051857233047485,False,0.31936741214057507,0.39636636824710114,-0.0042062848806381226,0.22025500237941742,0.22446128726005554,0.0419146865606308,True,0.4352779552715655,0.26241422618780513,-0.010334581136703491,0.2110743671655655,0.22140894830226898,0.04804298281669617,True,0.562996805111821,0.4812662475162651,0.6608370607028754,9,False,0.20512825534163398,0.7113881715935361,0.00011129999984405003,0.9738623877719896,0.03617894649505615,0.3235955238342285,0.28741657733917236,0.0015294551849365234,False,0.1422811501597444,0.9391862149198176,0.027371972799301147,0.29672423005104065,0.2693522572517395,0.010336428880691528,False,0.23492651757188499,0.6825801140666938,0.00765654444694519,0.24120165407657623,0.23354510962963104,0.030051857233047485,False,0.31936741214057507,0.6167172332456358,0.004756376147270203,0.2326885461807251,0.2279321700334549,0.03295202553272247,False,0.4520894568690096,0.5728245100651902,0.0029338449239730835,0.23033097386360168,0.2273971289396286,0.03477455675601959,False,0.5121022364217253,0.7012493158191502,0.5121022364217253,6,False,0.5728245100651902,0.8159031640879684,0.12146519999987504,False,0.6993350971260428,0.4825249230003526,13,0.8684856230031949,0.2525058989798045,0.9458818702645673,0.028609484434127808,0.009098917245864868,False,0.17708626198083066,0.3156794309616089,0.2870699465274811,0.6825804369218728,0.007656559348106384,0.03005184233188629,False,0.31936741214057507,0.2412017583847046,0.2335451990365982,0.6825804369218728,0.007656559348106384,0.03005184233188629,False,0.31936741214057507,0.2412017583847046,0.2335451990365982,0.30918907545143254,-0.008039131760597229,0.045747533440589905,True,0.4077891373801917,0.20207694172859192,0.21011607348918915,0.2342465868106501,-0.011844858527183533,0.04955326020717621,True,0.5125942492012779,0.20716075599193573,0.21900561451911926,False,0.9478620613819086,0.7231942712967975,13,0.8684856230031949,0.2525058989798045,0.9738623877719896,0.03617894649505615,0.0015294551849365234,False,0.1422811501597444,0.3235955238342285,0.28741657733917236,0.9677070790337835,0.03400081396102905,0.003707587718963623,False,0.22463897763578275,0.3139859437942505,0.27998512983322144,0.9579401385452567,0.031256914138793945,0.0064514875411987305,False,0.30907987220447286,0.26799240708351135,0.2367354929447174,0.900090293383702,0.021982282400131226,0.01572611927986145,False,0.4156549520766773,0.26049619913101196,0.23851391673088074,0.9148982262507462,0.02374964952468872,0.013958752155303955,False,0.5419872204472843,0.2595407962799072,0.2357911467552185,1.957633199999691,5.960464477539063e-08,2.444721758365631e-09,-0.24852696425586585
4469735380,97178,An Asian man is cooking eggs in a pan outside while a woman watches.,149582,An asian woman demonstrating cooking with margarine in a public place,7738684358,0.3889559805393219,0.34429192543029785,0.04466405510902405,0.9886419502337234,14,0.0002766000002338842,0.901165443417722,0.022102415561676025,0.3314354419708252,0.30933302640914917,0.022561639547348022,False,0.15215466666666666,0.7735506080248724,0.012284696102142334,0.3216184079647064,0.3093337118625641,0.032379359006881714,False,0.23758933333333335,0.8853821160584298,0.020444154739379883,0.30663010478019714,0.28618595004081726,0.024219900369644165,False,0.317328,0.8634974356229387,0.01844647526741028,0.306257039308548,0.2878105640411377,0.02621757984161377,False,0.42002133333333336,0.929173996279908,0.025740697979927063,0.27140477299690247,0.2456640750169754,0.018923357129096985,False,0.5721333333333334,0.8306865646646722,0.816288,11,False,0.6364609397327068,0.8871953036412785,0.00011130000029879739,0.901165443417722,0.022102415561676025,0.3314354419708252,0.30933302640914917,0.022561639547348022,False,0.15215466666666666,0.8141339209078516,0.014770984649658203,0.28112077713012695,0.26634979248046875,0.029893070459365845,False,0.24651733333333334,0.6994351908567185,0.008446097373962402,0.26338377594947815,0.25493767857551575,0.036217957735061646,False,0.33020266666666664,0.5908730969045545,0.0036757588386535645,0.2629542350769043,0.25927847623825073,0.04098829627037048,False,0.42434133333333335,0.6453722098929822,0.005987584590911865,0.3024107813835144,0.29642319679260254,0.03867647051811218,False,0.532736,0.6627061455391347,0.6181706666666666,9,False,0.5542883768117877,0.780440097518319,0.11492989999987913,False,0.795557486704793,0.7399322072759948,12,0.8710506666666666,0.4550420132627842,0.9516413814883288,0.029795438051223755,0.014868617057800293,False,0.140992,0.3140271306037903,0.28423169255256653,0.571310998786805,0.0028720200061798096,0.04179203510284424,False,0.21553066666666668,0.31600069999694824,0.31312867999076843,0.5696701297281636,0.002805054187774658,0.04185900092124939,False,0.340288,0.27834850549697876,0.2755434513092041,0.8629256020100119,0.018398046493530273,0.026266008615493774,False,0.4257226666666667,0.26068049669265747,0.2422824501991272,0.8943488523210165,0.021359533071517944,0.023304522037506104,False,0.5794986666666667,0.2149132341146469,0.19355370104312897,False,0.6323614491960606,0.6080016966775261,13,0.8952853333333334,0.29490749711788916,0.9011657088556245,0.022102445363998413,0.022561609745025635,False,0.15215466666666666,0.33143556118011475,0.30933311581611633,0.4269009487676133,-0.0029450654983520508,0.0476091206073761,True,0.26054933333333335,0.29782333970069885,0.3007684051990509,0.53729304000687,0.0014944970607757568,0.04316955804824829,False,0.3442346666666667,0.29038316011428833,0.2888886630535126,0.39513950668210973,-0.00425758957862854,0.04892164468765259,True,0.42966933333333335,0.2523910701274872,0.2566486597061157,0.4157841894014412,-0.003401041030883789,0.04806509613990784,True,0.5364053333333333,0.24043183028697968,0.24383287131786346,2.072200000000521,2.9802322387695312e-08,3.259629011154175e-09,0.16319603750873235
3780768589,81907,Four black men are sitting on the steps of a church.,107119,Four men sit on the found in front of a church or synagogue.,4683565867,0.3800501227378845,0.3151281177997589,0.06492200493812561,0.9984870812670792,11,0.000251500000103988,0.9986235341517063,0.06586858630180359,0.33666330575942993,0.27079471945762634,-0.0009465813636779785,False,0.10703903903903904,0.9813485545122206,0.039630040526390076,0.27490293979644775,0.23527289927005768,0.025291964411735535,False,0.28915315315315315,0.7690091687160351,0.012027248740196228,0.2561503052711487,0.24412305653095245,0.05289475619792938,False,0.36294894894894897,0.6846916809786131,0.00775417685508728,0.24370786547660828,0.235953688621521,0.05716782808303833,False,0.42855855855855857,0.390569881630685,-0.004449173808097839,0.20755580067634583,0.21200497448444366,0.06937117874622345,True,0.5582462462462462,0.6238486410560272,0.8413153153153153,9,False,0.5844673513068374,0.84043882283241,0.00010399999973742524,0.9541971008437704,0.0303652286529541,0.31940439343452454,0.28903916478157043,0.03455677628517151,False,0.1821141141141141,0.4925555575036338,-0.0002977997064590454,0.24512945115566254,0.24542725086212158,0.06521980464458466,True,0.3118018018018018,0.4925555575036338,-0.0002977997064590454,0.24512945115566254,0.24542725086212158,0.06521980464458466,True,0.3118018018018018,0.5111691696511281,0.00044684112071990967,0.231144517660141,0.23069767653942108,0.0644751638174057,False,0.4512072072072072,0.6631922933462809,0.006775528192520142,0.22914735972881317,0.22237183153629303,0.05814647674560547,False,0.5424384384384384,0.52557452983869,0.7916816816816817,8,False,0.28448040176224587,0.7284701779672512,0.11692039999979897,False,0.7271320581545206,0.47034169723162444,11,1.0,0.301145286819541,0.954197231094625,0.03036525845527649,0.03455674648284912,False,0.1821141141141141,0.31940439343452454,0.28903913497924805,0.9623048025693458,0.03239798545837402,0.03252401947975159,False,0.24772372372372373,0.3135736882686615,0.2811757028102875,0.7201587508359542,0.009452491998672485,0.055469512939453125,False,0.3215195195195195,0.2880110442638397,0.27855855226516724,0.25411947778238225,-0.010767608880996704,0.07568961381912231,True,0.4403783783783784,0.257415771484375,0.2681833803653717,0.09179553474122698,-0.022919058799743652,0.08784106373786926,True,0.5133573573573573,0.25571638345718384,0.2786354422569275,False,0.7616619941061709,0.5337065069188107,11,1.0,0.301145286819541,0.8344183830795249,0.016172707080841064,0.048749297857284546,False,0.2559099099099099,0.30216437578201294,0.2859916687011719,0.8344183830795249,0.016172707080841064,0.048749297857284546,False,0.2559099099099099,0.30216437578201294,0.2859916687011719,0.7201587508359542,0.009452491998672485,0.055469512939453125,False,0.3215195195195195,0.2880110442638397,0.27855855226516724,0.5111691696511281,0.00044684112071990967,0.0644751638174057,False,0.4512072072072072,0.2311445027589798,0.2306976616382599,0.4173646457462729,-0.003336012363433838,0.06825801730155945,True,0.5241861861861862,0.2508346140384674,0.25417062640190125,1.6114125000003696,0.0,3.2014213502407074e-09,-0.034529935951650215
1313869424,4860,"A shirtless man is fishing, standing on large rocks that rest next to a boardwalk with a tall lamp post in the forefront.",30639,A child in colorful shorts is standing on a post in the street.,2484190118,0.40877795219421387,0.3568192720413208,0.051958680152893066,0.9944911100392575,14,0.00026590000015858095,0.9900789277998836,0.04603123664855957,0.28733062744140625,0.24129939079284668,0.005927443504333496,False,0.154018018018018,0.5311143466864171,0.0012461841106414795,0.2548261284828186,0.2535799443721771,0.05071249604225159,False,0.22917117117117117,0.23232280669131997,-0.011952415108680725,0.20557627081871033,0.21752868592739105,0.06391109526157379,True,0.37154954954954955,0.3188324378785051,-0.007591426372528076,0.18982428312301636,0.19741570949554443,0.05955010652542114,True,0.44522522522522523,0.16795179853180273,-0.01600213348865509,0.17331084609031677,0.18931297957897186,0.06796081364154816,True,0.5157177177177177,0.32377022247225634,0.8557657657657658,12,False,0.0325748047208764,0.5852041798353994,0.0001111999999920954,0.9900789277998836,0.04603123664855957,0.28733062744140625,0.24129939079284668,0.005927443504333496,False,0.154018018018018,0.5311143466864171,0.0012461841106414795,0.2548261284828186,0.2535799443721771,0.05071249604225159,False,0.22917117117117117,0.47712109874205705,-0.0009157955646514893,0.2523457407951355,0.253261536359787,0.052874475717544556,True,0.3648228228228228,0.23423108436048293,-0.011845722794532776,0.2068849354982376,0.21873065829277039,0.06380440294742584,True,0.43674474474474473,0.15788236751145932,-0.016740694642066956,0.1972198784351349,0.21396057307720184,0.06869937479496002,True,0.5045105105105105,0.43776622529194714,0.5781861861861862,8,False,0.25868410607478964,0.6288119768488802,0.1202966999999262,False,0.43576772142832565,0.3136929842613493,8,0.5858558558558559,0.15713590615342915,0.4651832501770839,-0.0013949275016784668,0.05335360765457153,True,0.16250450450450452,0.2840290069580078,0.2854239344596863,0.5311158310319203,0.0012462437152862549,0.05071243643760681,False,0.22917117117117117,0.2548260986804962,0.25357985496520996,0.3641950864451936,-0.005572021007537842,0.05753070116043091,True,0.30109309309309307,0.20968320965766907,0.2152552306652069,0.025205951911187956,-0.03655146062374115,0.08851014077663422,True,0.4416216216216216,0.18483221530914307,0.22138367593288422,0.30627622290235934,-0.008175864815711975,0.06013454496860504,True,0.5117057057057057,0.19295988976955414,0.2011357545852661,False,0.4883671315137621,0.3422972201530286,12,0.8682462462462462,0.22963415551079916,0.9770305769971729,0.03750354051589966,0.014455139636993408,False,0.1418198198198198,0.3565220832824707,0.31901854276657104,0.5311158310319203,0.0012462437152862549,0.05071243643760681,False,0.22917117117117117,0.2548260986804962,0.25357985496520996,0.1114317017673798,-0.020761996507644653,0.07272067666053772,True,0.30072672672672673,0.22559604048728943,0.24635803699493408,0.025205951911187956,-0.03655146062374115,0.08851014077663422,True,0.4416216216216216,0.18483221530914307,0.22138367593288422,0.30627622290235934,-0.008175864815711975,0.06013454496860504,True,0.5117057057057057,0.19295988976955414,0.2011357545852661,1.5999118999998245,5.960464477539063e-08,2.9685907065868378e-09,-0.05259941008543645
3256456935,60890,The girl with the red belt is kicking a pad that the person in black is holding.,257,A girl kicking a stick that a man is holding in tae kwon do class.,101362133,0.3531133830547333,0.34690049290657043,0.006212890148162842,0.6505116580727284,12,0.00023569999984829337,0.6430326463582163,0.005885511636734009,0.33091557025909424,0.32503005862236023,0.000327378511428833,False,0.19688195991091315,0.8282824178364844,0.01573503017425537,0.3241438567638397,0.30840882658958435,-0.00952214002609253,False,0.25820935412026724,0.8984522282232681,0.02180144190788269,0.3195081353187561,0.2977066934108734,-0.015588551759719849,False,0.36010244988864143,0.928779059532562,0.025680840015411377,0.305556058883667,0.2798752188682556,-0.019467949867248535,False,0.41321603563474385,0.9731903452939963,0.03591817617416382,0.31251657009124756,0.27659839391708374,-0.029705286026000977,False,0.5089220489977728,0.8254361457943297,0.9470512249443207,11,False,0.7295442523895339,0.7859067140276457,0.00010620000011840602,0.5822635325366091,0.00332072377204895,0.3427102565765381,0.33938953280448914,0.0028921663761138916,False,0.10027616926503341,0.7391241526489511,0.010414212942123413,0.3319709599018097,0.3215567469596863,-0.004201322793960571,False,0.31205790645879733,0.7391241526489511,0.010414212942123413,0.3319709599018097,0.3215567469596863,-0.004201322793960571,False,0.31205790645879733,0.8003768168384298,0.013886511325836182,0.3359511196613312,0.322064608335495,-0.00767362117767334,False,0.40109576837416483,0.8546812180922799,0.017717987298965454,0.3260077238082886,0.3082897365093231,-0.011505097150802612,False,0.502988864142539,0.7782324625076993,0.502988864142539,5,False,0.8546812180922799,0.7049625402328535,0.1172790000000532,False,0.7244496280323895,0.7144723276638179,12,1.0,0.761195188712681,0.8610272743531762,0.018238484859466553,-0.012025594711303711,False,0.12144320712694877,0.3543236255645752,0.33608514070510864,0.651229513426617,0.006244480609893799,-3.159046173095703e-05,False,0.21804899777282852,0.33850374817848206,0.33225926756858826,0.7207883532800232,0.009483754634857178,-0.003270864486694336,False,0.3183251670378619,0.3263952136039734,0.3169114589691162,0.6273372652481788,0.005208104848861694,0.0010047852993011475,False,0.44223608017817373,0.3069238066673279,0.3017157018184662,0.88504477123531,0.02041095495223999,-0.014198064804077148,False,0.5441291759465479,0.2768360376358032,0.25642508268356323,False,0.8529379718784558,0.8080742542828762,12,1.0,0.761195188712681,0.8295545430251715,0.015824735164642334,-0.009611845016479492,False,0.10189309576837416,0.35354307293891907,0.33771833777427673,0.8708691939553506,0.01908665895462036,-0.01287376880645752,False,0.3136748329621381,0.33691325783729553,0.31782659888267517,0.8708691939553506,0.01908665895462036,-0.01287376880645752,False,0.3136748329621381,0.33691325783729553,0.31782659888267517,0.8990861770141729,0.021871119737625122,-0.01565822958946228,False,0.4139510022271715,0.3299315869808197,0.3080604672431946,0.9528456268182223,0.030060261487960815,-0.023847371339797974,False,0.5353942093541203,0.3045668601989746,0.2745065987110138,2.291275499999756,8.940696716308594e-08,2.561137080192566e-09,-0.12848834384606622
4752799475,111696,"A woman in a tank top, walks through a market on her cellphone.",67089,A young girl plays as a woman talks on phone.,3405279045,0.36478564143180847,0.32803279161453247,0.036752849817276,0.9752841706224895,13,0.0002531000000089989,0.9986959980018296,0.0664101243019104,0.32930538058280945,0.26289525628089905,-0.0296572744846344,False,0.16035435435435436,0.9992050793792369,0.07136473059654236,0.32876962423324585,0.2574048936367035,-0.03461188077926636,False,0.24770570570570571,0.9897106464112494,0.045663028955459595,0.29067519307136536,0.24501216411590576,-0.008910179138183594,False,0.3471171171171171,0.992005341016085,0.048209547996520996,0.28619584441185,0.23798629641532898,-0.011456698179244995,False,0.4423303303303303,0.9639604465136788,0.03286433219909668,0.2698572874069214,0.2369929552078247,0.0038885176181793213,False,0.5935015015015015,0.8512422196847849,0.8636756756756757,11,False,0.3084740494252791,0.9883275582668379,0.0001077000001714623,0.9592957041216986,0.03159865736961365,0.3382827043533325,0.30668404698371887,0.0051541924476623535,False,0.17168168168168169,0.9523614928063782,0.029953032732009888,0.3346777558326721,0.30472472310066223,0.006799817085266113,False,0.2710930930930931,0.9587400435325132,0.03145727515220642,0.3361593186855316,0.3047020435333252,0.00529557466506958,False,0.31696096096096094,0.45809587646960864,-0.0016801059246063232,0.3037906885147095,0.3054707944393158,0.038432955741882324,True,0.4305285285285285,0.5068622988677686,0.0002745091915130615,0.3043529689311981,0.30407845973968506,0.03647834062576294,False,0.520984984984985,0.6493670327202308,0.4305285285285285,6,False,0.45809587646960864,0.8234631995654604,0.11927360000026965,False,0.9316011807964124,0.6999494509242771,13,1.0,0.8423659151348382,0.9406203963182763,0.02762588858604431,0.00912696123123169,False,0.1219039039039039,0.31678086519241333,0.289154976606369,0.9994522100102896,0.07509070634841919,-0.03833785653114319,False,0.27392192192192194,0.32863491773605347,0.2535442113876343,0.9505441974448671,0.029559552669525146,0.0071932971477508545,False,0.37333333333333335,0.28694671392440796,0.2573871612548828,0.9158346696951544,0.023870527744293213,0.012882322072982788,False,0.44236036036036036,0.25851115584373474,0.23464062809944153,0.6642362939401385,0.006822302937507629,0.02993054687976837,False,0.5375735735735736,0.23879261314868927,0.23197031021118164,False,0.8946150218411486,0.683824662846548,13,1.0,0.8423659151348382,0.9511324982187865,0.029685407876968384,0.007067441940307617,False,0.1446006006006006,0.3290264308452606,0.29934102296829224,0.8013435690024231,0.013947129249572754,0.022805720567703247,False,0.244012012012012,0.31983163952827454,0.3058845102787018,0.9406275535607046,0.027627170085906982,0.009125679731369019,False,0.3278978978978979,0.2916465103626251,0.26401934027671814,0.9158346696951544,0.023870527744293213,0.012882322072982788,False,0.44236036036036036,0.25851115584373474,0.23464062809944153,0.6642362939401385,0.006822302937507629,0.02993054687976837,False,0.5375735735735736,0.23879261314868927,0.23197031021118164,1.7608085000001665,8.940696716308594e-08,3.026798367500305e-09,0.036986158955263804
6224066807,138181,A guy dressed in a white uniform with a number 3 on it playing soccer.,139022,Soccer players in blue and white fight for the ball in midair.,6312211170,0.31996801495552063,0.30889517068862915,0.01107284426689148,0.7516224980786752,14,0.00024100000018734136,0.3374340735720306,-0.006747499108314514,0.2451988309621811,0.2519463300704956,0.017820343375205994,True,0.13323555555555555,0.4607407961227138,-0.001573607325553894,0.2427060455083847,0.2442796528339386,0.012646451592445374,True,0.20980444444444443,0.4141667766898697,-0.003467664122581482,0.23538662493228912,0.2388542890548706,0.014540508389472961,True,0.3042311111111111,0.15965403858890073,-0.016608044505119324,0.2151605486869812,0.23176859319210052,0.027680888772010803,True,0.4245466666666667,0.1291834329595979,-0.019081979990005493,0.21252603828907013,0.23160801827907562,0.030154824256896973,True,0.51396,0.22416400467181335,0.6973333333333334,10,False,0.11388982556644317,0.37327468802174985,0.00010830000019268482,0.5441441905953494,0.0017703771591186523,0.2989710569381714,0.29720067977905273,0.009302467107772827,False,0.10616444444444445,0.47204554581884417,-0.0011193454265594482,0.28323808312416077,0.2843574285507202,0.012192189693450928,True,0.26670666666666665,0.42882914826717805,-0.002866297960281372,0.27989670634269714,0.2827630043029785,0.013939142227172852,True,0.3352311111111111,0.39534323931876664,-0.004249066114425659,0.280098021030426,0.2843470871448517,0.015321910381317139,True,0.4063866666666667,0.0742572045712209,-0.025230616331100464,0.25323286652565,0.2784634828567505,0.03630346059799194,True,0.5111155555555555,0.27657036963378534,0.5876844444444445,9,False,0.11503742433699547,0.46003571868767595,0.12244989999999234,False,0.521661716665527,0.42561048107234567,14,1.0,0.5089781020973423,0.3374344067208286,-0.00674748420715332,0.0178203284740448,True,0.13323555555555555,0.24519884586334229,0.2519463300704956,0.6315132642189195,0.005387142300605774,0.005685701966285706,False,0.20176,0.24627405405044556,0.24088691174983978,0.519183274752715,0.0007677078247070312,0.010305136442184448,False,0.34945777777777776,0.23971958458423615,0.2389518767595291,0.48674926560393633,-0.0005301535129547119,0.011602997779846191,True,0.44388444444444447,0.22672629356384277,0.22725644707679749,0.4075489844263094,-0.0037410706281661987,0.014813914895057678,True,0.5332977777777778,0.22320589423179626,0.22694696485996246,False,0.6222070890433072,0.5304500028057142,14,1.0,0.5089781020973423,0.3374344067208286,-0.00674748420715332,0.0178203284740448,True,0.13323555555555555,0.24519884586334229,0.2519463300704956,0.6315132642189195,0.005387142300605774,0.005685701966285706,False,0.20176,0.24627405405044556,0.24088691174983978,0.6924628717627336,0.008116587996482849,0.0029562562704086304,False,0.3165822222222222,0.24357926845550537,0.23546268045902252,0.7419728709334268,0.010562479496002197,0.0005103647708892822,False,0.48256444444444446,0.23773348331451416,0.22717100381851196,0.4907880270847018,-0.0003685206174850464,0.011441364884376526,True,0.5769911111111111,0.2205599695444107,0.22092849016189575,2.4233988999994835,2.9802322387695312e-08,5.296897143125534e-09,-0.10054537237778027
3339751521,64265,A group of traveling people relaxing on top of a hill overlooking a range.,115497,An adult Asian male instructs a group of Asian children.,4814335297,0.3543437719345093,0.3139203190803528,0.040423452854156494,0.9827466543651066,14,0.00025959999993574456,0.9952772985630601,0.05350640416145325,0.3224114775657654,0.26890507340431213,-0.013082951307296753,False,0.1742135231316726,0.9805105618365666,0.03918200731277466,0.3104754686355591,0.2712934613227844,0.001241445541381836,False,0.2657081850533808,0.9925935714559097,0.048979729413986206,0.30523717403411865,0.25625744462013245,-0.008556276559829712,False,0.3460996441281139,0.9987555877725077,0.06687846779823303,0.27758273482322693,0.2107042670249939,-0.026455014944076538,False,0.4131103202846975,0.999706977205321,0.08134967088699341,0.29772406816482544,0.21637439727783203,-0.040926218032836914,False,0.525067615658363,0.978502235536246,0.7767188612099644,11,False,0.9420408263136408,0.9914698321045604,0.00011969999968641787,0.9871545981128821,0.04341840744018555,0.3162009119987488,0.27278250455856323,-0.0029949545860290527,False,0.17876868327402134,0.9928344352302655,0.0493127703666687,0.31999796628952026,0.27068519592285156,-0.008889317512512207,False,0.21402135231316727,0.9998933468193059,0.09145821630954742,0.3046102523803711,0.21315203607082367,-0.05103476345539093,False,0.36797153024911033,0.9998993055577626,0.09203319251537323,0.3048138916492462,0.21278069913387299,-0.051609739661216736,False,0.4294661921708185,0.9994721623880523,0.07546193897724152,0.2900615334510803,0.2145995944738388,-0.03503848612308502,False,0.541423487544484,0.9972060757209705,0.48829893238434163,7,False,0.9998981236305102,0.9932688252510583,0.1193580999997721,False,0.994087481124082,0.9849605881212476,13,0.9215017793594306,0.9816670937257886,0.9861474315088419,0.04265335202217102,-0.0022298991680145264,False,0.14461921708185052,0.3090001344680786,0.2663467824459076,0.9997384353768187,0.08248567581176758,-0.042062222957611084,False,0.21202135231316727,0.30896326899528503,0.22647759318351746,0.9989780547632029,0.06885024905204773,-0.028426796197891235,False,0.3423487544483986,0.2910521328449249,0.2222018837928772,0.99838584991343,0.06427331268787384,-0.023849859833717346,False,0.42962277580071173,0.27896398305892944,0.2146906703710556,0.9986098352856054,0.06576941907405853,-0.02534596621990204,False,0.5165622775800712,0.27606481313705444,0.2102953940629959,False,0.9713556093094184,0.9043680135808021,14,1.0,0.8002575112752308,0.9652571001304189,0.033244192600250244,0.00717926025390625,False,0.17843416370106763,0.3072313070297241,0.2739871144294739,0.9845408730596565,0.0415397584438324,-0.0011163055896759033,False,0.25882562277580073,0.2965867817401886,0.2550470232963562,0.9925935276369892,0.04897966980934143,-0.008556216955184937,False,0.3460996441281139,0.30523720383644104,0.2562575340270996,0.9977786310924514,0.06107407808303833,-0.020650625228881836,False,0.4135017793594306,0.2935638427734375,0.23248976469039917,0.883500828644181,0.020260080695152283,0.02016337215900421,False,0.5393451957295373,0.2120014727115631,0.19174139201641083,1.647461999999905,2.9802322387695312e-08,3.4924596548080444e-09,0.022731871814663518
3514685438,71687,"A white woman holding a donation check for ""Kids Food Basket.""",26308,A check with a green shirt uses a blowtorch on some food.,238177432,0.4011039435863495,0.2826674282550812,0.11843651533126831,0.9999928160322572,14,0.00025820000018939027,0.999828925229677,0.08673238754272461,0.34611785411834717,0.25938546657562256,0.0317041277885437,False,0.17597005988023953,0.7876711715498481,0.013109445571899414,0.27242511510849,0.2593156695365906,0.1053270697593689,False,0.22947904191616766,0.022256168978282878,-0.037826284766197205,0.1743442565202713,0.2121705412864685,0.15626280009746552,True,0.38745508982035926,0.04318463191466712,-0.030981257557868958,0.17158275842666626,0.20256401598453522,0.14941777288913727,True,0.4307245508982036,0.03077511726202225,-0.03449790179729462,0.17531602084636688,0.2098139226436615,0.15293441712856293,True,0.5435449101796407,0.32052436175647164,0.7215269461077845,11,False,0.06722498660264015,0.5396802776990147,0.00011180000001331791,0.9973306102616027,0.05923232436180115,0.3357396721839905,0.27650734782218933,0.05920419096946716,False,0.13722754491017963,0.7876711715498481,0.013109445571899414,0.27242511510849,0.2593156695365906,0.1053270697593689,False,0.22947904191616766,0.09877365522344228,-0.022109255194664,0.22241930663585663,0.24452856183052063,0.1405457705259323,True,0.33889820359281436,0.04318463191466712,-0.030981257557868958,0.17158275842666626,0.20256401598453522,0.14941777288913727,True,0.4307245508982036,0.07160255443990424,-0.025623291730880737,0.1759973168373108,0.20162060856819153,0.14405980706214905,True,0.5152095808383234,0.30382284268031967,0.6385868263473053,10,False,0.05533449486295422,0.541997137820383,0.01945660000001226,False,0.7388275156853982,0.39301690022699526,10,0.7654610778443114,0.020406912769375247,0.9973305864590012,0.059232234954833984,0.059204280376434326,False,0.13722754491017963,0.3357396125793457,0.2765073776245117,0.9709325874131317,0.03508639335632324,0.08335012197494507,False,0.2404251497005988,0.3202515244483948,0.28516513109207153,0.5920505049535992,0.0037244856357574463,0.11471202969551086,False,0.3326766467065868,0.2520254850387573,0.24830099940299988,0.2401185574865757,-0.011520296335220337,0.12995681166648865,True,0.42450299401197605,0.19185739755630493,0.20337769389152527,0.3722200670245206,-0.005227044224739075,0.12366355955600739,True,0.5060239520958084,0.227358877658844,0.23258592188358307,False,0.7675482761784929,0.49529463573399973,13,0.9542574850299401,0.07970354793444828,0.9973305864590012,0.059232234954833984,0.059204280376434326,False,0.13722754491017963,0.3357396125793457,0.2765073776245117,0.9709325874131317,0.03508639335632324,0.08335012197494507,False,0.2404251497005988,0.3202515244483948,0.28516513109207153,0.8576378157839878,0.017958074808120728,0.10047844052314758,False,0.33225149700598805,0.2721705734729767,0.25421249866485596,0.6724488958235268,0.007192820310592651,0.11124369502067566,False,0.41377245508982036,0.2611948847770691,0.25400206446647644,0.012450559403101562,-0.043734610080718994,0.1621711254119873,True,0.5721736526946107,0.18092378973960876,0.22465839982032776,1.7067315999993298,0.0,5.3551048040390015e-09,-0.028720760493094688
4735200580,110728,A skinny shirtless indian boy wearing shorts is jumping to the lake.,68148,A boy takes a flying leap into the water.,3430607596,0.37769731879234314,0.3439822793006897,0.03371503949165344,0.9668019956606992,11,0.00024720000010347576,0.7268755001066398,0.009788274765014648,0.30178868770599365,0.292000412940979,0.023926764726638794,False,0.1777142857142857,0.5274285711174443,0.00109824538230896,0.28990212082862854,0.2888038754463196,0.03261679410934448,False,0.2827337662337662,0.3114530631415677,-0.007933348417282104,0.2660212814807892,0.2739546298980713,0.04164838790893555,True,0.3462662337662338,0.5741967639572972,0.00298994779586792,0.22983193397521973,0.2268419861793518,0.030725091695785522,False,0.402474025974026,0.2751957381049343,-0.009684190154075623,0.15855500102043152,0.16823919117450714,0.043399229645729065,True,0.760538961038961,0.4069334344030699,0.8343311688311689,9,False,0.1743407963245727,0.5521948277013959,0.0001029000000016822,0.8598232820786572,0.018138229846954346,0.35234376788139343,0.3342055380344391,0.015576809644699097,False,0.1150974025974026,0.6714312773513068,0.007146656513214111,0.2892773747444153,0.28213071823120117,0.02656838297843933,False,0.22762337662337662,0.47548230946188236,-0.0009814947843551636,0.2302287220954895,0.23121021687984467,0.034696534276008606,True,0.4997857142857143,0.47548230946188236,-0.0009814947843551636,0.2302287220954895,0.23121021687984467,0.034696534276008606,True,0.4997857142857143,0.4147565888496416,-0.0034433603286743164,0.2244872748851776,0.22793063521385193,0.03715839982032776,True,0.5833636363636364,0.7062858491568633,0.22762337662337662,4,False,0.6714312773513068,0.6591915299347757,0.040314300000318326,False,0.5658186770705198,0.43536952596890316,10,0.9262077922077923,0.588801291257723,0.5865716781343318,0.0034981071949005127,0.03021693229675293,False,0.1812012987012987,0.2817089855670929,0.2782108783721924,0.4085974797487463,-0.0036976635456085205,0.03741270303726196,True,0.45336363636363636,0.22842565178871155,0.23212331533432007,0.4085974797487463,-0.0036976635456085205,0.03741270303726196,True,0.45336363636363636,0.22842565178871155,0.23212331533432007,0.4085974797487463,-0.0036976635456085205,0.03741270303726196,True,0.45336363636363636,0.22842565178871155,0.23212331533432007,0.2658049745370741,-0.010160118341445923,0.043875157833099365,True,0.5392662337662337,0.24288824200630188,0.2530483603477478,False,0.5658186770705198,0.47453462657247103,11,1.0,0.8948623705097701,0.5865716781343318,0.0034981071949005127,0.03021693229675293,False,0.1812012987012987,0.2817089855670929,0.2782108783721924,0.4085974797487463,-0.0036976635456085205,0.03741270303726196,True,0.45336363636363636,0.22842565178871155,0.23212331533432007,0.4085974797487463,-0.0036976635456085205,0.03741270303726196,True,0.45336363636363636,0.22842565178871155,0.23212331533432007,0.4085974797487463,-0.0036976635456085205,0.03741270303726196,True,0.45336363636363636,0.22842565178871155,0.23212331533432007,0.2658049745370741,-0.010160118341445923,0.043875157833099365,True,0.5392662337662337,0.24288824200630188,0.2530483603477478,1.3308684000003268,2.9802322387695312e-08,2.270098775625229e-09,0.0
7001949951,144428,A woman paints a brown vase with white flowers.,149581,"A woman, wearing a yellow apron, is taking the lid off of a large pot.",7738684358,0.4244880676269531,0.34745872020721436,0.07702934741973877,0.9995487035603581,14,0.00026479999996809056,0.9995231663919405,0.07647866010665894,0.40193408727645874,0.3254554271697998,0.000550687313079834,False,0.1200843373493976,0.9558659079617421,0.03075385093688965,0.3066439926624298,0.27589014172554016,0.04627549648284912,False,0.2566686746987952,0.0605732035406814,-0.027414172887802124,0.2783295512199402,0.3057437241077423,0.1044435203075409,True,0.3338734939759036,0.01598192340162172,-0.04120185971260071,0.2464020550251007,0.2876039147377014,0.11823120713233948,True,0.4105180722891566,0.6816136691205951,0.007611975073814392,0.2065916508436203,0.1989796757698059,0.06941737234592438,False,0.595855421686747,0.67316335816207,1.0,14,False,0.8341041760363131,0.6048151673765099,0.00011059999997087289,0.999745870711499,0.08277413249015808,0.42420023679733276,0.3414261043071747,-0.0057447850704193115,False,0.131,0.8404896521087926,0.0166187584400177,0.3180292248725891,0.3014104664325714,0.06041058897972107,False,0.26758433734939757,0.0605732035406814,-0.027414172887802124,0.2783295512199402,0.3057437241077423,0.1044435203075409,True,0.3338734939759036,0.04682127157749387,-0.030134648084640503,0.27881184220314026,0.30894649028778076,0.10716399550437927,True,0.4552289156626506,0.046640716795558396,-0.03017517924308777,0.27931275963783264,0.3094879388809204,0.10720452666282654,True,0.5205481927710843,0.31891432969870354,0.390933734939759,6,False,0.042435129188490156,0.5687498439190133,0.08106760000009672,False,0.9132011691250109,0.8197310570288016,12,0.8783674698795181,0.9469877803623786,0.9902194715215842,0.04617533087730408,0.030854016542434692,False,0.13865060240963856,0.37184637784957886,0.3256710469722748,0.70270105366661,0.008601933717727661,0.06842741370201111,False,0.2049397590361446,0.32808783650398254,0.3194859027862549,0.9857339384066627,0.04235503077507019,0.03467431664466858,False,0.3650722891566265,0.3067140281200409,0.2643589973449707,0.9462160593397004,0.028674960136413574,0.048354387283325195,False,0.440210843373494,0.3058412969112396,0.27716633677482605,0.886081298105483,0.02051323652267456,0.05651611089706421,False,0.501277108433735,0.2722713351249695,0.2517580986022949,False,0.7358320383582896,0.7039673007355187,13,0.9346807228915662,0.8223035842166135,0.9993854782668952,0.07394051551818848,0.003088831901550293,False,0.14349397590361446,0.4000794291496277,0.3261389136314392,0.70270105366661,0.008601933717727661,0.06842741370201111,False,0.2049397590361446,0.32808783650398254,0.3194859027862549,0.6071581358214698,0.004353821277618408,0.07267552614212036,False,0.3595602409638554,0.2639823257923126,0.2596285045146942,0.49074035963862517,-0.0003704279661178589,0.07739977538585663,True,0.4206265060240964,0.247785747051239,0.24815617501735687,0.47000017922357484,-0.001201435923576355,0.07823078334331512,True,0.5027831325301205,0.23983006179332733,0.2410314977169037,1.825789800000166,2.9802322387695312e-08,3.434251993894577e-09,0.17736913076672134
4868221344,119139,A man and woman sitting on the sidewalk.,41372,A woman sitting with a guitar talking to a man sitting with an umbrella.,2762599124,0.3229404389858246,0.30543118715286255,0.017509251832962036,0.8520694566271058,12,0.0002519999998185085,0.5083479722796631,0.0003339499235153198,0.24526342749595642,0.2449294775724411,0.017175301909446716,False,0.10680597014925373,0.1550661635316017,-0.01695406436920166,0.20368915796279907,0.22064322233200073,0.034463316202163696,True,0.2803940298507463,0.07675666208819888,-0.02487252652645111,0.20817513763904572,0.23304766416549683,0.04238177835941315,True,0.35764776119402986,0.16747859752984917,-0.016036033630371094,0.2056240290403366,0.2216600626707077,0.03354528546333313,True,0.4278686567164179,0.24591656672167145,-0.011205106973648071,0.20710235834121704,0.2183074653148651,0.028714358806610107,True,0.5867701492537314,0.24403914024091947,0.7890985074626866,9,False,0.1629216616921422,0.30779529422315227,0.00010649999967426993,0.29484243271587185,-0.008719801902770996,0.26722413301467896,0.27594393491744995,0.026229053735733032,True,0.17358805970149255,0.17082504000718834,-0.015797913074493408,0.26852020621299744,0.28431811928749084,0.033307164907455444,True,0.2420179104477612,0.07167549421686202,-0.025612324476242065,0.258022278547287,0.28363460302352905,0.0431215763092041,True,0.3192716417910448,0.05069381819799789,-0.02929927408695221,0.23776791989803314,0.26706719398498535,0.046808525919914246,True,0.4872417910447761,0.0998491536701967,-0.021989017724990845,0.2505611181259155,0.27255013585090637,0.03949826955795288,True,0.5684179104477612,0.17442038351665717,0.6752238805970149,7,False,0.06795559873303848,0.24846571249359983,0.1206744000000981,False,0.26563388795379317,0.2498442921268443,11,0.9440955223880597,0.3457384041522921,0.2948430523374459,-0.008719772100448608,0.026229023933410645,True,0.17358805970149255,0.26722416281700134,0.27594393491744995,0.09786992606205272,-0.022211194038391113,0.03972044587135315,True,0.2508417910447761,0.2548137903213501,0.2770249843597412,0.07167569251615877,-0.025612294673919678,0.043121546506881714,True,0.3192716417910448,0.2580221891403198,0.2836344838142395,0.1027476680518007,-0.021670609712600708,0.039179861545562744,True,0.46416119402985073,0.2569531798362732,0.2786237895488739,0.14784754405515807,-0.017515838146209717,0.03502508997917175,True,0.5343820895522388,0.24457785487174988,0.2620936930179596,False,0.3929670913603476,0.3434703089298364,12,1.0,0.8435791727649823,0.5083479722796631,0.0003339499235153198,0.017175301909446716,False,0.10680597014925373,0.24526342749595642,0.2449294775724411,0.1550661635316017,-0.01695406436920166,0.034463316202163696,True,0.2803940298507463,0.20368915796279907,0.22064322233200073,0.44914482787551696,-0.002041265368461609,0.019550517201423645,True,0.3506149253731343,0.21650700271129608,0.2185482680797577,0.365402221534332,-0.00551992654800415,0.023029178380966187,True,0.419044776119403,0.2054060995578766,0.21092602610588074,0.24591656672167145,-0.011205106973648071,0.028714358806610107,True,0.5867701492537314,0.20710235834121704,0.2183074653148651,1.7015248999996402,8.940696716308594e-08,2.764863893389702e-09,-0.1273332034065544
327142149,61526,"A woman sitting, a woman sweeping, and a woman holding a shovel.",42062,A young woman sweeping with a straw broom.,2778313163,0.35188210010528564,0.33850863575935364,0.013373464345932007,0.7920532248825558,13,0.000241100000039296,0.6534525213570078,0.006342500448226929,0.3309536576271057,0.3246111571788788,0.007030963897705078,False,0.10078933333333333,0.09921398368055558,-0.022059887647628784,0.30163314938545227,0.32369303703308105,0.03543335199356079,True,0.200144,0.3494395602920023,-0.006215035915374756,0.2708587348461151,0.27707377076148987,0.019588500261306763,True,0.35884266666666664,0.5070388435036894,0.0002815723419189453,0.271987646818161,0.27170607447624207,0.013091892004013062,False,0.4481866666666667,0.5176155645163901,0.0007049143314361572,0.2392171025276184,0.23851218819618225,0.01266855001449585,False,0.5601706666666667,0.5276578164473619,0.8870613333333334,11,False,0.6262462301456252,0.4310644450967824,0.00011170000016136328,0.722121504206361,0.009550094604492188,0.32517582178115845,0.31562572717666626,0.0038233697414398193,False,0.11416533333333333,0.7122431544585697,0.009063035249710083,0.3111169636249542,0.30205392837524414,0.004310429096221924,False,0.280192,0.3125841323785206,-0.00788065791130066,0.27620044350624084,0.2840811014175415,0.021254122257232666,True,0.380048,0.1933501999537756,-0.014283865690231323,0.272336483001709,0.2866203486919403,0.02765733003616333,True,0.47940266666666664,0.2678683356427322,-0.01005464792251587,0.2752112150192261,0.28526586294174194,0.023428112268447876,True,0.530208,0.3768104463983515,0.47940266666666664,6,False,0.1933501999537756,0.553597359595621,0.02002100000026985,False,0.28212362581023326,0.3848721742720588,13,1.0,0.8924683941779158,0.5803754485145045,0.0032431483268737793,0.010130316019058228,False,0.1084,0.31139540672302246,0.3081522583961487,0.08138004394402837,-0.02423742413520813,0.03761088848114014,True,0.20775466666666667,0.28179967403411865,0.3060370981693268,0.034546844194137144,-0.03330281376838684,0.04667627811431885,True,0.308544,0.23441168665885925,0.2677145004272461,0.0914354085012986,-0.022962331771850586,0.03633579611778259,True,0.420528,0.23752465844154358,0.26048699021339417,0.4424662785908228,-0.0023115873336791992,0.015685051679611206,True,0.520384,0.2617841958999634,0.2640957832336426,False,0.18427607543744418,0.3260200001906274,13,1.0,0.8924683941779158,0.09901334029659938,-0.022082358598709106,0.03545582294464111,True,0.162736,0.3065793514251709,0.32866171002388,0.043686926745981736,-0.03086036443710327,0.04423382878303528,True,0.220352,0.2944847643375397,0.32534512877464294,0.1007819457496034,-0.021885663270950317,0.035259127616882324,True,0.332336,0.29608312249183655,0.31796878576278687,0.07600095743449352,-0.02497965097427368,0.03835311532020569,True,0.482976,0.2835026979446411,0.3084823489189148,0.11408125014387542,-0.020497143268585205,0.03387060761451721,True,0.5840426666666667,0.28607189655303955,0.30656903982162476,1.9124518999997235,0.0,3.259629011154175e-09,0.09784755037278908
2961247549,48985,"The Dali Lama during a reception where participants have brought carnations, parasols and prayer flags.",15653,Two Indian men participating in a ceremony.,2072331027,0.29655247926712036,0.29579833149909973,0.0007541477680206299,0.5188447635892743,12,0.0002444000001560198,0.7232384151161081,0.009605824947357178,0.2832137942314148,0.2736079692840576,-0.008851677179336548,False,0.21628169014084508,0.7232384151161081,0.009605824947357178,0.2832137942314148,0.2736079692840576,-0.008851677179336548,False,0.21628169014084508,0.7692692617476089,0.01204189658164978,0.28004878759384155,0.2680068910121918,-0.01128774881362915,False,0.3260450704225352,0.9730639346470532,0.03586983680725098,0.2912130653858185,0.2553432285785675,-0.03511568903923035,False,0.40700281690140844,0.5154021810860951,0.0006162822246551514,0.2518174946308136,0.25120121240615845,0.00013786554336547852,False,0.5785239436619718,0.7301577871989253,0.7342422535211267,8,False,0.8386602699539021,0.7163241042016711,0.00010799999972732621,0.09468259627167551,-0.022577553987503052,0.2597450017929077,0.28232255578041077,0.02333170175552368,True,0.2539830985915493,0.09468259627167551,-0.022577553987503052,0.2597450017929077,0.28232255578041077,0.02333170175552368,True,0.2539830985915493,0.20346412777790607,-0.01364782452583313,0.26987114548683167,0.2835189700126648,0.01440197229385376,True,0.4031887323943662,0.20346412777790607,-0.01364782452583313,0.26987114548683167,0.2835189700126648,0.01440197229385376,True,0.4031887323943662,0.10924146785723687,-0.020985126495361328,0.2580290138721466,0.27901414036750793,0.021739274263381958,True,0.5694535211267605,0.1456756000043944,0.5694535211267605,6,False,0.10924146785723687,0.22153052996381406,0.04240140000001702,False,0.11389996519328327,0.21518676249060842,12,1.0,0.07684794779309853,0.055505482819454374,-0.028341680765151978,0.029095828533172607,True,0.14313802816901408,0.25736457109451294,0.2857062518596649,0.05427348920191828,-0.02857917547225952,0.02933332324028015,True,0.3199774647887324,0.2540323734283447,0.28261154890060425,0.05427348920191828,-0.02857917547225952,0.02933332324028015,True,0.3199774647887324,0.2540323734283447,0.28261154890060425,0.033257456337873026,-0.033696532249450684,0.034450680017471313,True,0.4403774647887324,0.25141245126724243,0.2851089835166931,0.08662503105277046,-0.02355557680130005,0.02430972456932068,True,0.5501408450704225,0.24802711606025696,0.271582692861557,False,0.14914434104434185,0.2568658871956792,12,1.0,0.07684794779309853,0.055505482819454374,-0.028341680765151978,0.029095828533172607,True,0.14313802816901408,0.25736457109451294,0.2857062518596649,0.05427348920191828,-0.02857917547225952,0.02933332324028015,True,0.3199774647887324,0.2540323734283447,0.28261154890060425,0.05427348920191828,-0.02857917547225952,0.02933332324028015,True,0.3199774647887324,0.2540323734283447,0.28261154890060425,0.1641303446721561,-0.016278117895126343,0.017032265663146973,True,0.42974084507042254,0.26478204131126404,0.2810601592063904,0.1547622294009583,-0.016977280378341675,0.017731428146362305,True,0.5554197183098591,0.2570062577724457,0.27398353815078735,1.7481130999995003,2.9802322387695312e-08,4.0745362639427185e-09,-0.03524437585105858
3432637363,68251,A man in a turban looks at two police officers who are near a tent and a pile of refuse.,123120,A man wearing black pants and jacket is on a blue scooter next to a crowd of people and a green tent.,4937639267,0.36138203740119934,0.3405056595802307,0.020876377820968628,0.8896958175717888,13,0.0002585000002000015,0.7106089363922886,0.008983433246612549,0.2788967490196228,0.26991331577301025,0.011892944574356079,False,0.28426605504587155,0.7106089363922886,0.008983433246612549,0.2788967490196228,0.26991331577301025,0.011892944574356079,False,0.28426605504587155,0.5267882189979505,0.0010725557804107666,0.26950445771217346,0.2684319019317627,0.01980382204055786,False,0.36536697247706423,0.9071776769370974,0.02279651165008545,0.2785763144493103,0.25577980279922485,-0.0019201338291168213,False,0.43928440366972477,0.9963709472023787,0.05615147948265076,0.23612844944000244,0.17997696995735168,-0.03527510166168213,False,0.5383899082568807,0.8570069720151201,0.8250779816513761,10,False,0.9960450480413056,0.7893104728765007,0.00010849999989659409,0.5410517234461918,0.0016457736492156982,0.3286067545413971,0.3269609808921814,0.01923060417175293,False,0.13475229357798166,0.19292989061672702,-0.014310836791992188,0.2991933524608612,0.3135041892528534,0.035187214612960815,True,0.21585321100917432,0.512477876225759,0.0004992187023162842,0.2979744076728821,0.2974751889705658,0.020377159118652344,False,0.3311100917431193,0.13867237387189754,-0.01826360821723938,0.2889561057090759,0.3072197139263153,0.03913998603820801,True,0.42244495412844035,0.4165568197404899,-0.003369241952896118,0.2871321141719818,0.29050135612487793,0.024245619773864746,True,0.5157339449541284,0.3208021669099933,0.4646926605504587,7,False,0.213047453475833,0.43132286307680545,0.11881699999958073,False,0.7546621481900867,0.8084982234443284,13,1.0,0.9614256626437375,0.46987954489763095,-0.0012062788009643555,0.022082656621932983,True,0.15128440366972476,0.3010305166244507,0.30223679542541504,0.8512501753615562,0.01744440197944641,0.003431975841522217,False,0.28376605504587155,0.30866149067878723,0.2912170886993408,0.6552253157864787,0.006420880556106567,0.01445549726486206,False,0.3282844036697248,0.3073732256889343,0.30095234513282776,0.7901649912743963,0.013259202241897583,0.007617175579071045,False,0.4022018348623853,0.30252355337142944,0.28926435112953186,0.9894221328793877,0.045383572578430176,-0.024507194757461548,False,0.5962339449541284,0.30961790680885315,0.264234334230423,False,0.7255208823929908,0.8130319022277019,13,1.0,0.9614256626437375,0.4782483564276253,-0.0008706152439117432,0.02174699306488037,True,0.123348623853211,0.3094167113304138,0.31028732657432556,0.8512501753615562,0.01744440197944641,0.003431975841522217,False,0.28376605504587155,0.30866149067878723,0.2912170886993408,0.6552253157864787,0.006420880556106567,0.01445549726486206,False,0.3282844036697248,0.3073732256889343,0.30095234513282776,0.7901649912743963,0.013259202241897583,0.007617175579071045,False,0.4022018348623853,0.30252355337142944,0.28926435112953186,0.9403521677638654,0.027577966451644897,-0.0067015886306762695,False,0.5013073394495413,0.2889218330383301,0.2613438665866852,2.1975205999997343,0.0,4.190951585769653e-09,0.02914126579709586
3501083764,71156,An african family are standing in front of some makeshift houses.,113067,A woman is standing and talking to a group of children.,4773842539,0.3526923358440399,0.30784928798675537,0.044843047857284546,0.988841194014082,11,0.00025180000011459924,0.992050852103694,0.048267096281051636,0.3478142023086548,0.29954710602760315,-0.00342404842376709,False,0.10830538922155689,0.996859036030185,0.05760079622268677,0.33262529969215393,0.27502450346946716,-0.012757748365402222,False,0.21479640718562873,0.7188580981665064,0.009388044476509094,0.2237173616886139,0.2143293172121048,0.03545500338077545,False,0.42820958083832333,0.7188580981665064,0.009388044476509094,0.2237173616886139,0.2143293172121048,0.03545500338077545,False,0.42820958083832333,0.6015632298910597,0.0041198283433914185,0.22527463734149933,0.2211548089981079,0.04072321951389313,False,0.5712634730538922,0.5802131928339589,0.9014610778443114,10,False,0.01861781859754636,0.8589647492100211,0.00010689999999158317,0.8968474712243164,0.021626770496368408,0.3302065432071686,0.30857977271080017,0.023216277360916138,False,0.2134131736526946,0.8968474712243164,0.021626770496368408,0.3302065432071686,0.30857977271080017,0.023216277360916138,False,0.2134131736526946,0.904765711578766,0.022513359785079956,0.3143230080604553,0.29180964827537537,0.02232968807220459,False,0.3199041916167665,0.63884688659852,0.005703628063201904,0.3116122782230377,0.3059086501598358,0.03913941979408264,False,0.463,0.7160237417049736,0.009248226881027222,0.3115515410900116,0.3023033142089844,0.035594820976257324,False,0.5214670658682635,0.7973183082535551,0.3957365269461078,4,False,0.7212876953986457,0.8575673189726384,0.1129651000001104,False,0.8305915904603687,0.4975421701371431,11,1.0,0.7365588745387613,0.9217781896083379,0.024667561054229736,0.02017548680305481,False,0.18265269461077843,0.3237314224243164,0.29906386137008667,0.9806145662384925,0.03923657536506653,0.005606472492218018,False,0.3217185628742515,0.31367620825767517,0.27443963289260864,0.9806145662384925,0.03923657536506653,0.005606472492218018,False,0.3217185628742515,0.31367620825767517,0.27443963289260864,0.7188571947031549,0.009387999773025513,0.03545504808425903,False,0.42820958083832333,0.2237173616886139,0.21432936191558838,0.15488038981234012,-0.016968250274658203,0.06181129813194275,True,0.5338443113772455,0.1882304698228836,0.2051987200975418,False,0.8752586513674352,0.5039723726496828,10,0.9415329341317366,0.015417836076780893,0.8968474712243164,0.021626770496368408,0.023216277360916138,False,0.2134131736526946,0.3302065432071686,0.30857977271080017,0.8968474712243164,0.021626770496368408,0.023216277360916138,False,0.2134131736526946,0.3302065432071686,0.30857977271080017,0.9806145662384925,0.03923657536506653,0.005606472492218018,False,0.3217185628742515,0.31367620825767517,0.27443963289260864,0.983630324835481,0.04095819592475891,0.0038848519325256348,False,0.42735329341317363,0.30144524574279785,0.26048704981803894,0.15488038981234012,-0.016968250274658203,0.06181129813194275,True,0.5338443113772455,0.1882304698228836,0.2051987200975418,1.5661129000000074,2.9802322387695312e-08,2.7939677238464355e-09,-0.044667060907066514
76485985,148770,Two girls wearing pink have their hands in or near a fountain in a shopping complex where people throw coins in it.,75236,A girl is playing in the fountain fully clothed.,3597007663,0.38497334718704224,0.3374994695186615,0.04747387766838074,0.9914002718443574,14,0.0002509000000827655,0.9481069468357504,0.029052823781967163,0.33659693598747253,0.30754411220550537,0.018421053886413574,False,0.13445866666666667,0.9557555157627089,0.03072771430015564,0.3299762010574341,0.29924848675727844,0.016746163368225098,False,0.22442666666666666,0.9190234129929234,0.024291515350341797,0.3100409209728241,0.2857494056224823,0.02318236231803894,False,0.35557333333333335,0.9527189257182808,0.030032098293304443,0.29746994376182556,0.2674378454685211,0.017441779375076294,False,0.41029333333333334,0.8804494283012086,0.019966930150985718,0.2997935712337494,0.27982664108276367,0.02750694751739502,False,0.5503893333333333,0.831718265171176,1.0,14,False,0.9621668880811057,0.9422262492896156,0.00011350000022503082,0.8985677290904065,0.02181410789489746,0.3512638211250305,0.32944971323013306,0.025659769773483276,False,0.13605866666666666,0.9112131989105405,0.023285388946533203,0.30799582600593567,0.28471043705940247,0.024188488721847534,False,0.23418133333333332,0.8446290240697633,0.016930818557739258,0.28264835476875305,0.2657175362110138,0.03054305911064148,False,0.3377813333333333,0.933547804133979,0.026425093412399292,0.27974292635917664,0.25331783294677734,0.021048784255981445,False,0.42382933333333334,0.9712956572936687,0.035215824842453,0.29698020219802856,0.26176437735557556,0.012258052825927734,False,0.502112,0.9306901174105571,0.275968,5,False,0.9393759002451417,0.9148925904429015,0.12528290000045672,False,0.9635190364599092,0.889612175493776,14,1.0,0.9621668880811057,0.9481069468357504,0.029052823781967163,0.018421053886413574,False,0.13445866666666667,0.33659693598747253,0.30754411220550537,0.9543801451648913,0.030407190322875977,0.01706668734550476,False,0.23805866666666667,0.33659929037094116,0.3061921000480652,0.9760959490347507,0.03709512948989868,0.010378748178482056,False,0.368784,0.3073941171169281,0.2702989876270294,0.9822513601891467,0.04013538360595703,0.007338494062423706,False,0.458144,0.29744043946266174,0.2573050558567047,0.9143798164728538,0.023683249950408936,0.023790627717971802,False,0.5364266666666667,0.30126288533210754,0.2775796353816986,False,0.9629949283085832,0.856754815904227,14,1.0,0.9621668880811057,0.9481069468357504,0.029052823781967163,0.018421053886413574,False,0.13445866666666667,0.33659693598747253,0.30754411220550537,0.9543801451648913,0.030407190322875977,0.01706668734550476,False,0.23805866666666667,0.33659929037094116,0.3061921000480652,0.9760959490347507,0.03709512948989868,0.010378748178482056,False,0.368784,0.3073941171169281,0.2702989876270294,0.9829752749160376,0.04055917263031006,0.006914705038070679,False,0.44706666666666667,0.3293995261192322,0.2888403534889221,0.9143798164728538,0.023683249950408936,0.023790627717971802,False,0.5364266666666667,0.30126288533210754,0.2775796353816986,2.010671299999558,2.9802322387695312e-08,3.725290298461914e-09,0.0005241081513259749
251586160,31673,A black dog in a red harness jumping.,52887,A black and white dog running through an obstacle course,3064716525,0.36213138699531555,0.3575270175933838,0.004604369401931763,0.6131178253784492,15,0.00025950000008378993,0.188176096514169,-0.014619052410125732,0.3280537724494934,0.34267282485961914,0.019223421812057495,True,0.100808,0.6145285988235714,0.00466388463973999,0.26883700489997864,0.26417312026023865,-5.951523780822754e-05,False,0.264452,0.15250187542987131,-0.0171511173248291,0.2415785789489746,0.2587296962738037,0.021755486726760864,True,0.325272,0.06759041003708917,-0.02624306082725525,0.17793124914169312,0.20417430996894836,0.03084743022918701,True,0.418112,0.14657827360191103,-0.017616942524909973,0.14938241243362427,0.16699935495853424,0.022221311926841736,True,0.552768,0.20263870600609013,0.791384,11,False,0.08884577059875602,0.2786502694918487,0.00011390000008759671,0.188176096514169,-0.014619052410125732,0.3280537724494934,0.34267282485961914,0.019223421812057495,True,0.100808,0.004421258122491119,-0.05416899919509888,0.2690262198448181,0.323195219039917,0.05877336859703064,True,0.263188,0.0021084155342208184,-0.061597079038619995,0.24923080205917358,0.3108278810977936,0.06620144844055176,True,0.32904,0.00956567569442347,-0.04639962315559387,0.258527934551239,0.3049275577068329,0.051003992557525635,True,0.429264,0.032308384542298986,-0.033995866775512695,0.26547086238861084,0.29946672916412354,0.03860023617744446,True,0.50296,0.08215122237234013,0.50296,7,False,0.032308384542298986,0.11604974854481358,0.11369740000009187,False,0.12094882701404636,0.13093445935049203,15,1.0,0.24292277456959777,0.18817473068481463,-0.014619141817092896,0.019223511219024658,True,0.100808,0.32805368304252625,0.34267282485961914,0.0044212450043906604,-0.054169028997421265,0.05877339839935303,True,0.263188,0.26902610063552856,0.32319512963294983,0.002108431210077908,-0.061597004532814026,0.06620137393474579,True,0.32904,0.24923081696033478,0.3108278214931488,0.006933936266864574,-0.04964369535446167,0.05424806475639343,True,0.445296,0.22603821754455566,0.27568191289901733,0.19067936389278314,-0.014456018805503845,0.019060388207435608,True,0.57662,0.15882430970668793,0.17328032851219177,False,0.12597482577267627,0.1318864106502312,15,1.0,0.24292277456959777,0.18817473068481463,-0.014619141817092896,0.019223511219024658,True,0.100808,0.32805368304252625,0.34267282485961914,0.0044212450043906604,-0.054169028997421265,0.05877339839935303,True,0.263188,0.26902610063552856,0.32319512963294983,0.002108431210077908,-0.061597004532814026,0.06620137393474579,True,0.32904,0.24923081696033478,0.3108278214931488,0.03924602625411297,-0.031978681683540344,0.03658305108547211,True,0.423144,0.18165016174316406,0.2136288434267044,0.11314157639469338,-0.02059045433998108,0.025194823741912842,True,0.521184,0.14700265228748322,0.1675931066274643,3.1532893999992666,5.960464477539063e-08,4.0745362639427185e-09,-0.005025998758629913
567903453,133487,A person in a bright yellow vest and hard hat is standing by the railroad tracks.,136192,A man is observing a small white motor vehicle perpendicular on the tracks against a large blue and gray train.,5984974054,0.37666457891464233,0.3456522226333618,0.031012356281280518,0.9569436847432222,13,0.00025920000007317867,0.0433806671351126,-0.030933916568756104,0.3008408844470978,0.3317748010158539,0.06194627285003662,True,0.174268,0.05361795495379094,-0.02870762348175049,0.307439386844635,0.3361470103263855,0.059719979763031006,True,0.238104,0.04793454166817929,-0.02988797426223755,0.3003087639808655,0.330196738243103,0.060900330543518066,True,0.313504,0.2222178430552511,-0.012527883052825928,0.2499987781047821,0.26252666115760803,0.043540239334106445,True,0.407368,0.47227096980112826,-0.0011103004217147827,0.20014744997024536,0.20125775039196014,0.0321226567029953,True,0.50338,0.2514476652280891,0.78766,10,False,0.016841590727828495,0.2783289262363862,0.0001073999997061037,0.0433806671351126,-0.030933916568756104,0.3008408844470978,0.3317748010158539,0.06194627285003662,True,0.174268,0.0660287788758683,-0.026493549346923828,0.3143892288208008,0.3408827781677246,0.057505905628204346,True,0.22758,0.07951673361780343,-0.02448931336402893,0.2969558835029602,0.32144519686698914,0.05550166964530945,True,0.366816,0.050745546275990976,-0.029288530349731445,0.26210808753967285,0.2913966178894043,0.06030088663101196,True,0.418108,0.15744659866661612,-0.016773506999015808,0.23105281591415405,0.24782632291316986,0.047785863280296326,True,0.54082,0.1915298789541774,0.54082,7,False,0.15744659866661612,0.21509154882118794,0.12576280000030238,False,0.3020833065703726,0.30831276912926836,13,1.0,0.19030504708604226,0.051209370077118246,-0.02919265627861023,0.06020501255989075,True,0.246852,0.2981260418891907,0.3273186981678009,0.051209370077118246,-0.02919265627861023,0.06020501255989075,True,0.246852,0.2981260418891907,0.3273186981678009,0.17858848888478343,-0.015259400010108948,0.046271756291389465,True,0.392008,0.2491622418165207,0.26442164182662964,0.0983078539939144,-0.02216169238090515,0.05317404866218567,True,0.456604,0.22397777438163757,0.24613946676254272,0.18433833683834197,-0.014872267842292786,0.0458846241235733,True,0.532004,0.23211561143398285,0.24698787927627563,False,0.223299925075234,0.22546988052899378,13,1.0,0.19030504708604226,0.04338054345926441,-0.03093394637107849,0.06194630265235901,True,0.174268,0.3008407652378082,0.3317747116088867,0.051209370077118246,-0.02919265627861023,0.06020501255989075,True,0.246852,0.2981260418891907,0.3273186981678009,0.05509740312750265,-0.028419792652130127,0.059432148933410645,True,0.311448,0.29047155380249023,0.31889134645462036,0.042631380110501764,-0.031115978956222534,0.06212833523750305,True,0.405312,0.23458638787269592,0.26570236682891846,0.26865488330165505,-0.010014578700065613,0.04102693498134613,True,0.525168,0.23793837428092957,0.24795295298099518,2.7183839000008447,2.9802322387695312e-08,4.6566128730773926e-09,0.07878338149513858
3278581900,61832,Two kids run through gray sand.,8859,Two children playing in the sand.,150411291,0.34211915731430054,0.32991963624954224,0.0121995210647583,0.7720551209463263,15,0.000266999999894324,0.8363144216559716,0.016310572624206543,0.3214550316333771,0.30514445900917053,-0.004111051559448242,False,0.156448,0.6711682344426424,0.007134735584259033,0.309562087059021,0.30242735147476196,0.005064785480499268,False,0.22475733333333334,0.5212875885761816,0.0008520185947418213,0.29753467440605164,0.2966826558113098,0.01134750247001648,False,0.34314133333333335,0.5600524610104125,0.0024137496948242188,0.29915252327919006,0.29673877358436584,0.009785771369934082,False,0.416704,0.5545777143134394,0.0021918416023254395,0.2979147136211395,0.2957228720188141,0.010007679462432861,False,0.5408213333333334,0.6400000819341833,0.8201066666666667,12,False,0.7425430222236917,0.6597929503256295,0.00011350000022503082,0.7500558118641362,0.010989099740982056,0.3378240168094635,0.32683491706848145,0.0012104213237762451,False,0.15258666666666668,0.7173435301579234,0.009313225746154785,0.3294684886932373,0.3201552629470825,0.0028862953186035156,False,0.221296,0.6795252121707444,0.007515907287597656,0.3046344220638275,0.29711851477622986,0.0046836137771606445,False,0.3394666666666667,0.6184117910125658,0.004828125238418579,0.29794713854789734,0.29311901330947876,0.007371395826339722,False,0.41666133333333333,0.7912460826420199,0.013324528932571411,0.30925920605659485,0.29593467712402344,-0.0011250078678131104,False,0.5653013333333333,0.748619953548358,0.48497066666666666,7,False,0.7814168053874546,0.7145499997999054,0.12298310000005586,False,0.7030386995373912,0.60228017030733,15,1.0,0.9592054212594227,0.7464602187749495,0.010798215866088867,0.0014013051986694336,False,0.14584,0.3333134651184082,0.32251524925231934,0.7092397189165563,0.0089169442653656,0.0032825767993927,False,0.220224,0.3087040185928345,0.29978707432746887,0.710949571218127,0.009000003337860107,0.0031995177268981934,False,0.35728533333333334,0.3117165267467499,0.30271652340888977,0.708184588560458,0.008865833282470703,0.0033336877822875977,False,0.4223786666666667,0.3100970983505249,0.3012312650680542,0.4811046446242113,-0.0007561743259429932,0.012955695390701294,True,0.527888,0.2870519161224365,0.2878080904483795,False,0.6728233126258023,0.6782595783699543,15,1.0,0.9592054212594227,0.7308004952526831,0.00998687744140625,0.0022126436233520508,False,0.14309333333333332,0.3096526265144348,0.29966574907302856,0.5842201541201201,0.0034012198448181152,0.008798301219940186,False,0.21173866666666666,0.30495622754096985,0.30155500769615173,0.710949571218127,0.009000003337860107,0.0031995177268981934,False,0.35728533333333334,0.3117165267467499,0.30271652340888977,0.6286274033091491,0.005263328552246094,0.006936192512512207,False,0.4363093333333333,0.30243635177612305,0.29717302322387695,0.6270710742036811,0.005196720361709595,0.007002800703048706,False,0.5760213333333334,0.2949279248714447,0.2897312045097351,2.2780342000005476,0.0,3.026798367500305e-09,0.03021538691158887
6956989138,143835,"A large bull targets a man, inches away, in a rodeo with his horns, while a rodeo clown runs to help.",147448,A man is leaping over a barrier away from a bull.,7446693604,0.3484469950199127,0.3340037763118744,0.01444321870803833,0.8091230258371707,11,0.00043540000024222536,0.6976874465148903,0.008363097906112671,0.2932061553001404,0.2848430573940277,0.006080120801925659,False,0.23561783439490447,0.6976874465148903,0.008363097906112671,0.2932061553001404,0.2848430573940277,0.006080120801925659,False,0.23561783439490447,0.13491367474273616,-0.018581941723823547,0.21831747889518738,0.23689942061901093,0.03302516043186188,True,0.32481528662420384,0.10554517251640323,-0.02137075364589691,0.20411595702171326,0.22548671066761017,0.03581397235393524,True,0.4882356687898089,0.5211198801344485,0.000845298171043396,0.21832866966724396,0.21748337149620056,0.013597920536994934,False,0.5347579617834395,0.3403514647931356,0.8915859872611465,10,False,0.030276681533774417,0.46539474542937936,0.00010869999960050336,0.13491367474273616,-0.018581941723823547,0.21831747889518738,0.23689942061901093,0.03302516043186188,True,0.32481528662420384,0.13491367474273616,-0.018581941723823547,0.21831747889518738,0.23689942061901093,0.03302516043186188,True,0.32481528662420384,0.13491367474273616,-0.018581941723823547,0.21831747889518738,0.23689942061901093,0.03302516043186188,True,0.32481528662420384,0.15421081585938584,-0.017019495368003845,0.2131028026342392,0.23012229800224304,0.031462714076042175,True,0.4178152866242038,0.19493548185891518,-0.01418253779411316,0.21465884149074554,0.2288413792848587,0.02862575650215149,True,0.5539363057324841,0.3020367248085223,0.5539363057324841,5,False,0.19493548185891518,0.3439495435021636,0.018789099999594328,False,0.6025693207414128,0.45913714294345315,11,1.0,0.3368586337824468,0.6851791740534781,0.007776767015457153,0.006666451692581177,False,0.28214012738853506,0.2709029018878937,0.2631261348724365,0.6851791740534781,0.007776767015457153,0.006666451692581177,False,0.28214012738853506,0.2709029018878937,0.2631261348724365,0.34656097637675704,-0.006341904401779175,0.020785123109817505,True,0.34785987261146495,0.2526246905326843,0.2589665949344635,0.40387068578758245,-0.003893628716468811,0.01833684742450714,True,0.4370573248407643,0.18463297188282013,0.18852660059928894,0.4170635607351975,-0.0033483952283859253,0.017791613936424255,True,0.5141783439490446,0.20802699029445648,0.2113753855228424,False,0.4481073153007329,0.315242275515924,11,1.0,0.3368586337824468,0.6976874465148903,0.008363097906112671,0.006080120801925659,False,0.23561783439490447,0.2932061553001404,0.2848430573940277,0.6976874465148903,0.008363097906112671,0.006080120801925659,False,0.23561783439490447,0.2932061553001404,0.2848430573940277,0.13491367474273616,-0.018581941723823547,0.03302516043186188,True,0.32481528662420384,0.21831747889518738,0.23689942061901093,0.13053160092286684,-0.018962666392326355,0.033405885100364685,True,0.40193630573248407,0.21075642108917236,0.22971908748149872,0.06744799398833445,-0.02626568078994751,0.04070889949798584,True,0.5301847133757962,0.2017211616039276,0.22798684239387512,1.4536645999996836,5.960464477539063e-08,3.0850060284137726e-09,0.1544620054406799
2421340833,27900,A man with a bright reflective vest and headphones is standing next to a man with a suit and scarf.,18240,A man in a brown jacket holding a red bag is speaking to another man with a white beard and green cap.,2152057198,0.3612392544746399,0.3244166374206543,0.036822617053985596,0.9754517877616888,12,0.00025669999968158663,0.6684757828828931,0.007012993097305298,0.30672982335090637,0.2997168302536011,0.029809623956680298,False,0.10640455840455841,0.8511195591228632,0.01743409037590027,0.3021275997161865,0.28469350934028625,0.019388526678085327,False,0.20905982905982906,0.7186466395572656,0.009377583861351013,0.24382339417934418,0.23444581031799316,0.027445033192634583,False,0.33927065527065525,0.6778536735080595,0.007439255714416504,0.2376261055469513,0.2301868498325348,0.029383361339569092,False,0.418968660968661,0.652821914004499,0.006314665079116821,0.21609799563884735,0.20978333055973053,0.030507951974868774,False,0.516,0.47469096213547346,0.9213048433048433,11,False,0.00929802921366119,0.7516782325505587,0.00010610000026645139,0.29422195287020364,-0.008749663829803467,0.30824679136276245,0.3169964551925659,0.04557228088378906,True,0.1181994301994302,0.2864624546293796,-0.009126275777816772,0.2974579334259033,0.3065842092037201,0.04594889283180237,True,0.22085470085470085,0.26766382140914696,-0.010065078735351562,0.2929704487323761,0.30303552746772766,0.04688769578933716,True,0.30055270655270655,0.2767442856439791,-0.009606689214706421,0.24201226234436035,0.2516189515590668,0.04642930626869202,True,0.49895726495726495,0.4329495062176596,-0.002698272466659546,0.2259213924407959,0.22861966490745544,0.03952088952064514,True,0.5641595441595442,0.40137098405022476,0.6611908831908831,8,False,0.3690639263049218,0.3617190330875363,0.11685229999966396,False,0.43911592464277494,0.26171195450952495,12,1.0,0.020483579117073523,0.6684751224156801,0.00701296329498291,0.029809653759002686,False,0.10640455840455841,0.3067297339439392,0.2997167706489563,0.23250437062917165,-0.011942237615585327,0.04876485466957092,True,0.2515954415954416,0.2857661843299866,0.2977084219455719,0.33112211585008866,-0.007031142711639404,0.043853759765625,True,0.35425071225071225,0.277645468711853,0.28467661142349243,0.29378275274458987,-0.00877082347869873,0.045593440532684326,True,0.4194529914529915,0.25195759534835815,0.2607284188270569,0.15518490410670513,-0.0169450044631958,0.053767621517181396,True,0.5032307692307693,0.24949321150779724,0.26643821597099304,False,0.5643816836681621,0.3745258453216134,12,1.0,0.020483579117073523,0.6684751224156801,0.00701296329498291,0.029809653759002686,False,0.10640455840455841,0.3067297339439392,0.2997167706489563,0.7817907171762852,0.012761324644088745,0.02406129240989685,False,0.20343589743589743,0.3047540485858917,0.291992723941803,0.21442424914966976,-0.012984603643417358,0.049807220697402954,True,0.34862678062678065,0.27633026242256165,0.289314866065979,0.33189682586680297,-0.006996184587478638,0.04381880164146423,True,0.4136353276353276,0.23699229955673218,0.24398848414421082,0.47158247837906425,-0.0011379271745681763,0.03796054422855377,True,0.5024900284900284,0.2400374859571457,0.24117541313171387,1.7089028999998845,2.9802322387695312e-08,3.3760443329811096e-09,-0.12526575902538717
4077122969,88307,A DJ wearing headphones and mixing some music.,51952,"A DJ in a club, adjusting levels on his mixing board.",3040999637,0.3363814353942871,0.3151862621307373,0.021195173263549805,0.8927857370571829,14,0.0002727999999478925,0.7676296187646966,0.011949747800827026,0.32596859335899353,0.3140188455581665,0.009245425462722778,False,0.11538138138138138,0.4204638137766486,-0.0032086968421936035,0.306463360786438,0.3096720576286316,0.024403870105743408,True,0.20302102102102101,0.31957398746962845,-0.007557302713394165,0.2844727039337158,0.29203000664711,0.02875247597694397,True,0.3399039039039039,0.23960153403602014,-0.011548653244972229,0.24715061485767365,0.2586992681026459,0.032743826508522034,True,0.4168708708708709,0.29596518686951484,-0.008665859699249268,0.22805246710777283,0.2367183268070221,0.029861032962799072,True,0.5453633633633633,0.4160205344547824,0.9635975975975976,13,False,0.7330625698342097,0.4665311114813896,0.00011480000011943048,0.8919860933065128,0.021111905574798584,0.3161240220069885,0.29501211643218994,8.32676887512207e-05,False,0.13163363363363365,0.8496845220926768,0.017321288585662842,0.31371548771858215,0.2963941991329193,0.003873884677886963,False,0.237003003003003,0.38677119341796373,-0.004609048366546631,0.30539560317993164,0.31000465154647827,0.025804221630096436,True,0.3523843843843844,0.3998694829313896,-0.004060089588165283,0.3036086857318878,0.3076687753200531,0.025255262851715088,True,0.42099099099099097,0.3069449864350629,-0.008144408464431763,0.30392512679100037,0.31206953525543213,0.029339581727981567,True,0.5308168168168168,0.46122365336512794,0.6256456456456456,9,False,0.25126954764022674,0.6524981051701895,0.11984839999968244,False,0.48163801636183473,0.3668853832266659,11,0.8127027027027027,0.3022371280650935,0.6133199861598239,0.0046128928661346436,0.01658228039741516,False,0.19234834834834835,0.31054189801216125,0.3059290051460266,0.23737567537316417,-0.011671215295791626,0.03286638855934143,True,0.25056456456456455,0.26903241872787476,0.2807036340236664,0.2973120212487828,-0.00860130786895752,0.029796481132507324,True,0.3198078078078078,0.26555418968200684,0.27415549755096436,0.31921734658564105,-0.007573708891868591,0.028768882155418396,True,0.4697957957957958,0.21707765758037567,0.22465136647224426,0.37591941096203985,-0.005069047212600708,0.026264220476150513,True,0.5301141141141141,0.21699480712413788,0.2220638543367386,False,0.4422419675180641,0.3243228358983585,11,0.8346726726726726,0.24014194072142117,0.7676296187646966,0.011949747800827026,0.009245425462722778,False,0.11538138138138138,0.32596859335899353,0.3140188455581665,0.2720236304344319,-0.009843796491622925,0.03103896975517273,True,0.25016216216216214,0.29726970195770264,0.30711349844932556,0.20601454784780693,-0.013491183519363403,0.03468635678291321,True,0.3378018018018018,0.2985941469669342,0.3120853304862976,0.31523497610323403,-0.0077575743198394775,0.028952747583389282,True,0.407045045045045,0.29283004999160767,0.30058762431144714,0.18269258350547407,-0.014982104301452637,0.03617727756500244,True,0.5355375375375375,0.24717774987220764,0.2621598541736603,1.8378734999996595,2.9802322387695312e-08,1.9208528101444244e-09,0.039396048843770626
2447284966,29175,"A small boy dressed in a black sweatshirt with a logo on it, holds a red bat in front of blue stadium seats.",23431,A boy wearing a red shirt digs into the sand with a yellow shovel.,230486268,0.37369295954704285,0.3263511061668396,0.04734185338020325,0.9912869775643626,8,0.00025550000009388896,0.9958352219390546,0.05476918816566467,0.3007022738456726,0.24593308568000793,-0.007427334785461426,False,0.4451771771771772,0.9958352219390546,0.05476918816566467,0.3007022738456726,0.24593308568000793,-0.007427334785461426,False,0.4451771771771772,0.9958352219390546,0.05476918816566467,0.3007022738456726,0.24593308568000793,-0.007427334785461426,False,0.4451771771771772,0.9958352219390546,0.05476918816566467,0.3007022738456726,0.24593308568000793,-0.007427334785461426,False,0.4451771771771772,0.9554769874775274,0.030662044882774353,0.25575822591781616,0.2250961810350418,0.016679808497428894,False,0.5381381381381382,0.6571766294863175,0.9421261261261261,7,False,0.2603655966009659,0.9904680917909717,0.00010509999992791563,0.9958352219390546,0.05476918816566467,0.3007022738456726,0.24593308568000793,-0.007427334785461426,False,0.4451771771771772,0.9958352219390546,0.05476918816566467,0.3007022738456726,0.24593308568000793,-0.007427334785461426,False,0.4451771771771772,0.9958352219390546,0.05476918816566467,0.3007022738456726,0.24593308568000793,-0.007427334785461426,False,0.4451771771771772,0.9958352219390546,0.05476918816566467,0.3007022738456726,0.24593308568000793,-0.007427334785461426,False,0.4451771771771772,0.9207707281677867,0.02452865242958069,0.26496315002441406,0.24043449759483337,0.02281320095062256,False,0.5287027027027027,0.9437718832354636,0.7758138138138139,5,False,0.9147071797427263,0.9879909496854906,0.12327800000002753,False,0.7602292438678777,0.7518375367000321,8,1.0,0.41316888863371243,0.9955589815115796,0.05412420630455017,-0.006782352924346924,False,0.1813933933933934,0.3455572724342346,0.29143306612968445,0.9923475484423415,0.04865047335624695,-0.0013086199760437012,False,0.261987987987988,0.34198078513145447,0.2933303117752075,0.997595856400613,0.06028154492378235,-0.012939691543579102,False,0.3198618618618619,0.350077748298645,0.28979620337486267,0.9723640176366792,0.03560611605644226,0.011735737323760986,False,0.4033873873873874,0.32387134432792664,0.2882652282714844,0.1906016509315315,-0.014461055397987366,0.06180290877819061,True,0.9264444444444444,0.15620329976081848,0.17066435515880585,False,0.7524446015069692,0.5755561137801478,8,1.0,0.41316888863371243,0.9935421213431742,0.050359755754470825,-0.003017902374267578,False,0.1764864864864865,0.3314704895019531,0.2811107337474823,0.9952068798974668,0.05335769057273865,-0.0060158371925354,False,0.2543663663663664,0.32396426796913147,0.2706065773963928,0.23476740117104317,-0.011815845966339111,0.05915769934654236,True,0.6995435435435435,0.1494172066450119,0.161233052611351,0.23476740117104317,-0.011815845966339111,0.05915769934654236,True,0.6995435435435435,0.1494172066450119,0.161233052611351,0.23476740117104317,-0.011815845966339111,0.05915769934654236,True,0.6995435435435435,0.1494172066450119,0.161233052611351,1.02163660000042,1.1920928955078125e-07,4.423782229423523e-09,0.007784642360908478
3712574653,79873,A newlywed couple speak with guests at their wedding.,78796,A man and a woman sitting on each side of a small metal table.,3687062281,0.324207603931427,0.3072202503681183,0.016987353563308716,0.8453694930003016,13,0.00024660000008225325,0.5014342328312204,5.7369470596313477e-05,0.3153539001941681,0.3152965307235718,0.016929984092712402,False,0.12570666666666666,0.47955732326758327,-0.0008181631565093994,0.2733818590641022,0.2742000222206116,0.017805516719818115,True,0.2599626666666667,0.8183712129448044,0.015053510665893555,0.2729001045227051,0.2578465938568115,0.0019338428974151611,False,0.33897066666666664,0.8662157123845962,0.018679052591323853,0.27628713846206665,0.2576080858707428,-0.0016916990280151367,False,0.4130933333333333,0.8585979085237558,0.01803693175315857,0.2720404863357544,0.2540035545825958,-0.0010495781898498535,False,0.50232,0.6290938645880422,0.934672,12,False,0.1596060634193734,0.6791670571800138,0.000110200000108307,0.5014342328312204,5.7369470596313477e-05,0.3153539001941681,0.3152965307235718,0.016929984092712402,False,0.12570666666666666,0.6216751904410696,0.004966646432876587,0.3080075681209564,0.30304092168807983,0.012020707130432129,False,0.201856,0.4436075999761552,-0.002265334129333496,0.2972014844417572,0.2994668185710907,0.019252687692642212,True,0.350304,0.33534276789089645,-0.006841182708740234,0.2853982448577881,0.2922394275665283,0.02382853627204895,True,0.429312,0.43456571793562077,-0.0026324689388275146,0.28193578124046326,0.28456825017929077,0.01961982250213623,True,0.5083786666666666,0.49941041316374485,0.7205813333333333,9,False,0.4314012428921883,0.5265590237395977,0.12285530000008293,False,0.6699704089498344,0.6879261680722089,11,0.8317653333333334,0.8231806654264787,0.6489605283503753,0.006144732236862183,0.010842621326446533,False,0.158496,0.3080945312976837,0.30194979906082153,0.7413858976244683,0.010531842708587646,0.006455510854721069,False,0.20569066666666666,0.31099969148635864,0.300467848777771,0.5378553454817381,0.0015171170234680176,0.015470236539840698,False,0.389504,0.26168736815452576,0.26017025113105774,0.6311355660088388,0.005370914936065674,0.011616438627243042,False,0.47222933333333333,0.24352917075157166,0.23815825581550598,0.6849161841899188,0.007764577865600586,0.00922277569770813,False,0.5370986666666666,0.23751458525657654,0.22975000739097595,False,0.47943918259416674,0.6022410710714484,13,1.0,0.4111572198500373,0.3134486528999449,-0.007840454578399658,0.024827808141708374,True,0.122976,0.2961955666542053,0.304036021232605,0.3672299467878645,-0.005441188812255859,0.022428542375564575,True,0.24868266666666666,0.2800964117050171,0.28553760051727295,0.5809777467149386,0.0032678842544555664,0.01371946930885315,False,0.331408,0.2738329768180847,0.27056509256362915,0.4975949711316786,-9.620189666748047e-05,0.017083555459976196,True,0.40573333333333333,0.26266518235206604,0.2627613842487335,0.4808204450550489,-0.0007675588130950928,0.01775491237640381,True,0.5270506666666667,0.24762846529483795,0.24839602410793304,1.9862505000000965,2.9802322387695312e-08,4.6566128730773926e-09,0.19053122635566766
3263182360,61227,A woman with long curly hair is standing at a podium and speaking.,96867,A woman in the red jacket is holding two multicolored ribbons.,4463538995,0.3392195701599121,0.2922913432121277,0.046928226947784424,0.9909223667964341,13,0.00025600000026315683,0.977330486110443,0.03763803839683533,0.34514912962913513,0.3075110912322998,0.009290188550949097,False,0.1431951951951952,0.9891659025416932,0.045141637325286865,0.32221081852912903,0.27706918120384216,0.0017865896224975586,False,0.21723123123123123,0.9880013479144567,0.04410889744758606,0.3245628774166107,0.28045397996902466,0.0028193295001983643,False,0.37036036036036035,0.9893173511808737,0.04528394341468811,0.31146591901779175,0.26618197560310364,0.0016442835330963135,False,0.41717717717717717,0.9789695657968625,0.03840529918670654,0.31409138441085815,0.2756860852241516,0.00852292776107788,False,0.5672492492492492,0.9879161076590406,0.7642102102102102,10,False,0.9962786303563803,0.9855936460317504,0.00010849999989659409,0.977330486110443,0.03763803839683533,0.34514912962913513,0.3075110912322998,0.009290188550949097,False,0.1431951951951952,0.977788438109886,0.03784680366516113,0.3456811308860779,0.30783432722091675,0.009081423282623291,False,0.2221021021021021,0.977760524376396,0.037833958864212036,0.3197605609893799,0.28192660212516785,0.009094268083572388,False,0.3673033033033033,0.9861519905111717,0.04265668988227844,0.3145630657672882,0.27190637588500977,0.0042715370655059814,False,0.45042642642642644,0.9749463841620507,0.036613643169403076,0.3200257420539856,0.2834120988845825,0.010314583778381348,False,0.5204324324324324,0.9033770678733632,0.6344564564564564,9,False,0.7905708817304079,0.9805307466862612,0.12169170000015583,False,0.816341827201276,0.8915078831116863,9,0.6915615615615616,0.995461809277936,0.1885104983272696,-0.014597177505493164,0.06152540445327759,True,0.11154354354354354,0.28373250365257263,0.2983296811580658,0.933382142746175,0.026398420333862305,0.02052980661392212,False,0.20575975975975977,0.32564011216163635,0.29924169182777405,0.9962520733866059,0.055827975273132324,-0.0088997483253479,False,0.3085045045045045,0.26988890767097473,0.2140609323978424,0.9860363805065507,0.04257237911224365,0.0043558478355407715,False,0.5035015015015015,0.25441351532936096,0.2118411362171173,0.9860363805065507,0.04257237911224365,0.0043558478355407715,False,0.5035015015015015,0.25441351532936096,0.2118411362171173,False,0.6130134966711704,0.7560576708756828,13,1.0,0.9917349347790252,0.1885104983272696,-0.014597177505493164,0.06152540445327759,True,0.11154354354354354,0.28373250365257263,0.2983296811580658,0.933382142746175,0.026398420333862305,0.02052980661392212,False,0.20575975975975977,0.32564011216163635,0.29924169182777405,0.3248824285191086,-0.007314234972000122,0.054242461919784546,True,0.40075675675675676,0.27114561200141907,0.2784598469734192,0.3248824285191086,-0.007314234972000122,0.054242461919784546,True,0.40075675675675676,0.27114561200141907,0.2784598469734192,0.9860363805065507,0.04257237911224365,0.0043558478355407715,False,0.5035015015015015,0.25441351532936096,0.2118411362171173,1.6151958000000377,0.0,4.045432433485985e-09,0.20332833053010557
2506460104,31291,Four elderly people sitting under a white tent playing musical instruments.,102299,A group of people gather on a outdoor patio.,4587901777,0.3473970293998718,0.3267870545387268,0.02060997486114502,0.8870541457427751,13,0.0002488000000084867,0.965520188530023,0.033322930335998535,0.3454046845436096,0.3120817542076111,-0.012712955474853516,False,0.12148266666666667,0.9787629703681822,0.038305431604385376,0.3096180856227875,0.2713126540184021,-0.017695456743240356,False,0.219632,0.9928452401678936,0.049327969551086426,0.3003542423248291,0.2510262727737427,-0.028717994689941406,False,0.3121333333333333,0.9049983662087289,0.022540390491485596,0.26070407032966614,0.23816367983818054,-0.0019304156303405762,False,0.4620746666666667,0.7235947042623048,0.009623631834983826,0.22880321741104126,0.21917958557605743,0.010986343026161194,False,0.5589386666666667,0.8319448089327526,0.8006613333333333,10,False,0.6997527413150341,0.9308529329795252,0.00010729999985414906,0.9121433198721742,0.02340090274810791,0.29744192957878113,0.2740410268306732,-0.0027909278869628906,False,0.18029866666666666,0.845875264022651,0.01702609658241272,0.28976815938949585,0.27274206280708313,0.0035838782787323,False,0.2573493333333333,0.7044680803668083,0.008686661720275879,0.2884458899497986,0.2797592282295227,0.01192331314086914,False,0.32514133333333334,0.23705050628695176,-0.011689186096191406,0.26415976881980896,0.27584895491600037,0.032299160957336426,True,0.48507733333333336,0.7657820119821064,0.011846452951431274,0.25381192564964294,0.24196547269821167,0.008763521909713745,False,0.60656,0.7541882075574334,0.32514133333333334,4,False,0.7044680803668083,0.6902530411164489,0.11709220000011555,False,0.6699476195085885,0.5986275612519426,13,1.0,0.6120859172323888,0.9121426033810187,0.023400813341140747,-0.0027908384799957275,False,0.18029866666666666,0.29744192957878113,0.2740411162376404,0.8458760410886015,0.017026156187057495,0.0035838186740875244,False,0.2573493333333333,0.2897682189941406,0.27274206280708313,0.7044699417521256,0.008686751127243042,0.011923223733901978,False,0.32514133333333334,0.28844594955444336,0.2797591984272003,0.3676192311127857,-0.005424439907073975,0.026034414768218994,True,0.41764266666666666,0.2584232687950134,0.2638477087020874,0.19826389563614624,-0.013971805572509766,0.034581780433654785,True,0.5526826666666667,0.25230181217193604,0.2662736177444458,False,0.6518660702328433,0.5820592962688692,13,1.0,0.6120859172323888,0.9121426033810187,0.023400813341140747,-0.0027908384799957275,False,0.18029866666666666,0.29744192957878113,0.2740411162376404,0.929912465614737,0.025853455066680908,-0.005243480205535889,False,0.2728,0.2923884987831116,0.26653504371643066,0.4837262315473247,-0.0006511807441711426,0.021261155605316162,True,0.340592,0.2684578001499176,0.26910898089408875,0.3676192311127857,-0.005424439907073975,0.026034414768218994,True,0.41764266666666666,0.2584232687950134,0.2638477087020874,0.04354222714948532,-0.03089505434036255,0.05150502920150757,True,0.5428106666666667,0.26670601963996887,0.2976010739803314,2.0119012999994084,5.960464477539063e-08,4.423782229423523e-09,0.018081549275745235
3348384389,64635,A brown and white dog with a pink collar is barking at a brown dog with a blue collar in the snow.,69889,Two boxers playfully snap at each other.,3473534758,0.34827834367752075,0.3335625231266022,0.014715820550918579,0.8132977315242,14,0.0002564000001257227,0.8936677073493773,0.021287649869918823,0.3504093289375305,0.3291216790676117,-0.006571829319000244,False,0.11476876876876876,0.9838439707999409,0.041091740131378174,0.3509161174297333,0.3098243772983551,-0.026375919580459595,False,0.2724024024024024,0.9808642332763412,0.03936874866485596,0.35105806589126587,0.3116893172264099,-0.024652928113937378,False,0.3609189189189189,0.9449427684519373,0.02842751145362854,0.34027644991874695,0.3118489384651184,-0.013711690902709961,False,0.4499039039039039,0.8817131338707944,0.02008754014968872,0.3327926993370056,0.3127051591873169,-0.005371719598770142,False,0.5663063063063063,0.7668709026149643,0.9305405405405406,13,False,0.22213209162293662,0.926856602865317,0.00010859999974854873,0.9185174118855087,0.02422371506690979,0.34655091166496277,0.322327196598053,-0.009507894515991211,False,0.15763363363363364,0.6033316153709839,0.004193663597106934,0.333443284034729,0.32924962043762207,0.010522156953811646,False,0.23565765765765767,0.9025518463423602,0.022259056568145752,0.34115323424339294,0.3188941776752472,-0.007543236017227173,False,0.3504264264264264,0.8289908319045948,0.015784919261932373,0.33269202709198,0.3169071078300476,-0.001069098711013794,False,0.43941141141141143,0.3290310920376289,-0.0071257054805755615,0.31549617648124695,0.3226218819618225,0.02184152603149414,True,0.5687747747747748,0.49554195979796156,0.6997717717717717,9,False,0.13264456003368347,0.7634378653741727,0.11504430000059074,False,0.42953983152896713,0.29018526964241087,14,1.0,0.8671681179221599,0.9185174118855087,0.02422371506690979,-0.009507894515991211,False,0.15763363363363364,0.34655091166496277,0.322327196598053,0.33668389964023715,-0.006781071424484253,0.021496891975402832,True,0.2679399399399399,0.3050771653652191,0.31185823678970337,0.06429083155906742,-0.026778876781463623,0.0414946973323822,True,0.34596396396396395,0.2657102644443512,0.2924891412258148,0.14178025596189855,-0.018005818128585815,0.032721638679504395,True,0.4199039039039039,0.27000853419303894,0.28801435232162476,0.05145980066975564,-0.02914123237133026,0.04385705292224884,True,0.5659459459459459,0.24261389672756195,0.2717551290988922,False,0.3575018542030337,0.27333810769768546,14,1.0,0.8671681179221599,0.9185174118855087,0.02422371506690979,-0.009507894515991211,False,0.15763363363363364,0.34655091166496277,0.322327196598053,0.03835021024833613,-0.03221890330314636,0.04693472385406494,True,0.2765045045045045,0.3078313171863556,0.34005022048950195,0.02247908004387951,-0.03772434592247009,0.05244016647338867,True,0.35044444444444445,0.2955986261367798,0.3333229720592499,0.022779049303906597,-0.03758871555328369,0.05230453610420227,True,0.4394294294294294,0.28263717889785767,0.32022589445114136,0.05145980066975564,-0.02914123237133026,0.04385705292224884,True,0.5659459459459459,0.24261389672756195,0.2717551290988922,1.8215791000002355,0.0,2.852175384759903e-09,0.07203797732593342
4587901777,102299,A group of people gather on a outdoor patio.,11650,A group of spectators sitting in lawn chairs in the street facing a building and drinking beer.,175556963,0.3466286063194275,0.3046205937862396,0.042008012533187866,0.9852376266242302,14,0.00026030000026366906,0.9642197287363028,0.03293922543525696,0.30146530270576477,0.2685260772705078,0.009068787097930908,False,0.13796996996996996,0.9735744456091966,0.03606642782688141,0.2709490656852722,0.2348826378583908,0.0059415847063064575,False,0.31318318318318317,0.9735744456091966,0.03606642782688141,0.2709490656852722,0.2348826378583908,0.0059415847063064575,False,0.31318318318318317,0.8469024547976663,0.0171051025390625,0.23337218165397644,0.21626707911491394,0.024902909994125366,False,0.44344744744744746,0.7696966593434226,0.012065991759300232,0.20936353504657745,0.19729754328727722,0.029942020773887634,False,0.5184144144144144,0.7663048117202866,1.0,14,False,0.924376568686597,0.9324859669769042,0.00011029999996026163,0.9444493472371599,0.028333067893981934,0.3382277190685272,0.3098946511745453,0.013674944639205933,False,0.12287087087087087,0.9449824476170694,0.02843514084815979,0.33297741413116455,0.30454227328300476,0.013572871685028076,False,0.2070990990990991,0.9290028799682262,0.025714725255966187,0.3300996422767639,0.30438491702079773,0.01629328727722168,False,0.3675915915915916,0.8463812313349173,0.017064958810806274,0.317170649766922,0.3001056909561157,0.024943053722381592,False,0.4334774774774775,0.8917547312455384,0.02108791470527649,0.30591315031051636,0.28482523560523987,0.020920097827911377,False,0.5625525525525525,0.902956076368721,0.6243063063063063,9,False,0.8814100561113261,0.9228730432863841,0.0199678999997559,False,0.8037464805107958,0.7338293744021356,13,0.9165225225225225,0.48140894514690025,0.8896495985854885,0.020871669054031372,0.021136343479156494,False,0.12503303303303304,0.32258617877960205,0.3017145097255707,0.9190484713914155,0.024294883012771606,0.01771312952041626,False,0.2,0.3209294080734253,0.2966345250606537,0.8688921513499789,0.01891198754310608,0.023096024990081787,False,0.3361681681681682,0.2776075303554535,0.2586955428123474,0.5194946150840886,0.0007801800966262817,0.041227832436561584,False,0.40944144144144146,0.24964816868305206,0.24886798858642578,0.7223570624138723,0.00956183671951294,0.03244617581367493,False,0.5654234234234234,0.19646364450454712,0.18690180778503418,False,0.8771537095854511,0.834948566481015,11,0.8101441441441442,0.8532561229175856,0.8896495985854885,0.020871669054031372,0.021136343479156494,False,0.12503303303303304,0.32258617877960205,0.3017145097255707,0.8909576026371068,0.021005600690841675,0.02100241184234619,False,0.2612012012012012,0.3015531003475189,0.28054749965667725,0.9126062594768847,0.023458808660507202,0.018549203872680664,False,0.30111711711711714,0.2978389859199524,0.2743801772594452,0.7779132209049505,0.012535467743873596,0.02947254478931427,False,0.49045645645645647,0.20783567428588867,0.19530020654201508,0.8749293800780937,0.019452646374702454,0.022555366158485413,False,0.5746846846846847,0.20540405809879303,0.18595141172409058,1.6096483000001172,2.9802322387695312e-08,3.0850060284137726e-09,-0.07340722907465536
5365075444,130420,Two young children working together to operate a bicycle.,22010,"A lady pushes a stroller, behind a child, riding a tricycle, while another child walks along side.",2268207503,0.3694807291030884,0.35350465774536133,0.01597607135772705,0.8316836836036693,14,0.0002507000003788562,0.531083175303712,0.0012449324131011963,0.34841710329055786,0.34717217087745667,0.014731138944625854,False,0.137584,0.28451528428434697,-0.00922173261642456,0.33053937554359436,0.3397611081600189,0.02519780397415161,True,0.26915733333333336,0.2215371193221597,-0.012567311525344849,0.32048189640045166,0.3330492079257965,0.0285433828830719,True,0.32237333333333335,0.5979422371380885,0.003968983888626099,0.3253386616706848,0.3213696777820587,0.012007087469100952,False,0.44338133333333335,0.4237220781409591,-0.003075122833251953,0.32444456219673157,0.3275196850299835,0.019051194190979004,True,0.5459466666666667,0.2779187821112693,0.864624,12,False,0.0485839735701145,0.48144529432088506,0.00011300000005576294,0.7176908601141225,0.00933036208152771,0.32210761308670044,0.31277725100517273,0.006645709276199341,False,0.14497066666666666,0.43890361676026246,-0.0024561285972595215,0.3213646411895752,0.3238207697868347,0.018432199954986572,True,0.21917866666666666,0.06746580419660755,-0.02626284956932068,0.2900480628013611,0.31631091237068176,0.04223892092704773,True,0.31861866666666666,0.04777213756725859,-0.029923617839813232,0.28441405296325684,0.31433767080307007,0.04589968919754028,True,0.450192,0.02946977820315301,-0.034944772720336914,0.2814168334007263,0.31636160612106323,0.050920844078063965,True,0.5289013333333333,0.2064343195030581,0.6948426666666667,9,False,0.025390919984691705,0.3611615951989148,0.11847390000002633,False,0.27894897843953387,0.2090367921828828,14,1.0,0.13056086110644716,0.26446422537023784,-0.010228931903839111,0.026205003261566162,True,0.13803733333333335,0.3400091230869293,0.35023805499076843,0.08567082764515425,-0.023676782846450806,0.039652854204177856,True,0.20141333333333333,0.2925701141357422,0.316246896982193,0.17545489758452718,-0.015474498271942139,0.03145056962966919,True,0.3392906666666667,0.2920597791671753,0.30753427743911743,0.227758742536286,-0.012210100889205933,0.028186172246932983,True,0.43237333333333333,0.2830253839492798,0.2952354848384857,0.25619702644689657,-0.010658293962478638,0.02663436532020569,True,0.5110133333333333,0.24023953080177307,0.2508978247642517,False,0.25148144720749455,0.21044268144633196,14,1.0,0.13056086110644716,0.26446422537023784,-0.010228931903839111,0.026205003261566162,True,0.13803733333333335,0.3400091230869293,0.35023805499076843,0.08567082764515425,-0.023676782846450806,0.039652854204177856,True,0.20141333333333333,0.2925701141357422,0.316246896982193,0.13100399542367305,-0.018921107053756714,0.034897178411483765,True,0.37915733333333335,0.29780688881874084,0.31672799587249756,0.21825173801170586,-0.012758836150169373,0.028734907507896423,True,0.45779733333333333,0.2484755665063858,0.2612344026565552,0.1599293217182914,-0.01658754050731659,0.03256361186504364,True,0.5317066666666667,0.24305053055286407,0.25963807106018066,1.9643745000003037,2.9802322387695312e-08,3.3760443329811096e-09,0.02746753123203932
5995817000,136251,A young girl in a white t-shirt and a blue skirt wearing a light colored hat stands in a river next to a big rock.,12293,A blond girl wearing blue jumping across a stream.,1809758121,0.3436937630176544,0.2990446090698242,0.0446491539478302,0.9886252054642256,11,0.00023879999980636057,0.9612413815316874,0.03210872411727905,0.291298508644104,0.25918978452682495,0.012540429830551147,False,0.21853475935828878,0.9612413815316874,0.03210872411727905,0.291298508644104,0.25918978452682495,0.012540429830551147,False,0.21853475935828878,0.9890360442522876,0.0450211763381958,0.31574496626853943,0.27072378993034363,-0.0003720223903656006,False,0.310903743315508,0.9925250327651772,0.04888692498207092,0.29034098982810974,0.24145406484603882,-0.004237771034240723,False,0.41162566844919785,0.878048884041951,0.019740819931030273,0.25454238057136536,0.23480156064033508,0.024908334016799927,False,0.5126524064171123,0.7599717940051849,0.8751336898395722,9,False,0.21201199992951056,0.9702708741456084,0.00010669999983292655,0.9834436247163562,0.04084289073944092,0.3271375298500061,0.2862946391105652,0.0038062632083892822,False,0.14761497326203207,0.9892371795083535,0.045208364725112915,0.3239498734474182,0.2787415087223053,-0.0005592107772827148,False,0.22101604278074866,0.9532245937394676,0.030144929885864258,0.3109899163246155,0.2808449864387512,0.014504224061965942,False,0.3133850267379679,0.9164281966538177,0.02394777536392212,0.30639946460723877,0.28245168924331665,0.02070137858390808,False,0.41441176470588237,0.8985174665728749,0.021808594465255737,0.3037785291671753,0.28196993470191956,0.022840559482574463,False,0.5011871657754011,0.9430691792961081,0.7976951871657754,9,False,0.9422167201635446,0.9594265525153766,0.019491900000502937,False,0.9822743028345045,0.8284846732725466,10,0.9429090909090909,0.3721922115413367,0.9980031639818265,0.06214192509651184,-0.01749277114868164,False,0.17164171122994654,0.3147599399089813,0.2526180148124695,0.992422791003666,0.04875004291534424,-0.004100888967514038,False,0.31925668449197864,0.30652105808258057,0.25777101516723633,0.992422791003666,0.04875004291534424,-0.004100888967514038,False,0.31925668449197864,0.30652105808258057,0.25777101516723633,0.9925250769862823,0.0488869845867157,-0.004237830638885498,False,0.41162566844919785,0.29034098982810974,0.24145400524139404,0.878048884041951,0.019740819931030273,0.024908334016799927,False,0.5126524064171123,0.25454244017601013,0.23480162024497986,False,0.9678133544887051,0.7711585221308749,11,1.0,0.03823798585860411,0.9980031639818265,0.06214192509651184,-0.01749277114868164,False,0.17164171122994654,0.3147599399089813,0.2526180148124695,0.992422791003666,0.04875004291534424,-0.004100888967514038,False,0.31925668449197864,0.30652105808258057,0.25777101516723633,0.992422791003666,0.04875004291534424,-0.004100888967514038,False,0.31925668449197864,0.30652105808258057,0.25777101516723633,0.9107388775224957,0.02322690188884735,0.02142225205898285,False,0.42028342245989303,0.25918251276016235,0.235955610871315,0.878048884041951,0.019740819931030273,0.024908334016799927,False,0.5126524064171123,0.25454244017601013,0.23480162024497986,1.6138169999994716,5.960464477539063e-08,3.434251993894577e-09,0.014460948345799363
111497985,1703,A woman in a striped shirt climbs up a mountain.,21566,A person rappelling a cliff above a body of water.,2255338013,0.3232245445251465,0.3142581284046173,0.008966416120529175,0.7102588642358819,13,0.00024089999988063937,0.29625340768031,-0.008652031421661377,0.2785510718822479,0.2872031033039093,0.017618447542190552,True,0.16102933333333333,0.7804687744242276,0.01268400251865387,0.2600316107273102,0.2473476082086563,-0.003717586398124695,False,0.24356266666666668,0.7700641414085466,0.012086734175682068,0.258668452501297,0.24658171832561493,-0.003120318055152893,False,0.3273493333333333,0.8803816538058881,0.019960492849349976,0.25932207703590393,0.23936158418655396,-0.0109940767288208,False,0.4030186666666667,0.9791989448730555,0.038517311215400696,0.2700453996658325,0.23152808845043182,-0.02955089509487152,False,0.5634453333333334,0.7876592609922187,0.72144,9,False,0.9336886382944156,0.7135314268998884,0.00010859999974854873,0.4925432667753509,-0.0002982914447784424,0.27797964215278625,0.2782779335975647,0.009264707565307617,True,0.18061333333333332,0.9374843933035719,0.02707783877849579,0.27434682846069336,0.24726898968219757,-0.018111422657966614,False,0.26314666666666664,0.9728594640717374,0.03579211235046387,0.266658753156662,0.23086664080619812,-0.026825696229934692,False,0.338816,0.9703694216351776,0.034888699650764465,0.26417893171310425,0.22929023206233978,-0.02592228353023529,False,0.404144,0.8743868510959575,0.019403159618377686,0.23622176051139832,0.21681860089302063,-0.01043674349784851,False,0.5603946666666667,0.8538613128088264,0.404144,5,False,0.9703694216351776,0.7985560937914502,0.045566999999209656,False,0.8321687777564236,0.782129026519539,10,0.782944,0.6507132006817222,0.815059777009461,0.014832288026809692,-0.005865871906280518,False,0.16042666666666666,0.31306514143943787,0.2982328534126282,0.9094252366558405,0.02306637167930603,-0.014099955558776855,False,0.2521386666666667,0.3129153847694397,0.28984901309013367,0.9152701420683614,0.02379751205444336,-0.014831095933914185,False,0.3174666666666667,0.3217545747756958,0.29795706272125244,0.792241161168525,0.013384878635406494,-0.004418462514877319,False,0.40125333333333335,0.3119203746318817,0.2985354959964752,0.8893135633246256,0.020837485790252686,-0.01187106966972351,False,0.5576586666666666,0.31555408239364624,0.29471659660339355,False,0.8038557722903675,0.7894669997620403,13,1.0,0.42137002155811787,0.815059777009461,0.014832288026809692,-0.005865871906280518,False,0.16042666666666666,0.31306514143943787,0.2982328534126282,0.7471291395342086,0.010833591222763062,-0.0018671751022338867,False,0.256128,0.276572585105896,0.26573899388313293,0.7476917716356098,0.010863393545150757,-0.001896977424621582,False,0.33991466666666664,0.27540355920791626,0.2645401656627655,0.9604282100507512,0.031892627477645874,-0.0229262113571167,False,0.43162666666666666,0.279797226190567,0.24790459871292114,0.8680605135657122,0.01883918046951294,-0.009872764348983765,False,0.5123626666666666,0.288309782743454,0.26947060227394104,1.8577831000002334,5.960464477539063e-08,4.6566128730773926e-09,0.028313005466056085
2433175169,28505,The man is standing on a stone stump on top of a hill with his arms outstretched.,62714,A man stands on a mountaintop.,330325191,0.3390980064868927,0.31116071343421936,0.02793729305267334,0.9423360254510554,15,0.00025839999989329954,0.6815441384297953,0.007608771324157715,0.3056218922138214,0.2980131208896637,0.020328521728515625,False,0.11829341317365269,0.6572435949406901,0.006510347127914429,0.3001711666584015,0.29366081953048706,0.02142694592475891,False,0.259059880239521,0.4898805133581652,-0.0004048347473144531,0.30033302307128906,0.3007378578186035,0.028342127799987793,True,0.31736526946107785,0.3132928279036548,-0.007847696542739868,0.2679907977581024,0.2758384943008423,0.03578498959541321,True,0.4660119760479042,0.19188793681806182,-0.014377892017364502,0.24591469764709473,0.26029258966445923,0.04231518507003784,True,0.5429161676646707,0.3038005570967937,0.7360239520958084,11,False,0.003415271036429524,0.5577968483618624,0.00011260000019319705,0.38952158535875675,-0.004493236541748047,0.2958887815475464,0.30038201808929443,0.03243052959442139,True,0.10649101796407186,0.5087609860189214,0.0003504753112792969,0.30023297667503357,0.2998825013637543,0.027586817741394043,False,0.24698203592814372,0.5785990962634466,0.0031702518463134766,0.2992883026599884,0.2961180508136749,0.024767041206359863,False,0.31864670658682637,0.15758086623321318,-0.016763389110565186,0.2141966074705124,0.23095999658107758,0.044700682163238525,True,0.4351317365269461,0.0594240632589371,-0.027617931365966797,0.1830972284078598,0.2107151597738266,0.05555522441864014,True,0.5042335329341318,0.2141384538766909,0.6577604790419161,10,False,0.006228316190872125,0.44295564859125186,0.11898680000012973,False,0.43802461011115384,0.2594457906025388,13,0.8603952095808384,0.012882906234662435,0.68055949417269,0.00756344199180603,0.02037385106086731,False,0.1245748502994012,0.3083549439907074,0.30079150199890137,0.2295242507000082,-0.012109994888305664,0.040047287940979004,True,0.2600179640718563,0.28858524560928345,0.3006952404975891,0.23142283168662248,-0.012002944946289062,0.0399402379989624,True,0.3291197604790419,0.28197336196899414,0.2939763069152832,0.2694886508449419,-0.009972184896469116,0.037909477949142456,True,0.40078443113772455,0.2804385721683502,0.29041075706481934,0.26600858437575786,-0.01014968752861023,0.03808698058128357,True,0.5243473053892216,0.27707672119140625,0.2872264087200165,False,0.31061585043616774,0.193933198107715,15,1.0,0.025847358361723253,0.38952158535875675,-0.004493236541748047,0.03243052959442139,True,0.10649101796407186,0.2958887815475464,0.30038201808929443,0.2295242507000082,-0.012109994888305664,0.040047287940979004,True,0.2600179640718563,0.28858524560928345,0.3006952404975891,0.2627904948207211,-0.010315150022506714,0.038252443075180054,True,0.31319760479041914,0.29494810104370117,0.3052632510662079,0.08850510444385001,-0.023320257663726807,0.051257550716400146,True,0.460562874251497,0.27639639377593994,0.29971665143966675,0.13218441282819623,-0.018817812204360962,0.0467551052570343,True,0.5322275449101797,0.2777561545372009,0.2965739667415619,1.8569735999999466,2.9802322387695312e-08,2.153683453798294e-09,0.1274087596749861
2751602672,40929,A man holds a stick above a jumping dog.,25856,A dog leaps high in the air while another watches.,2368266191,0.35106325149536133,0.33777758479118347,0.013285666704177856,0.7906034464318069,13,0.0002349000001231616,0.8288399492046084,0.015774279832839966,0.29843947291374207,0.2826651930809021,-0.0024886131286621094,False,0.11051445086705203,0.8639951344643709,0.018488764762878418,0.26469168066978455,0.24620291590690613,-0.0052030980587005615,False,0.27472254335260116,0.5711511426373558,0.0028654932975769043,0.2606489360332489,0.257783442735672,0.010420173406600952,False,0.3806705202312139,0.6333917174783155,0.00546795129776001,0.22895582020282745,0.22348786890506744,0.007817715406417847,False,0.44742774566473986,0.40370495005916796,-0.0039005130529403687,0.2152014523744583,0.21910196542739868,0.017186179757118225,True,0.5177514450867052,0.5367409410680576,0.953485549132948,12,False,0.4311139697563161,0.7362069029025882,0.00011859999995067483,0.8844987775766475,0.020357400178909302,0.3185906410217285,0.2982332408428192,-0.007071733474731445,False,0.16420809248554913,0.7770808396231238,0.012487351894378662,0.31668955087661743,0.30420219898223877,0.0007983148097991943,False,0.24122543352601156,0.7825645418642899,0.012806743383407593,0.2713295817375183,0.2585228383541107,0.00047892332077026367,False,0.3517398843930636,0.7184866258237997,0.00936967134475708,0.2599533498287201,0.250583678483963,0.003915995359420776,False,0.4685780346820809,0.7046275143576941,0.008694320917129517,0.2607947289943695,0.25210040807724,0.00459134578704834,False,0.5488034682080924,0.6840198866672463,0.8495260115606936,11,False,0.2639514889713854,0.7880317624886413,0.01979990000018006,False,0.7310076973107226,0.5350564968337034,11,0.841,0.32143217801034146,0.8607228045967851,0.01821306347846985,-0.004927396774291992,False,0.17727167630057802,0.28807419538497925,0.2698611319065094,0.9112382713450997,0.023288488388061523,-0.010002821683883667,False,0.2609884393063584,0.27349063754081726,0.25020214915275574,0.7416643615208619,0.010546371340751648,0.0027392953634262085,False,0.3669364161849711,0.24835817515850067,0.23781180381774902,0.5557781043220079,0.0022404491901397705,0.011045217514038086,False,0.4134508670520231,0.23708456754684448,0.2348441183567047,0.46255729888323865,-0.0015005171298980713,0.014786183834075928,True,0.5759017341040462,0.20538991689682007,0.20689043402671814,False,0.5757274709881796,0.4436695844472084,11,0.8714335260115607,0.20139441781762318,0.7053390837649617,0.00872853398323059,0.004557132720947266,False,0.17270520231213873,0.3134836256504059,0.3047550916671753,0.6614659920049295,0.006698340177536011,0.006587326526641846,False,0.21921965317919076,0.30969950556755066,0.30300116539001465,0.3219322547312256,-0.007449060678482056,0.020734727382659912,True,0.4000578034682081,0.269462525844574,0.27691158652305603,0.3219322547312256,-0.007449060678482056,0.020734727382659912,True,0.4000578034682081,0.269462525844574,0.27691158652305603,0.5861354474531328,0.0034801214933395386,0.009805545210838318,False,0.5607919075144508,0.23455967009067535,0.23107954859733582,1.636797299999671,0.0,2.3283064365386963e-09,0.155280226322543
3335965982,64066,A man in a black shirt sits beneath a 'no child left behind' powerpoint presentation.,20143,A man in Brazil giving an informal talk to young adults.,221586389,0.3501889109611511,0.27597394585609436,0.07421496510505676,0.9994021045097807,12,0.00024359999997614068,0.9997708415163825,0.08380867540836334,0.32699069380760193,0.2431820183992386,-0.00959371030330658,False,0.21845645645645645,0.9997708415163825,0.08380867540836334,0.32699069380760193,0.2431820183992386,-0.00959371030330658,False,0.21845645645645645,0.9998015113837151,0.08524580299854279,0.33503907918930054,0.24979327619075775,-0.011030837893486023,False,0.34436636636636636,0.9999523428657637,0.09951430559158325,0.35033267736434937,0.2508183717727661,-0.02529934048652649,False,0.44581981981981983,0.9998979765897034,0.09190206229686737,0.32733023166656494,0.23542816936969757,-0.017687097191810608,False,0.5214054054054054,0.9665496487186124,0.8374954954954955,9,False,0.8784820641405868,0.9997403111729476,0.00010649999967426993,0.9990991580317948,0.07011279463768005,0.32931292057037354,0.2592001259326935,0.004102170467376709,False,0.10145345345345345,0.9976180188898834,0.06037437915802002,0.31976282596588135,0.25938844680786133,0.013840585947036743,False,0.26076876876876875,0.9990086697002771,0.06915470957756042,0.33958572149276733,0.2704310119152069,0.005060255527496338,False,0.38667867867867867,0.9997591839245692,0.08331236243247986,0.34528130292892456,0.2619689404964447,-0.009097397327423096,False,0.44212012012012014,0.9997257199350744,0.08201086521148682,0.34539860486984253,0.2633877396583557,-0.007795900106430054,False,0.5262402402402402,0.953344245237873,0.7867507507507507,8,False,0.8503465791152247,0.9988489750039945,0.04215620000013587,False,0.999280985347248,0.9405058769703565,11,0.95796996996997,0.5776407177910395,0.9996740319098532,0.08028385043144226,-0.006068885326385498,False,0.17703903903903903,0.3406071662902832,0.26032331585884094,0.9990309675074579,0.0693824291229248,0.004832535982131958,False,0.23248048048048048,0.327629953622818,0.2582475244998932,0.9988921491523087,0.06804224848747253,0.0061727166175842285,False,0.3583903903903904,0.3223710060119629,0.25432875752449036,0.9995535799212824,0.0771380364894867,-0.0029230713844299316,False,0.5177057057057057,0.3320257067680359,0.2548876702785492,0.9995535799212824,0.0771380364894867,-0.0029230713844299316,False,0.5177057057057057,0.3320257067680359,0.2548876702785492,False,0.9990090296313772,0.9420328879879208,11,0.95796996996997,0.5776407177910395,0.9990991580317948,0.07011279463768005,0.004102170467376709,False,0.10145345345345345,0.32931292057037354,0.2592001259326935,0.9982437913108195,0.06342840194702148,0.010786563158035278,False,0.31621021021021023,0.3260399401187897,0.2626115381717682,0.9982437913108195,0.06342840194702148,0.010786563158035278,False,0.31621021021021023,0.3260399401187897,0.2626115381717682,0.9997591839245692,0.08331236243247986,-0.009097397327423096,False,0.44212012012012014,0.34528130292892456,0.2619689404964447,0.9995535799212824,0.0771380364894867,-0.0029230713844299316,False,0.5177057057057057,0.3320257067680359,0.2548876702785492,1.7169411000004402,5.960464477539063e-08,3.725290298461914e-09,0.0002719557158707975
475816542,112097,A black and a brown dog are running toward the camera.,64638,A dark brown dog is biting at a lighter brown colored dog.,3348384389,0.32471516728401184,0.3141981363296509,0.010517030954360962,0.7411018061209815,15,0.0002930999999080086,0.33829847007704283,-0.006708860397338867,0.2977607846260071,0.30446964502334595,0.01722589135169983,True,0.10521176470588235,0.24360992639270693,-0.011329889297485352,0.2651327848434448,0.2764626741409302,0.021846920251846313,True,0.2593764705882353,0.16767232503346866,-0.016022145748138428,0.2568487524986267,0.27287089824676514,0.02653917670249939,True,0.32139411764705883,0.22117703865472432,-0.012588202953338623,0.2559341490268707,0.26852235198020935,0.023105233907699585,True,0.4188,0.44176538702497725,-0.0023400038480758667,0.21097949147224426,0.21331949532032013,0.012857034802436829,True,0.5353235294117648,0.3662999296443419,0.5353235294117648,8,False,0.44176538702497725,0.32121389206716794,0.0001235999998243642,0.33829847007704283,-0.006708860397338867,0.2977607846260071,0.30446964502334595,0.01722589135169983,True,0.10521176470588235,0.19824542105669524,-0.013972967863082886,0.2792353630065918,0.2932083308696747,0.024489998817443848,True,0.2490294117647059,0.11950885669086035,-0.01997089385986328,0.2604306936264038,0.2804015874862671,0.030487924814224243,True,0.3149411764705882,0.26831481253261563,-0.010031893849372864,0.20771226286888123,0.2177441567182541,0.020548924803733826,True,0.44388235294117645,0.29460641204687926,-0.008731156587600708,0.18915820121765137,0.19788935780525208,0.01924818754196167,True,0.5329117647058823,0.23039216912377816,0.7088235294117647,11,False,0.1557507194063413,0.29254075379412353,0.08035340000060387,False,0.5340254274454966,0.473065936174136,15,1.0,0.014386082672797784,0.689095029516304,0.007958918809890747,0.002558112144470215,False,0.11421176470588236,0.305997371673584,0.29803845286369324,0.5709073151821485,0.002855539321899414,0.007661491632461548,False,0.23568823529411764,0.3007948398590088,0.2979393005371094,0.6548886131352405,0.00640597939491272,0.004111051559448242,False,0.3330941176470588,0.2993133068084717,0.29290732741355896,0.24863685999517698,-0.011058956384658813,0.021575987339019775,True,0.40102941176470586,0.2867066264152527,0.2977655827999115,0.28044826360502145,-0.009422391653060913,0.019939422607421875,True,0.5288058823529411,0.299012154340744,0.30843454599380493,False,0.6438931921149017,0.49063726469104313,15,1.0,0.014386082672797784,0.7879536438829898,0.013126343488693237,-0.0026093125343322754,False,0.12428823529411764,0.32134944200515747,0.30822309851646423,0.639115696153425,0.005715280771255493,0.004801750183105469,False,0.23978235294117647,0.2902773916721344,0.2845621109008789,0.6181255185632022,0.004815995693206787,0.005701035261154175,False,0.35608235294117646,0.30647313594818115,0.30165714025497437,0.7129133545559488,0.009095758199691772,0.0014212727546691895,False,0.42416470588235294,0.3164462745189667,0.3073505163192749,0.28377814397749657,-0.009257972240447998,0.01977500319480896,True,0.5803529411764706,0.2779408097267151,0.2871987819671631,2.1157451999997647,0.0,2.3865140974521637e-09,-0.10986776466940507
3532476966,72453,Mexican villagers are buying potatoes at an outdoor market.,92130,A group of five dark-skinned people sitting at what looks to be a farmer's market right behind a fruit that is green and spiky.,4284980126,0.40220075845718384,0.3159184157848358,0.08628234267234802,0.9998210516303819,12,0.00024009999970076024,0.9999247213784124,0.09494239091873169,0.38967621326446533,0.29473382234573364,-0.008660048246383667,False,0.14927466666666667,0.9998844667519979,0.09065836668014526,0.3833444118499756,0.2926860451698303,-0.004376024007797241,False,0.26552,0.9998529025244167,0.08824267983436584,0.37104934453964233,0.2828066647052765,-0.0019603371620178223,False,0.3676586666666667,0.9998420903363644,0.08753329515457153,0.34805095195770264,0.2605176568031311,-0.0012509524822235107,False,0.4687786666666667,0.9998582533045383,0.08861327171325684,0.32796710729599,0.23935383558273315,-0.0023309290409088135,False,0.520624,0.9516658710178891,0.9538453333333333,11,False,0.6868049419871047,0.9998719483769211,0.00011129999984405003,0.9999247213784124,0.09494239091873169,0.38967621326446533,0.29473382234573364,-0.008660048246383667,False,0.14927466666666667,0.9999560100962258,0.10031506419181824,0.38314783573150635,0.2828327715396881,-0.014032721519470215,False,0.25039466666666665,0.999920493602123,0.09439593553543091,0.3888733983039856,0.2944774627685547,-0.008113592863082886,False,0.32028266666666666,0.9998434541359074,0.08762004971504211,0.37163570523262024,0.2840156555175781,-0.0013377070426940918,False,0.436528,0.9989121276610151,0.06822443008422852,0.3634786009788513,0.2952541708946228,0.018057912588119507,False,0.5174186666666667,0.973207488598506,0.8568853333333334,10,False,0.9231124007101117,0.9998195438277062,0.11060659999930067,False,0.9992039292697357,0.9991642761435304,5,0.42322133333333334,0.9991346567226751,0.9995471670356114,0.07699534296989441,0.009286999702453613,False,0.11624533333333334,0.37917712330818176,0.30218178033828735,0.99822431099753,0.06331789493560791,0.022964447736740112,False,0.2513973333333333,0.3556627929210663,0.2923448979854584,0.9999410048755488,0.09737996757030487,-0.011097624897956848,False,0.35251733333333335,0.34103459119796753,0.24365462362766266,0.9991346567226751,0.07051518559455872,0.015767157077789307,False,0.42322133333333334,0.3254443407058716,0.25492915511131287,0.9989495051108815,0.06857442855834961,0.017707914113998413,False,0.572496,0.32427072525024414,0.25569629669189453,False,0.9982288389709333,0.9145782410860486,12,1.0,0.31504587107517196,0.9995471670356114,0.07699534296989441,0.009286999702453613,False,0.11624533333333334,0.37917712330818176,0.30218178033828735,0.99822431099753,0.06331789493560791,0.022964447736740112,False,0.2513973333333333,0.3556627929210663,0.2923448979854584,0.9999410048755488,0.09737996757030487,-0.011097624897956848,False,0.35251733333333335,0.34103459119796753,0.24365462362766266,0.9999117545636007,0.09335300326347351,-0.007070660591125488,False,0.42240533333333335,0.3374372720718384,0.24408426880836487,0.988623093892973,0.044647276401519775,0.04163506627082825,False,0.539264,0.2887326180934906,0.24408534169197083,1.5592491000006703,2.9802322387695312e-08,5.122274160385132e-09,0.0009750902988023835
4549977232,100516,A clean-shaven man getting dressed in a purple shirt and tie in front of the mirror.,57000,A gray headed guy standing in his bathroom shaving his face and neck.,3171020648,0.3866522014141083,0.31055834889411926,0.07609385251998901,0.9995044691301271,11,0.00026479999996809056,0.7041571335792086,0.008671730756759644,0.32858219742774963,0.31991046667099,0.06742212176322937,False,0.11213813813813814,0.6133355353725465,0.004613548517227173,0.25373873114585876,0.2491251826286316,0.07148030400276184,False,0.3025045045045045,0.6133355353725465,0.004613548517227173,0.25373873114585876,0.2491251826286316,0.07148030400276184,False,0.3025045045045045,0.3868680362354081,-0.004604965448379517,0.259860098361969,0.2644650638103485,0.08069881796836853,True,0.4233873873873874,0.3829020785275934,-0.004772484302520752,0.2512987554073334,0.2560712397098541,0.08086633682250977,True,0.589915915915916,0.4055970133489224,0.9518558558558559,10,False,0.021963122643022446,0.5856325362044159,0.00010849999989659409,0.7041571335792086,0.008671730756759644,0.32858219742774963,0.31991046667099,0.06742212176322937,False,0.11213813813813814,0.6133355353725465,0.004613548517227173,0.25373873114585876,0.2491251826286316,0.07148030400276184,False,0.3025045045045045,0.6133355353725465,0.004613548517227173,0.25373873114585876,0.2491251826286316,0.07148030400276184,False,0.3025045045045045,0.3713148512709028,-0.0052658021450042725,0.2496674656867981,0.25493326783180237,0.08135965466499329,True,0.4998198198198198,0.3829020785275934,-0.004772484302520752,0.2512987554073334,0.2560712397098541,0.08086633682250977,True,0.589915915915916,0.4133749225903381,0.8293933933933934,8,False,0.006962869728468043,0.5967717735290076,0.11340259999997215,False,0.4170416791529581,0.3417266805724813,10,0.9518558558558559,0.021963058625508205,0.7041558918945435,0.008671671152114868,0.06742218136787415,False,0.11213813813813814,0.32858216762542725,0.3199104964733124,0.476706986137046,-0.0009323954582214355,0.07702624797821045,True,0.20223423423423423,0.3212301731109619,0.32216256856918335,0.08949677147930664,-0.023197948932647705,0.09929180145263672,True,0.474978978978979,0.2551071047782898,0.2783050537109375,0.08949677147930664,-0.023197948932647705,0.09929180145263672,True,0.474978978978979,0.2551071047782898,0.2783050537109375,0.18597433582346334,-0.014763832092285156,0.09085768461227417,True,0.5746786786786787,0.21836107969284058,0.23312491178512573,False,0.5285297367508387,0.3557902205906967,10,0.9518558558558559,0.021963058625508205,0.7041558918945435,0.008671671152114868,0.06742218136787415,False,0.11213813813813814,0.32858216762542725,0.3199104964733124,0.2694951046155233,-0.009971857070922852,0.08606570959091187,True,0.38488288288288286,0.25275570154190063,0.2627275586128235,0.2694951046155233,-0.009971857070922852,0.08606570959091187,True,0.38488288288288286,0.25275570154190063,0.2627275586128235,0.4095678899590874,-0.003657519817352295,0.07975137233734131,True,0.4276936936936937,0.2626924514770508,0.2663499712944031,0.3107096249879714,-0.007968038320541382,0.0840618908405304,True,0.5273933933933934,0.21871371567249298,0.22668175399303436,1.5655636999999842,2.9802322387695312e-08,2.9103830456733704e-09,-0.11148805759788061
4756089627,111946,An oriental person in a red shirt and black pants crouching over a purse on concrete.,72794,A man sits on a bench listing to his iPod,3539612893,0.3482975661754608,0.31719309091567993,0.031104475259780884,0.9573216440546648,12,0.0002519999998185085,0.9963124418626075,0.05599096417427063,0.3064095973968506,0.25041863322257996,-0.024886488914489746,False,0.13413213213213213,0.053784319830758806,-0.028674885630607605,0.1898178905248642,0.2184927761554718,0.05977936089038849,True,0.22885285285285284,0.062256645779414255,-0.02712211012840271,0.19656357169151306,0.22368568181991577,0.058226585388183594,True,0.32144144144144143,0.0041690940354808135,-0.05475878715515137,0.19226358830928802,0.2470223754644394,0.08586326241493225,True,0.4848108108108108,0.026834236849438173,-0.03590875864028931,0.20861706137657166,0.24452582001686096,0.06701323390007019,True,0.5774714714714715,0.2260481256041685,0.8018558558558558,9,False,0.1317609025833841,0.3341981691588079,0.00011440000025686459,0.9145019973239588,0.023698866367340088,0.3207361698150635,0.2970373034477234,0.007405608892440796,False,0.1873093093093093,0.5851240447559523,0.0034384429454803467,0.28643232583999634,0.282993882894516,0.027666032314300537,False,0.32348948948948947,0.5851240447559523,0.0034384429454803467,0.28643232583999634,0.282993882894516,0.027666032314300537,False,0.32348948948948947,0.2143504629619193,-0.01298898458480835,0.21604108810424805,0.2290300726890564,0.04409345984458923,True,0.4576216216216216,0.11585334239200173,-0.020322978496551514,0.2072877585887909,0.2276107370853424,0.0514274537563324,True,0.5503183183183183,0.3653472961574697,0.7535255255255255,8,False,0.04049401266779949,0.6293388183442326,0.020055999999385676,False,0.36412394433865447,0.2964096105828858,12,1.0,0.0074614918275188674,0.9963124418626075,0.05599096417427063,-0.024886488914489746,False,0.13413213213213213,0.3064095973968506,0.25041863322257996,0.053784319830758806,-0.028674885630607605,0.05977936089038849,True,0.22885285285285284,0.1898178905248642,0.2184927761554718,0.03517240137414289,-0.03311687707901001,0.0642213523387909,True,0.39218618618618617,0.2075379192829132,0.24065479636192322,0.02901510008061065,-0.03510494530200958,0.06620942056179047,True,0.5283663663663664,0.21559388935565948,0.25069883465766907,0.02901510008061065,-0.03510494530200958,0.06620942056179047,True,0.5283663663663664,0.21559388935565948,0.25069883465766907,False,0.3297291457935658,0.35507570127594273,12,1.0,0.0074614918275188674,0.053784319830758806,-0.028674885630607605,0.05977936089038849,True,0.22885285285285284,0.1898178905248642,0.2184927761554718,0.053784319830758806,-0.028674885630607605,0.05977936089038849,True,0.22885285285285284,0.1898178905248642,0.2184927761554718,0.2775210217532464,-0.00956791639328003,0.04067239165306091,True,0.365033033033033,0.2134433388710022,0.22301125526428223,0.13018749392939255,-0.018993020057678223,0.050097495317459106,True,0.45772972972972975,0.20785200595855713,0.22684502601623535,0.27164225589394075,-0.00986306369304657,0.040967538952827454,True,0.5060600600600601,0.20993737876415253,0.2198004424571991,1.6126076000000467,2.9802322387695312e-08,3.4924596548080444e-09,0.034394798545088645
4043318461,87550,A middle-aged man is using a hammer and metal spike and splitting a log.,28837,A man in blue overalls is sawing wood.,2441818017,0.35351985692977905,0.31766363978385925,0.0358562171459198,0.9730282138057015,17,0.00027170000021214946,0.7086192180130269,0.008886873722076416,0.2998589873313904,0.29097211360931396,0.026969343423843384,False,0.17663896103896104,0.34977364204193273,-0.006200343370437622,0.27665331959724426,0.2828536629676819,0.04205656051635742,True,0.26122597402597403,0.2749434674755867,-0.0096968412399292,0.2662819027900696,0.2759787440299988,0.045553058385849,True,0.3147220779220779,0.6961896240260744,0.00829218327999115,0.2487167865037918,0.24042460322380066,0.02756403386592865,False,0.4206909090909091,0.6057946313063713,0.004296690225601196,0.2093823254108429,0.2050856351852417,0.031559526920318604,False,0.5426233766233767,0.5473112582684777,0.7789402597402597,12,False,0.3913902217235564,0.6281103045949169,0.00011449999965407187,0.42830073689865394,-0.0028878748416900635,0.29624143242836,0.29912930727005005,0.03874409198760986,True,0.14066493506493508,0.36013333727452707,-0.005747854709625244,0.2960377633571625,0.3017856180667877,0.041604071855545044,True,0.2382077922077922,0.24370658977257056,-0.011324644088745117,0.2933487892150879,0.304673433303833,0.04718086123466492,True,0.31246233766233766,0.19393234790298183,-0.014246582984924316,0.2894713878631592,0.3037179708480835,0.050102800130844116,True,0.43235844155844155,0.13682113546836996,-0.018419474363327026,0.29298269748687744,0.31140217185020447,0.054275691509246826,True,0.5005350649350649,0.28265317792023154,0.5950753246753246,10,False,0.16144883973904472,0.3934616216020827,0.0773561999994854,False,0.5711941703980051,0.5498494845742565,13,0.8238233766233766,0.6593542742605185,0.932766323057998,0.02629980444908142,0.009556412696838379,False,0.10438441558441558,0.34355777502059937,0.31725797057151794,0.33243232382893234,-0.0069720447063446045,0.042828261852264404,True,0.24504935064935066,0.2984595000743866,0.3054315447807312,0.3123062756008375,-0.007893592119216919,0.04374980926513672,True,0.3507844155844156,0.27105259895324707,0.278946191072464,0.5182845083539117,0.0007317066192626953,0.035124510526657104,False,0.4830493506493507,0.2596398890018463,0.2589081823825836,0.5619482991423709,0.0024907290935516357,0.033365488052368164,False,0.532987012987013,0.2558000385761261,0.25330930948257446,False,0.33162501126538957,0.38095460534258185,16,0.9659688311688311,0.34540781380247654,0.4282985476880719,-0.0028879642486572266,0.038744181394577026,True,0.14066493506493508,0.2962413728237152,0.29912933707237244,0.1804093596366994,-0.015135765075683594,0.050991982221603394,True,0.2608935064935065,0.28683146834373474,0.30196723341941833,0.1200710250827738,-0.019917577505111694,0.055773794651031494,True,0.3454805194805195,0.2735009789466858,0.2934185564517975,0.12778219075764957,-0.019207119941711426,0.055063337087631226,True,0.46505454545454544,0.2682337164878845,0.28744083642959595,0.21941252837130218,-0.012690931558609009,0.04854714870452881,True,0.5185506493506493,0.2705453336238861,0.2832362651824951,2.6183913000004395,5.960464477539063e-08,3.346940502524376e-09,0.23956915913261556
480048562,114462,A rhythmic gymnast in a blue and pink outfit performs a ribbon routine.,82081,A gymnast wearing red and white is mid-twirl on an uneven bar.,378969774,0.43340009450912476,0.3692478537559509,0.06415224075317383,0.9983662204254907,14,0.00025529999993523234,0.9592251250801718,0.031580597162246704,0.3648698925971985,0.3332892954349518,0.032571643590927124,False,0.14747733333333332,0.8164090396714135,0.01492205262184143,0.3268270194530487,0.3119049668312073,0.0492301881313324,False,0.21570666666666666,0.7583795928919873,0.011438161134719849,0.30443620681762695,0.2929980456829071,0.05271407961845398,False,0.335968,0.6703593638901776,0.007098108530044556,0.28690019249916077,0.2798020839691162,0.05705413222312927,False,0.40609066666666666,0.39979296134090414,-0.004063278436660767,0.2855863869190216,0.2896496653556824,0.0682155191898346,True,0.5712426666666667,0.5222443147331337,0.7837973333333333,11,False,0.18485174060257312,0.7668909387633945,0.00011110000014014076,0.9592251250801718,0.031580597162246704,0.3648698925971985,0.3332892954349518,0.032571643590927124,False,0.14747733333333332,0.9722223149681122,0.03555351495742798,0.3551791310310364,0.3196256160736084,0.02859872579574585,False,0.214368,0.29151248493160115,-0.00888049602508545,0.29773133993148804,0.3066118359565735,0.07303273677825928,True,0.34350933333333333,0.09538307421829181,-0.02249610424041748,0.2362668216228485,0.258762925863266,0.08664834499359131,True,0.41173866666666664,0.015631548212566123,-0.041427090764045715,0.207059845328331,0.2484869360923767,0.10557933151721954,True,0.563792,0.32162310133319355,0.6470133333333333,9,False,0.010225377965492024,0.5537275491551881,0.06943229999978939,False,0.9411738767995185,0.540789617328497,12,0.8500693333333333,0.027336489110780193,0.9930799019829675,0.049663811922073364,0.014488428831100464,False,0.13190933333333332,0.3733997941017151,0.3237359821796417,0.9466156615896788,0.02875375747680664,0.03539848327636719,False,0.24875733333333333,0.3183327615261078,0.28957900404930115,0.9375827440062506,0.027094632387161255,0.03705760836601257,False,0.3453386666666667,0.29289448261260986,0.2657998502254486,0.8614489659441854,0.018273770809173584,0.045878469944000244,False,0.404224,0.27636516094207764,0.25809139013290405,0.8964510206381932,0.02158398926258087,0.04256825149059296,False,0.5357226666666667,0.26944470405578613,0.24786071479320526,False,0.8265810612052388,0.48884465750329276,12,0.8500693333333333,0.027336489110780193,0.9930799019829675,0.049663811922073364,0.014488428831100464,False,0.13190933333333332,0.3733997941017151,0.3237359821796417,0.9466156615896788,0.02875375747680664,0.03539848327636719,False,0.24875733333333333,0.3183327615261078,0.28957900404930115,0.9375827440062506,0.027094632387161255,0.03705760836601257,False,0.3453386666666667,0.29289448261260986,0.2657998502254486,0.836007804187291,0.016288191080093384,0.047864049673080444,False,0.41546133333333335,0.28003233671188354,0.26374414563179016,0.06029761872475972,-0.027462705969810486,0.09161494672298431,True,0.559296,0.21904657781124115,0.24650928378105164,1.8047053000000233,8.940696716308594e-08,3.259629011154175e-09,0.1145928155942797
3232994074,59898,An older man plays a game with a small child.,43701,An older woman and a young child in a pink shirt playing with multicolored blocks.,2830561413,0.34228360652923584,0.341172456741333,0.001111149787902832,0.5277501989960123,12,0.0002454000000398082,0.8481951459934945,0.017205148935317993,0.300197035074234,0.282991886138916,-0.01609399914741516,False,0.18970570570570572,0.28176782248882754,-0.009357094764709473,0.2768216133117676,0.28617870807647705,0.010468244552612305,True,0.3055075075075075,0.28176782248882754,-0.009357094764709473,0.2768216133117676,0.28617870807647705,0.010468244552612305,True,0.3055075075075075,0.013437239844425587,-0.0429619699716568,0.24178485572338104,0.28474682569503784,0.04407311975955963,True,0.4261621621621622,0.027525958028336087,-0.03564713895320892,0.2173031121492386,0.2529502511024475,0.036758288741111755,True,0.5258678678678679,0.32592968497638114,0.7357117117117117,9,False,0.42258106120367783,0.41034885964140305,0.00010520000023461762,0.24104310652801483,-0.01146969199180603,0.29582610726356506,0.3072957992553711,0.012580841779708862,True,0.1478918918918919,0.03338224606167272,-0.03365778923034668,0.27639925479888916,0.31005704402923584,0.03476893901824951,True,0.2195075075075075,0.006863058240056441,-0.049747154116630554,0.2198522537946701,0.26959940791130066,0.050858303904533386,True,0.3778858858858859,0.0072060785084912945,-0.04925598204135895,0.22590719163417816,0.2751631736755371,0.05036713182926178,True,0.45796396396396394,0.003988067107576321,-0.05520452558994293,0.22904916107654572,0.28425368666648865,0.056315675377845764,True,0.5328048048048049,0.07354476169219644,0.5328048048048049,7,False,0.003988067107576321,0.13296598533867954,0.11380370000006224,False,0.14780645312935584,0.38990206925324455,10,0.9066906906906906,0.841343032813346,0.03438469203740394,-0.03335154056549072,0.034462690353393555,True,0.20656456456456457,0.26475614309310913,0.29810768365859985,0.03438469203740394,-0.03335154056549072,0.034462690353393555,True,0.20656456456456457,0.26475614309310913,0.29810768365859985,0.010254147624116961,-0.0456976592540741,0.04680880904197693,True,0.30627027027027026,0.23941552639007568,0.2851131856441498,0.14446011567304679,-0.01778729259967804,0.01889844238758087,True,0.5194054054054054,0.2435813993215561,0.26136869192123413,0.14446011567304679,-0.01778729259967804,0.01889844238758087,True,0.5194054054054054,0.2435813993215561,0.26136869192123413,False,0.11180010116520583,0.27202756666607797,10,0.8815375375375375,0.9807322233092632,0.25939026022895234,-0.010491400957107544,0.011602550745010376,True,0.15837837837837837,0.3061366081237793,0.31662800908088684,0.03438469203740394,-0.03335154056549072,0.034462690353393555,True,0.20656456456456457,0.26475614309310913,0.29810768365859985,0.010254147624116961,-0.0456976592540741,0.04680880904197693,True,0.30627027027027026,0.23941552639007568,0.2851131856441498,0.0077968636250684955,-0.04846206307411194,0.04957321286201477,True,0.4269249249249249,0.23001360893249512,0.27847567200660706,0.0059832446331851185,-0.05112791061401367,0.052239060401916504,True,0.6651771771771772,0.2500791549682617,0.3012070655822754,1.4526175999999396,2.9802322387695312e-08,3.1723175197839737e-09,0.03600635196415
5787072819,134530,"A woman with long brown hair wearing a white sleeveless shirt, a man with long brown hair wearing a green t-shirt and tattoos on his arms, and another woman with black hair wearing a green dress, also with tattoos, are in the checkout line at a supermarket.",115352,A young man in a green shirt is making a purchase at a store.,4812991208,0.44820502400398254,0.34104058146476746,0.10716444253921509,0.9999778232570018,10,0.0002376000002186629,0.9990671559316875,0.06976339221000671,0.414607971906662,0.3448445796966553,0.037401050329208374,False,0.11865465465465465,0.999543799779021,0.07692122459411621,0.4226152002811432,0.345693975687027,0.030243217945098877,False,0.23512912912912912,0.9972181624656241,0.05881857872009277,0.4012056589126587,0.3423870801925659,0.048345863819122314,False,0.3407927927927928,0.9937302742004513,0.05065733194351196,0.379902184009552,0.32924485206604004,0.056507110595703125,False,0.46323723723723725,0.9986235177654433,0.06586846709251404,0.3407900929450989,0.27492162585258484,0.04129597544670105,False,0.553051051051051,0.9476279286226261,1.0,10,False,0.7928747043334958,0.9978191004750543,0.00010100000008606003,0.9992249456548588,0.07161802053451538,0.43426597118377686,0.3626479506492615,0.03554642200469971,False,0.11102702702702703,0.998124836871912,0.06277182698249817,0.4086783230304718,0.34590649604797363,0.04439261555671692,False,0.23347147147147146,0.9129135803678913,0.023497402667999268,0.3374280333518982,0.3139306306838989,0.08366703987121582,False,0.4048768768768769,0.9129135803678913,0.023497402667999268,0.3374280333518982,0.3139306306838989,0.08366703987121582,False,0.4048768768768769,0.1669797224347282,-0.016071856021881104,0.31894391775131226,0.33501577377319336,0.12323629856109619,True,0.6146186186186187,0.7472708468431929,0.8162462462462462,8,False,0.8667854033091341,0.8302636059987772,0.02063090000046941,False,0.974431601829486,0.9348879386690592,10,1.0,0.7928747043334958,0.9990671559316875,0.06976339221000671,0.037401050329208374,False,0.11865465465465465,0.414607971906662,0.3448445796966553,0.9997190787612251,0.08177155256271362,0.025392889976501465,False,0.2146186186186186,0.4085925817489624,0.3268210291862488,0.9986631569357977,0.06616106629371643,0.04100337624549866,False,0.33706306306306305,0.3698258101940155,0.3036647439002991,0.9387296289040075,0.027292311191558838,0.07987213134765625,False,0.4480900900900901,0.33124077320098877,0.30394846200942993,0.7156369665823551,0.009229212999343872,0.09793522953987122,False,0.5008408408408408,0.3112969994544983,0.3020677864551544,False,0.8578189013729802,0.7423001330322909,10,1.0,0.7928747043334958,0.9990671559316875,0.06976339221000671,0.037401050329208374,False,0.11865465465465465,0.414607971906662,0.3448445796966553,0.9715996066867095,0.03532540798187256,0.07183903455734253,False,0.22968168168168168,0.3762512803077698,0.3409258723258972,0.9177465951745976,0.02412116527557373,0.08304327726364136,False,0.35212612612612615,0.34894004464149475,0.324818879365921,0.912914528105392,0.02349752187728882,0.08366692066192627,False,0.4048768768768769,0.33742809295654297,0.31393057107925415,0.3309201678065518,-0.007040262222290039,0.11420470476150513,True,0.5941081081081081,0.3071941137313843,0.3142343759536743,1.256021299999702,5.960464477539063e-08,3.026798367500305e-09,0.11661270045650574
5745120660,134217,A rock band is performing in a concert hall with hexagonal roof panels.,42806,"Eight men play instruments on stage, with a guitarist highlighted in lights.",2802158972,0.32497450709342957,0.31830456852912903,0.006669938564300537,0.6608297069110982,12,0.00025250000044252374,0.9435143564539308,0.028156250715255737,0.2949613034725189,0.2668050527572632,-0.0214863121509552,False,0.14721568627450982,0.983377428274948,0.04080231487751007,0.26634693145751953,0.22554461658000946,-0.034132376313209534,False,0.28804481792717085,0.8570122686264899,0.017906934022903442,0.25884726643562317,0.24094033241271973,-0.011236995458602905,False,0.36594957983193277,0.9968922105736842,0.05770730972290039,0.3061850666999817,0.2484777569770813,-0.051037371158599854,False,0.48265546218487393,0.9877891989581538,0.04393148422241211,0.294999897480011,0.2510684132575989,-0.03726154565811157,False,0.5589243697478992,0.8882261507632434,0.8661176470588235,10,False,0.7265070379737241,0.9112621728750534,0.00010489999976925901,0.31856065798271765,-0.007603943347930908,0.2986729145050049,0.3062768578529358,0.014273881912231445,True,0.146375350140056,0.46421505490483095,-0.0014338493347167969,0.28713399171829224,0.28856784105300903,0.008103787899017334,True,0.2630812324929972,0.38925657061760127,-0.004504382610321045,0.2867748439311981,0.29127922654151917,0.011174321174621582,True,0.33935014005602243,0.4609670161504405,-0.0015645027160644531,0.2904141843318939,0.2919786870479584,0.00823444128036499,True,0.46262745098039215,0.5202113466436785,0.0008088946342468262,0.29386675357818604,0.2930578589439392,0.005861043930053711,False,0.5559047619047619,0.36577953581603045,0.3916470588235294,5,False,0.3408730164299701,0.44624680074390677,0.0746300999999221,False,0.5990334055025797,0.7326282450587477,12,1.0,0.9859420182727241,0.3673217108769877,-0.00543724000453949,0.012107178568840027,True,0.1702689075630252,0.24847324192523956,0.25391048192977905,0.5211909058006625,0.0008481442928314209,0.005821794271469116,False,0.26354621848739496,0.26323702931404114,0.2623888850212097,0.5305643590085919,0.0012241005897521973,0.00544583797454834,False,0.3398151260504202,0.2566659152507782,0.255441814661026,0.7389741418074918,0.010406434535980225,-0.0037364959716796875,False,0.41771988795518206,0.28152066469192505,0.2711142301559448,0.9092603815455024,0.023046374320983887,-0.01637643575668335,False,0.5585490196078431,0.2456030249595642,0.22255665063858032,False,0.5466052478930726,0.683307326109033,11,0.9255350140056022,0.5611007868361907,0.5758608851606397,0.0030580461025238037,0.0036118924617767334,False,0.11670588235294117,0.28559666872024536,0.28253862261772156,0.19928484678708108,-0.013907700777053833,0.02057763934135437,True,0.20998319327731094,0.27069973945617676,0.2846074402332306,0.7793497404421207,0.012618809938430786,-0.005948871374130249,False,0.3571988795518207,0.2834675908088684,0.2708487808704376,0.560214002944021,0.0024203062057495117,0.004249632358551025,False,0.43346778711484596,0.2689213752746582,0.2665010690689087,0.6742142092466493,0.007273077964782715,-0.0006031394004821777,False,0.5113725490196078,0.28678226470947266,0.27950918674468994,1.7631130999998277,5.960464477539063e-08,2.7939677238464355e-09,0.05242815760950703
1313961775,4868,A girl wearing a life vest floats in water.,154715,A young girl wades out into the water wearing safety floatation devices on her arms.,97234558,0.35356512665748596,0.3322870433330536,0.021278083324432373,0.8935767663047868,12,0.00023320000036619604,0.3158103858075477,-0.007730931043624878,0.28031954169273376,0.28805047273635864,0.02900901436805725,True,0.1913974358974359,0.05483902025947546,-0.02846953272819519,0.278096079826355,0.30656561255455017,0.049747616052627563,True,0.26980128205128207,0.11365604223837812,-0.020539283752441406,0.2621341347694397,0.2826734185218811,0.04181736707687378,True,0.3380641025641026,0.20630768012542638,-0.013473272323608398,0.22028030455112457,0.23375357687473297,0.03475135564804077,True,0.45350641025641025,0.45325672249807525,-0.0018752068281173706,0.1952849179506302,0.19716012477874756,0.023153290152549744,True,0.5355705128205128,0.4521762237195616,0.6183141025641026,8,False,0.6449891307953518,0.33898412041048553,0.00010419999989608186,0.60822316804506,0.0043984949588775635,0.3030947744846344,0.29869627952575684,0.01687958836555481,False,0.17294871794871794,0.05483902025947546,-0.02846953272819519,0.278096079826355,0.30656561255455017,0.049747616052627563,True,0.26980128205128207,0.1530619985876723,-0.017107844352722168,0.2839810252189636,0.3010888695716858,0.03838592767715454,True,0.35186538461538464,0.15324211954993977,-0.017093956470489502,0.25832632184028625,0.27542027831077576,0.038372039794921875,True,0.48946153846153845,0.1504525588056548,-0.01731055974960327,0.2396792769432068,0.25698983669281006,0.038588643074035645,True,0.557724358974359,0.25482726595560223,0.6493589743589744,7,False,0.19379239004743112,0.3620894213020277,0.11919010000019625,False,0.41747867618546947,0.5820862386035814,12,1.0,0.8269351865422373,0.20946958262973914,-0.013281255960464478,0.03455933928489685,True,0.17525641025641026,0.3064890503883362,0.31977030634880066,0.35012889266960345,-0.00618472695350647,0.027462810277938843,True,0.258,0.3176688253879547,0.3238535523414612,0.4293226733910394,-0.00284615159034729,0.024124234914779663,True,0.3262628205128205,0.30723071098327637,0.31007686257362366,0.29209757026684335,-0.008852183818817139,0.03013026714324951,True,0.4777179487179487,0.25212693214416504,0.2609791159629822,0.507770702368063,0.00031085312366485596,0.020967230200767517,False,0.5693525641025641,0.23441995680332184,0.23410910367965698,False,0.31651953601096633,0.5117498263774304,12,1.0,0.8269351865422373,0.20946958262973914,-0.013281255960464478,0.03455933928489685,True,0.17525641025641026,0.3064890503883362,0.31977030634880066,0.05483871131927591,-0.028469592332839966,0.04974767565727234,True,0.26980128205128207,0.278096079826355,0.30656567215919495,0.09264730516396485,-0.02281731367111206,0.044095396995544434,True,0.3525448717948718,0.28118306398391724,0.3040003776550293,0.18398258672871917,-0.01489594578742981,0.03617402911186218,True,0.4208076923076923,0.2790009081363678,0.2938968539237976,0.5699396975804961,0.0028160512447357178,0.018462032079696655,False,0.5614038461538462,0.1893496811389923,0.1865336298942566,1.4793929000006756,2.9802322387695312e-08,2.9103830456733704e-09,0.10095914017450314
1351500610,5589,Two men jumping excitedly at a rocky beach.,144779,Two males playing volleyball on the beach.,7034076961,0.34717458486557007,0.32281339168548584,0.02436119318008423,0.9195404394419916,14,0.00025379999988217605,0.6332879068282103,0.0054634809494018555,0.24944564700126648,0.24398216605186462,0.018897712230682373,False,0.177328,0.434178372458066,-0.0026482343673706055,0.2433837354183197,0.2460319697856903,0.027009427547454834,True,0.23504,0.01256429790504712,-0.043642520904541016,0.19032277166843414,0.23396529257297516,0.06800371408462524,True,0.3335786666666667,0.018194401227801492,-0.03988279402256012,0.20919059216976166,0.24907338619232178,0.06424398720264435,True,0.41582933333333333,0.3748907877660296,-0.0051129162311553955,0.21951960027217865,0.22463251650333405,0.029474109411239624,True,0.5502453333333334,0.4776189470720074,0.7614133333333334,10,False,0.6242641045017229,0.3965084497928775,0.00011869999980262946,0.5311907897632985,0.0012492537498474121,0.28599223494529724,0.28474298119544983,0.023111939430236816,False,0.15269333333333332,0.01293061382995839,-0.0433514267206192,0.2477378100156784,0.2910892367362976,0.06771261990070343,True,0.251232,0.03177900631193371,-0.034166544675827026,0.25294145941734314,0.28710800409317017,0.058527737855911255,True,0.32382933333333336,0.015791009985975223,-0.04132397472858429,0.24437351524829865,0.28569748997688293,0.06568516790866852,True,0.45205866666666666,0.05531938571326879,-0.028377234935760498,0.25849705934524536,0.28687429428100586,0.05273842811584473,True,0.5343093333333333,0.15906034673151012,0.45205866666666666,6,False,0.015791009985975223,0.2716858145525302,0.019838500000332715,False,0.2823674953596689,0.24474568410701575,14,1.0,0.9336889150717649,0.5311900476045345,0.0012492239475250244,0.023111969232559204,False,0.15269333333333332,0.28599226474761963,0.2847430408000946,0.01293053775430912,-0.04335148632526398,0.0677126795053482,True,0.251232,0.24773775041103363,0.2910892367362976,0.030290246919740346,-0.034661710262298584,0.05902290344238281,True,0.3806773333333333,0.24462610483169556,0.27928781509399414,0.036787775337337326,-0.032651081681251526,0.057012274861335754,True,0.45327466666666666,0.24667797982692719,0.2793290615081787,0.03719064444055245,-0.03253798186779022,0.05689917504787445,True,0.5136266666666667,0.24436937272548676,0.276907354593277,False,0.2761612399190972,0.2423450020905038,14,1.0,0.9336889150717649,0.49408302512218943,-0.00023669004440307617,0.024597883224487305,True,0.15625066666666668,0.30497807264328003,0.3052147626876831,0.01293053775430912,-0.04335148632526398,0.0677126795053482,True,0.251232,0.24773775041103363,0.2910892367362976,0.02334135271513457,-0.03733910620212555,0.06170029938220978,True,0.33348266666666665,0.24381573498249054,0.2811548411846161,0.036787775337337326,-0.032651081681251526,0.057012274861335754,True,0.45327466666666666,0.24667797982692719,0.2793290615081787,0.03719064444055245,-0.03253798186779022,0.05689917504787445,True,0.5136266666666667,0.24436937272548676,0.276907354593277,1.9834268000004158,2.9802322387695312e-08,3.725290298461914e-09,0.006206255440571684
4150353377,89726,Military Families are marching through New York on a rainy day.,124871,Men in hard hats and industrial equipment march with children and others in a parade.,4965629392,0.3254423141479492,0.294023334980011,0.03141897916793823,0.9585882874972134,8,0.0002334000000701053,0.966333964745556,0.03357020020484924,0.2748604416847229,0.24129024147987366,-0.0021512210369110107,False,0.3794054054054054,0.966333964745556,0.03357020020484924,0.2748604416847229,0.24129024147987366,-0.0021512210369110107,False,0.3794054054054054,0.966333964745556,0.03357020020484924,0.2748604416847229,0.24129024147987366,-0.0021512210369110107,False,0.3794054054054054,0.7619036008780256,0.011631444096565247,0.25162750482559204,0.2399960607290268,0.019787535071372986,False,0.5200420420420421,0.7619036008780256,0.011631444096565247,0.25162750482559204,0.2399960607290268,0.019787535071372986,False,0.5200420420420421,0.5549139431086026,0.8912192192192192,7,False,0.04307080715067209,0.9358660909436161,9.739999995872495e-05,0.7098637361003546,0.008947223424911499,0.2619478404521942,0.2530006170272827,0.022471755743026733,False,0.20663063063063064,0.7098637361003546,0.008947223424911499,0.2619478404521942,0.2530006170272827,0.022471755743026733,False,0.20663063063063064,0.8926337382307236,0.021179303526878357,0.270363450050354,0.24918414652347565,0.010239675641059875,False,0.34726726726726725,0.22984194217957232,-0.012092038989067078,0.23877157270908356,0.25086361169815063,0.04351101815700531,True,0.45604804804804805,0.08332448673731854,-0.02398011088371277,0.22322653234004974,0.2472066432237625,0.055399090051651,True,0.5766786786786787,0.5009240554691543,0.4943903903903904,5,False,0.300659735639767,0.6329386021599,0.11923010000009526,False,0.4711310293867528,0.3328205420045544,7,0.9616576576576576,0.10682080489706161,0.5245931315370234,0.0009845197200775146,0.030434459447860718,False,0.18932732732732732,0.26560160517692566,0.26461708545684814,0.4308990934330683,-0.0027818381786346436,0.034200817346572876,True,0.31541141141141144,0.2553675174713135,0.2581493556499481,0.4308990934330683,-0.0027818381786346436,0.034200817346572876,True,0.31541141141141144,0.2553675174713135,0.2581493556499481,0.16310850648866945,-0.016352787613868713,0.047771766781806946,True,0.6142702702702703,0.1975073665380478,0.2138601541519165,0.16310850648866945,-0.016352787613868713,0.047771766781806946,True,0.6142702702702703,0.1975073665380478,0.2138601541519165,False,0.7396059530058808,0.5990314389150397,7,0.9616576576576576,0.10682080489706161,0.5245931315370234,0.0009845197200775146,0.030434459447860718,False,0.18932732732732732,0.26560160517692566,0.26461708545684814,0.9920668175305659,0.04828736186027527,-0.016868382692337036,False,0.3137897897897898,0.30555975437164307,0.2572723925113678,0.9920668175305659,0.04828736186027527,-0.016868382692337036,False,0.3137897897897898,0.30555975437164307,0.2572723925113678,0.7587780201007884,0.011459916830062866,0.019959062337875366,False,0.4398738738738739,0.26982417702674866,0.2583642601966858,0.5877257490793107,0.003545716404914856,0.027873262763023376,False,0.7387327327327328,0.19331535696983337,0.18976964056491852,1.0601591000004191,5.960464477539063e-08,4.190951585769653e-09,-0.26847492361912806
4758483073,112127,A man tests model airplanes in an open field.,112201,A man in dark clothing watches a model airplane fly above an empty field.,4759256692,0.3682436943054199,0.34810754656791687,0.020136147737503052,0.8822191472520885,14,0.00024389999998675194,0.6956797470280947,0.008268088102340698,0.31295111775398254,0.30468302965164185,0.011868059635162354,False,0.1315568862275449,0.6912191232083225,0.008058249950408936,0.3346334397792816,0.3265751898288727,0.012077897787094116,False,0.24882634730538922,0.508644047339659,0.0003457963466644287,0.2840379476547241,0.2836921513080597,0.019790351390838623,False,0.33376646706586827,0.6515739759595907,0.006259649991989136,0.2592039406299591,0.25294429063796997,0.013876497745513916,False,0.461437125748503,0.48811856108722335,-0.00047534704208374023,0.23041346669197083,0.23088881373405457,0.020611494779586792,True,0.5955928143712574,0.5714621537109471,0.6910538922155689,9,False,0.44129764234102975,0.6490700420806969,0.00011260000019319705,0.934837779552759,0.026634931564331055,0.33244019746780396,0.3058052659034729,-0.006498783826828003,False,0.13326347305389222,0.7202854612768008,0.009458780288696289,0.2965729832649231,0.2871142029762268,0.010677367448806763,False,0.28879041916167664,0.6834595640701102,0.007697165012359619,0.29681774973869324,0.2891205847263336,0.012438982725143433,False,0.3649101796407186,0.5825056259419608,0.0033306777477264404,0.29102545976638794,0.2876947820186615,0.01680546998977661,False,0.40894011976047906,0.4044265267157086,-0.003870546817779541,0.2607048749923706,0.26457542181015015,0.024006694555282593,True,0.5438023952095808,0.4779189031887873,0.5977005988023952,9,False,0.15814941732764484,0.7311999812070294,0.12270950000038283,False,0.8989724649931364,0.7376235894397408,14,1.0,0.6591899226390467,0.9191360093551575,0.024306654930114746,-0.004170507192611694,False,0.12897005988023952,0.32769882678985596,0.3033921718597412,0.8946379866623552,0.021390169858932495,-0.0012540221214294434,False,0.20046107784431139,0.3361142575740814,0.3147240877151489,0.8836052352567836,0.020270228385925293,-0.0001340806484222412,False,0.3328562874251497,0.3215649127960205,0.3012946844100952,0.9302467855806533,0.025904864072799683,-0.005768716335296631,False,0.4670119760479042,0.3122030198574066,0.28629815578460693,0.85620583613974,0.01784127950668335,0.002294868230819702,False,0.5624730538922156,0.28902173042297363,0.2711804509162903,False,0.8857882709996583,0.6040203529526545,10,0.6989161676646707,0.18445061256906073,0.9226942354689124,0.0247952938079834,-0.004659146070480347,False,0.12343712574850299,0.34091535210609436,0.31612005829811096,0.9370787365011902,0.02700883150100708,-0.006872683763504028,False,0.2831676646706587,0.31003645062446594,0.28302761912345886,0.9116968813164971,0.02334532141685486,-0.0032091736793518066,False,0.36810778443113773,0.30833229422569275,0.2849869728088379,0.9136201214825109,0.02358660101890564,-0.003450453281402588,False,0.4220059880239521,0.27252909541130066,0.24894249439239502,0.661092169962732,0.006681650876998901,0.01345449686050415,False,0.5624910179640719,0.21616891026496887,0.20948725938796997,1.8713895999999295,2.9802322387695312e-08,3.259629011154175e-09,0.013184193993478144
2830561413,43703,3 kids and one female are playing with blocks in a room.,132035,"4 kids playing, one in a red dress one in a pink shirt, one in a white shirt and a little boy with his arm through a green toy.",5506383509,0.35967957973480225,0.32177650928497314,0.0379030704498291,0.9779103115240928,12,0.00023599999985890463,0.9849292120838558,0.04179811477661133,0.35799896717071533,0.316200852394104,-0.0038950443267822266,False,0.14037333333333332,0.9894517544486084,0.045411914587020874,0.34036046266555786,0.294948548078537,-0.0075088441371917725,False,0.20916266666666666,0.990612241204152,0.046589165925979614,0.2911784052848816,0.24458923935890198,-0.008686095476150513,False,0.42334933333333336,0.990612241204152,0.046589165925979614,0.2911784052848816,0.24458923935890198,-0.008686095476150513,False,0.42334933333333336,0.986246620503174,0.042726218700408936,0.2791331112384796,0.23640689253807068,-0.004823148250579834,False,0.5755733333333334,0.9462447531510445,0.9537493333333333,11,False,0.8079826319595118,0.9871681693104258,0.00010489999976925901,0.9820989571297216,0.04004833102226257,0.35084906220436096,0.3108007311820984,-0.0021452605724334717,False,0.10397333333333333,0.9856940274232137,0.04232668876647949,0.34706348180770874,0.30473679304122925,-0.004423618316650391,False,0.236896,0.9256755699920011,0.0252208411693573,0.32227522134780884,0.29705438017845154,0.012682229280471802,False,0.373264,0.8421542810786813,0.016743451356887817,0.3173016905784607,0.3005582392215729,0.021159619092941284,False,0.44205333333333335,0.8708725453694954,0.01908695697784424,0.3164251744747162,0.29733821749687195,0.018816113471984863,False,0.5088266666666666,0.9428629378360733,0.373264,4,False,0.9256755699920011,0.9453071629839599,0.11648739999964164,False,0.9262486006026479,0.9125370235845286,12,1.0,0.992193020123438,0.9784288221440299,0.03814589977264404,-0.0002428293228149414,False,0.160592,0.3572861850261688,0.3191402852535248,0.9753551909663898,0.03678235411643982,0.0011207163333892822,False,0.22938133333333333,0.33536604046821594,0.2985836863517761,0.7799779255194006,0.012655377388000488,0.025247693061828613,False,0.3657493333333333,0.28560671210289,0.2729513347148895,0.9298252028140515,0.025840073823928833,0.012062996625900269,False,0.43252266666666667,0.28509819507598877,0.25925812125205994,0.9123806649865414,0.023430556058883667,0.014472514390945435,False,0.5166133333333334,0.27160096168518066,0.248170405626297,False,0.9222177697039959,0.7717977014823356,12,1.0,0.992193020123438,0.9933618743178092,0.050082653760910034,-0.012179583311080933,False,0.127968,0.35615190863609314,0.3060692548751831,0.9848954215859168,0.04177537560462952,-0.003872305154800415,False,0.21074133333333334,0.3541882634162903,0.31241288781166077,0.9625722053941278,0.03247195482254028,0.005431115627288818,False,0.383504,0.3352656960487366,0.3027937412261963,0.5510818968019848,0.002050429582595825,0.035852640867233276,False,0.519872,0.2883439362049103,0.28629350662231445,0.5510818968019848,0.002050429582595825,0.035852640867233276,False,0.519872,0.2883439362049103,0.28629350662231445,1.8630462999999509,0.0,3.6088749766349792e-09,0.004030830898651971
3903017514,84692,A man is seen through the window that has intricate detail.,17062,A man is standing in the window of a subway car as people walk past.,211026975,0.32321977615356445,0.3135910630226135,0.009628713130950928,0.7236963213823021,14,0.00024140000004990725,0.8999661382686229,0.021968483924865723,0.2836799621582031,0.2617114782333374,-0.012339770793914795,False,0.12027027027027028,0.971252252458372,0.035200268030166626,0.27590125799179077,0.24070098996162415,-0.025571554899215698,False,0.2588108108108108,0.9558213799382209,0.030743300914764404,0.2641315758228302,0.2333882749080658,-0.021114587783813477,False,0.3718978978978979,0.8906263671687454,0.020971551537513733,0.2623436748981476,0.24137212336063385,-0.011342838406562805,False,0.43885285285285286,0.9204080865669474,0.02447904646396637,0.26351144909858704,0.23903240263462067,-0.014850333333015442,False,0.5146066066066066,0.9068830631346672,0.7384444444444445,10,False,0.8844247725655654,0.9067766966662868,0.00010950000023512985,0.1850831215096076,-0.014822810888290405,0.2794414460659027,0.2942642569541931,0.024451524019241333,True,0.140984984984985,0.15209480106415132,-0.017182648181915283,0.2800051271915436,0.29718777537345886,0.02681136131286621,True,0.20735135135135135,0.11433450460847554,-0.02047210931777954,0.26554572582244873,0.28601783514022827,0.03010082244873047,True,0.33721321321321324,0.2881680936289221,-0.009042978286743164,0.2557511031627655,0.26479408144950867,0.018671691417694092,True,0.4049189189189189,0.8941611604641373,0.02133968472480774,0.26410502195358276,0.24276533722877502,-0.011710971593856812,False,0.5426066066066066,0.6001442008333264,0.5426066066066066,8,False,0.8941611604641373,0.3456873122407234,0.11450090000016644,False,0.7892126938265871,0.780208293266,14,1.0,0.5607536071830681,0.7354580843856074,0.01022493839263916,-0.0005962252616882324,False,0.1441921921921922,0.2977217435836792,0.28749680519104004,0.5108843235552013,0.0004354417324066162,0.009193271398544312,False,0.22163963963963965,0.2938691973686218,0.2934337556362152,0.9346499022012347,0.02660413086414337,-0.016975417733192444,False,0.3405345345345345,0.267278790473938,0.24067465960979462,0.9512389788512156,0.029708340764045715,-0.020079627633094788,False,0.4074894894894895,0.2645454704761505,0.2348371297121048,0.8852353529545043,0.02042970061302185,-0.010800987482070923,False,0.5552552552552552,0.25124964118003845,0.2308199405670166,False,0.17075356823742402,0.43181944883135426,13,0.9292672672672673,0.842557750125379,0.2143715428456605,-0.012987732887268066,0.022616446018218994,True,0.1463903903903904,0.28860560059547424,0.3015933334827423,0.07941209197500612,-0.024503618478775024,0.03413233160972595,True,0.2073153153153153,0.27591845393180847,0.3004220724105835,0.04917468066573663,-0.02961951494216919,0.03924822807312012,True,0.3204024024024024,0.2681550085544586,0.2977745234966278,0.01681484113084033,-0.04068535566329956,0.05031406879425049,True,0.46459459459459457,0.2596074938774109,0.30029284954071045,0.014035322163365614,-0.0425204336643219,0.05214914679527283,True,0.530960960960961,0.25531744956970215,0.29783788323402405,1.8546809999998004,2.9802322387695312e-08,2.7939677238464355e-09,0.618459125589163
4257593776,91590,Three construction workers in orange vests speak to one another in front of railroad tracks.,133487,A person in a bright yellow vest and hard hat is standing by the railroad tracks.,567903453,0.37063366174697876,0.34346339106559753,0.027170270681381226,0.9380239271239825,12,0.00024470000016663107,0.6414460549875725,0.005816459655761719,0.3369975686073303,0.3311811089515686,0.021353811025619507,False,0.136736,0.9106856841478342,0.023220360279083252,0.35392481088638306,0.3307044506072998,0.003949910402297974,False,0.26266133333333336,0.6995523372835998,0.008451670408248901,0.3393482565879822,0.3308965861797333,0.018718600273132324,False,0.35749333333333333,0.8389614741343586,0.01650521159172058,0.288705438375473,0.27220022678375244,0.010665059089660645,False,0.456608,0.8646863444589276,0.01854771375656128,0.2779838740825653,0.25943616032600403,0.008622556924819946,False,0.549616,0.82521352347469,0.7889173333333334,8,False,0.9271167005542099,0.7960715900217079,0.00010669999983292655,0.6414460549875725,0.005816459655761719,0.3369975686073303,0.3311811089515686,0.021353811025619507,False,0.136736,0.7771556875379113,0.012491673231124878,0.34178057312965393,0.32928889989852905,0.014678597450256348,False,0.21008,0.8066827997417466,0.01428598165512085,0.34258878231048584,0.328302800655365,0.012884289026260376,False,0.303088,0.7473441629303689,0.010844975709915161,0.3355552852153778,0.32471030950546265,0.016325294971466064,False,0.42901333333333336,0.689400785604487,0.007973194122314453,0.3413848876953125,0.33341169357299805,0.019197076559066772,False,0.516864,0.7828699175021472,0.6828213333333333,7,False,0.8900270437742939,0.763485509287673,0.019749500000216358,False,0.7007059366191732,0.7195293425942375,12,1.0,0.15628422091190994,0.6414467404198771,0.0058164894580841064,0.02135378122329712,False,0.136736,0.3369976282119751,0.331181138753891,0.41490851145020863,-0.0034371018409729004,0.030607372522354126,True,0.231568,0.32101601362228394,0.32445311546325684,0.6995517109013988,0.008451640605926514,0.018718630075454712,False,0.35749333333333333,0.3393482565879822,0.33089661598205566,0.8389622794219944,0.016505271196365356,0.01066499948501587,False,0.456608,0.2887055277824402,0.27220025658607483,0.9144220380442881,0.02368864417076111,0.003481626510620117,False,0.5444586666666666,0.29411211609840393,0.2704234719276428,False,0.6943475528865712,0.7395846217863099,12,1.0,0.15628422091190994,0.41490851145020863,-0.0034371018409729004,0.030607372522354126,True,0.231568,0.32101601362228394,0.32445311546325684,0.41490851145020863,-0.0034371018409729004,0.030607372522354126,True,0.231568,0.32101601362228394,0.32445311546325684,0.7647895305616664,0.011791199445724487,0.015379071235656738,False,0.3306826666666667,0.2859940528869629,0.2742028534412384,0.8174417670196927,0.01499110460281372,0.012179166078567505,False,0.411056,0.29158198833465576,0.27659088373184204,0.715767947934071,0.009235650300979614,0.01793462038040161,False,0.504064,0.2908634841442108,0.2816278338432312,1.925280900000871,2.9802322387695312e-08,3.3760443329811096e-09,0.006358383732602002
450697885,98622,"A group of people stand, talking at a soccer game.",75388,Three players bring a team opponent to the ground.,3601491447,0.2843446731567383,0.2801624536514282,0.004182219505310059,0.6030577000550648,13,0.0002482000004420115,0.5931463092746331,0.0037698745727539062,0.2625471353530884,0.2587772607803345,0.00041234493255615234,False,0.11668266666666667,0.5765602515523962,0.003086686134338379,0.2604726552963257,0.2573859691619873,0.0010955333709716797,False,0.21455466666666667,0.47722444595244184,-0.0009116530418395996,0.2544018030166626,0.2553134560585022,0.005093872547149658,True,0.32142933333333334,0.4647495310526374,-0.0014123618602752686,0.2501627504825592,0.2515751123428345,0.005594581365585327,True,0.46950933333333333,0.34018868850332273,-0.006624534726142883,0.24606700241565704,0.2526915371417999,0.010806754231452942,True,0.5272266666666666,0.4079673397447642,0.756272,9,False,0.3064668531954922,0.5240886998671389,0.00011189999986527255,0.701261763635554,0.008533135056495667,0.25667256116867065,0.248139426112175,-0.004350915551185608,False,0.13491733333333333,0.6562418837329161,0.006465911865234375,0.26575496792793274,0.25928905606269836,-0.0022836923599243164,False,0.23278933333333332,0.5996984718660753,0.004042088985443115,0.2628002464771271,0.25875815749168396,0.00014013051986694336,False,0.339664,0.44760978501139004,-0.0021033287048339844,0.25745049118995667,0.25955381989479065,0.006285548210144043,True,0.4563466666666667,0.31947160570238875,-0.007562011480331421,0.2594020962715149,0.2669641077518463,0.01174423098564148,True,0.5152266666666667,0.5160872149505067,0.4563466666666667,5,False,0.44760978501139004,0.5923932316605449,0.029685699999390636,False,0.5995938268015326,0.7134918583811405,13,1.0,0.8473077481523641,0.6437567674957358,0.005917072296142578,-0.0017348527908325195,False,0.15784533333333334,0.26303109526634216,0.2571140229701996,0.6060686032118953,0.004308164119720459,-0.0001259446144104004,False,0.274528,0.25325247645378113,0.24894431233406067,0.6689854655278564,0.007036000490188599,-0.00285378098487854,False,0.38140266666666667,0.2636074423789978,0.2565714418888092,0.645532481563993,0.005994588136672974,-0.001812368631362915,False,0.44706666666666667,0.2657468020915985,0.25975221395492554,0.34094768015471466,-0.006590738892555237,0.010772958397865295,True,0.5839093333333333,0.24662090837955475,0.25321164727211,False,0.6280203977545176,0.5154685949199919,13,1.0,0.8473077481523641,0.701261763635554,0.008533135056495667,-0.004350915551185608,False,0.13491733333333333,0.25667259097099304,0.24813945591449738,0.6468618132603978,0.006052732467651367,-0.0018705129623413086,False,0.22350933333333334,0.255021870136261,0.24896913766860962,0.5243151463703205,0.0009733736515045166,0.003208845853805542,False,0.39790933333333334,0.2516397535800934,0.25066637992858887,0.7329310427518373,0.010095447301864624,-0.005913227796554565,False,0.504784,0.2619292438030243,0.25183379650115967,0.7329310427518373,0.010095447301864624,-0.005913227796554565,False,0.504784,0.2619292438030243,0.25183379650115967,1.9876886000001832,2.9802322387695312e-08,2.7939677238464355e-09,-0.028426570952984953
7099368287,145219,"Two football players, jumping in attempt to win a header.",145421,One soccer player in an orange uniform getting hit in the face by a ball kicked by a player in blue.,7130336193,0.3118669390678406,0.3057680130004883,0.006098926067352295,0.6479163038358973,13,0.00026170000001002336,0.5174555740630925,0.0006985068321228027,0.3106640577316284,0.3099655508995056,0.005400419235229492,False,0.11459139784946236,0.5667007271322154,0.0026840269565582275,0.2805376946926117,0.27785366773605347,0.0034148991107940674,False,0.22980645161290322,0.5390440915920134,0.0015649497509002686,0.2882920205593109,0.28672707080841064,0.004533976316452026,False,0.36353763440860215,0.10391458167006844,-0.021544665098190308,0.2611837387084961,0.2827284038066864,0.027643591165542603,True,0.4818010752688172,0.03872443487526065,-0.03211790323257446,0.22793719172477722,0.2600550949573517,0.03821682929992676,True,0.5555752688172043,0.4877538895170883,0.8099354838709677,10,False,0.9761155505421616,0.4435824384387103,0.00010950000023512985,0.47377569077079135,-0.0010499358177185059,0.308043509721756,0.3090934455394745,0.007148861885070801,True,0.167747311827957,0.29947641630432464,-0.008497923612594604,0.2988048493862152,0.3073027729988098,0.0145968496799469,True,0.23979569892473118,0.09049599363409612,-0.02307593822479248,0.2729022800922394,0.29597821831703186,0.029174864292144775,True,0.3111827956989247,0.056455790638655745,-0.028161853551864624,0.26523709297180176,0.2933989465236664,0.03426077961921692,True,0.46323655913978495,0.05474409837034978,-0.028487861156463623,0.26721295714378357,0.2957008183002472,0.03458678722381592,True,0.5197903225806452,0.185589844765233,0.46323655913978495,6,False,0.056455790638655745,0.28890950168640667,0.11411210000005667,False,0.35572830817320816,0.29651141098582406,13,1.0,0.9160943491583317,0.376845570148856,-0.005029588937759399,0.011128515005111694,True,0.15137096774193548,0.30682358145713806,0.31185317039489746,0.5675091867635685,0.002716958522796631,0.003381967544555664,False,0.22344086021505377,0.30164772272109985,0.2989307641983032,0.16682266979098154,-0.01608315110206604,0.022182077169418335,True,0.33803225806451614,0.275276243686676,0.29135939478874207,0.1323260102095897,-0.018805474042892456,0.02490440011024475,True,0.5001236559139784,0.266381174325943,0.28518664836883545,0.1323260102095897,-0.018805474042892456,0.02490440011024475,True,0.5001236559139784,0.266381174325943,0.28518664836883545,False,0.27095651539333304,0.21120624076943487,13,1.0,0.9160943491583317,0.5174555740630925,0.0006985068321228027,0.005400419235229492,False,0.11459139784946236,0.3106640577316284,0.3099655508995056,0.18516809218535257,-0.01481717824935913,0.020916104316711426,True,0.26596236559139785,0.27873796224594116,0.2935551404953003,0.16682266979098154,-0.01608315110206604,0.022182077169418335,True,0.33803225806451614,0.275276243686676,0.29135939478874207,0.046464521345805226,-0.03021487593650818,0.036313802003860474,True,0.41180645161290325,0.25816988945007324,0.2883847653865814,0.03545372500077396,-0.033034294843673706,0.039133220911026,True,0.5375430107526882,0.2537165582180023,0.286750853061676,1.979611599999771,5.960464477539063e-08,3.725290298461914e-09,0.08477179277987512
1159381599,2435,Person in a brown sweatshirt does a flip in midair over a trampoline with a river and electrical lines in the background.,6534,A person upside down on a water board.,1396064003,0.3628133535385132,0.3280598521232605,0.034753501415252686,0.9699782095789403,15,0.0002632999999150343,0.20600089862509813,-0.013492017984390259,0.28037381172180176,0.293865829706192,0.048245519399642944,True,0.18047904191616768,0.3307981052343487,-0.007045775651931763,0.28878289461135864,0.2958286702632904,0.04179927706718445,True,0.2309880239520958,0.677815275841051,0.00743749737739563,0.2832282483577728,0.2757907509803772,0.027316004037857056,False,0.3788622754491018,0.8018033645508528,0.013976037502288818,0.28833532333374023,0.2743592858314514,0.020777463912963867,False,0.4697245508982036,0.6785229683429918,0.007469922304153442,0.2684231102466583,0.2609531879425049,0.027283579111099243,False,0.5503473053892216,0.34609656506996467,0.7792335329341318,11,False,0.04309046461661209,0.5835317075764385,0.00011189999986527255,0.1268797915680973,-0.019288331270217896,0.2660262882709503,0.2853146195411682,0.05404183268547058,True,0.1735748502994012,0.1268797915680973,-0.019288331270217896,0.2660262882709503,0.2853146195411682,0.05404183268547058,True,0.23474251497005988,0.14901530883166894,-0.01742345094680786,0.2744094729423523,0.29183292388916016,0.05217695236206055,True,0.3398682634730539,0.05819597783072526,-0.02783980965614319,0.2659095525741577,0.2937493622303009,0.06259331107139587,True,0.4448502994011976,0.8999631869119872,0.021968156099319458,0.2878604233264923,0.26589226722717285,0.012785345315933228,False,0.5891736526946107,0.35666750058584407,0.39037724550898206,7,False,0.40312289700758686,0.33517344840026453,0.020228600000336883,False,0.7973148214086829,0.635094961333091,14,0.9388323353293413,0.1845566619662271,0.721766140999078,0.009532392024993896,0.02522110939025879,False,0.13578443113772454,0.32790666818618774,0.31837427616119385,0.8867677833813438,0.020581424236297607,0.014172077178955078,False,0.28365868263473054,0.33766821026802063,0.317086786031723,0.8231689529136512,0.015379667282104492,0.019373834133148193,False,0.3214491017964072,0.2872582972049713,0.2718786299228668,0.7426193599333072,0.010596275329589844,0.024157226085662842,False,0.48776646706586824,0.27762240171432495,0.2670261263847351,0.558924986690878,0.0023680031299591064,0.03238549828529358,False,0.5382754491017964,0.26952120661735535,0.26715320348739624,False,0.732430439261383,0.5570560333326112,13,0.8883233532934132,0.067204713197461,0.721766140999078,0.009532392024993896,0.02522110939025879,False,0.13578443113772454,0.32790666818618774,0.31837427616119385,0.28079961656058616,-0.009404987096786499,0.044158488512039185,True,0.22703592814371257,0.2770977318286896,0.2865027189254761,0.8231689529136512,0.015379667282104492,0.019373834133148193,False,0.3214491017964072,0.2872582972049713,0.2718786299228668,0.8348132963275507,0.016201317310333252,0.018552184104919434,False,0.45235329341317365,0.2873121201992035,0.27111080288887024,0.8572017050304855,0.017922401428222656,0.01683109998703003,False,0.5411497005988024,0.28029900789260864,0.262376606464386,1.840707399999701,5.960464477539063e-08,3.259629011154175e-09,0.06488438214729997
2837640996,44055,A man wearing a green t-shirt sits with his legs on a ledge and talks on the phone.,132234,A boat captain steering a large green wheel.,5522182662,0.3650916814804077,0.3098606467247009,0.05523103475570679,0.9960224489300974,11,0.00023590000000695,0.9945240094833376,0.0520189106464386,0.3265514075756073,0.2745324969291687,0.0032121241092681885,False,0.18273839662447258,0.4268050704899507,-0.0029489845037460327,0.21801094710826874,0.22095993161201477,0.05818001925945282,True,0.35573417721518985,0.4268050704899507,-0.0029489845037460327,0.21801094710826874,0.22095993161201477,0.05818001925945282,True,0.35573417721518985,0.06950397318244518,-0.025943338871002197,0.2237192541360855,0.2496625930070877,0.08117437362670898,True,0.4240717299578059,0.6088695719678718,0.00442562997341156,0.21210728585720062,0.20768165588378906,0.05080540478229523,False,0.5170210970464135,0.5273882230383696,0.7809367088607595,9,False,0.11586036376843531,0.683341688607924,0.00010960000008708448,0.977071339571364,0.03752171993255615,0.3172900974750519,0.2797683775424957,0.017709314823150635,False,0.1729957805907173,0.39029716312205304,-0.004460632801055908,0.30041587352752686,0.30487650632858276,0.059691667556762695,True,0.24133333333333334,0.06950397318244518,-0.025943338871002197,0.2237192541360855,0.2496625930070877,0.08117437362670898,True,0.4240717299578059,0.06950397318244518,-0.025943338871002197,0.2237192541360855,0.2496625930070877,0.08117437362670898,True,0.4240717299578059,0.07835632615695153,-0.024648919701576233,0.2145274579524994,0.23917637765407562,0.07987995445728302,True,0.5196244725738397,0.33817620012846894,0.6200253164556963,7,False,0.16271773234837056,0.5128042701611598,0.07733360000020184,False,0.6453470772050038,0.5846770276531595,11,1.0,0.8673470392872812,0.9770712060390744,0.03752166032791138,0.01770937442779541,False,0.1729957805907173,0.3172900080680847,0.27976834774017334,0.4268028832169651,-0.002949073910713196,0.05818010866641998,True,0.35573417721518985,0.2180107831954956,0.2209598571062088,0.4268028832169651,-0.002949073910713196,0.05818010866641998,True,0.35573417721518985,0.2180107831954956,0.2209598571062088,0.1466120158008667,-0.017614245414733887,0.07284528017044067,True,0.4192151898734177,0.19911518692970276,0.21672943234443665,0.5211830967378681,0.0008478313684463501,0.05438320338726044,False,0.5688396624472574,0.17820432782173157,0.17735649645328522,False,0.6117142504673104,0.42191301997274155,11,1.0,0.8673470392872812,0.9770712060390744,0.03752166032791138,0.01770937442779541,False,0.1729957805907173,0.3172900080680847,0.27976834774017334,0.4268028832169651,-0.002949073910713196,0.05818010866641998,True,0.35573417721518985,0.2180107831954956,0.2209598571062088,0.4268028832169651,-0.002949073910713196,0.05818010866641998,True,0.35573417721518985,0.2180107831954956,0.2209598571062088,0.14553619393305356,-0.017700493335723877,0.07293152809143066,True,0.45128691983122365,0.19835737347602844,0.21605786681175232,0.07373260525520438,-0.025307178497314453,0.08053821325302124,True,0.5513206751054852,0.19338741898536682,0.21869459748268127,2.280069100000219,2.9802322387695312e-08,3.3760443329811096e-09,0.03363282673769341
5566972,132561,A man in a black shirt uses a yellow bulldozer.,14017,A man using a bulldozer on a construction site.,196521598,0.3645506501197815,0.357083261013031,0.007467389106750488,0.6784677093233874,13,0.00023989999999685097,0.526647805112756,0.0010669231414794922,0.3424113392829895,0.34134441614151,0.006400465965270996,False,0.1806269592476489,0.2695391101963403,-0.009969621896743774,0.2959964871406555,0.3059661090373993,0.017437011003494263,True,0.23941692789968652,0.21164429534158155,-0.013150423765182495,0.26649680733680725,0.27964723110198975,0.020617812871932983,True,0.3136238244514107,0.09630907955484422,-0.0223892480134964,0.23794437944889069,0.2603336274623871,0.029856637120246887,True,0.4498871473354232,0.17755601933134796,-0.015329942107200623,0.21592824161052704,0.23125818371772766,0.02279733121395111,True,0.5115297805642633,0.3232604989795318,0.6585141065830721,9,False,0.35284040288488405,0.35094320169357074,0.00011339999991832883,0.4004632273391318,-0.004035353660583496,0.3433459401130676,0.3473812937736511,0.011502742767333984,True,0.16522257053291536,0.22783265998305433,-0.012205898761749268,0.32858389616012573,0.340789794921875,0.019673287868499756,True,0.22401253918495298,0.2117626661636896,-0.013143330812454224,0.28202423453330994,0.29516756534576416,0.020610719919204712,True,0.3104514106583072,0.06795852458480381,-0.026184797286987305,0.25095462799072266,0.27713942527770996,0.03365218639373779,True,0.4688275862068966,0.12548276498030295,-0.019415035843849182,0.2235349863767624,0.24295002222061157,0.02688242495059967,True,0.5304702194357367,0.22710401012418008,0.5304702194357367,7,False,0.12548276498030295,0.29165140071725854,0.11702520000017103,False,0.32180128871317887,0.4394338204441659,12,0.9347711598746081,0.8746773976187514,0.47642820301402694,-0.0009435713291168213,0.00841096043586731,True,0.16839498432601882,0.3434700667858124,0.3444136381149292,0.13003503000391775,-0.01900649070739746,0.02647387981414795,True,0.24962382445141065,0.302059531211853,0.3210660219192505,0.10083813699719246,-0.021879464387893677,0.029346853494644165,True,0.3084137931034483,0.29019105434417725,0.3120705187320709,0.1995370116349631,-0.013891905546188354,0.021359294652938843,True,0.443692789968652,0.2566507160663605,0.27054262161254883,0.24312288642090846,-0.011356338858604431,0.01882372796535492,True,0.5053354231974921,0.22690941393375397,0.2382657527923584,False,0.28052477596179043,0.49670384442049176,13,1.0,0.750984352575696,0.2958118252863215,-0.008673220872879028,0.016140609979629517,True,0.17541692789968652,0.33995234966278076,0.3486255705356598,0.15042513439870683,-0.017312705516815186,0.024780094623565674,True,0.23420689655172414,0.3243474066257477,0.34166011214256287,0.10083813699719246,-0.021879464387893677,0.029346853494644165,True,0.3084137931034483,0.29019105434417725,0.3120705187320709,0.24312288642090846,-0.011356338858604431,0.01882372796535492,True,0.5053354231974921,0.22690941393375397,0.2382657527923584,0.24312288642090846,-0.011356338858604431,0.01882372796535492,True,0.5053354231974921,0.22690941393375397,0.2382657527923584,1.8015745000002426,5.960464477539063e-08,2.6775524020195007e-09,0.04127651275138844
1253095131,3742,2 blond girls are sitting on a ledge in a crowded plaza.,104732,"People sitting on concrete benches and walking, with a headless mannequin next to a lamp.",4639459528,0.3205699026584625,0.29422807693481445,0.02634182572364807,0.9330293736234258,12,0.00024389999998675194,0.12551727189735654,-0.01941189169883728,0.26284515857696533,0.2822570502758026,0.04575371742248535,True,0.23286027397260273,0.12551727189735654,-0.01941189169883728,0.26284515857696533,0.2822570502758026,0.04575371742248535,True,0.23286027397260273,0.016438413864838432,-0.0409155935049057,0.23913313448429108,0.2800487279891968,0.06725741922855377,True,0.3231013698630137,0.013356920786100407,-0.04302273690700531,0.23558737337589264,0.27861011028289795,0.06936456263065338,True,0.4168164383561644,0.011527839176682647,-0.04451395571231842,0.2269759625196457,0.2714899182319641,0.07085578143596649,True,0.5607945205479452,0.16239838458616376,0.6953095890410959,8,False,0.018175830830885586,0.23687716324603725,0.00010380000003351597,0.12551727189735654,-0.01941189169883728,0.26284515857696533,0.2822570502758026,0.04575371742248535,True,0.23286027397260273,0.12551727189735654,-0.01941189169883728,0.26284515857696533,0.2822570502758026,0.04575371742248535,True,0.23286027397260273,0.016438413864838432,-0.0409155935049057,0.23913313448429108,0.2800487279891968,0.06725741922855377,True,0.3231013698630137,0.14740203517101205,-0.0175512433052063,0.2393285632133484,0.2568798065185547,0.04389306902885437,True,0.4548054794520548,0.022538454945459623,-0.037697359919548035,0.23034517467021942,0.26804253458976746,0.0640391856431961,True,0.5485205479452054,0.18012115917953692,0.5485205479452054,6,False,0.022538454945459623,0.27055335007742864,0.11884780000036699,False,0.2610929822286667,0.27734220570023066,11,0.9243671232876712,0.8665741423231968,0.19862606926821705,-0.013949036598205566,0.04029086232185364,True,0.2237972602739726,0.2623255252838135,0.27627456188201904,0.19862606926821705,-0.013949036598205566,0.04029086232185364,True,0.2237972602739726,0.2623255252838135,0.27627456188201904,0.016438389772371654,-0.040915608406066895,0.06725743412971497,True,0.3231013698630137,0.23913317918777466,0.28004878759384155,0.038137171590786216,-0.03227682411670685,0.05861864984035492,True,0.40154520547945205,0.23320327699184418,0.265480101108551,0.021936986664885864,-0.037973999977111816,0.06431582570075989,True,0.5513315068493151,0.22392338514328003,0.26189738512039185,False,0.31288868579750756,0.21828446285313718,8,0.7025095890410958,0.09699719692439025,0.49142298799938766,-0.00034311413764953613,0.026684939861297607,True,0.18954520547945206,0.28207120299339294,0.2824143171310425,0.016438389772371654,-0.040915608406066895,0.06725743412971497,True,0.3231013698630137,0.23913317918777466,0.28004878759384155,0.016438389772371654,-0.040915608406066895,0.06725743412971497,True,0.3231013698630137,0.23913317918777466,0.28004878759384155,0.013151554215162379,-0.04317976534366608,0.06952159106731415,True,0.4728876712328767,0.23497585952281952,0.2781556248664856,0.021936986664885864,-0.037973999977111816,0.06431582570075989,True,0.5513315068493151,0.22392338514328003,0.26189738512039185,1.6929624000003969,5.960464477539063e-08,3.4924596548080444e-09,-0.051795703568840834
3927465948,85157,An Asian woman and her two children sit at a table doing crafts.,18855,"A Indian lady sitting making a clothing piece with a young child and older lady looking upon her, young child in the background playing.",217949158,0.350908100605011,0.30425500869750977,0.04665309190750122,0.9906715039271929,14,0.00026879999995799153,0.7521095562084563,0.0110989511013031,0.32660409808158875,0.31550514698028564,0.03555414080619812,False,0.14975375375375374,0.5991259879051098,0.004018247127532959,0.29797619581222534,0.2939579486846924,0.04263484477996826,False,0.23555555555555555,0.3938709184644092,-0.004310697317123413,0.2660345137119293,0.27034521102905273,0.050963789224624634,True,0.3164984984984985,0.7195848123162145,0.009424030780792236,0.2644194960594177,0.2549954652786255,0.037229061126708984,False,0.4128888888888889,0.3394579138241497,-0.006657108664512634,0.22422081232070923,0.23087792098522186,0.053310200572013855,True,0.5689369369369369,0.5395272332197306,0.7846666666666666,11,False,0.3733639165756215,0.6414511674354355,0.0001173999999082298,0.735769337066054,0.010240942239761353,0.30115756392478943,0.2909166216850281,0.03641214966773987,False,0.17894894894894894,0.7547620189920046,0.011241734027862549,0.2753777503967285,0.26413601636886597,0.03541135787963867,False,0.2647507507507508,0.9466070764875925,0.028752058744430542,0.28747472167015076,0.2587226629257202,0.01790103316307068,False,0.3149249249249249,0.9094684326745255,0.023071616888046265,0.27681201696395874,0.2537404000759125,0.023581475019454956,False,0.4001141141141141,0.45062661165999196,-0.001981392502784729,0.2455640286207199,0.24754542112350464,0.04863448441028595,True,0.5395015015015016,0.538313983608151,0.6275375375375375,9,False,0.24310204764103566,0.806204894099473,0.11935230000017327,False,0.5773141810472199,0.38635830816520755,13,0.9454234234234234,0.3759005334410196,0.9963927679782248,0.056212007999420166,-0.009558916091918945,False,0.1518018018018018,0.325530081987381,0.2693180739879608,0.9945056223182774,0.051985204219818115,-0.0053321123123168945,False,0.20354954954954954,0.3204141855239868,0.2684289813041687,0.14362253132285624,-0.01785522699356079,0.06450831890106201,True,0.3873573573573574,0.24794182181358337,0.26579704880714417,0.03661744875888177,-0.032699257135391235,0.07935234904289246,True,0.46153153153153154,0.258749783039093,0.29144904017448425,0.010675092262547122,-0.04529109597206116,0.09194418787956238,True,0.5467207207207208,0.23893225193023682,0.284223347902298,False,0.38832352305878515,0.24190489498459064,13,0.9235375375375375,0.2017205559139256,0.44669549747084897,-0.0021403133869171143,0.048793405294418335,True,0.1721801801801802,0.32074424624443054,0.32288455963134766,0.2888495903661106,-0.009009778499603271,0.05566287040710449,True,0.25981981981981983,0.3007756471633911,0.3097854256629944,0.19306171389003401,-0.014302372932434082,0.0609554648399353,True,0.34562162162162163,0.27445510029792786,0.28875747323036194,0.2526991697412691,-0.010842680931091309,0.05749577283859253,True,0.42656456456456454,0.252352774143219,0.2631954550743103,0.05016457654823519,-0.029409795999526978,0.0760628879070282,True,0.5491711711711712,0.25260764360427856,0.28201743960380554,2.0242574000003515,2.9802322387695312e-08,4.0745362639427185e-09,0.18899065798843473
3246281818,60420,Two children climb an indoor rock walk as two other children are on belay.,110394,Two people are looking at an inflatable climbing wall.,4730076543,0.3456273674964905,0.3024556338787079,0.04317173361778259,0.9868380176593623,14,0.0002441999999973632,0.5176535152114489,0.0007064342498779297,0.317280650138855,0.31657421588897705,0.04246529936790466,False,0.1776987951807229,0.689497137921012,0.007977694272994995,0.3177008628845215,0.3097231686115265,0.0351940393447876,False,0.27319277108433737,0.8957780931745364,0.021511703729629517,0.31265804171562195,0.29114633798599243,0.021660029888153076,False,0.3279578313253012,0.8491206911663381,0.01727721095085144,0.31453973054885864,0.2972625195980072,0.025894522666931152,False,0.40822289156626507,0.7424618259702008,0.010588034987449646,0.2423936128616333,0.23180557787418365,0.03258369863033295,False,0.564144578313253,0.6060351100503617,0.7692409638554217,11,False,0.3473003536284392,0.7601387227146946,0.00011679999988700729,0.9580727423566897,0.031289875507354736,0.3363049030303955,0.30501502752304077,0.011881858110427856,False,0.1123433734939759,0.6824496662047156,0.007650524377822876,0.31273505091667175,0.3050845265388489,0.03552120923995972,False,0.2711204819277108,0.516518628957317,0.0006609857082366943,0.3041316866874695,0.3034707009792328,0.0425107479095459,False,0.30784939759036145,0.5148989843204996,0.0005961358547210693,0.29404348134994507,0.293447345495224,0.04257559776306152,False,0.42725903614457833,0.26833324311335527,-0.010030955076217651,0.29503312706947327,0.3050640821456909,0.053202688694000244,True,0.5852951807228916,0.47562866888050914,0.5852951807228916,8,False,0.26833324311335527,0.6577469599650464,0.12329850000060105,False,0.8867835404261418,0.8538013081082855,13,0.9374578313253012,0.5472192278099016,0.8788488830497853,0.01981574296951294,0.023355990648269653,False,0.16084939759036146,0.32281172275543213,0.3029959797859192,0.8616540799376238,0.018290966749191284,0.02488076686859131,False,0.2316566265060241,0.3149784505367279,0.2966874837875366,0.8529298720018486,0.017577677965164185,0.025594055652618408,False,0.3167710843373494,0.30056557059288025,0.28298789262771606,0.8431047196500324,0.016815125942230225,0.026356607675552368,False,0.43376506024096384,0.29041749238967896,0.27360236644744873,0.9520534881800017,0.02988535165786743,0.013286381959915161,False,0.5085602409638554,0.3154774010181427,0.28559204936027527,False,0.9300600104121806,0.7091906928133984,14,1.0,0.9143633659455893,0.9608534703206083,0.032005101442337036,0.011166632175445557,False,0.12956024096385543,0.3285808265209198,0.29657572507858276,0.91519916153382,0.023788362741470337,0.019383370876312256,False,0.20036746987951806,0.32196784019470215,0.2981794774532318,0.9519113983114368,0.029854267835617065,0.013317465782165527,False,0.3809759036144578,0.3076370060443878,0.27778273820877075,0.8788184174283276,0.01981288194656372,0.023358851671218872,False,0.4743975903614458,0.30588728189468384,0.2860743999481201,0.8131320482207524,0.014704912900924683,0.02846682071685791,False,0.5397530120481928,0.2906489074230194,0.2759439945220947,2.0310544999993,2.9802322387695312e-08,3.841705620288849e-09,-0.043276469986038735
2833502675,43881,A brown-haired man in a green shirt plays a trumpet outdoors.,30029,A street musician playing.,2470317702,0.3537827432155609,0.30053579807281494,0.05324694514274597,0.9951537619432868,12,0.00024429999984931783,0.9918417288398881,0.04800531268119812,0.3256620466709137,0.2776567339897156,0.0052416324615478516,False,0.1545988023952096,0.9865616736426224,0.04296115040779114,0.3232397735118866,0.28027862310409546,0.010285794734954834,False,0.22768263473053893,0.9273840805959886,0.02547183632850647,0.2949947118759155,0.26952287554740906,0.027775108814239502,False,0.35417365269461076,0.8025109211004047,0.01402062177658081,0.281254380941391,0.2672337591648102,0.03922632336616516,False,0.426185628742515,0.7390040334749262,0.010407984256744385,0.2766653597354889,0.2662573754787445,0.04283896088600159,False,0.5261017964071856,0.621089697727137,0.9630119760479042,11,False,0.47697388811496927,0.9242211329705566,0.00010840000004463946,0.982962901787429,0.04055178165435791,0.3354427218437195,0.2948909401893616,0.012695163488388062,False,0.1995748502994012,0.95044070076129,0.029537558555603027,0.3086634874343872,0.2791259288787842,0.023709386587142944,False,0.287437125748503,0.9334973133809373,0.02641695737838745,0.3081972002983093,0.2817802429199219,0.02682998776435852,False,0.36022155688622753,0.90383206061709,0.0224054753780365,0.29990625381469727,0.27750077843666077,0.030841469764709473,False,0.4415808383233533,0.8353624459106538,0.01624119281768799,0.29087287187576294,0.27463167905807495,0.03700575232505798,False,0.541497005988024,0.6561618341417652,0.7596646706586826,9,False,0.11202324352353488,0.9464820394117565,0.11022440000033384,False,0.9649333280429275,0.8079348973889139,9,0.7836766467065869,0.5529851687665909,0.9921345955509677,0.04837384819984436,0.004873096942901611,False,0.19850299401197605,0.33256518840789795,0.2841913402080536,0.9674895615671514,0.0339314341545105,0.019315510988235474,False,0.2863652694610778,0.31221112608909607,0.27827969193458557,0.9607395313997862,0.031974852085113525,0.021272093057632446,False,0.3677245508982036,0.3145758807659149,0.2826010286808014,0.930573083691069,0.025955259799957275,0.027291685342788696,False,0.44080838323353294,0.3083132207393646,0.28235796093940735,0.8473100615849013,0.017136573791503906,0.036110371351242065,False,0.5135928143712575,0.29635125398635864,0.27921468019485474,False,0.9371094244401424,0.7656653290714731,11,0.9630119760479042,0.4769735163760145,0.9944285028089189,0.051845043897628784,0.0014019012451171875,False,0.12649101796407186,0.3452617824077606,0.29341673851013184,0.9674895615671514,0.0339314341545105,0.019315510988235474,False,0.2863652694610778,0.31221112608909607,0.27827969193458557,0.955972023619476,0.03077903389930725,0.02246791124343872,False,0.3594491017964072,0.31067192554473877,0.2798928916454315,0.7666255188411222,0.011893540620803833,0.04135340452194214,False,0.43223353293413175,0.2974979281425476,0.2856043875217438,0.8473100615849013,0.017136573791503906,0.036110371351242065,False,0.5135928143712575,0.29635125398635864,0.27921468019485474,1.5859466000001703,0.0,2.764863893389702e-09,0.027823903602785083
97234558,154716,The baby walks on the gold and sandy-colored beach with water splashing behind him.,3772,A young boy plays in the water with the mountains in the background.,1255504166,0.3198084831237793,0.3048937916755676,0.01491469144821167,0.8162986807860235,14,0.000262999999904423,0.8890010437946995,0.020805776119232178,0.29452863335609436,0.2737228572368622,-0.005891084671020508,False,0.14975776397515528,0.9283726775061916,0.025619566440582275,0.27173465490341187,0.2461150884628296,-0.010704874992370605,False,0.2283167701863354,0.853055998838298,0.017587736248970032,0.26210805773735046,0.24452032148838043,-0.002673044800758362,False,0.30753416149068324,0.9483775392666449,0.0291079580783844,0.26118913292884827,0.23208117485046387,-0.01419326663017273,False,0.4117080745341615,0.9040823909267112,0.022434309124946594,0.25365325808525085,0.23121894896030426,-0.007519617676734924,False,0.5303354037267081,0.9253671997273141,0.7371614906832298,10,False,0.9732470494579454,0.8925368999598057,0.00011170000016136328,0.966658888391624,0.03367054462432861,0.31010907888412476,0.27643853425979614,-0.018755853176116943,False,0.1611304347826087,0.9697555017476438,0.03467729687690735,0.30745863914489746,0.2727813422679901,-0.01976260542869568,False,0.22326708074534163,0.930001762197427,0.025867164134979248,0.2839166224002838,0.25804945826530457,-0.010952472686767578,False,0.30182608695652174,0.9066107286721696,0.02272936701774597,0.2776094675064087,0.2548801004886627,-0.007814675569534302,False,0.406,0.7812541243836613,0.01272989809513092,0.26215702295303345,0.24942712485790253,0.0021847933530807495,False,0.5205217391304348,0.8605934840741926,0.5846211180124223,8,False,0.7990270576766774,0.9043603023151956,0.11508610000055342,False,0.9037149361014578,0.7311331205855885,9,0.6524658385093167,0.4379060824010943,0.8890010437946995,0.020805776119232178,-0.005891084671020508,False,0.14975776397515528,0.2945287227630615,0.27372294664382935,0.9283726775061916,0.025619566440582275,-0.010704874992370605,False,0.2283167701863354,0.27173468470573425,0.24611511826515198,0.853055998838298,0.017587736248970032,-0.002673044800758362,False,0.30753416149068324,0.26210805773735046,0.24452032148838043,0.9669687915126582,0.033767133951187134,-0.018852442502975464,False,0.42770186335403726,0.2524542808532715,0.21868714690208435,0.9850255665294974,0.04186323285102844,-0.026948541402816772,False,0.5318757763975155,0.2411849945783615,0.19932176172733307,False,0.9085225092966434,0.9103867636271591,13,0.9505217391304348,0.8521272973220686,0.9666592725948503,0.033670663833618164,-0.018755972385406494,False,0.1611304347826087,0.3101092278957367,0.27643856406211853,0.9272511068871984,0.025452107191085815,-0.010537415742874146,False,0.23968944099378883,0.28376391530036926,0.25831180810928345,0.853055998838298,0.017587736248970032,-0.002673044800758362,False,0.30753416149068324,0.26210805773735046,0.24452032148838043,0.9483775392666449,0.0291079580783844,-0.01419326663017273,False,0.4117080745341615,0.26118913292884827,0.23208117485046387,0.8982949598429812,0.021784216165542603,-0.006869524717330933,False,0.5322981366459627,0.25000083446502686,0.22821661829948425,1.6214876000003642,2.9802322387695312e-08,3.725290298461914e-09,-0.004807573195185544
3368671163,65677,A beige dog runs behind a white dog holding a yellow toy.,26650,A white dog with a yellow toy in his mouth runs through a nature trail towards the camera.,2391269207,0.3830164670944214,0.38187938928604126,0.001137077808380127,0.5283963560061967,15,0.00029339999991861987,0.09273402482178927,-0.022807002067565918,0.2876473069190979,0.3104543089866638,0.023944079875946045,True,0.11410179640718562,0.10202595865168411,-0.021749138832092285,0.25346094369888306,0.27521008253097534,0.022886216640472412,True,0.2697125748502994,0.08991998790388188,-0.023146122694015503,0.2577649652957916,0.28091108798980713,0.02428320050239563,True,0.32433532934131737,0.07236494667538677,-0.025509163737297058,0.2238062471151352,0.24931541085243225,0.026646241545677185,True,0.4039341317365269,0.20985675150405442,-0.013257890939712524,0.19867631793022156,0.21193420886993408,0.014394968748092651,True,0.5505449101796407,0.2053837039586589,0.6704011976047904,10,False,0.21037635165087962,0.15072148288179354,0.00011469999981272849,0.3280311347029043,-0.007171034812927246,0.3481168746948242,0.35528790950775146,0.008308112621307373,True,0.13422155688622756,0.28053186608956077,-0.009418249130249023,0.3476279377937317,0.3570461869239807,0.01055532693862915,True,0.20458682634730538,0.16245317501096446,-0.01640087366104126,0.29460954666137695,0.3110104203224182,0.017537951469421387,True,0.3647305389221557,0.07236494667538677,-0.025509163737297058,0.2238062471151352,0.24931541085243225,0.026646241545677185,True,0.4039341317365269,0.20985675150405442,-0.013257890939712524,0.19867631793022156,0.21193420886993408,0.014394968748092651,True,0.5505449101796407,0.1715817767519056,0.4039341317365269,6,False,0.07236494667538677,0.2536545625273555,0.02123940000001312,False,0.13926479221832871,0.11110980056795097,11,0.7429940119760479,0.04872336638738678,0.09273377408196647,-0.022807031869888306,0.023944109678268433,True,0.11410179640718562,0.2876473069190979,0.3104543387889862,0.08955555869769999,-0.023190736770629883,0.02432781457901001,True,0.2272814371257485,0.2704199552536011,0.29361069202423096,0.12053355417958225,-0.01987387239933014,0.021010950207710266,True,0.35019760479041917,0.23712699115276337,0.2570008635520935,0.09108210449636076,-0.023004934191703796,0.024142012000083923,True,0.4354431137724551,0.21078196167945862,0.23378689587116241,0.02795258716363797,-0.03548894822597504,0.036626026034355164,True,0.5237365269461078,0.1843552440404892,0.21984419226646423,False,0.1643515434250717,0.15237613388077018,13,0.891119760479042,0.09119578374097352,0.09273377408196647,-0.022807031869888306,0.023944109678268433,True,0.11410179640718562,0.2876473069190979,0.3104543387889862,0.14266009112181302,-0.017933696508407593,0.01907077431678772,True,0.26406586826347306,0.2581537961959839,0.2760874927043915,0.07562322298193863,-0.025033563375473022,0.02617064118385315,True,0.349311377245509,0.2241804003715515,0.24921396374702454,0.13517615287338655,-0.018559470772743225,0.019696548581123352,True,0.41287425149700596,0.19487154483795166,0.21343101561069489,0.17330613840695447,-0.015623748302459717,0.016760826110839844,True,0.5348443113772455,0.22012658417224884,0.23575033247470856,1.6953026000001046,5.960464477539063e-08,2.9103830456733704e-09,-0.025086751206742974
155210731,9477,"An Asian woman selling silk scarfs, bags, and wallets.",46370,An older woman in a red blouse standing in front of her wares.,289583589,0.394080251455307,0.33726662397384644,0.05681362748146057,0.9966026713955974,10,0.00024609999991298537,0.8532186168508067,0.017600715160369873,0.30458205938339233,0.28698134422302246,0.0392129123210907,False,0.23805797101449275,0.8532186168508067,0.017600715160369873,0.30458205938339233,0.28698134422302246,0.0392129123210907,False,0.23805797101449275,0.5406206220709382,0.0016284137964248657,0.22958630323410034,0.22795788943767548,0.055185213685035706,False,0.3732057971014493,0.6367463700599153,0.005612701177597046,0.21617357432842255,0.2105608731508255,0.051200926303863525,False,0.4947710144927536,0.7923054134810185,0.013388782739639282,0.22320592403411865,0.20981714129447937,0.04342484474182129,False,0.5605507246376812,0.725668023133083,0.8921565217391304,9,False,0.6937335918146667,0.7723373586620002,0.00010019999990618089,0.7770999404497437,0.012488454580307007,0.28605416417121887,0.27356570959091187,0.044325172901153564,False,0.18194782608695653,0.946660072446732,0.02876254916191101,0.28094935417175293,0.2521868050098419,0.02805107831954956,False,0.31709565217391306,0.946660072446732,0.02876254916191101,0.28094935417175293,0.2521868050098419,0.02805107831954956,False,0.31709565217391306,0.8994395762159381,0.021910130977630615,0.25502312183380127,0.23311299085617065,0.034903496503829956,False,0.4067768115942029,0.8878128600198563,0.02068592607975006,0.21436825394630432,0.19368232786655426,0.03612770140171051,False,0.6502434782608696,0.7625642751785826,0.7160231884057972,7,False,0.4650075319448117,0.889190389053268,0.07780589999947551,False,0.7334496147973295,0.6425756388306577,8,0.8684289855072463,0.6001709239381585,0.8532186168508067,0.017600715160369873,0.0392129123210907,False,0.23805797101449275,0.30458205938339233,0.28698134422302246,0.8532186168508067,0.017600715160369873,0.0392129123210907,False,0.23805797101449275,0.30458205938339233,0.28698134422302246,0.9026514055632334,0.022270381450653076,0.034543246030807495,False,0.34728695652173913,0.292021244764328,0.2697508633136749,0.15831713018395993,-0.01670803129673004,0.07352165877819061,True,0.48243478260869566,0.19985198974609375,0.2165600210428238,0.2942835333271088,-0.008746698498725891,0.06556032598018646,True,0.5493391304347827,0.1768217384815216,0.1855684369802475,False,0.8205245649265984,0.6715044830034094,9,0.933095652173913,0.2902028657538361,0.7771009728936062,0.012488514184951782,0.04432511329650879,False,0.18194782608695653,0.28605419397354126,0.2735656797885895,0.8930091803860103,0.021218538284301758,0.035595089197158813,False,0.24772753623188407,0.30807602405548096,0.2868574857711792,0.6817413904642731,0.007617861032485962,0.04919576644897461,False,0.3374086956521739,0.28116974234580994,0.273551881313324,0.822724947272164,0.015349194407463074,0.0414644330739975,False,0.47255652173913043,0.24812805652618408,0.232778862118721,0.7933478249711103,0.01345224678516388,0.04336138069629669,False,0.5383478260869565,0.24990761280059814,0.23645536601543427,1.363698299999669,2.9802322387695312e-08,3.4924596548080444e-09,-0.08707495012926891
861661418,153303,A brown puppy chewing on a stick.,74947,A brown dog is digging in the dirt.,3589267801,0.3301963210105896,0.30467191338539124,0.025524407625198364,0.9277373162102931,16,0.00026440000010552467,0.14540078900252226,-0.01771138608455658,0.24477051198482513,0.2624818980693817,0.043235793709754944,True,0.1555294117647059,0.17065077030397727,-0.015810221433639526,0.2447032928466797,0.2605135142803192,0.04133462905883789,True,0.21863800904977376,0.006691693958857999,-0.05000174045562744,0.2016260027885437,0.25162774324417114,0.0755261480808258,True,0.325131221719457,0.00025355184468406344,-0.08279688656330109,0.15190839767456055,0.23470528423786163,0.10832129418849945,True,0.45418552036199095,0.00046615356058477854,-0.07670529186725616,0.12079401314258575,0.19749930500984192,0.10222969949245453,True,0.5350904977375566,0.0748737183942417,0.644868778280543,10,False,0.00044503387978726627,0.19313594619533,0.00011950000043725595,0.14540078900252226,-0.01771138608455658,0.24477051198482513,0.2624818980693817,0.043235793709754944,True,0.1555294117647059,0.06478102063276824,-0.026697680354118347,0.22760210931301117,0.2542997896671295,0.05222208797931671,True,0.2207420814479638,0.001848334200275211,-0.06291620433330536,0.18567287921905518,0.24858908355236053,0.08844061195850372,True,0.34496380090497736,0.000146640580285821,-0.0882737934589386,0.15650629997253418,0.24478009343147278,0.11379820108413696,True,0.44127601809954753,0.000410405252356362,-0.07797954976558685,0.15301614999771118,0.23099569976329803,0.10350395739078522,True,0.5001221719457014,0.061194766676680626,0.5001221719457014,8,False,0.000410405252356362,0.18906659137734666,0.1219320999998672,False,0.27844095575448136,0.14810192032951708,15,0.9407692307692308,0.0004956415871295324,0.5427851230293527,0.0017156004905700684,0.023808807134628296,False,0.12195475113122171,0.3025892972946167,0.30087369680404663,0.1807820192372445,-0.015110582113265991,0.040634989738464355,True,0.24828054298642535,0.26557639241218567,0.28068697452545166,0.0004930998657927803,-0.0761430561542511,0.10166746377944946,True,0.3830633484162896,0.16178826987743378,0.23793132603168488,0.0003809615851210051,-0.07872430980205536,0.10424871742725372,True,0.4591266968325792,0.1666899174451828,0.24541422724723816,0.0005964299074430072,-0.07423952221870422,0.09976392984390259,True,0.5302941176470588,0.17651402950286865,0.2507535517215729,False,0.3136619666281651,0.16380526678682356,15,0.9407692307692308,0.0004956415871295324,0.5427851230293527,0.0017156004905700684,0.023808807134628296,False,0.12195475113122171,0.3025892972946167,0.30087369680404663,0.1807820192372445,-0.015110582113265991,0.040634989738464355,True,0.24828054298642535,0.26557639241218567,0.28068697452545166,0.19839230606628427,-0.0139637291431427,0.039488136768341064,True,0.3243438914027149,0.2666076421737671,0.2805713713169098,0.0003809615851210051,-0.07872430980205536,0.10424871742725372,True,0.4591266968325792,0.1666899174451828,0.24541422724723816,0.0004243482437220107,-0.07764531672000885,0.10316972434520721,True,0.520343891402715,0.170298233628273,0.24794355034828186,2.8136656999995466,2.9802322387695312e-08,2.3865140974521637e-09,-0.035221010873683734
16151663,10271,A female performer with a violin plays on a street while a woman with a blue guitar looks on.,107902,A musical street quartet performs with a guitar case set out for donations.,4691655601,0.3401670455932617,0.3328283131122589,0.007338732481002808,0.6756546540694438,13,0.00026939999997921404,0.8562106060137822,0.01784166693687439,0.3107985258102417,0.2929568588733673,-0.010502934455871582,False,0.21466076696165193,0.8562106060137822,0.01784166693687439,0.3107985258102417,0.2929568588733673,-0.010502934455871582,False,0.21466076696165193,0.24812916680039657,-0.011086151003837585,0.24258176982402802,0.2536679208278656,0.018424883484840393,True,0.32851917404129793,0.5727005325399639,0.0029287785291671753,0.23680809140205383,0.23387931287288666,0.004409953951835632,False,0.4581946902654867,0.681759818883664,0.007618710398674011,0.23415341973304749,0.22653470933437347,-0.0002799779176712036,False,0.5349852507374632,0.48383228000914197,0.7882890855457227,10,False,0.29117960265048065,0.6143552243565289,0.0001098000002457411,0.8562106060137822,0.01784166693687439,0.3107985258102417,0.2929568588733673,-0.010502934455871582,False,0.21466076696165193,0.8562106060137822,0.01784166693687439,0.3107985258102417,0.2929568588733673,-0.010502934455871582,False,0.21466076696165193,0.5284238341529227,0.0011381804943084717,0.25677594542503357,0.2556377649307251,0.006200551986694336,False,0.32578761061946904,0.2326596955254907,-0.01193353533744812,0.2217499017715454,0.23368343710899353,0.019272267818450928,True,0.4667138643067847,0.4210652293283288,-0.003184020519256592,0.21868060529232025,0.22186462581157684,0.0105227530002594,True,0.5472802359882006,0.4521369268115464,0.4667138643067847,6,False,0.2326596955254907,0.587109016700122,0.12286160000076052,False,0.8266104443602812,0.792939276737817,12,0.9109144542772861,0.4832164245413344,0.8627284259528771,0.018381386995315552,-0.011042654514312744,False,0.12912094395280235,0.3234030306339264,0.30502164363861084,0.9657206336456615,0.033383309841156006,-0.026044577360153198,False,0.2096873156342183,0.3242650628089905,0.2908817529678345,0.6192925992965097,0.004865467548370361,0.0024732649326324463,False,0.36181120943952805,0.28311723470687866,0.2782517671585083,0.9629462942954257,0.032576292753219604,-0.025237560272216797,False,0.4919646017699115,0.2678709030151367,0.23529461026191711,0.9045616242465297,0.022489696741104126,-0.015150964260101318,False,0.5868141592920354,0.2740463316440582,0.2515566349029541,False,0.31821146917544096,0.49060735553926693,12,0.9232094395280236,0.8391355418623685,0.2625977003449848,-0.010325103998184204,0.01766383647918701,True,0.12176991150442477,0.3090105950832367,0.3193356990814209,0.2621593458550261,-0.010347753763198853,0.01768648624420166,True,0.26418879056047195,0.2979825437068939,0.3083302974700928,0.23137539266619775,-0.012005612254142761,0.01934434473514557,True,0.3486961651917404,0.24691982567310333,0.2589254379272461,0.19723461754937838,-0.014036685228347778,0.021375417709350586,True,0.4005368731563422,0.2386913001537323,0.2527279853820801,0.4545384075090593,-0.0018234997987747192,0.009162232279777527,True,0.5306902654867257,0.2406020313501358,0.24242553114891052,1.836881899999753,0.0,6.752088665962219e-09,0.5083989751848402
4688948552,107654,Two doctors perform an operation.,129764,A woman with glasses is undergoing a dental procedure.,530507000,0.3326528072357178,0.30174654722213745,0.030906260013580322,0.9565044164724608,13,0.00025689999984024325,0.551301596725558,0.0020593106746673584,0.3125999867916107,0.31054067611694336,0.028846949338912964,False,0.12381866666666666,0.6974931769723791,0.008353888988494873,0.3070759177207947,0.2987220287322998,0.02255237102508545,False,0.21603733333333333,0.9029965380600914,0.022309720516204834,0.2988266348838806,0.2765169143676758,0.008596539497375488,False,0.35386133333333336,0.8943910847421135,0.0213640034198761,0.29307907819747925,0.27171507477760315,0.009542256593704224,False,0.41081066666666666,0.869458759054273,0.018961817026138306,0.23351074755191803,0.21454893052577972,0.011944442987442017,False,0.5750773333333333,0.7953571878698105,0.8378933333333334,11,False,0.7696731497297883,0.7951490363058232,0.00010769999971671496,0.551301596725558,0.0020593106746673584,0.3125999867916107,0.31054067611694336,0.028846949338912964,False,0.12381866666666666,0.33164575424853815,-0.007007509469985962,0.30517813563346863,0.3121856451034546,0.037913769483566284,True,0.224384,0.9172432884933672,0.024054676294326782,0.3058813214302063,0.2818266451358795,0.00685158371925354,False,0.31660266666666664,0.9510648562797156,0.02967086434364319,0.2972506284713745,0.2675797641277313,0.0012353956699371338,False,0.4585226666666667,0.9449664861920146,0.028432071208953857,0.2950882017612457,0.26665613055229187,0.002474188804626465,False,0.507712,0.6568632231514153,0.7005706666666667,9,False,0.4557138769067639,0.737695895281585,0.1181919000000562,False,0.7502701100672577,0.6795495180340381,13,1.0,0.6273909122177409,0.9395968385104816,0.02744409441947937,0.003462165594100952,False,0.13334933333333332,0.32188087701797485,0.2944367825984955,0.8668117265058813,0.018730580806732178,0.012175679206848145,False,0.217696,0.317665159702301,0.29893457889556885,0.8183078580614283,0.015049248933792114,0.015857011079788208,False,0.31826133333333334,0.3007557690143585,0.2857065200805664,0.37045953755196254,-0.005302459001541138,0.03620871901512146,True,0.49126933333333334,0.29303687810897827,0.2983393371105194,0.37204076221116816,-0.005234718322753906,0.03614097833633423,True,0.5482186666666666,0.29046112298965454,0.29569584131240845,False,0.7318671015454408,0.670433026644846,13,1.0,0.6273909122177409,0.9395968385104816,0.02744409441947937,0.003462165594100952,False,0.13334933333333332,0.32188087701797485,0.2944367825984955,0.8668117265058813,0.018730580806732178,0.012175679206848145,False,0.217696,0.317665159702301,0.29893457889556885,0.6995849081313589,0.008453220129013062,0.02245303988456726,False,0.36745066666666665,0.2986921966075897,0.29023897647857666,0.37045953755196254,-0.005302459001541138,0.03620871901512146,True,0.49126933333333334,0.29303687810897827,0.2983393371105194,0.08695524679775217,-0.02351391315460205,0.05442017316818237,True,0.5441226666666666,0.288887619972229,0.31240153312683105,1.9186456999996153,5.960464477539063e-08,2.35741026699543e-09,0.018403008521816977
5163992452,128131,Two African women wearing purple and lime green skirts are dancing in within a circle of clapping women in similar ensembles.,107987,A homely looking woman is doing a dance.,4692834620,0.34038612246513367,0.2980771064758301,0.04230901598930359,0.9856690850862939,9,0.00024839999969117343,0.9759300316181757,0.03702425956726074,0.31943756341934204,0.2824133038520813,0.005284756422042847,False,0.11253453453453453,0.961452787608127,0.03216561675071716,0.31354716420173645,0.2813815474510193,0.010143399238586426,False,0.38823423423423425,0.961452787608127,0.03216561675071716,0.31354716420173645,0.2813815474510193,0.010143399238586426,False,0.38823423423423425,0.976714529622278,0.037363648414611816,0.3241032660007477,0.28673961758613586,0.0049453675746917725,False,0.4815015015015015,0.9300926975625554,0.025881141424179077,0.3040872812271118,0.27820613980293274,0.01642787456512451,False,0.6168048048048048,0.7249670002635757,1.0,9,False,0.0045367907347401365,0.9676062682172326,0.00010000000020227162,0.9685956323958657,0.034289002418518066,0.323897123336792,0.2896081209182739,0.008020013570785522,False,0.2756996996996997,0.9685956323958657,0.034289002418518066,0.323897123336792,0.2896081209182739,0.008020013570785522,False,0.2756996996996997,0.961452787608127,0.03216561675071716,0.31354716420173645,0.2813815474510193,0.010143399238586426,False,0.38823423423423425,0.9161836459997591,0.023915886878967285,0.3028932809829712,0.2789773941040039,0.018393129110336304,False,0.5235375375375375,0.9161836459997591,0.023915886878967285,0.3028932809829712,0.2789773941040039,0.018393129110336304,False,0.5235375375375375,0.7684100006425315,0.936966966966967,8,False,0.000859931167334385,0.9646277828886091,0.1133905999995477,False,0.779179753276695,0.5295991483283102,9,1.0,0.0045367907347401365,0.9826288249024078,0.04035419225692749,0.0019548237323760986,False,0.1353033033033033,0.2993759512901306,0.2590217590332031,0.9940381465128013,0.051163941621780396,-0.008854925632476807,False,0.2031051051051051,0.31371772289276123,0.26255378127098083,0.9715430559952603,0.03530493378639221,0.007004082202911377,False,0.31563963963963965,0.3030719757080078,0.2677670419216156,0.2210199879550887,-0.012597322463989258,0.05490633845329285,True,0.670084084084084,0.2511662542819977,0.26376357674598694,0.2210199879550887,-0.012597322463989258,0.05490633845329285,True,0.670084084084084,0.2511662542819977,0.26376357674598694,False,0.9795350451653148,0.6410502233854498,9,1.0,0.0045367907347401365,0.9839278862906764,0.04114466905593872,0.0011643469333648682,False,0.21404804804804806,0.3071252107620239,0.2659805417060852,0.9839278862906764,0.04114466905593872,0.0011643469333648682,False,0.21404804804804806,0.3071252107620239,0.2659805417060852,0.9822126633745277,0.040113210678100586,0.002195805311203003,False,0.48974774774774776,0.30624762177467346,0.2661344110965729,0.9822126633745277,0.040113210678100586,0.002195805311203003,False,0.48974774774774776,0.30624762177467346,0.2661344110965729,0.9148740910623238,0.0237465500831604,0.01856246590614319,False,0.5575495495495495,0.28962141275405884,0.26587486267089844,1.2959890000001906,5.960464477539063e-08,2.6775524020195007e-09,-0.20035529188861978
2321764238,24083,A woman is holding a small white statue.,45371,A man with chin-length light hair works on a sculpture.,2872099696,0.37263163924217224,0.3165968060493469,0.05603483319282532,0.9963285241234983,13,0.0002729000002545945,0.7726461923341778,0.012233138084411621,0.2735981345176697,0.26136499643325806,0.043801695108413696,False,0.11269333333333334,0.1869999909234997,-0.01469622552394867,0.2231183797121048,0.23781460523605347,0.07073105871677399,True,0.23489066666666666,0.017216042290255033,-0.040445476770401,0.2047908902168274,0.2452363669872284,0.09648030996322632,True,0.3421226666666667,0.01918541857588545,-0.039342328906059265,0.2027195543050766,0.24206188321113586,0.09537716209888458,True,0.44573866666666667,0.021506203312619522,-0.038176730275154114,0.2072681486606598,0.2454448789358139,0.09421156346797943,True,0.538784,0.168370926426954,0.8183093333333333,11,False,0.023717329903610872,0.321162372010654,0.00010800000018207356,0.7726461923341778,0.012233138084411621,0.2735981345176697,0.26136499643325806,0.043801695108413696,False,0.11269333333333334,0.7756584355261017,0.012405425310134888,0.2694210708141327,0.2570156455039978,0.04362940788269043,False,0.27984,0.20221146436207887,-0.013725295662879944,0.22791625559329987,0.2416415512561798,0.06976012885570526,True,0.31437866666666664,0.04543033371912174,-0.03045080602169037,0.2178453505039215,0.24829615652561188,0.08648563921451569,True,0.4216106666666667,0.014305825489388182,-0.04232679307460785,0.21525855362415314,0.257585346698761,0.09836162626743317,True,0.5530346666666667,0.27506412782337925,0.7306506666666667,10,False,0.023831076767063752,0.47585247311804174,0.11348219999945286,False,0.9564474556753682,0.7863345507650324,13,1.0,0.1732726229434486,0.9066215782733695,0.022730648517608643,0.033304184675216675,False,0.15672,0.2499760091304779,0.22724536061286926,0.97476155191201,0.03653824329376221,0.01949658989906311,False,0.23562133333333332,0.23558904230594635,0.19905079901218414,0.9479647538865641,0.02902396023273468,0.027010872960090637,False,0.34285333333333334,0.23006224632263184,0.20103828608989716,0.9640404455230344,0.03288738429546356,0.023147448897361755,False,0.43589866666666666,0.23892945051193237,0.2060420662164688,0.9787546058903063,0.03830140829086304,0.01773342490196228,False,0.538688,0.23945432901382446,0.20115292072296143,False,0.8811233595796142,0.8360108151994349,13,1.0,0.1732726229434486,0.9066215782733695,0.022730648517608643,0.033304184675216675,False,0.15672,0.2499760091304779,0.22724536061286926,0.8160165184072146,0.014895886182785034,0.04113894701004028,False,0.2595093333333333,0.23882976174354553,0.2239338755607605,0.6748710910159403,0.007302999496459961,0.048731833696365356,False,0.3667413333333333,0.23955969512462616,0.2322566956281662,0.9875990315070664,0.04377502202987671,0.012259811162948608,False,0.4456426666666667,0.2331034541130066,0.18932843208312988,0.9787546058903063,0.03830140829086304,0.01773342490196228,False,0.538688,0.23945432901382446,0.20115292072296143,1.8623608999996577,5.960464477539063e-08,4.190951585769653e-09,0.07532409609575397
231935782,24006,A man wearing a white button down shirt looking out of a window of a train.,85974,A police officer standing on a train.,3966071063,0.36472514271736145,0.3002171516418457,0.06450799107551575,0.9984232304624926,14,0.0002592999999251333,0.9816412507715986,0.03979119658470154,0.29339471459388733,0.2536035180091858,0.02471679449081421,False,0.10215615615615616,0.8421538849146708,0.01674342155456543,0.2665235698223114,0.24978014826774597,0.04776456952095032,False,0.21301501501501502,0.5203448645916212,0.0008142441511154175,0.23438292741775513,0.2335686832666397,0.06369374692440033,False,0.366996996996997,0.7600146428542965,0.011527597904205322,0.1934906244277954,0.1819630265235901,0.052980393171310425,False,0.4385165165165165,0.6771983066837055,0.007409259676933289,0.18720762431621552,0.17979836463928223,0.05709873139858246,False,0.5332072072072072,0.7143283023785093,0.6769309309309309,9,False,0.643723618582043,0.7894878895500753,0.00011069999982282752,0.9816412507715986,0.03979119658470154,0.29339471459388733,0.2536035180091858,0.02471679449081421,False,0.10215615615615616,0.8421538849146708,0.01674342155456543,0.2665235698223114,0.24978014826774597,0.04776456952095032,False,0.21301501501501502,0.6895347810506982,0.00797945261001587,0.2530236840248108,0.24504423141479492,0.05652853846549988,False,0.3077057057057057,0.8910169433370041,0.021011710166931152,0.2675004005432129,0.24648869037628174,0.043496280908584595,False,0.43785585585585585,0.6304407925299741,0.005341082811355591,0.2611529231071472,0.2558118402957916,0.059166908264160156,False,0.514942942942943,0.6173515156559386,0.6322102102102102,9,False,0.3831432935582973,0.847171597137512,0.11975260000053822,False,0.8373438036969395,0.5032728408720396,10,0.7293393393393394,0.1047471252438855,0.9816411433535543,0.03979113698005676,0.024716854095458984,False,0.10215615615615616,0.29339471459388733,0.25360357761383057,0.9869400698983825,0.04325060546398163,0.02125738561153412,False,0.23597597597597597,0.24060112237930298,0.19735051691532135,0.9757445182249371,0.03694558143615723,0.02756240963935852,False,0.3130630630630631,0.22005769610404968,0.18311211466789246,0.4460772128461033,-0.0021653324365615845,0.06667332351207733,True,0.4454594594594595,0.19937065243721008,0.20153598487377167,0.3443631085850833,-0.006439104676246643,0.07094709575176239,True,0.5124624624624624,0.19895893335342407,0.20539803802967072,False,0.8995233319377932,0.629243517912258,14,1.0,0.4564698236796272,0.9816411433535543,0.03979113698005676,0.024716854095458984,False,0.10215615615615616,0.29339471459388733,0.25360357761383057,0.9869400698983825,0.04325060546398163,0.02125738561153412,False,0.23597597597597597,0.24060112237930298,0.19735051691532135,0.9757445182249371,0.03694558143615723,0.02756240963935852,False,0.3130630630630631,0.22005769610404968,0.18311211466789246,0.7613579428682832,0.011601388454437256,0.05290660262107849,False,0.47475675675675677,0.21328890323638916,0.2016875147819519,0.34442636096882234,-0.0064363032579422,0.07094429433345795,True,0.5379039039039039,0.22314022481441498,0.22957652807235718,1.8141819000002215,0.0,3.259629011154175e-09,-0.06217952824085371
2778313163,42060,A woman in a blue t-shirt and jeans is sweeping concrete.,61525,"A woman in a pick shirt is holding a shovel near a woman in brown sweeping, while a third woman sits on a stoop.",327142149,0.3488543629646301,0.3218075931072235,0.027046769857406616,0.9373020587319951,12,0.0002351000002818182,0.9336172862232136,0.026436299085617065,0.32879069447517395,0.3023543953895569,0.0006104707717895508,False,0.12636036036036036,0.9933701131789476,0.05009515583515167,0.27115145325660706,0.22105629742145538,-0.023048385977745056,False,0.2619159159159159,0.9614406913633071,0.03216235339641571,0.23708391189575195,0.20492155849933624,-0.005115583539009094,False,0.329975975975976,0.9957268509084687,0.05451121926307678,0.24923883378505707,0.19472761452198029,-0.027464449405670166,False,0.5288828828828829,0.9957268509084687,0.05451121926307678,0.24923883378505707,0.19472761452198029,-0.027464449405670166,False,0.5288828828828829,0.9736318161201041,0.7601441441441441,8,False,0.976483165692826,0.9642612816693861,0.00010700000029828516,0.9964129564208685,0.05626833438873291,0.3086918592453003,0.2524235248565674,-0.029221564531326294,False,0.13555555555555557,0.9854199693487888,0.04213415086269379,0.2817988991737366,0.23966474831104279,-0.01508738100528717,False,0.2036156156156156,0.9686061464522921,0.03429245948791504,0.28423506021499634,0.2499426007270813,-0.007245689630508423,False,0.4025225225225225,0.9686061464522921,0.03429245948791504,0.28423506021499634,0.2499426007270813,-0.007245689630508423,False,0.4025225225225225,0.9781594873650236,0.03801906108856201,0.27129635214805603,0.23327729105949402,-0.010972291231155396,False,0.545027027027027,0.9659983137156449,0.7668528528528529,8,False,0.9621511002449276,0.975274244346951,0.1201270999999906,False,0.9232652685805398,0.9204574510197971,11,0.958954954954955,0.990227102878327,0.9964129564208685,0.05626833438873291,-0.029221564531326294,False,0.13555555555555557,0.3086918294429779,0.252423495054245,0.9854201192122469,0.042134255170822144,-0.015087485313415527,False,0.2036156156156156,0.28179892897605896,0.23966467380523682,0.7068049276414342,0.008799165487289429,0.018247604370117188,False,0.32306906906906907,0.2642636001110077,0.25546443462371826,0.9642770569897254,0.03295585513114929,-0.005909085273742676,False,0.42852252252252254,0.30419862270355225,0.27124276757240295,0.9622252643311622,0.03237608075141907,-0.005329310894012451,False,0.6274294294294295,0.25582656264305115,0.22345048189163208,False,0.97263056616833,0.9328819674413512,12,1.0,0.23201307395994564,0.9854201192122469,0.042134255170822144,-0.015087485313415527,False,0.2036156156156156,0.28179892897605896,0.23966467380523682,0.9854201192122469,0.042134255170822144,-0.015087485313415527,False,0.2036156156156156,0.28179892897605896,0.23966467380523682,0.9772606547959825,0.03760656714439392,-0.010559797286987305,False,0.3042522522522523,0.26497921347618103,0.2273726463317871,0.9866933754284203,0.04306097328662872,-0.016014203429222107,False,0.43061261261261263,0.2596004009246826,0.2165394276380539,0.9618952840841459,0.032285675406455994,-0.0052389055490493774,False,0.5731171171171171,0.2599792778491974,0.2276936024427414,1.673709300000155,2.9802322387695312e-08,2.8812792152166367e-09,-0.04936529758779018
3638783842,76870,Two bald ladies in red dresses and matching jewelry laugh.,12149,A woman with pink hair dressed in black talks to a man.,1801663973,0.3424169421195984,0.2852795124053955,0.05713742971420288,0.9967105596461159,15,0.0002620000000206346,0.5141333381454716,0.0005654841661453247,0.24474044144153595,0.24417495727539062,0.056571945548057556,False,0.14554819277108433,0.8479855078856562,0.01718887686729431,0.2594156563282013,0.24222677946090698,0.03994855284690857,False,0.20854819277108433,0.3761680001268521,-0.005058452486991882,0.2304624766111374,0.23552092909812927,0.06219588220119476,True,0.3175301204819277,0.11200723591361768,-0.020704001188278198,0.2211529016494751,0.2418569028377533,0.07784143090248108,True,0.42470481927710846,0.022566474198572373,-0.03768464922904968,0.20462991297245026,0.24231456220149994,0.09482207894325256,True,0.5121746987951807,0.3374724915061302,0.7089036144578313,11,False,0.15633551059049935,0.4912541331848329,0.0001142999999501626,0.5141333381454716,0.0005654841661453247,0.24474044144153595,0.24417495727539062,0.056571945548057556,False,0.14554819277108433,0.274116945257833,-0.009738340973854065,0.2208355814218521,0.23057392239570618,0.06687577068805695,True,0.2545301204819277,0.1321160543191844,-0.0188237726688385,0.22280098497867584,0.24162475764751434,0.07596120238304138,True,0.3590180722891566,0.10480009696725974,-0.021449923515319824,0.20615187287330627,0.2276017963886261,0.0785873532295227,True,0.435066265060241,0.023543025849719793,-0.03725101053714752,0.20819313824176788,0.2454441487789154,0.0943884402513504,True,0.5007530120481928,0.25504911322298995,0.435066265060241,7,False,0.10480009696725974,0.37413611774009936,0.1134397000005265,False,0.5097014471404855,0.3843945702428604,15,1.0,0.2647860971876232,0.5352541757195971,0.001412510871887207,0.055724918842315674,False,0.18703614457831325,0.24974064528942108,0.24832813441753387,0.7609952300140965,0.011581435799598694,0.04555599391460419,False,0.2275722891566265,0.24942541122436523,0.23784397542476654,0.362242645873407,-0.005656436085700989,0.06279386579990387,True,0.3458012048192771,0.21954825520515442,0.2252046912908554,0.10761271614975433,-0.021153613924980164,0.07829104363918304,True,0.42649397590361443,0.21796581149101257,0.23911942541599274,0.05410447758156964,-0.028612151741981506,0.08574958145618439,True,0.5139638554216868,0.21049441397190094,0.23910656571388245,False,0.6258225352046562,0.38137620877772427,15,1.0,0.2647860971876232,0.9939463517379853,0.05101022124290466,0.006127208471298218,False,0.1621024096385542,0.33143195509910583,0.28042173385620117,0.5900591031793483,0.0036420971155166626,0.05349533259868622,False,0.25272289156626504,0.24000206589698792,0.23635996878147125,0.8681572506300391,0.01884762942790985,0.03828980028629303,False,0.31572289156626504,0.24427583813667297,0.22542820870876312,0.3104553300686528,-0.007979914546012878,0.06511734426021576,True,0.4114879518072289,0.22622615098953247,0.23420606553554535,0.01390720816036167,-0.0426134318113327,0.09975086152553558,True,0.5796506024096385,0.20223981142044067,0.24485324323177338,1.9517166999994515,5.960464477539063e-08,3.434251993894577e-09,-0.11612108806417076
3421480658,67717,"Little girl in kitchen, kissing a fluffy orange cat.",149310,A blond child is being bitten on the nose by a little orange kitten.,771048251,0.37062427401542664,0.34785374999046326,0.02277052402496338,0.9069586129779535,14,0.00024970000004032045,0.4450858761367709,-0.002205461263656616,0.33381882309913635,0.33602428436279297,0.024975985288619995,True,0.16307185628742515,0.742063580027071,0.01056721806526184,0.3275051712989807,0.31693795323371887,0.012203305959701538,False,0.2321437125748503,0.5499314664265676,0.0020039379596710205,0.28189998865127563,0.2798960506916046,0.02076658606529236,False,0.39950898203592816,0.1979533161480194,-0.013991355895996094,0.24219223856925964,0.25618359446525574,0.03676187992095947,True,0.4701556886227545,0.33585975775150934,-0.006817996501922607,0.26115864515304565,0.26797664165496826,0.029588520526885986,True,0.5482874251497006,0.5059432593802646,0.9537904191616766,13,False,0.24703991121058957,0.5592481529331748,0.00011050000011891825,0.9225689336614736,0.024777740240097046,0.3738163709640503,0.34903863072395325,-0.002007216215133667,False,0.152562874251497,0.9056275858687665,0.02261379361152649,0.3727535605430603,0.3501397669315338,0.00015673041343688965,False,0.2306946107784431,0.9050403795148675,0.022545278072357178,0.381783664226532,0.3592383861541748,0.00022524595260620117,False,0.3013413173652695,0.9140488563940298,0.02364104986190796,0.361986368894577,0.33834531903266907,-0.0008705258369445801,False,0.43263473053892215,0.8223950150431982,0.015326589345932007,0.3569667339324951,0.3416401445865631,0.007443934679031372,False,0.5017065868263473,0.8659849471841465,0.5017065868263473,7,False,0.8223950150431982,0.905558884760237,0.11474199999975099,False,0.7518249564904272,0.6775498876946504,14,1.0,0.8875534617741455,0.8340788126306652,0.016148149967193604,0.006622374057769775,False,0.1461197604790419,0.3472614288330078,0.3311132788658142,0.8089904312134922,0.014434635639190674,0.008335888385772705,False,0.22425149700598804,0.3496951758861542,0.3352605402469635,0.7671311400687733,0.011921823024749756,0.010848701000213623,False,0.3667245508982036,0.3418102264404297,0.32988840341567993,0.5023737371444377,9.495019912719727e-05,0.02267557382583618,False,0.43192215568862274,0.30003821849823,0.2999432682991028,0.6074491852500741,0.004366025328636169,0.01840449869632721,False,0.5351137724550898,0.24771681427955627,0.2433507889509201,False,0.7312013756732775,0.6029695845029482,12,0.8504131736526946,0.45857680154591673,0.8340788126306652,0.016148149967193604,0.006622374057769775,False,0.1461197604790419,0.3472614288330078,0.3311132788658142,0.8089904312134922,0.014434635639190674,0.008335888385772705,False,0.22425149700598804,0.3496951758861542,0.3352605402469635,0.7767704167952455,0.012469440698623657,0.010301083326339722,False,0.3407784431137725,0.33406931161880493,0.3215998709201813,0.46074857101132266,-0.0015732944011688232,0.024343818426132202,True,0.4059760479041916,0.3036629557609558,0.30523625016212463,0.47309885862257145,-0.0010770857334136963,0.023847609758377075,True,0.5091676646706587,0.276056706905365,0.2771337926387787,1.7943969999996625,2.9802322387695312e-08,2.6775524020195007e-09,0.020623580817149767
1459582913,7974,Male cheerleading squad performs at a park.,54601,The man is performing a trick with a bicycle high in the air.,3106782647,0.38422858715057373,0.31854408979415894,0.0656844973564148,0.99859799612049,12,0.00024510000002919696,0.9695404362906429,0.03460422158241272,0.3281952440738678,0.2935910224914551,0.031080275774002075,False,0.156224,0.9580568174995165,0.03128591179847717,0.2779076099395752,0.24662169814109802,0.03439858555793762,False,0.2972533333333333,0.9007447251926921,0.02205526828765869,0.2500876188278198,0.22803235054016113,0.043629229068756104,False,0.364928,0.6370527212598003,0.0056259483098983765,0.23947285115718842,0.23384690284729004,0.06005854904651642,False,0.4445866666666667,0.6652076777800789,0.006865888833999634,0.20489102602005005,0.19802513718605042,0.05881860852241516,False,0.52096,0.7293431382780008,0.6919733333333333,8,False,0.5238427601063494,0.8897697046163341,0.00010729999985414906,0.9966705805887488,0.057016223669052124,0.3533795177936554,0.29636329412460327,0.008668273687362671,False,0.14102933333333334,0.9580568174995165,0.03128591179847717,0.2779076099395752,0.24662169814109802,0.03439858555793762,False,0.2972533333333333,0.9007447251926921,0.02205526828765869,0.2500876188278198,0.22803235054016113,0.043629229068756104,False,0.364928,0.7978462227325266,0.013728871941566467,0.24533483386039734,0.23160596191883087,0.05195562541484833,False,0.415904,0.34507198461912364,-0.0064077228307724,0.22729164361953735,0.23369936645030975,0.0720922201871872,True,0.55192,0.7055459973911344,0.7483306666666667,8,False,0.5869261284768407,0.8648020003686702,0.019260600000052364,False,0.8826898172015882,0.7525004272916568,12,1.0,0.21447671382498745,0.9695402602670325,0.034604161977767944,0.03108033537864685,False,0.156224,0.3281952440738678,0.29359108209609985,0.9580574162829748,0.03128606081008911,0.034398436546325684,False,0.2972533333333333,0.27790769934654236,0.24662163853645325,0.7537218152837326,0.011185616254806519,0.054498881101608276,False,0.376912,0.25365984439849854,0.24247422814369202,0.8224139496736796,0.015327885746955872,0.05035661160945892,False,0.44122666666666666,0.24975542724132538,0.2344275414943695,0.6465097708011768,0.006037324666976929,0.059647172689437866,False,0.5697866666666667,0.2425275444984436,0.23649021983146667,False,0.8284022929722503,0.4952376193697128,12,1.0,0.21447671382498745,0.9695402602670325,0.034604161977767944,0.03108033537864685,False,0.156224,0.3281952440738678,0.29359108209609985,0.9580574162829748,0.03128606081008911,0.034398436546325684,False,0.2972533333333333,0.27790769934654236,0.24662163853645325,0.900743925858772,0.02205517888069153,0.04362931847572327,False,0.364928,0.25008755922317505,0.22803238034248352,0.637054099416717,0.005626007914543152,0.06005848944187164,False,0.4445866666666667,0.239472895860672,0.23384688794612885,0.05585201611078692,-0.02827577292919159,0.09396027028560638,True,0.5390133333333333,0.2027478665113449,0.2310236394405365,1.8542907000000923,2.9802322387695312e-08,3.4924596548080444e-09,0.05428752422933791
322516292,59570,A man dressed mainly in black is holding a huge triangular guitar-like instrument with a musical stand in front of him.,30029,A street musician playing.,2470317702,0.38020122051239014,0.3464246690273285,0.033776551485061646,0.9669988580304427,13,0.000250199999754841,0.8899003812836912,0.020897239446640015,0.3280389606952667,0.3071417212486267,0.01287931203842163,False,0.17042424242424242,0.8948479294826206,0.02141246199607849,0.29295241832733154,0.27153995633125305,0.012364089488983154,False,0.2812060606060606,0.23192387343745857,-0.011974796652793884,0.21878007054328918,0.23075486719608307,0.04575134813785553,True,0.38042424242424244,0.40448251914853495,-0.0038682222366333008,0.2098201960325241,0.2136884182691574,0.037644773721694946,True,0.4545272727272727,0.22084250399228475,-0.0126076340675354,0.1912592649459839,0.2038668990135193,0.046384185552597046,True,0.5259090909090909,0.4779351836420945,0.9452787878787878,12,False,0.1756882726765685,0.6824098026638835,0.00011160000030940864,0.7979771748750806,0.013736993074417114,0.3321620523929596,0.3184250593185425,0.02003955841064453,False,0.1457939393939394,0.6078637721315082,0.00438341498374939,0.32137998938560486,0.31699657440185547,0.029393136501312256,False,0.2450121212121212,0.8284116627771525,0.015744119882583618,0.26551318168640137,0.24976906180381775,0.018032431602478027,False,0.3437454545454545,0.40448251914853495,-0.0038682222366333008,0.2098201960325241,0.2136884182691574,0.037644773721694946,True,0.4545272727272727,0.22084250399228475,-0.0126076340675354,0.1912592649459839,0.2038668990135193,0.046384185552597046,True,0.5259090909090909,0.41429573451641855,0.713260606060606,9,False,0.06808548676021203,0.6843722245755651,0.12043699999958335,False,0.7376495605358167,0.48404054071613617,13,1.0,0.0952308218009083,0.8732634261446176,0.019301265478134155,0.01447528600692749,False,0.12172121212121212,0.346695214509964,0.32739394903182983,0.7600901911775464,0.011531740427017212,0.022244811058044434,False,0.22045454545454546,0.3019818663597107,0.2904501259326935,0.8355697389969036,0.016256272792816162,0.017520278692245483,False,0.3522848484848485,0.29558706283569336,0.2793307900428772,0.5932707250464678,0.0037750303745269775,0.030001521110534668,False,0.4515030303030303,0.22289903461933136,0.21912400424480438,0.23854135561915701,-0.011606931686401367,0.04538348317146301,True,0.5622848484848485,0.187706857919693,0.19931378960609436,False,0.8542850149755971,0.5757227051694166,13,1.0,0.0952308218009083,0.7979766944325971,0.013736963272094727,0.02003958821296692,False,0.1457939393939394,0.33216211199760437,0.31842514872550964,0.9726892923394209,0.035727858543395996,-0.0019513070583343506,False,0.24452727272727273,0.3181890547275543,0.2824611961841583,0.8811022478110866,0.02002909779548645,0.013747453689575195,False,0.3929757575757576,0.26307129859924316,0.2430422008037567,0.6125478899882189,0.00458034873008728,0.029196202754974365,False,0.4430060606060606,0.22308683395385742,0.21850648522377014,0.7914225036564855,0.0133352130651474,0.020441338419914246,False,0.5256060606060606,0.21930481493473053,0.20596960186958313,2.007958499999404,0.0,2.6775524020195007e-09,-0.1166354544397804
514222285,127917,A small child wears skis on a ski hill.,93333,A young boy with a red jacket fell from his sled in the snow.,4337180031,0.34035295248031616,0.3028128743171692,0.03754007816314697,0.9771124313990993,14,0.00025120000009337673,0.9504206227959726,0.029533296823501587,0.33482247591018677,0.3052891790866852,0.008006781339645386,False,0.12085483870967742,0.8675771234237742,0.01879703998565674,0.3255310654640198,0.30673402547836304,0.018743038177490234,False,0.27159139784946235,0.8488436688334087,0.01725560426712036,0.3247073292732239,0.3074517250061035,0.02028447389602661,False,0.3245752688172043,0.8197853312294436,0.015148937702178955,0.30756381154060364,0.2924148738384247,0.022391140460968018,False,0.45820967741935487,0.6392572845625091,0.005721420049667358,0.2954203188419342,0.28969889879226685,0.031818658113479614,False,0.5184516129032258,0.8378316515635803,0.847741935483871,12,False,0.7661463673689501,0.8764702597644957,0.00011210000002392917,0.9504206227959726,0.029533296823501587,0.33482247591018677,0.3052891790866852,0.008006781339645386,False,0.12085483870967742,0.9344885287574949,0.026577740907669067,0.33629775047302246,0.3097200095653534,0.010962337255477905,False,0.2143279569892473,0.917519313975935,0.024091094732284546,0.3332916498184204,0.30920055508613586,0.013448983430862427,False,0.3450268817204301,0.6551465413126905,0.006417393684387207,0.3029206693172455,0.2965032756328583,0.031122684478759766,False,0.43252688172043013,0.4952675325317861,-0.00018930435180664062,0.29500657320022583,0.29519587755203247,0.03772938251495361,True,0.5005591397849463,0.674915533728779,0.5661612903225807,8,False,0.48235020543593204,0.8661004531290798,0.01936939999995957,False,0.9032091783642581,0.7796693073059789,12,0.8684569892473119,0.6143842185090529,0.9421027104010578,0.027894437313079834,0.009645640850067139,False,0.1132258064516129,0.33516833186149597,0.30727389454841614,0.7728832594507802,0.012246638536453247,0.025293439626693726,False,0.3097741935483871,0.30549657344818115,0.2932499349117279,0.7728832594507802,0.012246638536453247,0.025293439626693726,False,0.3097741935483871,0.30549657344818115,0.2932499349117279,0.9914389844174415,0.04751938581466675,-0.009979307651519775,False,0.44991397849462367,0.2996904253959656,0.25217103958129883,0.9602853611648289,0.031855106353759766,0.005684971809387207,False,0.5262956989247312,0.28909963369369507,0.2572445273399353,False,0.93221321032883,0.8531577445644236,13,0.9340591397849463,0.7162112556880478,0.9907553510510299,0.04674422740936279,-0.00920414924621582,False,0.12101612903225807,0.3415849208831787,0.2948406934738159,0.8957087926602215,0.02150428295135498,0.016035795211791992,False,0.3021129032258065,0.3084143400192261,0.2869100570678711,0.8957087926602215,0.02150428295135498,0.016035795211791992,False,0.3021129032258065,0.3084143400192261,0.2869100570678711,0.8971641038830751,0.021661043167114258,0.015879034996032715,False,0.4613978494623656,0.30182451009750366,0.2801634669303894,0.8997316670844334,0.021942466497421265,0.015597611665725708,False,0.5370913978494624,0.30185291171073914,0.27991044521331787,1.9709491999992679,8.940696716308594e-08,2.7939677238464355e-09,-0.029004031964571908
1463072715,8050,"A young boy is looking at a checkers board with one fist leaning against his head as a partially visible adult sits across the table from him, in a room full of people sitting in chairs around tables.",59898,An older man plays a game with a small child.,3232994074,0.3534482717514038,0.322254478931427,0.031193792819976807,0.9576850810990427,14,0.0002490000001671433,0.9793524807649954,0.03859296441078186,0.25898459553718567,0.2203916311264038,-0.007399171590805054,False,0.17222933333333335,0.9889027174743051,0.04489895701408386,0.2349211871623993,0.19002223014831543,-0.013705164194107056,False,0.24008,0.9946671187322623,0.05228516459465027,0.23575639724731445,0.18347123265266418,-0.021091371774673462,False,0.30367466666666665,0.9911437350883133,0.04717734456062317,0.22489942610263824,0.17772208154201508,-0.015983551740646362,False,0.4489493333333333,0.9343010872275119,0.026547163724899292,0.2234574556350708,0.1969102919101715,0.004646629095077515,False,0.5441066666666666,0.7532555295875855,0.75192,10,False,0.27174752068927915,0.9786819825092163,0.00011089999998148414,0.9793524807649954,0.03859296441078186,0.25898459553718567,0.2203916311264038,-0.007399171590805054,False,0.17222933333333335,0.9889027174743051,0.04489895701408386,0.2349211871623993,0.19002223014831543,-0.013705164194107056,False,0.24008,0.9930340076943659,0.04959724843502045,0.2283128798007965,0.17871563136577606,-0.01840345561504364,False,0.342864,0.9846633401318333,0.041620537638664246,0.24523521959781647,0.20361468195915222,-0.010426744818687439,False,0.47618133333333335,0.9853321247451307,0.042073190212249756,0.24653339385986328,0.20446020364761353,-0.01087939739227295,False,0.539776,0.9883954312688783,0.626928,8,False,0.9951459152000914,0.9817183805209607,0.07155810000040219,False,0.9718670944275948,0.6019197684156431,14,1.0,0.011686429102836182,0.9725462664015581,0.03567415475845337,-0.0044803619384765625,False,0.13629866666666668,0.327989786863327,0.29231563210487366,0.9792875370683745,0.0385608971118927,-0.0073671042919158936,False,0.32306666666666667,0.3323662579059601,0.2938053607940674,0.9792875370683745,0.0385608971118927,-0.0073671042919158936,False,0.32306666666666667,0.3323662579059601,0.2938053607940674,0.9840089815398402,0.041196078062057495,-0.010002285242080688,False,0.428576,0.3184504508972168,0.2772543728351593,0.945491684819834,0.028533518314361572,0.0026602745056152344,False,0.5505653333333334,0.3112545311450958,0.28272101283073425,False,0.9345508132541366,0.504494469327573,14,1.0,0.011686429102836182,0.9566065924495201,0.03093084692955017,0.00026294589042663574,False,0.14002666666666666,0.32524293661117554,0.29431208968162537,0.9839221355653979,0.04114103317260742,-0.009947240352630615,False,0.273344,0.33879318833351135,0.29765215516090393,0.9779710028892382,0.037931203842163086,-0.006737411022186279,False,0.33693866666666666,0.3280394673347473,0.29010826349258423,0.9840089815398402,0.041196078062057495,-0.010002285242080688,False,0.428576,0.3184504508972168,0.2772543728351593,0.5095907009774256,0.00038367509841918945,0.030810117721557617,False,0.509168,0.2184527963399887,0.21806912124156952,2.0486854000000676,2.9802322387695312e-08,3.725290298461914e-09,0.0373162811734582
1082250005,1140,"A woman wearing a pink shirt and red apron stands in her restaurant holding food and surrounded by bagged breads, a microwave and the chalkboard menu up on the wall.",149581,"A woman, wearing a yellow apron, is taking the lid off of a large pot.",7738684358,0.37803295254707336,0.3062514364719391,0.07178151607513428,0.9992375048373157,15,0.0002563000002737681,0.9992657278273817,0.07215896248817444,0.36261069774627686,0.2904517352581024,-0.00037744641304016113,False,0.15041066666666666,0.9984608027625727,0.06474953889846802,0.35805147886276245,0.29330193996429443,0.00703197717666626,False,0.22823466666666667,0.9996282292933905,0.07896861433982849,0.3686632215976715,0.289694607257843,-0.007187098264694214,False,0.34964266666666666,0.9989258146287462,0.06835117936134338,0.3474951386451721,0.27914395928382874,0.0034303367137908936,False,0.408928,0.9502156122857468,0.029489874839782715,0.30479204654693604,0.2753021717071533,0.04229164123535156,False,0.5481013333333333,0.8591203719058463,0.8624586666666667,13,False,0.2750569566349708,0.9928863991829857,0.00011480000011943048,0.9992657278273817,0.07215896248817444,0.36261069774627686,0.2904517352581024,-0.00037744641304016113,False,0.15041066666666666,0.9996533761589682,0.07966923713684082,0.36770105361938477,0.28803181648254395,-0.007887721061706543,False,0.21160533333333334,0.9980870563332193,0.06257197260856628,0.34087157249450684,0.27829959988594055,0.009209543466567993,False,0.33995733333333333,0.9481298160257672,0.029057472944259644,0.3342816233634949,0.30522415041923523,0.042724043130874634,False,0.4026133333333333,0.9595923397495959,0.03167489171028137,0.3219231367111206,0.29024824500083923,0.040106624364852905,False,0.5288586666666667,0.7536326351706255,0.730816,11,False,0.2692833545313956,0.9852505227909063,0.06752750000032393,False,0.9979977966332297,0.8459287864749417,14,0.922176,0.10007250379839812,0.9982970343626834,0.06373679637908936,0.008044719696044922,False,0.118528,0.35740962624549866,0.2936728298664093,0.9972774540741561,0.05903461575508118,0.0127469003200531,False,0.22550933333333334,0.3292276859283447,0.27019307017326355,0.9973983992667158,0.05949023365974426,0.012291282415390015,False,0.3708533333333333,0.332414835691452,0.27292460203170776,0.9991110103117976,0.07024535536766052,0.0015361607074737549,False,0.44593066666666664,0.3303469717502594,0.2601016163825989,0.9970486221514063,0.058225274085998535,0.013556241989135742,False,0.542752,0.3323476314544678,0.27412235736846924,False,0.984822946580695,0.8692836834498008,15,1.0,0.060869981077461166,0.9982057362647662,0.06321364641189575,0.008567869663238525,False,0.11082666666666667,0.3733338415622711,0.31012019515037537,0.992532900033208,0.04889753460884094,0.022883981466293335,False,0.2612373333333333,0.34440335631370544,0.2955058217048645,0.9934180767080714,0.050168246030807495,0.021613270044326782,False,0.322432,0.34891659021377563,0.29874834418296814,0.9475870515265713,0.028947651386260986,0.04283386468887329,False,0.466576,0.331070214509964,0.302122563123703,0.9898071611530525,0.04575824737548828,0.026023268699645996,False,0.5633973333333333,0.3304148316383362,0.2846565842628479,2.280451300000095,5.960464477539063e-08,3.4924596548080444e-09,0.013174850052534715
3612485097,75881,A black man leans over as a white man jumps on his back backwards.,147120,Two football players leap into the air as a player on the opposing team moves toward them.,7393977570,0.326941579580307,0.30853062868118286,0.018410950899124146,0.8630781703070557,14,0.00025439999990339857,0.6271986046644846,0.005202174186706543,0.2833077013492584,0.2781055271625519,0.013208776712417603,False,0.12476876876876877,0.25369717808857084,-0.0107899010181427,0.2664335072040558,0.2772234082221985,0.029200851917266846,True,0.2499039039039039,0.3370916820216863,-0.0067628175020217896,0.2237834632396698,0.2305462807416916,0.025173768401145935,True,0.32035435435435433,0.6284151747325989,0.005254238843917847,0.23141109943389893,0.22615686058998108,0.013156712055206299,False,0.4499039039039039,0.8262613307575833,0.01559358835220337,0.24624985456466675,0.23065626621246338,0.0028173625469207764,False,0.5124744744744745,0.47409145260954094,0.6289189189189189,9,False,0.332515993220452,0.5404105934838835,0.00011420000009820797,0.8870690742192798,0.020611464977264404,0.33449602127075195,0.31388455629348755,-0.002200514078140259,False,0.11192192192192192,0.9492212813168854,0.029281646013259888,0.29627755284309387,0.266995906829834,-0.010870695114135742,False,0.2996276276276276,0.9660018753157855,0.03346860408782959,0.2849678099155426,0.251499205827713,-0.015057653188705444,False,0.3602882882882883,0.9077220641378315,0.022861331701278687,0.267400860786438,0.2445395290851593,-0.004450380802154541,False,0.43073873873873875,0.787287626316086,0.013086527585983276,0.23634441196918488,0.2232578843832016,0.005324423313140869,False,0.5597657657657658,0.8902488580399933,0.43073873873873875,6,False,0.9077220641378315,0.8998830766575596,0.12309849999928701,False,0.6444997542362575,0.593737569916962,12,0.8704504504504504,0.6949909502676538,0.7033350995328318,0.008632302284240723,0.009778648614883423,False,0.13729129129129128,0.279379278421402,0.27074697613716125,0.3203258589567187,-0.007522746920585632,0.025933697819709778,True,0.2577897897897898,0.23476360738277435,0.24228635430335999,0.5885440319633576,0.0035794973373413086,0.014831453561782837,False,0.3296756756756757,0.2513194978237152,0.2477400004863739,0.7596584227214286,0.011508077383041382,0.006902873516082764,False,0.41536936936936936,0.25002574920654297,0.2385176718235016,0.6583139637515608,0.006557896733283997,0.011853054165840149,False,0.5405045045045045,0.2551257014274597,0.24856780469417572,False,0.6355102227885364,0.563351849199083,13,0.9378138138138138,0.06410266168103866,0.7033350995328318,0.008632302284240723,0.009778648614883423,False,0.13729129129129128,0.279379278421402,0.27074697613716125,0.2940799441935028,-0.008756503462791443,0.02716745436191559,True,0.2671051051051051,0.24660779535770416,0.2553642988204956,0.5885440319633576,0.0035794973373413086,0.014831453561782837,False,0.3296756756756757,0.2513194978237152,0.2477400004863739,0.7326716592394988,0.010082200169563293,0.008328750729560852,False,0.4993693693693694,0.2563076317310333,0.24622543156147003,0.6565013472016932,0.006477415561676025,0.01193353533744812,False,0.5903303303303303,0.25999975204467773,0.2535223364830017,1.7268797999995513,2.9802322387695312e-08,3.3760443329811096e-09,0.008989531447721077
2422589651,27975,A man wearing a baseball hat and jacket reads while sitting in an Italian restaurant.,119315,Three people sit at a table in front of an establishment displaying the words Bar Gleati Tabacchi.,4871230195,0.37951117753982544,0.35009703040122986,0.02941414713859558,0.949856151741678,14,0.00026070000012623495,0.9726027062645693,0.03569531440734863,0.3500937819480896,0.31439846754074097,-0.006281167268753052,False,0.14944144144144145,0.9070498622013987,0.022781342267990112,0.3125203847885132,0.28973904252052307,0.006632804870605469,False,0.27956756756756757,0.49068338236547465,-0.0003727078437805176,0.28921693563461304,0.28958964347839355,0.0297868549823761,True,0.36366366366366365,0.4019492225130912,-0.0039734989404678345,0.22853870689868927,0.2325122058391571,0.033387646079063416,True,0.4456936936936937,0.30987633546218313,-0.008006975054740906,0.2296309620141983,0.2376379370689392,0.03742112219333649,True,0.5127327327327328,0.4028638079039603,0.9136336336336336,13,False,0.006106036643691911,0.7512428706763027,0.00011150000000270666,0.9940905308455522,0.05125272274017334,0.33055686950683594,0.2793041467666626,-0.02183857560157776,False,0.15725525525525524,0.9497252571966837,0.029386699199676514,0.32311075925827026,0.29372406005859375,2.7447938919067383e-05,False,0.24135135135135136,0.8681570800708985,0.018847614526748657,0.3242127299308777,0.30536511540412903,0.010566532611846924,False,0.30013213213213213,0.0037367431096685883,-0.05585797131061554,0.21986322104930878,0.2757211923599243,0.08527211844921112,True,0.4085105105105105,0.0033352196334073703,-0.056998759508132935,0.21447840332984924,0.2714771628379822,0.08641290664672852,True,0.5245645645645646,0.33618052378126684,0.5245645645645646,8,False,0.0033352196334073703,0.6398972673721346,0.02045670000006794,False,0.48063571147383055,0.2683234209878969,13,0.9168708708708708,0.05015918073270755,0.9792970859202427,0.038565605878829956,-0.009151458740234375,False,0.1586846846846847,0.3224737346172333,0.2839081287384033,0.3117906138070375,-0.007917612791061401,0.03733175992965698,True,0.25064264264264263,0.28927919268608093,0.29719680547714233,0.1860672949777796,-0.014757692813873291,0.04417183995246887,True,0.30942342342342344,0.2819346487522125,0.2966923415660858,0.13584647791320364,-0.01850225031375885,0.04791639745235443,True,0.47472072072072075,0.24604062736034393,0.2645428776741028,0.06477334743845845,-0.026698946952819824,0.056113094091415405,True,0.5417597597597598,0.23770925402641296,0.2644082009792328,False,0.3947357555402986,0.2650735825323649,14,1.0,0.07785525438478798,0.9757516410998458,0.036948591470718384,-0.007534444332122803,False,0.13012612612612612,0.31766873598098755,0.28072014451026917,0.3117906138070375,-0.007917612791061401,0.03733175992965698,True,0.25064264264264263,0.28927919268608093,0.29719680547714233,0.045430786068261265,-0.03045070171356201,0.05986484885215759,True,0.3347387387387387,0.2607158422470093,0.2911665439605713,0.015365106981969693,-0.041601717472076416,0.071015864610672,True,0.47664864864864864,0.24306243658065796,0.2846641540527344,0.022844220174652204,-0.03755947947502136,0.06697362661361694,True,0.5673093093093093,0.2330957055091858,0.27065518498420715,1.6957492000001366,2.9802322387695312e-08,3.725290298461914e-09,0.08589995593353195
226481576,21839,A police woman smiling and wearing sunglasses and a hat.,4530,A security officer with a tiny face and big glasses leans on a metal gate looking into the camera.,129860826,0.3829415440559387,0.3354021906852722,0.047539353370666504,0.9914559157090338,14,0.0002509000000827655,0.24785044010628923,-0.011101096868515015,0.3136526942253113,0.3247537910938263,0.05864045023918152,True,0.13573573573573575,0.29328154363074077,-0.008794993162155151,0.32574263215065,0.3345376253128052,0.056334346532821655,True,0.2492972972972973,0.3784054205784236,-0.004963219165802002,0.29463112354278564,0.29959434270858765,0.052502572536468506,True,0.33036036036036037,0.09137130479658959,-0.022970050573349,0.2717624306678772,0.2947324812412262,0.0705094039440155,True,0.4476096096096096,0.06830763073221433,-0.026129812002182007,0.2657748758792877,0.2919046878814697,0.07366916537284851,True,0.5373813813813814,0.15504284558785436,0.8894774774774775,12,False,0.01806945118360881,0.32894197436113953,0.00010960000008708448,0.24420459771992037,-0.011297643184661865,0.31612512469291687,0.32742276787757874,0.05883699655532837,True,0.12297297297297298,0.19941422977984208,-0.01389959454536438,0.3270193934440613,0.34091898798942566,0.061438947916030884,True,0.23653453453453455,0.08315937289639565,-0.024001747369766235,0.3066064417362213,0.33060818910598755,0.07154110074043274,True,0.31203003003003005,0.08534293985965036,-0.023718714714050293,0.31306353211402893,0.3367822468280792,0.0712580680847168,True,0.4292792792792793,0.14606845129144194,-0.017657756805419922,0.32072553038597107,0.338383287191391,0.06519711017608643,True,0.5176876876876877,0.11925939305852844,0.7273093093093093,10,False,0.0010235072417115667,0.25486351769726356,0.07654240000010759,False,0.2470484238880905,0.1634729295115925,11,0.7924804804804805,0.06371203594149456,0.1740734811781352,-0.015570282936096191,0.0631096363067627,True,0.1413033033033033,0.29774102568626404,0.31331130862236023,0.11344815318892693,-0.02055993676185608,0.06809929013252258,True,0.20984984984984986,0.2831488847732544,0.3037088215351105,0.15568920447183543,-0.01690658926963806,0.06444594264030457,True,0.3462462462462462,0.28519827127456665,0.3021048605442047,0.09007131151264657,-0.023127645254135132,0.07066699862480164,True,0.413993993993994,0.27373141050338745,0.2968590557575226,0.11160503546152399,-0.020744502544403076,0.06828385591506958,True,0.5275555555555556,0.2822054624557495,0.3029499650001526,False,0.22943208768416812,0.2506018354855105,14,1.0,0.43341563259153043,0.1740734811781352,-0.015570282936096191,0.0631096363067627,True,0.1413033033033033,0.29774102568626404,0.31331130862236023,0.10671123966717407,-0.021247833967208862,0.06878718733787537,True,0.21303903903903904,0.2893050014972687,0.31055283546447754,0.046773280210344284,-0.03014540672302246,0.07768476009368896,True,0.33649249249249247,0.27250146865844727,0.3026468753814697,0.11760692872969214,-0.020152896642684937,0.06769225001335144,True,0.40503903903903904,0.2754279673099518,0.2955808639526367,0.0841857777159343,-0.023867875337600708,0.07140722870826721,True,0.5186006006006006,0.26878899335861206,0.29265686869621277,1.725061099999948,0.0,3.026798367500305e-09,0.01761633620392239
1921102799,13450,"A young boy, playing soccer, is wearing a green jersey and black shorts and has his face buried in his hands.",28108,A young boy in a soccer uniform prepares to kick a soccer ball.,2424620984,0.3428003489971161,0.3416173458099365,0.0011830031871795654,0.52954063603103,15,0.0002443000003040652,0.4240874342579974,-0.00306016206741333,0.27358946204185486,0.2766496241092682,0.0042431652545928955,True,0.13812781954887218,0.46753364605355224,-0.0013004839420318604,0.2860874831676483,0.2873879671096802,0.0024834871292114258,True,0.20116541353383458,0.8520008874422108,0.017503812909126282,0.20723998546600342,0.18973617255687714,-0.016320809721946716,False,0.34058646616541355,0.8933951044154232,0.021258994936943054,0.20271219313144684,0.18145319819450378,-0.02007599174976349,False,0.4119624060150376,0.9001299512136051,0.021986693143844604,0.17249715328216553,0.15051046013832092,-0.02080368995666504,False,0.5613308270676691,0.7513839251068531,0.8676842105263158,13,False,0.8663446545137582,0.6808590900856885,0.0001164000000244414,0.5713102688838417,0.002871990203857422,0.3417840898036957,0.33891209959983826,-0.0016889870166778564,False,0.12590225563909774,0.5713511429719308,0.002873659133911133,0.34178394079208374,0.3389102816581726,-0.0016906559467315674,False,0.25715037593984963,0.5713511429719308,0.002873659133911133,0.34178394079208374,0.3389102816581726,-0.0016906559467315674,False,0.3169172932330827,0.6606379729300206,0.0066613852977752686,0.33247074484825134,0.3258093595504761,-0.005478382110595703,False,0.43478195488721805,0.673595958334258,0.0072449445724487305,0.3329841196537018,0.32573917508125305,-0.006061941385269165,False,0.5421428571428571,0.6273536856483667,0.39277443609022555,6,False,0.6606693754840904,0.5951568834652471,0.02069110000047658,False,0.6372644806620252,0.7393587887769859,11,0.760421052631579,0.8771669748309211,0.42408670637433926,-0.0030601918697357178,0.004243195056915283,True,0.13812781954887218,0.27358946204185486,0.2766496539115906,0.6521272204086268,0.0062840282917022705,-0.005101025104522705,False,0.26677443609022555,0.24962182343006134,0.24333779513835907,0.7612534206629576,0.01159563660621643,-0.010412633419036865,False,0.353406015037594,0.2314341962337494,0.21983855962753296,0.8348063096477324,0.01620081067085266,-0.015017807483673096,False,0.4164436090225564,0.19633127748966217,0.1801304668188095,0.7333875652698939,0.01011878252029419,-0.008935779333114624,False,0.5442781954887218,0.18173769116401672,0.17161890864372253,False,0.5470924930271471,0.7172710156029911,9,0.6110526315789474,0.8752264992261426,0.36222026985931105,-0.005657404661178589,0.006840407848358154,True,0.13012781954887218,0.32117027044296265,0.32682767510414124,0.4189195963491541,-0.0032721012830734253,0.004455104470252991,True,0.2539548872180451,0.23521113395690918,0.2384832352399826,0.7156345406587481,0.009229093790054321,-0.008046090602874756,False,0.32981203007518795,0.22928695380687714,0.22005786001682281,0.6290176350985011,0.005280047655105591,-0.004097044467926025,False,0.45304511278195486,0.24016085267066956,0.23488080501556396,0.8250399452047178,0.0155087411403656,-0.014325737953186035,False,0.5396766917293233,0.19366218149662018,0.17815344035625458,1.2137848000002123,5.960464477539063e-08,3.3760443329811096e-09,0.0901719876348781
4095309334,88751,A woman in a flowered skirt walks along the dirt streets in her village.,93822,Woman standing barefoot near a small hut and filling a jug with liquid.,4359872414,0.33754634857177734,0.32136741280555725,0.016178935766220093,0.8345044233782586,13,0.0002601999999569671,0.5490063094912879,0.0019665658473968506,0.2897152006626129,0.28774863481521606,0.014212369918823242,False,0.15380588235294118,0.6251608931867407,0.005115121603012085,0.28011858463287354,0.27500346302986145,0.011063814163208008,False,0.22968823529411764,0.9722954219159151,0.03558062016963959,0.2619856894016266,0.226405069231987,-0.019401684403419495,False,0.36818235294117646,0.7466812552152101,0.010809898376464844,0.22690103948116302,0.21609114110469818,0.005369037389755249,False,0.46238235294117647,0.6626572031167931,0.006751582026481628,0.21090750396251678,0.20415592193603516,0.009427353739738464,False,0.5547529411764706,0.738478590726681,0.8796,11,False,0.758180484409899,0.7347757234191629,0.00010729999985414906,0.7782963108687682,0.012557655572891235,0.3111518323421478,0.2985941767692566,0.0036212801933288574,False,0.1797294117647059,0.8627379551413782,0.01838219165802002,0.2998354434967041,0.2814532518386841,-0.0022032558917999268,False,0.25561176470588237,0.8582636166645619,0.018009424209594727,0.2966960072517395,0.2786865830421448,-0.0018304884433746338,False,0.33506470588235293,0.837923584275017,0.016428589820861816,0.2972186803817749,0.2807900905609131,-0.00024965405464172363,False,0.4035764705882353,0.9354737274228853,0.026739805936813354,0.3071247637271881,0.28038495779037476,-0.010560870170593262,False,0.5228294117647059,0.8018220387141972,0.4035764705882353,5,False,0.837923584275017,0.8404495894819602,0.032680899999832036,False,0.9133027829847356,0.8334630319061078,13,1.0,0.9283233159797637,0.9957952317578194,0.054673224687576294,-0.0384942889213562,False,0.16008823529411764,0.31306523084640503,0.25839200615882874,0.986997889705787,0.04329556226730347,-0.027116626501083374,False,0.24561764705882352,0.2957412600517273,0.25244569778442383,0.9724130277332539,0.035624369978904724,-0.01944543421268463,False,0.3138941176470588,0.276042640209198,0.24041827023029327,0.857663284925735,0.017960160970687866,-0.0017812252044677734,False,0.40809411764705883,0.25170576572418213,0.23374560475349426,0.8003832449603537,0.013886913657188416,0.0022920221090316772,False,0.5465882352941176,0.2135939747095108,0.1997070610523224,False,0.8108059482705345,0.6021983148302309,12,0.922564705882353,0.7193757926391017,0.9774571128538525,0.037695348262786865,-0.021516412496566772,False,0.16173529411764706,0.31867656111717224,0.2809812128543854,0.9918490324969924,0.04801434278488159,-0.0318354070186615,False,0.22279411764705884,0.31454363465309143,0.26652929186820984,0.9824368725055719,0.04024234414100647,-0.024063408374786377,False,0.3083235294117647,0.30511921644210815,0.2648768723011017,0.6717635440575144,0.007161721587181091,0.009017214179039001,False,0.4025235294117647,0.25105565786361694,0.24389393627643585,0.37278049039016553,-0.005203068256378174,0.021382004022598267,True,0.5502529411764706,0.24800711870193481,0.253210186958313,1.7623999999996158,5.960464477539063e-08,3.259629011154175e-09,0.10249683471420101
3387661249,66381,"A black horse stands in the grass at a fence, while a brown dog looks on.",84441,Two children are in a grassy area near two horses.,388837010,0.35460972785949707,0.31139302253723145,0.043216705322265625,0.9868963025507677,15,0.0002855000002455199,0.9586251831188148,0.03142827749252319,0.32347068190574646,0.29204240441322327,0.011788427829742432,False,0.13153432835820897,0.8258493800771538,0.015564918518066406,0.2828531265258789,0.2672882080078125,0.02765178680419922,False,0.21107462686567163,0.6502893907612389,0.006203114986419678,0.24532702565193176,0.23912391066551208,0.03701359033584595,False,0.3475641791044776,0.5399459099028909,0.0016012489795684814,0.2456476092338562,0.24404636025428772,0.041615456342697144,False,0.41214925373134326,0.1484263345746702,-0.017469972372055054,0.2125452607870102,0.23001523315906525,0.06068667769432068,True,0.5497910447761194,0.4227085103033304,0.6556179104477612,9,False,0.039506713188959625,0.7011193187949517,0.00011210000002392917,0.8258493800771538,0.015564918518066406,0.2828531265258789,0.2672882080078125,0.02765178680419922,False,0.21107462686567163,0.8258493800771538,0.015564918518066406,0.2828531265258789,0.2672882080078125,0.02765178680419922,False,0.21107462686567163,0.8255933434766033,0.015547126531600952,0.2850738763809204,0.26952674984931946,0.027669578790664673,False,0.3358805970149254,0.7768396558813989,0.012473434209823608,0.2521790564060211,0.2397056221961975,0.030743271112442017,False,0.40146268656716416,0.48434660434157434,-0.0006263405084609985,0.23540928959846497,0.23603563010692596,0.043843045830726624,True,0.502089552238806,0.5329618278967904,0.5729970149253731,8,False,0.21101173452724103,0.8173189932176416,0.07053399999949761,False,0.6955088117848017,0.39927552819221845,12,0.8117671641791044,0.0575860487767199,0.9746324112811794,0.036485880613327026,0.006730824708938599,False,0.14512238805970148,0.3126091957092285,0.2761233150959015,0.6296461034796949,0.005306988954544067,0.03790971636772156,False,0.28031641791044776,0.27937421202659607,0.274067223072052,0.3936635380976761,-0.004319384694099426,0.04753609001636505,True,0.4118507462686567,0.22521761059761047,0.2295369952917099,0.3936635380976761,-0.004319384694099426,0.04753609001636505,True,0.4118507462686567,0.22521761059761047,0.2295369952917099,0.3801271847979299,-0.004890084266662598,0.04810678958892822,True,0.5143402985074627,0.2563047707080841,0.2611948549747467,False,0.6824483685163522,0.3788244107977192,11,0.7471820895522389,0.03760611149473308,0.9757492435281477,0.0369475781917572,0.006269127130508423,False,0.11988059701492537,0.3346627950668335,0.2977152168750763,0.6407809138615466,0.005787551403045654,0.03742915391921997,False,0.330955223880597,0.2436734437942505,0.23788589239120483,0.6407809138615466,0.005787551403045654,0.03742915391921997,False,0.330955223880597,0.2436734437942505,0.23788589239120483,0.3936635380976761,-0.004319384694099426,0.04753609001636505,True,0.4118507462686567,0.22521761059761047,0.2295369952917099,0.09513059545532283,-0.022525399923324585,0.06574210524559021,True,0.523755223880597,0.23585310578346252,0.2583785057067871,1.7991462999998475,2.9802322387695312e-08,3.4051481634378433e-09,0.013060443268449573
3724738804,80450,Three girls wearing goggles are jumping into a swimming pool together.,131965,We see the backs of a young Asian girl with a green shirt and a red hat holding hands with a young Asian girl with a striped pink shirt and a pink hat by the pool.,5501939468,0.33629053831100464,0.3226686716079712,0.013621866703033447,0.7961148590989375,14,0.0002629000000524684,0.03830275760204595,-0.03223177790641785,0.2808052599430084,0.31303703784942627,0.045853644609451294,True,0.10340104166666667,0.017162824586147325,-0.040476977825164795,0.27227887511253357,0.31275585293769836,0.05409884452819824,True,0.20818229166666666,0.00017431343978759555,-0.08654481172561646,0.23126369714736938,0.31780850887298584,0.1001666784286499,True,0.354765625,0.0020218644298325493,-0.06201711297035217,0.2050304114818573,0.2670475244522095,0.07563897967338562,True,0.445875,0.0014512891149533057,-0.06533850729465485,0.19796521961688995,0.2633037269115448,0.0789603739976883,True,0.5008229166666667,0.15631181579467726,0.7319895833333333,9,False,0.3651351657662428,0.09486753805611266,0.00010990000009769574,0.03830275760204595,-0.03223177790641785,0.2808052599430084,0.31303703784942627,0.045853644609451294,True,0.10340104166666667,0.00034979458015716434,-0.07957814633846283,0.2326257973909378,0.31220394372940063,0.09320001304149628,True,0.249984375,0.00017431343978759555,-0.08654481172561646,0.23126369714736938,0.31780850887298584,0.1001666784286499,True,0.354765625,0.0007796888551792903,-0.07155835628509521,0.2345268726348877,0.3060852289199829,0.08518022298812866,True,0.4080625,0.06570440101462025,-0.02654626965522766,0.21329206228256226,0.23983833193778992,0.04016813635826111,True,0.556828125,0.14431058559300441,0.6479375,8,False,0.23527588036933553,0.09153792286369634,0.11882609999975102,False,0.08949999739062542,0.32984481493146234,11,0.8594114583333333,0.9095260802564817,0.038302867381007626,-0.03223174810409546,0.045853614807128906,True,0.10340104166666667,0.2808052897453308,0.31303703784942627,0.0002992328540415054,-0.08113989233970642,0.09476175904273987,True,0.27903125,0.2522902190685272,0.33343011140823364,0.0007045118717408516,-0.07257300615310669,0.08619487285614014,True,0.370140625,0.23126453161239624,0.30383753776550293,0.002021852402983131,-0.06201717257499695,0.0756390392780304,True,0.445875,0.2050304114818573,0.26704758405685425,0.03259533207426559,-0.03390447795391083,0.047526344656944275,True,0.5396927083333334,0.18632160127162933,0.22022607922554016,False,0.17518450235142702,0.33243526247498056,12,0.9054791666666666,0.8542891628314615,0.24589335577931556,-0.011206358671188354,0.024828225374221802,True,0.17563020833333334,0.32624563574790955,0.3374519944190979,0.005010365136015303,-0.052912235260009766,0.06653410196304321,True,0.2667395833333333,0.29179200530052185,0.3447042405605316,0.0007045118717408516,-0.07257300615310669,0.08619487285614014,True,0.370140625,0.23126453161239624,0.30383753776550293,0.0005340194310281185,-0.07534544169902802,0.08896730840206146,True,0.4541927083333333,0.23472534120082855,0.31007078289985657,0.00879406470075591,-0.04724845290184021,0.06087031960487366,True,0.5932604166666666,0.2506348192691803,0.2978832721710205,2.1150923000004695,5.960464477539063e-08,3.550667315721512e-09,-0.0856845049608016
261627889,35850,Two people wearing all white are painting a brick wall.,13004,Three men work behind a short wall.,1874530310,0.3612198233604431,0.3366343080997467,0.02458551526069641,0.9211845625968116,9,0.00023739999960525893,0.9260027660500189,0.025268495082855225,0.33229103684425354,0.3070225417613983,-0.0006829798221588135,False,0.28979828326180257,0.9260027660500189,0.025268495082855225,0.33229103684425354,0.3070225417613983,-0.0006829798221588135,False,0.28979828326180257,0.9374986268809317,0.027080267667770386,0.3101235330104828,0.2830432653427124,-0.0024947524070739746,False,0.36710729613733906,0.9103435474590311,0.02317836880683899,0.3070748746395111,0.2838965058326721,0.0014071464538574219,False,0.46031330472103005,0.2640244497903222,-0.010251551866531372,0.25772592425346375,0.2679774761199951,0.03483706712722778,True,0.6532832618025751,0.644927017015868,1.0,9,False,0.3692013418291616,0.8252353676561165,0.00010149999980058055,0.9374986268809317,0.027080267667770386,0.3101235330104828,0.2830432653427124,-0.0024947524070739746,False,0.36710729613733906,0.9374986268809317,0.027080267667770386,0.3101235330104828,0.2830432653427124,-0.0024947524070739746,False,0.36710729613733906,0.9374986268809317,0.027080267667770386,0.3101235330104828,0.2830432653427124,-0.0024947524070739746,False,0.36710729613733906,0.916230549455739,0.023921996355056763,0.31753242015838623,0.29361042380332947,0.0006635189056396484,False,0.40245922746781115,0.24191460265531922,-0.011422112584114075,0.24220548570156097,0.25362759828567505,0.036007627844810486,True,0.5493175965665236,0.6079160638047101,0.5493175965665236,5,False,0.24191460265531922,0.835538839979333,0.06472759999996924,False,0.9406727781767658,0.739057802037497,9,1.0,0.3692013418291616,0.9260027660500189,0.025268495082855225,-0.0006829798221588135,False,0.28979828326180257,0.33229103684425354,0.3070225417613983,0.9260027660500189,0.025268495082855225,-0.0006829798221588135,False,0.28979828326180257,0.33229103684425354,0.3070225417613983,0.9496027400021868,0.029361069202423096,-0.004775553941726685,False,0.3318197424892704,0.3311884105205536,0.3018273413181305,0.9732693883166493,0.03594851493835449,-0.011362999677658081,False,0.4804420600858369,0.3119940459728241,0.2760455310344696,0.9820417053021674,0.0400158166885376,-0.015430301427841187,False,0.5340944206008583,0.30341753363609314,0.26340171694755554,False,0.9568225447130486,0.9027356050884132,9,1.0,0.3692013418291616,0.9755258253190178,0.03685358166694641,-0.01226806640625,False,0.38547210300429186,0.31122633814811707,0.27437275648117065,0.9755258253190178,0.03685358166694641,-0.01226806640625,False,0.38547210300429186,0.31122633814811707,0.27437275648117065,0.9755258253190178,0.03685358166694641,-0.01226806640625,False,0.38547210300429186,0.31122633814811707,0.27437275648117065,0.9820417053021674,0.0400158166885376,-0.015430301427841187,False,0.5340944206008583,0.30341753363609314,0.26340171694755554,0.9820417053021674,0.0400158166885376,-0.015430301427841187,False,0.5340944206008583,0.30341753363609314,0.26340171694755554,1.7825849000000744,5.960464477539063e-08,3.434251993894577e-09,-0.01614976653628286
4158826243,89915,A man and woman perform a martial arts demonstration with practice katanas in front of an audience in an outside park like environment.,60890,The girl with the red belt is kicking a pad that the person in black is holding.,3256456935,0.400308758020401,0.34831181168556213,0.05199694633483887,0.9945120347083147,11,0.00025390000018887804,0.951611611141156,0.029788970947265625,0.35513463616371155,0.3253456652164459,0.022207975387573242,False,0.149616,0.7982974399210151,0.013756871223449707,0.3176283836364746,0.3038715124130249,0.03824007511138916,False,0.29040533333333335,0.5567079413144936,0.0022781193256378174,0.30303409695625305,0.30075597763061523,0.04971882700920105,False,0.355568,0.22401346301004182,-0.012424290180206299,0.26284515857696533,0.27526944875717163,0.06442123651504517,True,0.454864,0.03747710803168059,-0.03245827555656433,0.23968908190727234,0.27214735746383667,0.0844552218914032,True,0.5683466666666667,0.37535302261695486,0.9480693333333333,10,False,0.03566990599579167,0.6448816637321344,0.00010530000008657225,0.951611611141156,0.029788970947265625,0.35513463616371155,0.3253456652164459,0.022207975387573242,False,0.149616,0.7982974399210151,0.013756871223449707,0.3176283836364746,0.3038715124130249,0.03824007511138916,False,0.29040533333333335,0.6829770930884694,0.007674872875213623,0.30384212732315063,0.296167254447937,0.044322073459625244,False,0.342336,0.7553495805301236,0.011273503303527832,0.3001570403575897,0.2888835370540619,0.040723443031311035,False,0.45581866666666665,0.722530961733751,0.009570509195327759,0.29187294840812683,0.2823024392127991,0.04242643713951111,False,0.5407946666666666,0.5058230712390036,0.7550346666666666,8,False,0.0036066054468165513,0.83513477221676,0.1231073999997534,False,0.7999235007032359,0.548247316355656,11,1.0,0.12757075525298672,0.9499882809782644,0.029441922903060913,0.022555023431777954,False,0.14078933333333332,0.3628998398780823,0.33345791697502136,0.7982960002983736,0.013756781816482544,0.03824016451835632,False,0.29040533333333335,0.31762832403182983,0.3038715422153473,0.7667022902552425,0.011897832155227661,0.040099114179611206,False,0.3401866666666667,0.31422242522239685,0.3023245930671692,0.7212589366649712,0.009507149457931519,0.04248979687690735,False,0.435072,0.2935417592525482,0.2840346097946167,0.29063922375006906,-0.008922815322875977,0.060919761657714844,True,0.534368,0.2566036581993103,0.2655264735221863,False,0.670938272776664,0.43294815048186774,11,1.0,0.12757075525298672,0.9401088189905296,0.027534663677215576,0.02446228265762329,False,0.19057066666666667,0.35838234424591064,0.33084768056869507,0.7733892547200533,0.012275487184524536,0.03972145915031433,False,0.2557333333333333,0.35759902000427246,0.3453235328197479,0.7619395511403796,0.011633425951004028,0.04036352038383484,False,0.3407093333333333,0.35933414101600647,0.34770071506500244,0.4397889340683021,-0.002420186996459961,0.05441713333129883,True,0.491936,0.31611305475234985,0.3185332417488098,0.0170204863261619,-0.04056170582771301,0.09255865216255188,True,0.641552,0.22491058707237244,0.26547229290008545,1.7343160999998872,0.0,3.3760443329811096e-09,0.12898522792657197
3274879561,61671,A deer is jumping over a fence.,69953,A brown dog jumps over an obstacle.,3474406285,0.342295378446579,0.3209126591682434,0.02138271927833557,0.8945677361969148,15,0.0002687000001060369,0.9910496163689855,0.04707068204879761,0.32218047976493835,0.27510979771614075,-0.025687962770462036,False,0.12592192192192192,0.9956059765083518,0.05423106253147125,0.303866446018219,0.24963538348674774,-0.03284834325313568,False,0.21221621621621622,0.9279620647115531,0.025557979941368103,0.27438005805015564,0.24882207810878754,-0.004175260663032532,False,0.3269069069069069,0.6724062264443065,0.007190883159637451,0.24364495277404785,0.2364540696144104,0.01419183611869812,False,0.45354954954954957,0.7391988498775873,0.010418087244033813,0.257002055644989,0.2465839684009552,0.010964632034301758,False,0.516972972972973,0.805284590724631,0.6587927927927928,10,False,0.6684605919692,0.8914360081832637,0.00011230000018258579,0.9629350209399133,0.03257313370704651,0.34439748525619507,0.31182435154914856,-0.011190414428710938,False,0.13195195195195195,0.9886830720823268,0.0447007417678833,0.33578750491142273,0.29108676314353943,-0.02331802248954773,False,0.26602402402402403,0.9373684036502079,0.027058064937591553,0.30874311923980713,0.2816850543022156,-0.0056753456592559814,False,0.3225045045045045,0.9205471563545856,0.024498045444488525,0.3047809302806854,0.2802828848361969,-0.003115326166152954,False,0.4761081081081081,0.5542280014909223,0.002177685499191284,0.3068128526210785,0.3046351671218872,0.019205033779144287,False,0.5425285285285285,0.6983811301643494,0.7327987987987988,11,False,0.3976173770956122,0.9205788890876686,0.02043520000006538,False,0.9480026716839725,0.777385342004429,15,1.0,0.5084176156269317,0.9503713078255089,0.029522836208343506,-0.008140116930007935,False,0.13436636636636637,0.30265703797340393,0.2731342017650604,0.9738154652700429,0.03616052865982056,-0.014777809381484985,False,0.22066066066066067,0.299496591091156,0.26333606243133545,0.9653123271151315,0.03326067328453064,-0.011877954006195068,False,0.3362042042042042,0.29995933175086975,0.2666986584663391,0.968914513934115,0.03439435362815857,-0.013011634349822998,False,0.40540540540540543,0.2979947328567505,0.2636003792285919,0.904829120028567,0.022520720958709717,-0.0011380016803741455,False,0.549051051051051,0.31300193071365356,0.29048120975494385,False,0.9076664132859584,0.7565369313603226,15,1.0,0.5084176156269317,0.9863599926933336,0.042810142040252686,-0.021427422761917114,False,0.14373573573573573,0.33491382002830505,0.29210367798805237,0.9561188013151114,0.03081396222114563,-0.009431242942810059,False,0.20194594594594595,0.3308163285255432,0.3000023663043976,0.7889646966095455,0.01318696141242981,0.008195757865905762,False,0.32376576576576577,0.271884024143219,0.2586970627307892,0.9428467608372589,0.02803167700767517,-0.0066489577293396,False,0.4815795795795796,0.28999823331832886,0.2619665563106537,0.9434250268010262,0.028139501810073853,-0.006756782531738281,False,0.5507807807807807,0.29166126251220703,0.2635217607021332,1.9619666999997207,0.0,2.8230715543031693e-09,0.040336258398014024
7329031116,146760,"A British gentleman, dressed in full military uniform, waving his hat with a background of people sitting back and looking out onto the waterway.",51652,A man in uniform talks into a microphone to a group of people in various costumes.,3031792444,0.34582626819610596,0.3149626851081848,0.030863583087921143,0.9563265182806452,15,0.0002782000001388951,0.16778964616063413,-0.016013741493225098,0.28501003980636597,0.30102378129959106,0.04687732458114624,True,0.12162626262626262,0.15739106007570478,-0.01677769422531128,0.2729162573814392,0.2896939516067505,0.04764127731323242,True,0.21023232323232324,0.005582802683356762,-0.0518246591091156,0.22111165523529053,0.27293631434440613,0.08268824219703674,True,0.31524242424242427,0.02878609146117316,-0.03518654406070709,0.2008817046880722,0.2360682487487793,0.06605012714862823,True,0.43752525252525254,0.04268091304345237,-0.031103849411010742,0.19774799048900604,0.22885183990001678,0.061967432498931885,True,0.5052424242424243,0.15256326567318704,0.729010101010101,10,False,0.05721051823161307,0.1897022011545463,0.00011459999996077386,0.4986767799751204,-5.2928924560546875e-05,0.282938152551651,0.28299108147621155,0.03091651201248169,True,0.16783333333333333,0.6544944737048334,0.006388545036315918,0.28095149993896484,0.2745629549026489,0.024475038051605225,False,0.22280808080808082,0.9447512797200539,0.02839076519012451,0.2823512852191925,0.253960520029068,0.002472817897796631,False,0.3332171717171717,0.9520344389062028,0.029881179332733154,0.2793210446834564,0.24943986535072327,0.0009824037551879883,False,0.4009343434343434,0.963103034176846,0.03262031078338623,0.2861171066761017,0.25349679589271545,-0.0017567276954650879,False,0.5568484848484848,0.8490355611715144,0.3332171717171717,6,False,0.9447512797200539,0.8181818085326545,0.07564840000031836,False,0.5695442951365717,0.488435272521757,14,0.9304141414141414,0.23277703500454175,0.6027687349821484,0.004170149564743042,0.0266934335231781,False,0.10555555555555556,0.29929736256599426,0.2951272130012512,0.7623361075609427,0.011655300855636597,0.019208282232284546,False,0.24036868686868687,0.3010691702365875,0.2894138693809509,0.5309072751050887,0.0012378692626953125,0.02962571382522583,False,0.32325252525252524,0.28483179211616516,0.28359392285346985,0.5620715436695761,0.0024957358837127686,0.028367847204208374,False,0.4171010101010101,0.2758943438529968,0.27339860796928406,0.05663274246174938,-0.02812868356704712,0.05899226665496826,True,0.5770858585858586,0.21019315719604492,0.23832184076309204,False,0.3019341383473724,0.34124886529182324,15,1.0,0.9583741588179208,0.6027687349821484,0.004170149564743042,0.0266934335231781,False,0.10555555555555556,0.29929736256599426,0.2951272130012512,0.2651616406094911,-0.010193109512329102,0.041056692600250244,True,0.25677272727272726,0.2565690577030182,0.2667621672153473,0.0699094339981007,-0.025880813598632812,0.056744396686553955,True,0.3453787878787879,0.2581680119037628,0.28404882550239563,0.0393828425877556,-0.0319424569606781,0.06280604004859924,True,0.40035353535353535,0.23862797021865845,0.27057042717933655,0.05663274246174938,-0.02812868356704712,0.05899226665496826,True,0.5770858585858586,0.21019315719604492,0.23832184076309204,2.379190600000584,0.0,3.958120942115784e-09,0.26761015678919925
5350403659,130250,"A man in a long gray gown and hat is standing with his hand on a mule that is wearing blankets and decorations on a stone street outside of a building, with a number of other people in the background.",121750,A man riding a vehicle pulled by a donkey in the run down area of town.,4915716087,0.34053537249565125,0.33000874519348145,0.0105266273021698,0.7412858885635185,12,0.00025959999993574456,0.18429689111119227,-0.014875024557113647,0.3309367597103119,0.34581178426742554,0.025401651859283447,True,0.12247619047619047,0.03101384613602066,-0.03441816568374634,0.27817440032958984,0.3125925660133362,0.04494479298591614,True,0.26245833333333335,0.0080584421539803,-0.04812943935394287,0.2607937157154083,0.3089231550693512,0.05865606665611267,True,0.33460119047619047,0.00539927349539295,-0.05216076970100403,0.2385663092136383,0.29072707891464233,0.06268739700317383,True,0.44607142857142856,0.002160588133012644,-0.061352118849754333,0.22183723747730255,0.2831893563270569,0.07187874615192413,True,0.5177202380952381,0.08988246775012554,0.8801488095238095,10,False,0.05673464993866672,0.1432840332035555,0.00010620000011840602,0.18429689111119227,-0.014875024557113647,0.3309367597103119,0.34581178426742554,0.025401651859283447,True,0.12247619047619047,0.03101384613602066,-0.03441816568374634,0.27817440032958984,0.3125925660133362,0.04494479298591614,True,0.26245833333333335,0.01718510899126363,-0.040463775396347046,0.2763586938381195,0.31682246923446655,0.050990402698516846,True,0.3341071428571429,0.009396104699454696,-0.04658019542694092,0.2530924379825592,0.2996726334095001,0.05710682272911072,True,0.40625,0.033142379213176296,-0.03373238444328308,0.24357938766479492,0.277311772108078,0.04425901174545288,True,0.5683392857142857,0.08692060022249737,0.6236845238095238,7,False,0.02260305215624695,0.13703749683525016,0.023196399999505957,False,0.3387686560818653,0.35888301148449003,12,1.0,0.014767467375840396,0.21503582769016538,-0.012948334217071533,0.023474961519241333,True,0.2116309523809524,0.31035372614860535,0.3233020603656769,0.21503582769016538,-0.012948334217071533,0.023474961519241333,True,0.2116309523809524,0.31035372614860535,0.3233020603656769,0.09459577589059616,-0.022587686777114868,0.03311431407928467,True,0.3391190476190476,0.2885027229785919,0.3110904097557068,0.31420978534329264,-0.0078051090240478516,0.01833173632621765,True,0.44508333333333333,0.2843695878982544,0.29217469692230225,0.5235993027941643,0.000944674015045166,0.009581953287124634,False,0.5472857142857143,0.2885403633117676,0.2875956892967224,False,0.2617554071750211,0.24979494007313283,12,1.0,0.014767467375840396,0.2190110871877351,-0.012714385986328125,0.023241013288497925,True,0.14379166666666668,0.3101200461387634,0.32283443212509155,0.09459577589059616,-0.022587686777114868,0.03311431407928467,True,0.3391190476190476,0.2885027229785919,0.3110904097557068,0.09459577589059616,-0.022587686777114868,0.03311431407928467,True,0.3391190476190476,0.2885027229785919,0.3110904097557068,0.29438288246121347,-0.008741915225982666,0.019268542528152466,True,0.5012083333333334,0.2798091173171997,0.2885510325431824,0.29438288246121347,-0.008741915225982666,0.019268542528152466,True,0.5012083333333334,0.2798091173171997,0.2885510325431824,1.7114959999998973,8.940696716308594e-08,4.889443516731262e-09,0.07701324890684419
3512747808,71581,Two women are holding hands over a table and smiling at the camera.,3744,Two women have a seat in a busy metropolitan area.,1253095131,0.32328861951828003,0.29412880539894104,0.02915981411933899,0.9486308244228008,14,0.0002476999998179963,0.5005722043400437,2.288818359375e-05,0.26673704385757446,0.2667141556739807,0.02913692593574524,False,0.1329880239520958,0.07362083902528128,-0.02532355487346649,0.2323954552412033,0.2577190101146698,0.05448336899280548,True,0.2935389221556886,0.04864738100913001,-0.02973286807537079,0.23067353665828705,0.26040640473365784,0.05889268219470978,True,0.3398502994011976,0.11753210476838441,-0.02016010880470276,0.2391994595527649,0.25935956835746765,0.04931992292404175,True,0.41307784431137723,0.11995032356685159,-0.019929006695747375,0.20553092658519745,0.22545993328094482,0.049088820815086365,True,0.5530119760479042,0.2276101840865521,0.6972574850299401,10,False,0.15859352581310177,0.30377016533079915,0.00011210000002392917,0.5005722043400437,2.288818359375e-05,0.26673704385757446,0.2667141556739807,0.02913692593574524,False,0.1329880239520958,0.3715604686503007,-0.005255281925201416,0.2633884847164154,0.2686437666416168,0.034415096044540405,True,0.2547724550898204,0.28739477285318116,-0.009080708026885986,0.2598305642604828,0.2689112722873688,0.038240522146224976,True,0.328,0.4964185671593785,-0.00014325976371765137,0.2690790295600891,0.26922228932380676,0.02930307388305664,True,0.41064670658682634,0.24525839189141072,-0.011240631341934204,0.25020158290863037,0.2614422142505646,0.04040044546127319,True,0.5020538922155688,0.40840314930402377,0.7270658682634731,10,False,0.3430387718267072,0.4778039819435216,0.08538330000010319,False,0.5966084678807339,0.3679814377292222,13,0.9534910179640719,0.12537782233975128,0.8184837030126394,0.01506108045578003,0.01409873366355896,False,0.11676646706586827,0.303461492061615,0.28840041160583496,0.7626167714479642,0.011670798063278198,0.01748901605606079,False,0.26437724550898206,0.28086405992507935,0.26919326186180115,0.4598701303576754,-0.0016086548566818237,0.030768468976020813,True,0.32691017964071856,0.24788057804107666,0.24948923289775848,0.30650771115843833,-0.008164972066879272,0.03732478618621826,True,0.45297005988023953,0.2417648732662201,0.24992984533309937,0.09584320472350366,-0.02244289219379425,0.05160270631313324,True,0.544377245508982,0.2191968560218811,0.24163974821567535,False,0.5641176850278797,0.3466201217976368,13,0.9534910179640719,0.12537782233975128,0.8184837030126394,0.01506108045578003,0.01409873366355896,False,0.11676646706586827,0.303461492061615,0.28840041160583496,0.7626167714479642,0.011670798063278198,0.01748901605606079,False,0.26437724550898206,0.28086405992507935,0.26919326186180115,0.4598701303576754,-0.0016086548566818237,0.030768468976020813,True,0.32691017964071856,0.24788057804107666,0.24948923289775848,0.20122766445210546,-0.01378639042377472,0.04294620454311371,True,0.41831736526946106,0.24206556379795074,0.25585195422172546,0.16702097352042775,-0.016068890690803528,0.04522870481014252,True,0.5560059880239521,0.21599937975406647,0.23206827044487,1.7860811999998987,0.0,3.434251993894577e-09,0.032490782852854116
3286543624,62135,"An Asian girl makes a surprised face while wearing a shirt that says ""Radio""",119253,An asian girl is flashing the peace-sign.,4869914617,0.3291063606739044,0.2799482047557831,0.04915815591812134,0.992723596744808,15,0.0002755000000433938,0.795796615923423,0.013602271676063538,0.22213071584701538,0.20852844417095184,0.0355558842420578,False,0.1604776119402985,0.08035114376815104,-0.024375855922698975,0.19572333991527557,0.22009919583797455,0.07353401184082031,True,0.2004358208955224,0.14959559351807888,-0.017377763986587524,0.17116186022758484,0.18853962421417236,0.06653591990470886,True,0.34042985074626864,0.14716941072639492,-0.01756976544857025,0.17321129143238068,0.19078105688095093,0.06672792136669159,True,0.403689552238806,0.2395200970607974,-0.011553123593330383,0.1807088553905487,0.1922619789838791,0.06071127951145172,True,0.5271522388059702,0.28957585211464487,0.654955223880597,10,False,0.14577391456109426,0.39906205305202913,0.00011319999975967221,0.7404740286826998,0.01048433780670166,0.28239649534225464,0.271912157535553,0.03867381811141968,False,0.1265373134328358,0.017276757462325664,-0.04040965437889099,0.1853049248456955,0.2257145792245865,0.08956781029701233,True,0.2702865671641791,0.01583913665487709,-0.041293054819107056,0.17663532495498657,0.21792837977409363,0.0904512107372284,True,0.33623880597014927,0.01977537508151522,-0.039033442735672,0.18265973031520844,0.22169317305088043,0.08819159865379333,True,0.40003582089552236,0.10832886713906531,-0.021079257130622864,0.18683680891990662,0.20791606605052948,0.0702374130487442,True,0.5223402985074627,0.21142495385314225,0.5846865671641791,9,False,0.14181833643601424,0.3334647656962613,0.19503940000049624,False,0.15710493673746712,0.1342683751612846,14,0.9345432835820896,0.0351225758142294,0.13944054684866047,-0.018199443817138672,0.06735759973526001,True,0.1098089552238806,0.2723526358604431,0.2905520796775818,0.017276656264234972,-0.04040971398353577,0.0895678699016571,True,0.2702865671641791,0.1853048950433731,0.22571460902690887,0.023913161967334836,-0.037091225385665894,0.08624938130378723,True,0.34432835820895524,0.20109981298446655,0.23819103837013245,0.01572719556543334,-0.0413651168346405,0.09052327275276184,True,0.40812537313432834,0.19632002711296082,0.23768514394760132,0.0937516144791135,-0.02268664538860321,0.07184480130672455,True,0.5390925373134329,0.1731460839509964,0.1958327293395996,False,0.34319921009234,0.19926786321201606,14,0.9355820895522388,0.07140489199516738,0.7404728832452389,0.010484278202056885,0.03867387771606445,False,0.1265373134328358,0.2823963761329651,0.2719120979309082,0.017276656264234972,-0.04040971398353577,0.0895678699016571,True,0.2702865671641791,0.1853048950433731,0.22571460902690887,0.023913161967334836,-0.037091225385665894,0.08624938130378723,True,0.34432835820895524,0.20109981298446655,0.23819103837013245,0.1288177690640244,-0.019114524126052856,0.0682726800441742,True,0.41028059701492536,0.18455761671066284,0.2036721408367157,0.0937516144791135,-0.02268664538860321,0.07184480130672455,True,0.5390925373134329,0.1731460839509964,0.1958327293395996,1.8563295000003563,2.9802322387695312e-08,3.958120942115784e-09,-0.18609427335487289
3688797852,78870,Two smiling men dressed in provocative leather outfits walk in a parade.,53459,Two men wearing black wife beater's playing the drums.,3083847439,0.39086002111434937,0.30277273058891296,0.0880872905254364,0.9998505992797647,14,0.00024210000037783175,0.9990355383116386,0.06942975521087646,0.351837694644928,0.2824079394340515,0.018657535314559937,False,0.16941040462427745,0.9983113579380222,0.06382140517234802,0.3313348889350891,0.2675134837627411,0.02426588535308838,False,0.2443121387283237,0.9827682182053645,0.04043617844581604,0.2954959571361542,0.25505977869033813,0.04765111207962036,False,0.3510462427745665,0.9022439496374977,0.022224098443984985,0.27945366501808167,0.2572295665740967,0.06586319208145142,False,0.4675375722543353,0.6992171164188137,0.008435726165771484,0.25508826971054077,0.2466525435447693,0.07965156435966492,False,0.5382080924855491,0.5936177755477491,0.9084566473988439,13,False,0.0037528371878240443,0.9591543528501838,0.00011150000000270666,0.9974647876974818,0.05974939465522766,0.3464549481868744,0.28670555353164673,0.02833789587020874,False,0.13769364161849712,0.9760156419101357,0.03706076741218567,0.32414156198501587,0.2870807945728302,0.05102652311325073,False,0.2038092485549133,0.9479271070654804,0.02901633083820343,0.2569178342819214,0.22790150344371796,0.05907095968723297,False,0.37117919075144507,0.9295604697717106,0.025799572467803955,0.2554091513156891,0.22960957884788513,0.062287718057632446,False,0.40921387283236993,0.6439792054734541,0.005926772952079773,0.22935998439788818,0.2234332114458084,0.08216051757335663,False,0.5257052023121387,0.5383717718575012,0.7251098265895953,10,False,0.02313587612804119,0.9341918623727578,0.036562100000082864,False,0.9290656946848321,0.5995737540769276,14,1.0,0.35984666626983486,0.9991041973495354,0.07016894221305847,0.01791834831237793,False,0.14360115606936416,0.33639541268348694,0.26622647047042847,0.9790493660725138,0.03844413161277771,0.04964315891265869,False,0.21434104046242775,0.29713624715805054,0.2586921155452728,0.9757784217658297,0.03695991635322571,0.05112737417221069,False,0.3130115606936416,0.29266616702079773,0.255706250667572,0.8591808836127588,0.01808503270149231,0.07000225782394409,False,0.4528728323699422,0.2541128695011139,0.23602783679962158,0.5035110283958304,0.00014044344425201416,0.08794684708118439,False,0.523543352601156,0.23731078207492828,0.23717033863067627,False,0.7259215725596572,0.39654309846170555,14,1.0,0.35984666626983486,0.9980217027413186,0.06223538517951965,0.025851905345916748,False,0.1348150289017341,0.3571697175502777,0.29493433237075806,0.9301732652039215,0.02589353919029236,0.06219375133514404,False,0.2055549132947977,0.30539292097091675,0.2794993817806244,0.41507926282547103,-0.0034300684928894043,0.0915173590183258,True,0.3193872832369942,0.2608409523963928,0.2642710208892822,0.7618365558343813,0.011627748608589172,0.07645954191684723,False,0.4180578034682081,0.23226498067378998,0.2206372320652008,0.20635624011485906,-0.013470306992530823,0.10155759751796722,True,0.558757225433526,0.18066245317459106,0.1941327601671219,1.9930621000003157,2.9802322387695312e-08,3.259629011154175e-09,0.20314412212517496
5615068475,132991,A woman in a dark tank top and cuffed jeans is smiling while sitting on top of a large rock or boulder outdoors.,90143,Young woman climbing rock face,416992999,0.40913793444633484,0.3128427565097809,0.09629517793655396,0.9999342455724655,14,0.0002546000000620552,0.9964896415460776,0.05648520588874817,0.30754244327545166,0.2510572373867035,0.039809972047805786,False,0.144608,0.8728042455045646,0.01925984025001526,0.2984754145145416,0.27921557426452637,0.0770353376865387,False,0.23756266666666667,0.10615938220331335,-0.021305859088897705,0.2194756418466568,0.2407815009355545,0.11760103702545166,True,0.34013333333333334,0.09070040712885558,-0.023051127791404724,0.21462947130203247,0.2376805990934372,0.11934630572795868,True,0.411856,0.05399895470135609,-0.028632789850234985,0.21320363879203796,0.24183642864227295,0.12492796778678894,True,0.5376586666666666,0.3066647906356074,0.889744,12,False,0.010779888997291164,0.5535057082788872,0.00011140000015075202,0.9958819772471014,0.054882556200027466,0.3631928861141205,0.308310329914093,0.04141262173652649,False,0.10257066666666667,0.24865940932847372,-0.011057749390602112,0.24783848226070404,0.25889623165130615,0.10735292732715607,True,0.2595733333333333,0.10615938220331335,-0.021305859088897705,0.2194756418466568,0.2407815009355545,0.11760103702545166,True,0.34013333333333334,0.08325064905012872,-0.023989781737327576,0.21158240735530853,0.2355721890926361,0.12028495967388153,True,0.475936,0.041417923994096675,-0.03141741454601288,0.19688823819160461,0.2283056527376175,0.12771259248256683,True,0.54176,0.2532054361939911,0.754064,10,False,0.013731748946901065,0.42696146847648925,0.08385180000004766,False,0.5316268117644353,0.3070782286031041,13,0.9109386666666667,0.036757848644761684,0.9958819894692083,0.054882586002349854,0.0414125919342041,False,0.10257066666666667,0.36319291591644287,0.308310329914093,0.8348508970331375,0.016204044222831726,0.08009113371372223,False,0.24717866666666666,0.26437801122665405,0.24817396700382233,0.10615966499659428,-0.021305829286575317,0.11760100722312927,True,0.34013333333333334,0.21947568655014038,0.2407815158367157,0.06416258394261692,-0.026800215244293213,0.12309539318084717,True,0.4038346666666667,0.22329699993133545,0.25009721517562866,0.036636745461048725,-0.03269378840923309,0.12898896634578705,True,0.5476266666666667,0.17578057944774628,0.20847436785697937,False,0.500098103255968,0.2960978682187423,11,0.773392,0.021750762081940475,0.9958819894692083,0.054882586002349854,0.0414125919342041,False,0.10257066666666667,0.36319291591644287,0.308310329914093,0.43579930988465504,-0.0025822818279266357,0.09887745976448059,True,0.27608533333333335,0.25372403860092163,0.25630632042884827,0.10615966499659428,-0.021305829286575317,0.11760100722312927,True,0.34013333333333334,0.21947568655014038,0.2407815158367157,0.08710608729076627,-0.02349492907524109,0.11979010701179504,True,0.45496533333333333,0.21764600276947021,0.2411409318447113,0.05000322415746261,-0.029443711042404175,0.12573888897895813,True,0.5186666666666667,0.20225076377391815,0.23169447481632233,2.116537099999732,5.960464477539063e-08,3.026798367500305e-09,0.03152870850846723
477204750,112972,A light brown dog is chasing after a ball.,74160,A German Shepherd is running with a stick in its mouth.,3571193625,0.3479756712913513,0.34205108880996704,0.005924582481384277,0.6439289829706336,14,0.0002490000001671433,0.9875566206922929,0.04374045133590698,0.35102808475494385,0.30728763341903687,-0.037815868854522705,False,0.10397597597597598,0.983548257681181,0.0409073531627655,0.3261144757270813,0.2852071225643158,-0.034982770681381226,False,0.2502042042042042,0.9757256080320632,0.036937594413757324,0.29883456230163574,0.2618969678878784,-0.031013011932373047,False,0.3371171171171171,0.9637262449010466,0.03279712796211243,0.25134730339050293,0.2185501754283905,-0.02687254548072815,False,0.4613933933933934,0.9754268338832559,0.036812201142311096,0.2667373716831207,0.22992517054080963,-0.03088761866092682,False,0.5313153153153153,0.9619058304856659,0.7133273273273273,10,False,0.9801906855745903,0.9455494847576792,0.00010649999967426993,0.8414390818015168,0.01668974757194519,0.3432881832122803,0.3265984356403351,-0.010765165090560913,False,0.14821021021021022,0.9204350452850178,0.02448272705078125,0.3381699323654175,0.31368720531463623,-0.018558144569396973,False,0.23314114114114115,0.980328400491685,0.039087116718292236,0.32948189973831177,0.29039478302001953,-0.03316253423690796,False,0.3165705705705706,0.9882568467559045,0.044326722621917725,0.33248385787010193,0.2881571352481842,-0.03840214014053345,False,0.4201201201201201,0.9840345659809484,0.04121235013008118,0.34129348397254944,0.30008113384246826,-0.0352877676486969,False,0.5549069069069069,0.9434043482068557,0.3574174174174174,5,False,0.9881760912116385,0.8992939698417253,0.06380699999954231,False,0.9339761656685384,0.9556935319860069,14,1.0,0.8416121688702579,0.9349998921037203,0.026661574840545654,-0.020736992359161377,False,0.11574174174174175,0.3455852270126343,0.3189236521720886,0.9881916462339011,0.04427069425582886,-0.03834611177444458,False,0.246024024024024,0.35224682092666626,0.3079761266708374,0.9757760267763487,0.036958903074264526,-0.03103432059288025,False,0.33095495495495497,0.34357860684394836,0.30661970376968384,0.989464841457007,0.045424461364746094,-0.039499878883361816,False,0.4143843843843844,0.34290292859077454,0.29747846722602844,0.9933609702723432,0.0500812828540802,-0.04415670037269592,False,0.5012972972972973,0.3345243036746979,0.2844430208206177,False,0.93590953435071,0.9409461303166617,14,1.0,0.8416121688702579,0.9875565840695317,0.043740421533584595,-0.03781583905220032,False,0.10397597597597598,0.3510279953479767,0.3072875738143921,0.9678639173784134,0.03405112028121948,-0.028126537799835205,False,0.25945345345345344,0.3293547034263611,0.2953035831451416,0.8987831996652547,0.02183777093887329,-0.015913188457489014,False,0.32075075075075077,0.3225313723087311,0.3006936013698578,0.9711260012509104,0.035155147314071655,-0.029230564832687378,False,0.4041801801801802,0.32178959250450134,0.2866344451904297,0.9811121827176074,0.039501696825027466,-0.03357711434364319,False,0.5592072072072072,0.2931731641292572,0.25367146730422974,1.8804172999998627,2.9802322387695312e-08,2.6193447411060333e-09,-0.0019333686821716434
583865081,134990,An Asian man walking down an alley talking on his cellphone with brightly colored fabric behind him.,83158,A man is walking down a narrow street.,3827298104,0.3763684630393982,0.3499695956707001,0.02639886736869812,0.9333849223512823,11,0.00024290000010296353,0.3406842160647791,-0.006602466106414795,0.3238111138343811,0.3304135799407959,0.033001333475112915,True,0.1864864864864865,0.44482164220191933,-0.002216160297393799,0.2708144783973694,0.2730306386947632,0.02861502766609192,True,0.2635615615615616,0.016014130596437023,-0.041181400418281555,0.19056427478790283,0.2317456752061844,0.06758026778697968,True,0.48296096096096097,0.016014130596437023,-0.041181400418281555,0.19056427478790283,0.2317456752061844,0.06758026778697968,True,0.48296096096096097,0.0012264670827861965,-0.06702390313148499,0.16074763238430023,0.22777153551578522,0.0934227705001831,True,0.5607567567567567,0.1841309886950423,0.7807567567567567,8,False,0.00019416892844761148,0.35718511914946655,0.00011169999970661593,0.7583670324221234,0.011437475681304932,0.34907349944114685,0.3376360237598419,0.014961391687393188,False,0.11772372372372372,0.32399668576719415,-0.007354646921157837,0.32497650384902954,0.3323311507701874,0.03375351428985596,True,0.33712312312312315,0.32399668576719415,-0.007354646921157837,0.32497650384902954,0.3323311507701874,0.03375351428985596,True,0.33712312312312315,0.11462756224380012,-0.020443201065063477,0.2656470239162445,0.286090224981308,0.0468420684337616,True,0.40588588588588587,0.0012264670827861965,-0.06702390313148499,0.16074763238430023,0.22777153551578522,0.0934227705001831,True,0.5607567567567567,0.23960822241650312,0.8581021021021021,9,False,0.0025178066451004913,0.4322129988789416,0.08128540000052453,False,0.3571858358511494,0.1912263302519135,9,0.8536216216216216,0.022905370668885598,0.34068555489652735,-0.0066024065017700195,0.03300127387046814,True,0.1864864864864865,0.32381123304367065,0.3304136395454407,0.4448231141709877,-0.0022161006927490234,0.028614968061447144,True,0.2635615615615616,0.27081459760665894,0.27303069829940796,0.016014177558045392,-0.04118137061595917,0.06758023798465729,True,0.48296096096096097,0.1905643194913864,0.23174569010734558,0.016014177558045392,-0.04118137061595917,0.06758023798465729,True,0.48296096096096097,0.1905643194913864,0.23174569010734558,0.001226474384155524,-0.06702384352684021,0.09342271089553833,True,0.5607567567567567,0.16074761748313904,0.22777146100997925,False,0.4202574498642632,0.22213323991977688,9,0.8536216216216216,0.022905370668885598,0.684419459726667,0.007741570472717285,0.018657296895980835,False,0.14583783783783782,0.2985186278820038,0.2907770574092865,0.4448231141709877,-0.0022161006927490234,0.028614968061447144,True,0.2635615615615616,0.27081459760665894,0.27303069829940796,0.016014177558045392,-0.04118137061595917,0.06758023798465729,True,0.48296096096096097,0.1905643194913864,0.23174569010734558,0.016014177558045392,-0.04118137061595917,0.06758023798465729,True,0.48296096096096097,0.1905643194913864,0.23174569010734558,0.001226474384155524,-0.06702384352684021,0.09342271089553833,True,0.5607567567567567,0.16074761748313904,0.22777146100997925,1.3274406999998973,2.9802322387695312e-08,3.725290298461914e-09,-0.06307161401311384
3107059919,54625,"A little girl barefoot, wearing a white shirt and brown skirt runs along the sandy shoreline.",98123,A young girl fully dresses running on the beach towards the water.,449236667,0.36730483174324036,0.3603912591934204,0.006913572549819946,0.6662687868374699,14,0.0002417000000605185,0.8063349258530531,0.014263689517974854,0.3236423432826996,0.30937865376472473,-0.007350116968154907,False,0.129488,0.7789230519072238,0.012594014406204224,0.3062514066696167,0.2936573922634125,-0.005680441856384277,False,0.216384,0.2470218950639626,-0.011145591735839844,0.25898173451423645,0.2701273262500763,0.01805916428565979,True,0.33143466666666666,0.3269133731803975,-0.007221788167953491,0.26300960779190063,0.2702313959598541,0.014135360717773438,True,0.426464,0.239173116871503,-0.011572182178497314,0.26741504669189453,0.27898722887039185,0.01848575472831726,True,0.5139466666666667,0.6059970301622996,0.8209706666666666,11,False,0.6567768408113359,0.5355966039227061,0.0001111999999920954,0.8063349258530531,0.014263689517974854,0.3236423432826996,0.30937865376472473,-0.007350116968154907,False,0.129488,0.6820238970163958,0.007630884647369385,0.3188225030899048,0.3111916184425354,-0.0007173120975494385,False,0.204336,0.5755696959823584,0.0030461251735687256,0.32415473461151123,0.3211086094379425,0.0038674473762512207,False,0.3143413333333333,0.8006642637514602,0.01390451192855835,0.35052090883255005,0.3366163969039917,-0.006990939378738403,False,0.4264,0.6640837349094337,0.006815463304519653,0.32999756932258606,0.3231821060180664,9.810924530029297e-05,False,0.5494666666666667,0.6372639672690242,0.4821973333333333,7,False,0.6041486956601179,0.7051454040612606,0.0608433999996123,False,0.8423726094489427,0.710590301791696,13,0.9049706666666667,0.44186754771692477,0.8645907725577985,0.01853954792022705,-0.011625975370407104,False,0.14179733333333333,0.3583858907222748,0.33984634280204773,0.9664598751264498,0.033608973026275635,-0.02669540047645569,False,0.20930133333333334,0.3440471589565277,0.3104381859302521,0.8795161943842462,0.0198785662651062,-0.012964993715286255,False,0.324352,0.29379594326019287,0.27391737699508667,0.7729031379379996,0.01224777102470398,-0.005334198474884033,False,0.528688,0.2642522156238556,0.2520044445991516,0.7729031379379996,0.01224777102470398,-0.005334198474884033,False,0.528688,0.2642522156238556,0.2520044445991516,False,0.7709088638645544,0.6825593748625015,14,1.0,0.2714309189848932,0.40559354769753214,-0.003822118043899536,0.010735690593719482,True,0.14269333333333334,0.2858525514602661,0.28967466950416565,0.956585928068495,0.030925869941711426,-0.02401229739189148,False,0.27244266666666667,0.30787187814712524,0.2769460082054138,0.9651843671430943,0.03322252631187439,-0.026308953762054443,False,0.339712,0.30139851570129395,0.26817598938941956,0.882931992233403,0.020204931497573853,-0.013291358947753906,False,0.46646933333333335,0.2812560498714447,0.26105111837387085,0.8595428723895717,0.018114984035491943,-0.011201411485671997,False,0.5959573333333333,0.2551842927932739,0.23706930875778198,1.9277675000003,5.960464477539063e-08,3.14321368932724e-09,0.07146374558438828
4692834620,107985,"A man in a red suit is dancing with a woman in a red skirt, in the street.",73982,Two girls in puffy skirts are dancing in front of some musicians in the street.,3565598162,0.3353428542613983,0.30938035249710083,0.025962501764297485,0.9306198571325223,14,0.0002677000002222485,0.993036872685769,0.049601390957832336,0.2944340705871582,0.24483267962932587,-0.02363888919353485,False,0.22412145748987855,0.993036872685769,0.049601390957832336,0.2944340705871582,0.24483267962932587,-0.02363888919353485,False,0.22412145748987855,0.670793212814188,0.007117748260498047,0.2486240267753601,0.24150627851486206,0.01884475350379944,False,0.3202753036437247,0.02049281954423954,-0.03866975009441376,0.22347910702228546,0.2621488571166992,0.06463225185871124,True,0.47521457489878544,0.011000793426068049,-0.044987261295318604,0.20590734481811523,0.25089460611343384,0.07094976305961609,True,0.522331983805668,0.37125030787828345,0.7836761133603238,9,False,0.05352721617277005,0.6697920913142961,0.00011300000005576294,0.9389879505247509,0.027337312698364258,0.32759416103363037,0.3002568483352661,-0.0013748109340667725,False,0.12476113360323887,0.6206302326807716,0.004922240972518921,0.30151140689849854,0.2965891659259796,0.021040260791778564,False,0.22091497975708502,0.0112536803607947,-0.0447574257850647,0.254844069480896,0.2996014952659607,0.07071992754936218,True,0.37585425101214576,0.0066864069377835355,-0.050009697675704956,0.2614041268825531,0.31141382455825806,0.07597219944000244,True,0.41782186234817814,0.03556589937139345,-0.03300154209136963,0.2510843873023987,0.2840859293937683,0.058964043855667114,True,0.5242105263157895,0.2507081226176547,0.6242267206477733,7,False,0.014005041948010631,0.46390653558127914,0.06580710000071122,False,0.6178847449846202,0.3168566776281179,10,0.8286153846153846,0.032293293498375106,0.6206302326807716,0.004922240972518921,0.021040260791778564,False,0.22091497975708502,0.30151140689849854,0.2965891659259796,0.6206302326807716,0.004922240972518921,0.021040260791778564,False,0.22091497975708502,0.30151140689849854,0.2965891659259796,0.6977581581586753,0.008366450667381287,0.0175960510969162,False,0.3622429149797571,0.25119054317474365,0.24282409250736237,0.012832993616998809,-0.043428197503089905,0.06939069926738739,True,0.5171821862348178,0.21742083132266998,0.2608490288257599,0.012832993616998809,-0.043428197503089905,0.06939069926738739,True,0.5171821862348178,0.21742083132266998,0.2608490288257599,False,0.4917803282343037,0.25831990626630075,10,0.8286153846153846,0.032293293498375106,0.9389877797882764,0.02733728289604187,-0.0013747811317443848,False,0.12476113360323887,0.3275941014289856,0.3002568185329437,0.6206302326807716,0.004922240972518921,0.021040260791778564,False,0.22091497975708502,0.30151140689849854,0.2965891659259796,0.006686387144007454,-0.050009727478027344,0.07597222924232483,True,0.41782186234817814,0.2614041864871979,0.3114139139652252,0.006686387144007454,-0.050009727478027344,0.07597222924232483,True,0.41782186234817814,0.2614041864871979,0.3114139139652252,0.012832993616998809,-0.043428197503089905,0.06939069926738739,True,0.5171821862348178,0.21742083132266998,0.2608490288257599,1.3936549000000014,5.960464477539063e-08,3.637978807091713e-09,0.12610441675031653
4528578001,99649,A woman holding a cookie and coffee,92920,A lady with a white tank top holds a blue yard style cocktail cup with her black tank topped phone holding a phone.,43244430,0.34167563915252686,0.31269577145576477,0.028979867696762085,0.9477468259842133,11,0.0002368999998907384,0.07237485016163307,-0.025507688522338867,0.3113992214202881,0.33690690994262695,0.05448755621910095,True,0.13699703264094956,0.05836543339944058,-0.027808934450149536,0.22261548042297363,0.25042441487312317,0.05678880214691162,True,0.23064094955489614,0.12449339002150607,-0.01950550079345703,0.22139623761177063,0.24090173840522766,0.048485368490219116,True,0.30209495548961424,0.1174934721921432,-0.02016383409500122,0.20863492786884308,0.2287987619638443,0.049143701791763306,True,0.4719109792284866,0.12399207141994736,-0.019551575183868408,0.20557990670204163,0.22513148188591003,0.04853144288063049,True,0.5619821958456973,0.39492873503743814,0.8205044510385757,9,False,0.6128473920778946,0.2027704929099582,0.00010490000022400636,0.07237485016163307,-0.025507688522338867,0.3113992214202881,0.33690690994262695,0.05448755621910095,True,0.13699703264094956,0.31893730022239797,-0.0075865983963012695,0.28889021277427673,0.296476811170578,0.036566466093063354,True,0.21383976261127596,0.3360472472173761,-0.006809592247009277,0.2902770936489105,0.2970866858959198,0.03578945994377136,True,0.30391097922848664,0.11005349177385162,-0.02090194821357727,0.2607952058315277,0.281697154045105,0.049881815910339355,True,0.503893175074184,0.11005349177385162,-0.02090194821357727,0.2607952058315277,0.281697154045105,0.049881815910339355,True,0.503893175074184,0.21079139189062107,0.39688427299703266,4,False,0.12432295455980959,0.31557343163971935,0.06606600000031904,False,0.61645156620105,0.6604353398453423,8,0.7116261127596439,0.7827252522537337,0.9673404687746868,0.033884137868881226,-0.004904270172119141,False,0.18371513353115726,0.2936694920063019,0.25978535413742065,0.9022197642272861,0.022221356630325317,0.006758511066436768,False,0.2551691394658754,0.2851526439189911,0.26293128728866577,0.07662740542393642,-0.024890780448913574,0.05387064814567566,True,0.3921661721068249,0.21549925208091736,0.24039003252983093,0.03538530228364323,-0.03305432200431824,0.06203418970108032,True,0.46900890207715135,0.2012021243572235,0.23425644636154175,0.7190294230790811,0.009396523237228394,0.01958334445953369,False,0.5732581602373887,0.21522586047649384,0.20582933723926544,False,0.6777170636630039,0.6754366025003675,9,0.8411454005934718,0.8028802574240226,0.9883387060851553,0.0443975031375885,-0.015417635440826416,False,0.16523442136498517,0.30343958735466003,0.25904208421707153,0.9922970740292368,0.0485842227935791,-0.019604355096817017,False,0.23772106824925815,0.30192410945892334,0.25333988666534424,0.6508808295469525,0.006229132413864136,0.02275073528289795,False,0.37471810089020774,0.28611141443252563,0.2798822820186615,0.04536846695846154,-0.030465081334114075,0.05944494903087616,True,0.47896735905044513,0.2178155928850174,0.24828067421913147,0.1144419839123439,-0.02046149969100952,0.049441367387771606,True,0.5726112759643917,0.18487708270549774,0.20533858239650726,1.3398432000003595,2.9802322387695312e-08,4.423782229423523e-09,-0.061265497461953866
4983587808,125942,A woman working on her computer in front of a bright yellow wall.,100080,A woman in a yellow and red outfit is squinting at a computer screen while holding a mouse.,4541692312,0.37022191286087036,0.3386651873588562,0.03155672550201416,0.9591316551418166,12,0.0002469000000928645,0.9945388726241882,0.052046239376068115,0.3566775619983673,0.3046313226222992,-0.020489513874053955,False,0.20735329341317366,0.9945388726241882,0.052046239376068115,0.3566775619983673,0.3046313226222992,-0.020489513874053955,False,0.20735329341317366,0.9919603796053685,0.04815301299095154,0.36158162355422974,0.3134286105632782,-0.016596287488937378,False,0.3774550898203593,0.9769917535149479,0.037486255168914795,0.33873307704925537,0.3012468218803406,-0.005929529666900635,False,0.46097005988023954,0.9611656974483943,0.03208842873573303,0.3258470892906189,0.29375866055488586,-0.0005317032337188721,False,0.5181976047904192,0.845830526598644,0.9633293413173653,11,False,0.26782128859555704,0.982598212673199,0.00011169999970661593,0.9811128454288269,0.03950205445289612,0.3570035696029663,0.3175015151500702,-0.007945328950881958,False,0.20825748502994013,0.9811128454288269,0.03950205445289612,0.3570035696029663,0.3175015151500702,-0.007945328950881958,False,0.20825748502994013,0.9919603796053685,0.04815301299095154,0.36158162355422974,0.3134286105632782,-0.016596287488937378,False,0.3774550898203593,0.9799636236068909,0.03889966011047363,0.35174983739852905,0.3128501772880554,-0.007342934608459473,False,0.4346826347305389,0.8783905681478139,0.019772768020629883,0.27299007773399353,0.25321730971336365,0.011783957481384277,False,0.6248922155688623,0.906315075319262,0.6896047904191617,8,False,0.7963515472228945,0.9635540458795309,0.06520610000006855,False,0.9270844654119705,0.7061780081386736,11,0.8881377245508982,0.5592467649774838,0.9890336848686218,0.0450190007686615,-0.013462275266647339,False,0.16818562874251497,0.3640637695789337,0.3190447688102722,0.9869735814268092,0.04327663779258728,-0.01171991229057312,False,0.2645808383233533,0.3539751470088959,0.3106985092163086,0.9460917081374526,0.028650552034378052,0.0029061734676361084,False,0.389562874251497,0.3017987608909607,0.27314820885658264,0.7197417401364118,0.009431809186935425,0.022124916315078735,False,0.4730778443113772,0.2903471887111664,0.28091537952423096,0.8019714398619315,0.01398661732673645,0.01757010817527771,False,0.5383053892215569,0.283745139837265,0.26975852251052856,False,0.9127177094231176,0.8378563316404437,12,1.0,0.5901719171700663,0.9778490694249137,0.03787475824356079,-0.006318032741546631,False,0.15362275449101798,0.35447758436203003,0.31660282611846924,0.9869735814268092,0.04327663779258728,-0.01171991229057312,False,0.2645808383233533,0.3539751470088959,0.3106985092163086,0.9460917081374526,0.028650552034378052,0.0029061734676361084,False,0.389562874251497,0.3017987608909607,0.27314820885658264,0.7197417401364118,0.009431809186935425,0.022124916315078735,False,0.4730778443113772,0.2903471887111664,0.28091537952423096,0.7858773043316167,0.013002514839172363,0.018554210662841797,False,0.5754011976047905,0.23755037784576416,0.2245478630065918,1.5522996999998213,5.960464477539063e-08,3.725290298461914e-09,0.014366755988852953
3182490771,57574,A man in a pink shirt sitting next to a small building.,114781,A man sitting on a chair with a house in the background.,4805425261,0.3376448154449463,0.3091088533401489,0.028535962104797363,0.9455042780503267,11,0.0002434999996694387,0.8832455262660265,0.020235300064086914,0.26343321800231934,0.24319791793823242,0.00830066204071045,False,0.287216,0.8832455262660265,0.020235300064086914,0.26343321800231934,0.24319791793823242,0.00830066204071045,False,0.287216,0.9297250866493525,0.025824740529060364,0.2685512900352478,0.24272654950618744,0.0027112215757369995,False,0.3660426666666667,0.8561792325045813,0.01783911883831024,0.2485831379890442,0.23074401915073395,0.010696843266487122,False,0.443696,0.27360518992993443,-0.00976407527923584,0.22167541086673737,0.2314394861459732,0.0383000373840332,True,0.5179093333333333,0.5148962735279796,0.8469493333333333,9,False,0.09725645213144427,0.8598832536752659,0.00010609999981170404,0.8832455262660265,0.020235300064086914,0.26343321800231934,0.24319791793823242,0.00830066204071045,False,0.287216,0.8832455262660265,0.020235300064086914,0.26343321800231934,0.24319791793823242,0.00830066204071045,False,0.287216,0.4080117597141534,-0.0037219077348709106,0.22583861649036407,0.22956052422523499,0.032257869839668274,True,0.3614293333333333,0.44106215591953885,-0.002368524670600891,0.22760458290576935,0.22997310757637024,0.030904486775398254,True,0.4253226666666667,0.31010677800832165,-0.007996201515197754,0.2355133295059204,0.24350953102111816,0.03653216361999512,True,0.5041493333333333,0.41815354733343035,0.761056,8,False,0.08172089946846019,0.728491508859852,0.1182384000003367,False,0.7917776361864068,0.5122621883990622,11,1.0,0.07600545721108123,0.8832458335957671,0.020235329866409302,0.008300632238388062,False,0.287216,0.26343321800231934,0.24319788813591003,0.8832458335957671,0.020235329866409302,0.008300632238388062,False,0.287216,0.26343321800231934,0.24319788813591003,0.587217281251045,0.0035247355699539185,0.025011226534843445,False,0.37310933333333335,0.24583829939365387,0.24231356382369995,0.563889235731337,0.0025696158409118652,0.025966346263885498,False,0.44637333333333334,0.24320916831493378,0.2406395524740219,0.6458624700460547,0.006009012460708618,0.022526949644088745,False,0.5240266666666666,0.24617312848567963,0.240164116024971,False,0.8297008820516951,0.4926659365438342,11,1.0,0.07600545721108123,0.9297252813665994,0.02582477033138275,0.002711191773414612,False,0.3660426666666667,0.2685513198375702,0.24272654950618744,0.9297252813665994,0.02582477033138275,0.002711191773414612,False,0.3660426666666667,0.2685513198375702,0.24272654950618744,0.9297252813665994,0.02582477033138275,0.002711191773414612,False,0.3660426666666667,0.2685513198375702,0.24272654950618744,0.5193729821196598,0.0007753074169158936,0.02776065468788147,False,0.420224,0.25620630383491516,0.25543099641799927,0.3529169649713452,-0.006062418222427368,0.03459838032722473,True,0.5061173333333333,0.23774349689483643,0.2438059151172638,1.9101397999993424,2.9802322387695312e-08,3.6088749766349792e-09,-0.03792324586528828
3525403875,72170,"The two dogs, one with a tennis ball in its mouth, are running through tall grass.",44703,Two dogs play catch with a ball in a field.,2854959952,0.35344043374061584,0.3494546711444855,0.003985762596130371,0.59834554317378,14,0.0002476999998179963,0.9734348111627096,0.03601229190826416,0.3214811682701111,0.2854688763618469,-0.03202652931213379,False,0.15954666666666667,0.9742014478169826,0.036312997341156006,0.3259475827217102,0.2896345853805542,-0.032327234745025635,False,0.2208,0.9405327794898662,0.027610212564468384,0.3193422853946686,0.2917320728302002,-0.023624449968338013,False,0.316432,0.9393807371047015,0.027406081557273865,0.2670572102069855,0.2396511286497116,-0.023420318961143494,False,0.4582773333333333,0.9450345630545116,0.02844516932964325,0.27591410279273987,0.24746893346309662,-0.02445940673351288,False,0.544256,0.9506440597419181,0.7505546666666667,10,False,0.9809088205774308,0.9020184134202177,0.00011369999992894009,0.8330443196658708,0.01607358455657959,0.3462185263633728,0.3301449418067932,-0.012087821960449219,False,0.152432,0.8119872936615218,0.014629751443862915,0.3443330228328705,0.32970327138900757,-0.010643988847732544,False,0.20877866666666667,0.8894947292397493,0.02085590362548828,0.3402915596961975,0.31943565607070923,-0.01687014102935791,False,0.3752373333333333,0.8827488888269499,0.02018722891807556,0.3473338484764099,0.32714661955833435,-0.01620146632194519,False,0.464448,0.8762715089140577,0.01957586407661438,0.35135239362716675,0.33177652955055237,-0.015590101480484009,False,0.56008,0.8467013329415479,0.6424906666666667,8,False,0.8704443062021742,0.8216949094543219,0.12188480000077107,False,0.8279856772905976,0.8802501512846658,14,1.0,0.8819536547041397,0.7771262667028925,0.01248997449874878,-0.008504211902618408,False,0.12361066666666666,0.3429408073425293,0.3304508328437805,0.8892868648360231,0.020834773778915405,-0.016849011182785034,False,0.28037866666666666,0.3446955680847168,0.3238607943058014,0.8907654919422853,0.020985841751098633,-0.01700007915496826,False,0.3663573333333333,0.337041974067688,0.31605613231658936,0.898049921147436,0.021757423877716064,-0.017771661281585693,False,0.444064,0.33852386474609375,0.3167664408683777,0.9191065441919214,0.024302691221237183,-0.02031692862510681,False,0.5187893333333333,0.34090253710746765,0.31659984588623047,False,0.8295460713381518,0.9063560620409734,14,1.0,0.8819536547041397,0.6762382558532545,0.007365375757217407,-0.003379613161087036,False,0.15633066666666667,0.3421190679073334,0.33475369215011597,0.9107462665954307,0.023227810859680176,-0.019242048263549805,False,0.22666666666666666,0.29484081268310547,0.2716130018234253,0.9395343949514398,0.02743309736251831,-0.02344733476638794,False,0.3222986666666667,0.28013962507247925,0.25270652770996094,0.9378608665778118,0.027142256498336792,-0.02315649390220642,False,0.4027786666666667,0.2773681879043579,0.2502259314060211,0.9639495737217482,0.03286120295524597,-0.0288754403591156,False,0.523616,0.25858667492866516,0.2257254719734192,2.2618351000000985,2.9802322387695312e-08,2.1827872842550278e-09,-0.0015603940475542588
3490867290,70670,An Indian boy looks at a black cow whilst a woman in a blue and green sari looks away.,93824,A woman is processing plant fluid in a tribal village,4359872414,0.3548009395599365,0.28665781021118164,0.06814312934875488,0.9989032568677749,11,0.0002552000000832777,0.9995515312705067,0.0770922303199768,0.35198697447776794,0.27489474415779114,-0.008949100971221924,False,0.1099820895522388,0.528714200765036,0.0011498332023620605,0.29258501529693604,0.291435182094574,0.06699329614639282,False,0.20755223880597015,0.34180302432087206,-0.006552696228027344,0.269197940826416,0.27575063705444336,0.07469582557678223,True,0.3326865671641791,0.01923986377220607,-0.039313435554504395,0.21452268958091736,0.25383612513542175,0.10745656490325928,True,0.4928597014925373,0.023468839089426475,-0.03728333115577698,0.2215624749660492,0.25884580612182617,0.10542646050453186,True,0.5654089552238806,0.30529073958759717,0.9518746268656716,10,False,0.137997066844422,0.4764399183017162,0.00010680000013962854,0.9058634369485598,0.022641420364379883,0.2947489023208618,0.27210748195648193,0.045501708984375,False,0.2222268656716418,0.9058634369485598,0.022641420364379883,0.2947489023208618,0.27210748195648193,0.045501708984375,False,0.2222268656716418,0.0758353685213046,-0.025003254413604736,0.2709043025970459,0.29590755701065063,0.09314638376235962,True,0.3322089552238806,0.04555178166538128,-0.030422836542129517,0.2628662884235382,0.2932891249656677,0.0985659658908844,True,0.4082388059701493,0.0048431560408008535,-0.05325333774089813,0.19258327782154083,0.24583661556243896,0.12139646708965302,True,0.5775164179104477,0.2667241661046335,0.6500656716417911,7,False,0.026673219012317985,0.47532795842020287,0.06547690000024886,False,0.6932131769396261,0.49648436608778956,11,1.0,0.8598669190789318,0.6907927825409776,0.00803828239440918,0.0601048469543457,False,0.1456955223880597,0.28413766622543335,0.27609938383102417,0.5589044147031772,0.002367168664932251,0.06577596068382263,False,0.27082985074626864,0.2890563905239105,0.28668922185897827,0.9158376560181342,0.023870915174484253,0.04427221417427063,False,0.3954865671641791,0.30787068605422974,0.2839997708797455,0.12430803071029456,-0.019522517919540405,0.08766564726829529,True,0.5054686567164179,0.19949108362197876,0.21901360154151917,0.12430803071029456,-0.019522517919540405,0.08766564726829529,True,0.5054686567164179,0.19949108362197876,0.21901360154151917,False,0.5217150414498176,0.3508229845390975,11,1.0,0.8598669190789318,0.6907927825409776,0.00803828239440918,0.0601048469543457,False,0.1456955223880597,0.28413766622543335,0.27609938383102417,0.5589044147031772,0.002367168664932251,0.06577596068382263,False,0.27082985074626864,0.2890563905239105,0.28668922185897827,0.34183118478325947,-0.0065514445304870605,0.07469457387924194,True,0.38081194029850746,0.26013100147247314,0.2666824460029602,0.08701974537757681,-0.023505792021751404,0.09164892137050629,True,0.4568417910447761,0.24552015960216522,0.2690259516239166,0.16317055512055556,-0.01634824275970459,0.08449137210845947,True,0.5293910447761194,0.237550288438797,0.2538985311985016,1.4183917999998812,2.9802322387695312e-08,3.14321368932724e-09,0.17149813548980852
3240570205,60150,"One young boy in a yellow long-sleeved shirt and jeans sitting down, with five adults in front of him, one operating a video camera.",113067,A woman is standing and talking to a group of children.,4773842539,0.3194461762905121,0.31322747468948364,0.006218701601028442,0.6506437677097429,10,0.00023370000008071656,0.05516866304057767,-0.028406113386154175,0.2425088882446289,0.2709150016307831,0.03462481498718262,True,0.20048048048048048,0.05516866304057767,-0.028406113386154175,0.2425088882446289,0.2709150016307831,0.03462481498718262,True,0.20048048048048048,0.02284175884873595,-0.03756058216094971,0.24485564231872559,0.2824162244796753,0.04377928376197815,True,0.36482882882882883,0.024274180207131683,-0.03693768382072449,0.24330025911331177,0.28023794293403625,0.04315638542175293,True,0.4352792792792793,0.11037658994832789,-0.020869001746177673,0.15318137407302856,0.17405037581920624,0.027087703347206116,True,0.5344144144144144,0.1253338378539514,0.8346126126126127,8,False,0.19028920446211706,0.15997927455796931,0.00010580000025584013,0.05516866304057767,-0.028406113386154175,0.2425088882446289,0.2709150016307831,0.03462481498718262,True,0.20048048048048048,0.05516866304057767,-0.028406113386154175,0.2425088882446289,0.2709150016307831,0.03462481498718262,True,0.20048048048048048,0.016043390419131064,-0.041162848472595215,0.21816295385360718,0.2593258023262024,0.04738155007362366,True,0.3822402402402402,0.024051458354311363,-0.03703214228153229,0.2254038006067276,0.2624359428882599,0.04325084388256073,True,0.5465885885885886,0.024051458354311363,-0.03703214228153229,0.2254038006067276,0.2624359428882599,0.04325084388256073,True,0.5465885885885886,0.059193193529024385,0.3822402402402402,4,False,0.016043390419131064,0.14730880456521664,0.1234294999994745,False,0.14112628417554704,0.07656647802514846,10,1.0,0.011320513108002287,0.05516866304057767,-0.028406113386154175,0.03462481498718262,True,0.20048048048048048,0.24250885844230652,0.2709149718284607,0.05516866304057767,-0.028406113386154175,0.03462481498718262,True,0.20048048048048048,0.24250885844230652,0.2709149718284607,0.016554992380172454,-0.04084374010562897,0.04706244170665741,True,0.3117897897897898,0.21923516690731049,0.26007890701293945,0.016566617155264435,-0.040836602449417114,0.04705530405044556,True,0.41092492492492494,0.20859408378601074,0.24943068623542786,0.041868517438452206,-0.031304508447647095,0.03752321004867554,True,0.5752732732732733,0.15026973187923431,0.1815742403268814,False,0.14885884311384978,0.08063543952073751,10,1.0,0.011320513108002287,0.05516866304057767,-0.028406113386154175,0.03462481498718262,True,0.20048048048048048,0.24250885844230652,0.2709149718284607,0.05516866304057767,-0.028406113386154175,0.03462481498718262,True,0.20048048048048048,0.24250885844230652,0.2709149718284607,0.027344771119623648,-0.03571504354476929,0.04193374514579773,True,0.39174774774774773,0.22340178489685059,0.2591168284416199,0.02301112732765146,-0.037484973669052124,0.043703675270080566,True,0.5560960960960961,0.23126807808876038,0.2687530517578125,0.02301112732765146,-0.037484973669052124,0.043703675270080566,True,0.5560960960960961,0.23126807808876038,0.2687530517578125,1.3731839000001855,2.9802322387695312e-08,4.0745362639427185e-09,-0.0077325589383027415
4031513473,87341,A few men stand in the background of fruit market illuminated by red light.,92132,A group of asian sitting and eating in the middle of a market.,4284980126,0.32129794359207153,0.3134802579879761,0.007817685604095459,0.6860611539704905,13,0.0002598000000944012,0.22951529126485287,-0.012110501527786255,0.271653413772583,0.28376391530036926,0.019928187131881714,True,0.12785889570552147,0.5840427830240997,0.00339391827583313,0.26192834973335266,0.25853443145751953,0.004423767328262329,False,0.2501901840490798,0.5403552701848142,0.001617729663848877,0.266571581363678,0.2649538516998291,0.006199955940246582,False,0.32441717791411046,0.9603365325841995,0.03186853229999542,0.2526683211326599,0.2207997888326645,-0.024050846695899963,False,0.40895092024539875,0.9894485501908926,0.04540884494781494,0.2666742205619812,0.22126537561416626,-0.03759115934371948,False,0.5536196319018405,0.760195284353044,0.6731656441717792,10,False,0.9963756318213197,0.6403140687584211,0.00011480000011943048,0.13752695148461905,-0.018359839916229248,0.2838757038116455,0.30223554372787476,0.026177525520324707,True,0.14342331288343557,0.24078749670413835,-0.01148366928100586,0.2563454508781433,0.26782912015914917,0.01930135488510132,True,0.22795705521472392,0.9035712797151556,0.02237550914287567,0.25300008058547974,0.23062457144260406,-0.014557823538780212,False,0.3502883435582822,0.9094203268432849,0.023065775632858276,0.24296945333480835,0.21990367770195007,-0.015248090028762817,False,0.40193865030674847,0.9884052560595359,0.04445540904998779,0.24952471256256104,0.20506930351257324,-0.036637723445892334,False,0.5284969325153375,0.8227275380318284,0.5284969325153375,8,False,0.9884052560595359,0.5902778559291948,0.06622409999999945,False,0.7411369436632101,0.8877996081675019,12,0.9321042944785276,0.9979107034265987,0.20152314727218534,-0.013768017292022705,0.021585702896118164,True,0.12060736196319019,0.2783580422401428,0.2921260595321655,0.9992824733025965,0.07238982617855072,-0.06457214057445526,False,0.2926993865030675,0.25893324613571167,0.18654341995716095,0.999873265759506,0.08973291516304016,-0.0819152295589447,False,0.3663128834355828,0.28409674763679504,0.19436383247375488,0.9997525818243099,0.08304183185100555,-0.0752241462469101,False,0.4508466257668712,0.27799171209335327,0.19494988024234772,0.9995732043456063,0.0775877833366394,-0.06977009773254395,False,0.5250736196319018,0.27597588300704956,0.19838809967041016,False,0.7727995278103695,0.8470478932001672,12,0.9321042944785276,0.9979107034265987,0.20152314727218534,-0.013768017292022705,0.021585702896118164,True,0.12060736196319019,0.2783580422401428,0.2921260595321655,0.9416793471291973,0.02781708538532257,-0.019999399781227112,False,0.26380368098159507,0.25664249062538147,0.2288254052400589,0.9895817349684309,0.04553721845149994,-0.03771953284740448,False,0.3374171779141104,0.26827195286750793,0.222734734416008,0.9897743053245287,0.045725733041763306,-0.03790804743766785,False,0.4116441717791411,0.26945579051971436,0.22373005747795105,0.9997542279794995,0.08310860395431519,-0.07529091835021973,False,0.5837361963190184,0.26029735803604126,0.17718875408172607,1.7049719999995432,2.9802322387695312e-08,2.9685907065868378e-09,-0.03166258414715939
2064792226,15436,A girl is taking a picture of a girl and guy on a colorfully decorated pink bike.,8230,"In foreground, a woman in pink jeans is helping a child in a heart t-shirt to skate, while cyclists and others walk in background with palm trees.",146906547,0.3684517741203308,0.32569536566734314,0.04275640845298767,0.9862875105037627,13,0.0002586999999039108,0.9807502924488574,0.03930822014808655,0.33785444498062134,0.2985462248325348,0.003448188304901123,False,0.1297409638554217,0.5790589953135046,0.0031891167163848877,0.32018783688545227,0.3169987201690674,0.03956729173660278,False,0.21662048192771086,0.9451702472333765,0.028471320867538452,0.32066211104393005,0.2921907901763916,0.014285087585449219,False,0.36716867469879516,0.9600799277075268,0.03180137276649475,0.3115518391132355,0.2797504663467407,0.01095503568649292,False,0.4197650602409639,0.9722884368207767,0.03557802736759186,0.2829853296279907,0.24740730226039886,0.007178381085395813,False,0.5743072289156627,0.8935516726550683,0.7599397590361445,10,False,0.8100361495350444,0.887184103486687,0.0001094999997803825,0.953628742402926,0.03023594617843628,0.33910781145095825,0.308871865272522,0.012520462274551392,False,0.10518072289156627,0.665235553311817,0.006867140531539917,0.31205224990844727,0.30518510937690735,0.035889267921447754,False,0.267433734939759,0.5189459467748471,0.0007582008838653564,0.30124348402023315,0.3004852831363678,0.041998207569122314,False,0.31093975903614457,0.7166801672730415,0.009280532598495483,0.31065723299980164,0.30137670040130615,0.03347587585449219,False,0.43922289156626504,0.0532957771143568,-0.0287712961435318,0.24282507598400116,0.27159637212753296,0.07152770459651947,True,0.5689638554216867,0.7153762721503375,0.43922289156626504,7,False,0.7166801672730415,0.6824983987118772,0.12728909999987081,False,0.9915636043785033,0.9849454112860527,13,1.0,0.9945095292291309,0.9807502924488574,0.03930822014808655,0.003448188304901123,False,0.1297409638554217,0.33785444498062134,0.2985462248325348,0.998646707901687,0.06603860855102539,-0.02328220009803772,False,0.2540963855421687,0.33591559529304504,0.26987698674201965,0.9980035084229821,0.06214365363121033,-0.019387245178222656,False,0.31065060240963854,0.32593655586242676,0.26379290223121643,0.9972484541168589,0.05892837047576904,-0.016171962022781372,False,0.42168674698795183,0.3147861659526825,0.25585779547691345,0.9890352686199018,0.045020461082458496,-0.002264052629470825,False,0.5611626506024097,0.2778584957122803,0.23283803462982178,False,0.8262550895072125,0.8336832100941716,13,1.0,0.9945095292291309,0.9807502924488574,0.03930822014808655,0.003448188304901123,False,0.1297409638554217,0.33785444498062134,0.2985462248325348,0.9837105090295095,0.0410081148147583,0.0017482936382293701,False,0.2014698795180723,0.3319876790046692,0.2909795641899109,0.9348544796226065,0.026637673377990723,0.016118735074996948,False,0.331855421686747,0.30553337931632996,0.27889570593833923,0.5333817688280184,0.0013372600078582764,0.041419148445129395,False,0.44099397590361444,0.26101577281951904,0.25967851281166077,0.0874486628871029,-0.023451924324035645,0.06620833277702332,True,0.5163674698795181,0.23908790946006775,0.2625398337841034,1.892578599999979,2.9802322387695312e-08,2.7939677238464355e-09,0.16530851487129083
4539608494,100028,A man with a top hat is playing guitar on the sidewalk.,26637,"A man wearing leather pants, a leather vest and a cowboy hat is standing here.",2391094555,0.3437221348285675,0.32968828082084656,0.014033854007720947,0.8027205510075611,12,0.00024970000004032045,0.07718319572835987,-0.0248124897480011,0.23111939430236816,0.25593188405036926,0.038846343755722046,True,0.19020481927710844,0.045858874509115695,-0.030352428555488586,0.21737885475158691,0.2477312833070755,0.044386282563209534,True,0.2596626506024096,0.01896021740424095,-0.039462700486183167,0.19796577095985413,0.2374284714460373,0.053496554493904114,True,0.3854156626506024,0.009797167657243535,-0.046158164739608765,0.14821626245975494,0.1943744271993637,0.06019201874732971,True,0.5356927710843373,0.009797167657243535,-0.046158164739608765,0.14821626245975494,0.1943744271993637,0.06019201874732971,True,0.5356927710843373,0.06964721726229235,0.6054518072289157,6,False,0.015497457103599776,0.17582927321176936,0.00010830000019268482,0.023632840327313668,-0.03721201419830322,0.23019006848335266,0.2674020826816559,0.05124586820602417,True,0.22224698795180722,0.023632840327313668,-0.03721201419830322,0.23019006848335266,0.2674020826816559,0.05124586820602417,True,0.22224698795180722,0.01896021740424095,-0.039462700486183167,0.19796577095985413,0.2374284714460373,0.053496554493904114,True,0.3854156626506024,0.010551885413616869,-0.045408427715301514,0.19280725717544556,0.23821568489074707,0.05944228172302246,True,0.45517469879518074,0.0026420542719979337,-0.059335529804229736,0.17635703086853027,0.23569256067276,0.07336938381195068,True,0.5022469879518072,0.059233907972282784,0.5022469879518072,6,False,0.0026420542719979337,0.19241948126832795,0.06575260000045091,False,0.17889342015149814,0.0804174782480542,10,0.876421686746988,0.09716857071385977,0.07718351413377045,-0.024812445044517517,0.038846299052238464,True,0.19020481927710844,0.23111943900585175,0.25593188405036926,0.045859070113351975,-0.030352383852005005,0.04438623785972595,True,0.2596626506024096,0.21737882494926453,0.24773120880126953,0.02673386830336115,-0.03594726324081421,0.049981117248535156,True,0.33229518072289155,0.2127671092748642,0.2487143725156784,0.010251395569332657,-0.04570037126541138,0.059734225273132324,True,0.45804819277108433,0.19051679968833923,0.2362171709537506,0.007918349124426556,-0.04830622673034668,0.06234008073806763,True,0.5226746987951807,0.18712155520915985,0.23542778193950653,False,0.1596221127362914,0.09951502332298996,11,0.9319397590361446,0.07172905341528707,0.05623790214023732,-0.028202831745147705,0.04223668575286865,True,0.1663433734939759,0.27705493569374084,0.30525776743888855,0.042369057842476264,-0.03118044137954712,0.045214295387268066,True,0.26283734939759035,0.22610658407211304,0.25728702545166016,0.02673386830336115,-0.03594726324081421,0.049981117248535156,True,0.33229518072289155,0.2127671092748642,0.2487143725156784,0.02334794370293531,-0.03733621537685394,0.05137006938457489,True,0.4020542168674699,0.20691706240177155,0.2442532777786255,0.0821196461263967,-0.02413889765739441,0.038172751665115356,True,0.5533192771084338,0.21655920147895813,0.24069809913635254,1.4919786000000386,5.960464477539063e-08,3.899913281202316e-09,0.019271307415206745
3692072577,79045,A woman in a black shirt is holding the hand of a gentleman in a suit and striped tie and laying her head on his shoulder while smiling.,71581,Two women are holding hands over a table and smiling at the camera.,3512747808,0.3244211971759796,0.2976257801055908,0.026795417070388794,0.9358085990381328,15,0.00027619999991657096,0.650070447840191,0.006193488836288452,0.26119473576545715,0.2550012469291687,0.020601928234100342,False,0.12143543543543543,0.5737197927340861,0.0029704421758651733,0.25030699372291565,0.24733655154705048,0.02382497489452362,False,0.20245645645645646,0.40151623154242244,-0.003991514444351196,0.22026701271533966,0.22425852715969086,0.03078693151473999,True,0.3228228228228228,0.6145998990269764,0.0046668946743011475,0.21505381166934967,0.21038691699504852,0.022128522396087646,False,0.4044924924924925,0.42601929533576244,-0.0029811114072799683,0.17875337600708008,0.18173448741436005,0.029776528477668762,True,0.5221021021021021,0.4211640924894956,0.7716996996996996,12,False,0.04838193942802499,0.58847967424479,0.00011139999969600467,0.9116013442789248,0.023333460092544556,0.31122273206710815,0.2878892719745636,0.0034619569778442383,False,0.10452252252252252,0.8189017430935723,0.015089243650436401,0.27605998516082764,0.26097074151039124,0.011706173419952393,False,0.25075675675675674,0.3844944529874243,-0.004705145955085754,0.24496430158615112,0.24966944754123688,0.03150056302547455,True,0.32585585585585586,0.4517519966604365,-0.0019359439611434937,0.24275633692741394,0.24469228088855743,0.028731361031532288,True,0.4445165165165165,0.10170367877824874,-0.02178436517715454,0.20823723077774048,0.23002159595489502,0.048579782247543335,True,0.5176816816816817,0.3463318098140414,0.5906846846846847,9,False,0.010864512942241092,0.6531542137189129,0.12811260000034963,False,0.554662019681105,0.3331238471368883,15,1.0,0.201948126701557,0.9391914914439066,0.027372896671295166,-0.0005774796009063721,False,0.12831831831831833,0.3037967085838318,0.2764238119125366,0.5985396270836983,0.0039938390254974365,0.022801578044891357,False,0.2527867867867868,0.26976466178894043,0.265770822763443,0.6470670411059176,0.006061717867851257,0.020733699202537537,False,0.33445645645645644,0.25135084986686707,0.2452891319990158,0.034535067140328495,-0.03330634534358978,0.06010176241397858,True,0.4154774774774775,0.2045484334230423,0.23785477876663208,0.02266799527559501,-0.037638723850250244,0.06443414092063904,True,0.5371831831831831,0.16713014245033264,0.20476886630058289,False,0.6101714984117657,0.3524631998541288,15,1.0,0.201948126701557,0.8942448971770419,0.021348536014556885,0.005446881055831909,False,0.13025225225225226,0.2972821891307831,0.2759336531162262,0.9107200995269653,0.023224592208862305,0.0035708248615264893,False,0.20325525525525526,0.30708664655685425,0.28386205434799194,0.45311012508597165,-0.0018811225891113281,0.028676539659500122,True,0.33364564564564564,0.26138201355934143,0.26326313614845276,0.2207191974273667,-0.012614801526069641,0.039410218596458435,True,0.464954954954955,0.24744822084903717,0.2600630223751068,0.05597322783829123,-0.02825281023979187,0.055048227310180664,True,0.5381201201201201,0.21855539083480835,0.24680820107460022,1.9895706999996037,2.9802322387695312e-08,3.259629011154175e-09,-0.0555094787306607
2391094555,26635,A man dressed in black leather and a cowboy hat is walking around a Renaissance Festival.,122608,A cowboy-looking fellow slings a lasso.,4931319718,0.39893269538879395,0.29874396324157715,0.1001887321472168,0.9999554508625154,13,0.0002567999999882886,0.9967112044723369,0.05713939666748047,0.315974622964859,0.25883522629737854,0.04304933547973633,False,0.22064533333333333,0.9967112044723369,0.05713939666748047,0.315974622964859,0.25883522629737854,0.04304933547973633,False,0.22064533333333333,0.995089861165199,0.05311530828475952,0.2895233631134033,0.2364080548286438,0.047073423862457275,False,0.37600533333333336,0.9915089949554,0.04760220646858215,0.2786993384361267,0.23109713196754456,0.052586525678634644,False,0.421024,0.9383630720504754,0.027228757739067078,0.25594785809516907,0.228719100356102,0.07295997440814972,False,0.606288,0.8510540456771408,0.9197173333333334,12,False,0.016027355639151412,0.9871309044589442,0.00010789999987537158,0.9967112044723369,0.05713939666748047,0.315974622964859,0.25883522629737854,0.04304933547973633,False,0.22064533333333333,0.9967112044723369,0.05713939666748047,0.315974622964859,0.25883522629737854,0.04304933547973633,False,0.22064533333333333,0.996187846766072,0.055657416582107544,0.29257845878601074,0.2369210422039032,0.04453131556510925,False,0.3691413333333333,0.9941305925011894,0.05132114887237549,0.2850661277770996,0.23374497890472412,0.04886758327484131,False,0.41416,0.9415648347791922,0.027796253561973572,0.2596881091594696,0.23189185559749603,0.07239247858524323,False,0.538624,0.7906711732801908,0.7145013333333333,9,False,0.47660439225069134,0.9905041320787111,0.01929649999965477,False,0.9999751230670438,0.8623635875964659,13,1.0,0.5050591440924225,0.999991629258018,0.11690759658813477,-0.01671886444091797,False,0.11220266666666667,0.40287843346595764,0.2859708368778229,0.9999922334036752,0.11765670776367188,-0.017467975616455078,False,0.23060266666666668,0.38767170906066895,0.27001500129699707,0.9999943251932288,0.12079468369483948,-0.02060595154762268,False,0.377888,0.3946710228919983,0.2738763391971588,0.9999902824686737,0.11541569232940674,-0.015226960182189941,False,0.4224266666666667,0.38489794731140137,0.26948225498199463,0.9998819444754761,0.09044237434864044,0.009746357798576355,False,0.557056,0.31802308559417725,0.2275807112455368,False,0.976725188533623,0.6965034282551725,13,1.0,0.5050591440924225,0.99996613041295,0.10292959213256836,-0.0027408599853515625,False,0.16594133333333333,0.3933819532394409,0.29045236110687256,0.9997358847811204,0.08238860964775085,0.017800122499465942,False,0.278144,0.35605427622795105,0.2736656665802002,0.9986791606213766,0.06628166139125824,0.03390707075595856,False,0.4127733333333333,0.29798322916030884,0.2317015677690506,0.9986791606213766,0.06628166139125824,0.03390707075595856,False,0.4127733333333333,0.29798322916030884,0.2317015677690506,0.8384528904187224,0.016467615962028503,0.0837211161851883,False,0.575728,0.2437625229358673,0.2272949069738388,2.0666764999996303,0.0,3.026798367500305e-09,0.023249934533420835
289583589,46372,Woman selling bags of fruit on a sidewalk.,111696,"A woman in a tank top, walks through a market on her cellphone.",4752799475,0.36299237608909607,0.31796836853027344,0.04502400755882263,0.9890391139313863,13,0.00024810000013530953,0.9994806550397254,0.07562422752380371,0.33585673570632935,0.26023250818252563,-0.03060021996498108,False,0.1295075075075075,0.999305158611224,0.07271131873130798,0.3274840712547302,0.25477275252342224,-0.02768731117248535,False,0.2152072072072072,0.9202353312178635,0.024455487728118896,0.29992014169692993,0.27546465396881104,0.020568519830703735,False,0.33412612612612613,0.789775842166372,0.013235747814178467,0.29850852489471436,0.2852727770805359,0.031788259744644165,False,0.4184144144144144,0.6188382335915426,0.004846200346946716,0.23541559278964996,0.23056939244270325,0.040177807211875916,False,0.5445105105105105,0.7457577947905257,0.8933333333333333,11,False,0.3345464599972358,0.8988328916498671,0.00010799999972732621,0.9994806550397254,0.07562422752380371,0.33585673570632935,0.26023250818252563,-0.03060021996498108,False,0.1295075075075075,0.9986524592533438,0.06608125567436218,0.3366834819316864,0.2706022262573242,-0.02105724811553955,False,0.20801801801801803,0.9195256650443852,0.024359196424484253,0.2987586259841919,0.27439942955970764,0.02066481113433838,False,0.3327147147147147,0.8682038062766951,0.01885169744491577,0.27756425738334656,0.2587125599384308,0.02617231011390686,False,0.4077537537537538,0.6650626400476435,0.006859377026557922,0.25114646553993225,0.24428708851337433,0.03816463053226471,False,0.5149309309309309,0.6895035107258146,0.7133033033033033,9,False,0.31750835487019663,0.924467515479938,0.12658680000004097,False,0.9301830545946964,0.7579088631936084,13,1.0,0.1343014547837185,0.9906972752115638,0.04668101668357849,-0.0016570091247558594,False,0.16991591591591593,0.3106327950954437,0.26395177841186523,0.975235885246176,0.036732837557792664,0.008291170001029968,False,0.2770930930930931,0.26887720823287964,0.23214437067508698,0.9808074579629951,0.03933854401111603,0.005685463547706604,False,0.3521321321321321,0.27520179748535156,0.23586325347423553,0.799643947326937,0.013840705156326294,0.031183302402496338,False,0.4306426426426426,0.26263219118118286,0.24879148602485657,0.8230543984667994,0.01537179946899414,0.02965220808982849,False,0.5673993993993994,0.23621636629104614,0.220844566822052,False,0.9475126790392112,0.8661045654484961,13,1.0,0.1343014547837185,0.9906972752115638,0.04668101668357849,-0.0016570091247558594,False,0.16991591591591593,0.3106327950954437,0.26395177841186523,0.9765287702525647,0.03728228807449341,0.007741719484329224,False,0.25561561561561563,0.29982179403305054,0.26253950595855713,0.9202359874828,0.02445557713508606,0.020568430423736572,False,0.33412612612612613,0.2999202609062195,0.2754646837711334,0.9020921768386151,0.022206902503967285,0.022817105054855347,False,0.40916516516516516,0.2851775586605072,0.2629706561565399,0.9021353363895613,0.022211790084838867,0.022812217473983765,False,0.5772612612612613,0.28218114376068115,0.2599693536758423,1.7949235999994926,5.960464477539063e-08,3.3760443329811096e-09,-0.017329624444514802
2378544134,26200,A dog with a black and brown marbled coat scowls at the camera while a young woman in a black suit walks in the background.,5362,A man walks into a maroon building as a dog looks on.,1341077576,0.31007057428359985,0.28694331645965576,0.023127257823944092,0.9099255131183404,13,0.0002586999999039108,0.13315438671114357,-0.018733516335487366,0.24941836297512054,0.2681518793106079,0.04186077415943146,True,0.20138138138138137,0.13315438671114357,-0.018733516335487366,0.24941836297512054,0.2681518793106079,0.04186077415943146,True,0.20138138138138137,0.0009139808001546138,-0.06996786594390869,0.16854672133922577,0.23851458728313446,0.09309512376785278,True,0.4011591591591592,0.0009139808001546138,-0.06996786594390869,0.16854672133922577,0.23851458728313446,0.09309512376785278,True,0.4011591591591592,0.0008699769259958662,-0.07046173512935638,0.16572752594947815,0.23618926107883453,0.09358899295330048,True,0.5292252252252252,0.11369115449157101,0.6871591591591591,8,False,0.00022286182905916163,0.22397762313544428,0.00010829999973793747,0.1460822059009523,-0.017656654119491577,0.2514931559562683,0.2691498100757599,0.04078391194343567,True,0.16293093093093092,0.03901726088308247,-0.032039523124694824,0.22758182883262634,0.25962135195732117,0.055166780948638916,True,0.260024024024024,0.0009139808001546138,-0.06996786594390869,0.16854672133922577,0.23851458728313446,0.09309512376785278,True,0.4011591591591592,0.0009139808001546138,-0.06996786594390869,0.16854672133922577,0.23851458728313446,0.09309512376785278,True,0.4011591591591592,0.0008699769259958662,-0.07046173512935638,0.16572752594947815,0.23618926107883453,0.09358899295330048,True,0.5292252252252252,0.087944207653761,0.7743183183183183,9,False,0.00047051528316919677,0.18507466839447528,0.01996580000013637,False,0.14445703436819782,0.062299338473151035,11,0.8816516516516516,0.00021805957476904694,0.08964453444073832,-0.023179829120635986,0.04630708694458008,True,0.14082282282282282,0.2189350426197052,0.2421148717403412,0.03529711119205026,-0.03308019042015076,0.05620744824409485,True,0.24350750750750752,0.2185288369655609,0.25160902738571167,0.0053708208181889585,-0.052213892340660095,0.07534115016460419,True,0.3402942942942943,0.18941789865493774,0.24163179099559784,0.009827455637042262,-0.046126991510391235,0.06925424933433533,True,0.40054054054054056,0.21997636556625366,0.2661033570766449,0.0025779790103849327,-0.059581682085990906,0.082708939909935,True,0.555045045045045,0.22258393466472626,0.28216561675071716,False,0.1381464845970761,0.06512220593585621,11,0.8841321321321322,0.00041026834387637706,0.1537459083982212,-0.01705518364906311,0.0401824414730072,True,0.10397597597597598,0.244412362575531,0.2614675462245941,0.07404227495282607,-0.025261923670768738,0.04838918149471283,True,0.20106906906906907,0.23157913982868195,0.2568410634994507,0.0281125539517709,-0.03543023765087128,0.05855749547481537,True,0.30375375375375374,0.22999869287014008,0.26542893052101135,0.009827455637042262,-0.046126991510391235,0.06925424933433533,True,0.40054054054054056,0.21997636556625366,0.2661033570766449,0.0075576471153941845,-0.048776090145111084,0.07190334796905518,True,0.5403903903903904,0.22355592250823975,0.27233201265335083,1.5824233000003005,2.9802322387695312e-08,3.3760443329811096e-09,0.006310549771121721
85519095,153095,"A young boy, dressed in a gray and blue baseball uniform, preparing to hit the ball off of the t-ball stand while onlookers watch from behind a chain link fence.",29179,A young boy practices his bat swing while in the stands with blue seats.,2447284966,0.3560066819190979,0.33753564953804016,0.01847103238105774,0.8637866310801728,12,0.00026380000008430216,0.8049807853834876,0.014177203178405762,0.3117421567440033,0.29756495356559753,0.0042938292026519775,False,0.2498018018018018,0.8049807853834876,0.014177203178405762,0.3117421567440033,0.29756495356559753,0.0042938292026519775,False,0.2498018018018018,0.7916066811238566,0.013346374034881592,0.2904576361179352,0.2771112620830536,0.0051246583461761475,False,0.37351351351351353,0.9089489776984027,0.023008689284324646,0.2561189830303192,0.23311029374599457,-0.004537656903266907,False,0.434972972972973,0.9067293820111004,0.022743389010429382,0.2526600956916809,0.22991670668125153,-0.004272356629371643,False,0.501975975975976,0.78340884645882,0.7554054054054054,8,False,0.7094732038648154,0.8372400774017531,0.0001077000001714623,0.8036759155117053,0.014094293117523193,0.332374632358551,0.31828033924102783,0.004376739263534546,False,0.18383783783783783,0.835027713132063,0.01621687412261963,0.3309769630432129,0.31476008892059326,0.0022541582584381104,False,0.25084084084084085,0.8193856415085904,0.015121906995773315,0.31992238759994507,0.30480048060417175,0.003349125385284424,False,0.3622102102102102,0.7778949422140496,0.012534409761428833,0.29519444704055786,0.28266003727912903,0.005936622619628906,False,0.4281741741741742,0.797572580748533,0.013711914420127869,0.24695399403572083,0.23324207961559296,0.004759117960929871,False,0.5419399399399399,0.6578449733807805,0.8077117117117117,9,False,0.3546339288201297,0.8166854924244196,0.047572099999342754,False,0.7908278139843866,0.5254569679616091,11,0.932996996996997,0.029976088048150044,0.8036759155117053,0.014094293117523193,0.004376739263534546,False,0.18383783783783783,0.33237460255622864,0.31828030943870544,0.7502552183960435,0.010999739170074463,0.007471293210983276,False,0.23614414414414414,0.3231290876865387,0.31212934851646423,0.7994638792319215,0.013829469680786133,0.0046415627002716064,False,0.38633633633633635,0.32134342193603516,0.307513952255249,0.8104144276375073,0.014527052640914917,0.003943979740142822,False,0.4477957957957958,0.3077702820301056,0.2932432293891907,0.6802043417860201,0.007547110319137573,0.010923922061920166,False,0.5715075075075076,0.2848934233188629,0.27734631299972534,False,0.643774341702652,0.4292582496598243,12,1.0,0.1779508745308515,0.85868038399178,0.018043726682662964,0.0004273056983947754,False,0.10028228228228228,0.3434508144855499,0.32540708780288696,0.6668576394940945,0.006940066814422607,0.011530965566635132,False,0.22872072072072072,0.30656254291534424,0.29962247610092163,0.7119443774391475,0.0090484619140625,0.00942257046699524,False,0.41255855855855855,0.29401832818984985,0.28496986627578735,0.7119443774391475,0.0090484619140625,0.00942257046699524,False,0.41255855855855855,0.29401832818984985,0.28496986627578735,0.048787361331318606,-0.02970266342163086,0.0481736958026886,True,0.5852132132132132,0.2519826889038086,0.28168535232543945,1.6016928999997617,0.0,3.725290298461914e-09,0.1470534722817346
8052397902,151428,A runner scrambles for yardage while being brought down by two tacklers.,145216,Two football players compete for the ball while another teammate looks on.,7099368287,0.31260743737220764,0.29979124665260315,0.012816190719604492,0.7827252522537337,13,0.0002611999998407555,0.7222972877091067,0.00955885648727417,0.30360203981399536,0.2940431833267212,0.0032573342323303223,False,0.14117117117117117,0.7872062637761972,0.013081669807434082,0.30071336030960083,0.28763169050216675,-0.00026547908782958984,False,0.33757957957957957,0.7872062637761972,0.013081669807434082,0.30071336030960083,0.28763169050216675,-0.00026547908782958984,False,0.33757957957957957,0.6943385984624184,0.008204817771911621,0.28322741389274597,0.27502259612083435,0.004611372947692871,False,0.4065765765765766,0.5578696782815574,0.002325206995010376,0.2859113812446594,0.28358617424964905,0.010490983724594116,False,0.531093093093093,0.5465331712731578,0.9098378378378379,11,False,0.4351641002477498,0.7221782335336056,0.00011009999980160501,0.904656262437792,0.022500663995742798,0.31012246012687683,0.28762179613113403,-0.009684473276138306,False,0.10380780780780781,0.7965015773729578,0.013645708560943604,0.3045560121536255,0.2909103035926819,-0.0008295178413391113,False,0.22066066066066067,0.2729665557085076,-0.009796231985092163,0.25463631749153137,0.26443254947662354,0.022612422704696655,True,0.41706906906906904,0.2729665557085076,-0.009796231985092163,0.25463631749153137,0.26443254947662354,0.022612422704696655,True,0.41706906906906904,0.33444462435916344,-0.006881505250930786,0.2397603690624237,0.2466418743133545,0.01969769597053528,True,0.5347987987987988,0.40709428760097677,0.7913933933933934,10,False,0.0946861727575647,0.6128579683695862,0.080849599999965,False,0.45111504543276487,0.3974363527858373,13,1.0,0.4298181650265551,0.6406121424068246,0.005780220031738281,0.007035970687866211,False,0.1683903903903904,0.2999822795391083,0.29420205950737,0.5178849356145551,0.0007157027721405029,0.01210048794746399,False,0.21212612612612614,0.2969520092010498,0.2962363064289093,0.31850825748079664,-0.0076063573360443115,0.020422548055648804,True,0.40853453453453453,0.2709575891494751,0.2785639464855194,0.31850825748079664,-0.0076063573360443115,0.020422548055648804,True,0.40853453453453453,0.2709575891494751,0.2785639464855194,0.14700546512783466,-0.017582833766937256,0.030399024486541748,True,0.6055195195195195,0.2301308512687683,0.24771368503570557,False,0.38871223630584406,0.32206677168265635,13,1.0,0.4298181650265551,0.5236201179052148,0.0009455084800720215,0.01187068223953247,False,0.15094894894894895,0.304000586271286,0.303055077791214,0.39695300107436815,-0.004181772470474243,0.016997963190078735,True,0.22754954954954956,0.2925572991371155,0.2967390716075897,0.26983905554622273,-0.009954392910003662,0.022770583629608154,True,0.34454054054054056,0.2795757055282593,0.28953009843826294,0.17787677319045242,-0.015307992696762085,0.028124183416366577,True,0.48571171171171174,0.25062671303749084,0.26593470573425293,0.12741113219390218,-0.019240453839302063,0.032056644558906555,True,0.552042042042042,0.2337407022714615,0.25298115611076355,1.746415700000398,5.960464477539063e-08,3.259629011154175e-09,0.06240280912692081
