image_id,positive_caption_id,positive_caption,negative_caption_id,negative_caption,negative_caption_source_image_id,original_positive_cosine,original_negative_cosine,original_margin,original_preference,num_superpixels,max_abs_linearity_error,shared_inference_runtime_seconds,point_regression_runtime_seconds,cr_regression_runtime_seconds,point_preference10,point_margin10,point_positive_cosine10,point_negative_cosine10,point_margin_drop10,point_rankflip10,point_actual_area10,point_preference20,point_margin20,point_positive_cosine20,point_negative_cosine20,point_margin_drop20,point_rankflip20,point_actual_area20,point_preference30,point_margin30,point_positive_cosine30,point_negative_cosine30,point_margin_drop30,point_rankflip30,point_actual_area30,point_preference40,point_margin40,point_positive_cosine40,point_negative_cosine40,point_margin_drop40,point_rankflip40,point_actual_area40,point_preference50,point_margin50,point_positive_cosine50,point_negative_cosine50,point_margin_drop50,point_rankflip50,point_actual_area50,point_positive_pdauc,point_positive_area_fraction,point_num_positive_regions,point_no_positive_attribution,point_final_positive_preference,point_matched_pdauc50,cr_preference10,cr_margin10,cr_positive_cosine10,cr_negative_cosine10,cr_margin_drop10,cr_rankflip10,cr_actual_area10,cr_preference20,cr_margin20,cr_positive_cosine20,cr_negative_cosine20,cr_margin_drop20,cr_rankflip20,cr_actual_area20,cr_preference30,cr_margin30,cr_positive_cosine30,cr_negative_cosine30,cr_margin_drop30,cr_rankflip30,cr_actual_area30,cr_preference40,cr_margin40,cr_positive_cosine40,cr_negative_cosine40,cr_margin_drop40,cr_rankflip40,cr_actual_area40,cr_preference50,cr_margin50,cr_positive_cosine50,cr_negative_cosine50,cr_margin_drop50,cr_rankflip50,cr_actual_area50,cr_positive_pdauc,cr_positive_area_fraction,cr_num_positive_regions,cr_no_positive_attribution,cr_final_positive_preference,cr_matched_pdauc50,evaluation_runtime_seconds,positive_pdauc_difference,matched_pdauc_difference
2321764238,24081,Asian person holding a white porcelain Asian figurine of a woman holding a fan.,144426,A young adult woman in a white shirt is working on a clay vase with white flowers on it.,7001949951,0.38612040877342224,0.31106334924697876,0.07505705952644348,0.9994503647815542,13,5.551115123125783e-17,1.2832963000000746,0.00041140000030281954,0.00015150000035646372,0.5278497281419666,0.0011151432991027832,0.23604877293109894,0.23493362963199615,0.0739419162273407,False,0.15672,0.4847526454092334,-0.0006100833415985107,0.2332562506198883,0.23386633396148682,0.07566714286804199,True,0.24129066666666665,0.4725770000056107,-0.0010980218648910522,0.22874659299850464,0.2298446148633957,0.07615508139133453,True,0.34852266666666665,0.6247962720916758,0.005099564790725708,0.2270892858505249,0.2219897210597992,0.06995749473571777,False,0.427424,0.21034219381096111,-0.013228639960289001,0.2152845412492752,0.2285131812095642,0.08828569948673248,True,0.53104,0.4980057586642422,0.6978453333333333,9,False,0.43845926910939326,0.5656534559688339,0.9994097834822727,0.07434430718421936,0.37111416459083557,0.2967698574066162,0.0007127523422241211,False,0.17222933333333335,0.9513778535241781,0.029738321900367737,0.2675464153289795,0.23780809342861176,0.045318737626075745,False,0.206752,0.4725770000056107,-0.0010980218648910522,0.22874659299850464,0.2298446148633957,0.07615508139133453,True,0.34852266666666665,0.6247962720916758,0.005099564790725708,0.2270892858505249,0.2219897210597992,0.06995749473571777,False,0.427424,0.5374345514277967,0.0015001893043518066,0.20897334814071655,0.20747315883636475,0.07355687022209167,False,0.5549706666666666,0.5427801130989769,0.6585866666666667,9,False,0.27699936790168167,0.7642806221139896,1.7238037000006443,-0.04477435443473471,-0.19862716614515574
3974197857,86252,A group of men in blue uniforms are standing together.,105529,Men in uniform are standing on a street.,4653258614,0.3493420481681824,0.2961450517177582,0.053196996450424194,0.9951296132525221,7,5.551115123125783e-17,1.215820100000201,0.0003010000000358559,0.00012239999887242448,0.6006796476001255,0.004082977771759033,0.29184892773628235,0.2877659499645233,0.04911401867866516,False,0.40947428571428574,0.6006796476001255,0.004082977771759033,0.29184892773628235,0.2877659499645233,0.04911401867866516,False,0.40947428571428574,0.6006796476001255,0.004082977771759033,0.29184892773628235,0.2877659499645233,0.04911401867866516,False,0.40947428571428574,0.6006796476001255,0.004082977771759033,0.29184892773628235,0.2877659499645233,0.04911401867866516,False,0.40947428571428574,0.14653894689286376,-0.017620086669921875,0.2537655830383301,0.27138566970825195,0.07081708312034607,True,0.6191828571428571,0.3897454576432883,1.0,7,False,0.15480745702808413,0.654201736913523,0.6006796476001255,0.004082977771759033,0.29184892773628235,0.2877659499645233,0.04911401867866516,False,0.40947428571428574,0.6006796476001255,0.004082977771759033,0.29184892773628235,0.2877659499645233,0.04911401867866516,False,0.40947428571428574,0.6006796476001255,0.004082977771759033,0.29184892773628235,0.2877659499645233,0.04911401867866516,False,0.40947428571428574,0.6006796476001255,0.004082977771759033,0.29184892773628235,0.2877659499645233,0.04911401867866516,False,0.40947428571428574,0.040599459199640815,-0.03162553906440735,0.2775181829929352,0.30914372205734253,0.08482253551483154,True,0.5493485714285714,0.3720778861724271,0.6225028571428571,4,False,0.026252786554059455,0.6763841328452593,1.1906667000002926,0.017667571470861176,-0.02218239593173632
3168354472,56872,A young girl in a purple dress throws a tantrum.,78962,A child is laying on a beige rug laughing.,3690358949,0.36607182025909424,0.3232722282409668,0.04279959201812744,0.9863457914529027,14,6.071532165918825e-17,1.8280531999989762,0.00034730000152194407,0.00014879999980621506,0.9969870042144998,0.0580180287361145,0.34438949823379517,0.28637146949768066,-0.01521843671798706,False,0.16461866666666666,0.9971974753633426,0.05874428153038025,0.3097796142101288,0.25103533267974854,-0.015944689512252808,False,0.23442666666666667,0.9990235678843216,0.06930628418922424,0.2955555319786072,0.22624924778938293,-0.026506692171096802,False,0.3044,0.8771732362478141,0.019659295678138733,0.2428935468196869,0.22323425114154816,0.02314029633998871,False,0.448752,0.9094011762844986,0.023063451051712036,0.2527274191379547,0.22966396808624268,0.019736140966415405,False,0.585664,0.8615581847890083,0.7164586666666667,10,False,0.8235096679617577,0.9568815122957016,0.9860838588513513,0.04260692000389099,0.3640037178993225,0.3213967978954315,0.0001926720142364502,False,0.15667733333333334,0.9603216022908627,0.03186461329460144,0.33110302686691284,0.2992384135723114,0.010934978723526001,False,0.22648533333333334,0.9849649584525039,0.041822224855422974,0.33894163370132446,0.2971194088459015,0.0009773671627044678,False,0.34840533333333334,0.9438670348204756,0.028222620487213135,0.3265116214752197,0.2982890009880066,0.014576971530914307,False,0.4183786666666667,0.8326036617307402,0.016041934490203857,0.3240457773208618,0.30800384283065796,0.026757657527923584,False,0.5081653333333334,0.8979118436694026,0.5081653333333334,7,False,0.8326036617307402,0.960857766105798,1.9975821999996697,-0.036353658880394324,-0.003976253810096364
4442323516,95812,A man sits on a fence while a group of people walks on the sidewalk in front of him.,98864,A group of people walk along a sidewalk.,4510809964,0.32597556710243225,0.3186072111129761,0.007368355989456177,0.6763035016534955,12,2.5153490401663703e-17,1.8298598999990645,0.0003390000001672888,0.0001426999988325406,0.9330075824195998,0.02633833885192871,0.33088356256484985,0.30454522371292114,-0.018969982862472534,False,0.10077844311377246,0.941524402109235,0.027788907289505005,0.31480175256729126,0.28701284527778625,-0.020420551300048828,False,0.21425149700598803,0.5511312941625212,0.0020524263381958008,0.2838760316371918,0.28182360529899597,0.005315929651260376,False,0.3286766467065868,0.8398625609663898,0.01657205820083618,0.2720189094543457,0.2554468512535095,-0.009203702211380005,False,0.4149700598802395,0.2109698115264255,-0.013190895318984985,0.24932602047920227,0.26251691579818726,0.020559251308441162,True,0.6351916167664671,0.5071874854401255,0.7622874251497006,9,False,0.12062472688757003,0.7061960602263432,0.9330075824195998,0.02633833885192871,0.33088356256484985,0.30454522371292114,-0.018969982862472534,False,0.10077844311377246,0.2529964405446122,-0.010826945304870605,0.29551413655281067,0.3063410818576813,0.018195301294326782,True,0.21520359281437126,0.09590843491456005,-0.022435367107391357,0.2968772053718567,0.31931257247924805,0.029803723096847534,True,0.4316826347305389,0.09590843491456005,-0.022435367107391357,0.2968772053718567,0.31931257247924805,0.029803723096847534,True,0.4316826347305389,0.050232781568249986,-0.029395490884780884,0.29685160517692566,0.32624709606170654,0.03676384687423706,True,0.5759281437125748,0.18715310812452396,0.6464550898203593,8,False,0.04025321135296582,0.34249356020600813,1.6655038999997487,0.3200343773156015,0.36370250002033505
3572346664,74205,The woman's face falls into silhouette as she stands in front of the sun.,102811,A woman wearing a black tank top and a cross necklace stares off into the distance near sunset.,4603095253,0.31491991877555847,0.29049932956695557,0.024420589208602905,0.919978792205976,14,4.85722573273506e-17,1.8329019000011613,0.00030310000147437677,0.00014000000010128133,0.999557996945346,0.07723751664161682,0.34239599108695984,0.265158474445343,-0.052816927433013916,False,0.1071987951807229,0.9999493096019167,0.09889723360538483,0.3323017656803131,0.23340453207492828,-0.07447664439678192,False,0.22019879518072288,0.9999425918788905,0.09765267372131348,0.3334697484970093,0.2358170747756958,-0.07323208451271057,False,0.30742168674698794,0.9998020727378117,0.08527413010597229,0.30972105264663696,0.22444692254066467,-0.060853540897369385,False,0.43760240963855424,0.9923302385328402,0.04862770438194275,0.3086200952529907,0.259992390871048,-0.024207115173339844,False,0.5964277108433735,0.9928663429757796,0.727066265060241,9,False,0.9953963078498974,0.9916389783031482,0.9184814936160047,0.02421891689300537,0.30831655859947205,0.2840976417064667,0.00020167231559753418,False,0.10007228915662651,0.9991406473316718,0.07058471441268921,0.327581524848938,0.2569968104362488,-0.046164125204086304,False,0.2072710843373494,0.9970320183164557,0.058169007301330566,0.305571973323822,0.24740296602249146,-0.03374841809272766,False,0.33340963855421685,0.9990910399348247,0.07002300024032593,0.31526127457618713,0.2452382743358612,-0.04560241103172302,False,0.4464096385542169,0.998685989132632,0.06633356213569641,0.29963159561157227,0.23329803347587585,-0.041912972927093506,False,0.533632530120482,0.986346955501255,0.533632530120482,7,False,0.998685989132632,0.975534457191504,1.8057170000010956,0.006519387474524629,0.016104521111644177
39341489,85285,"A man smiles, while clinking ale bottles, with an unseen person, at a public establishment.",110335,A tattooed man pouring beer out of a bottle into a young man's mouth.,4729526023,0.3363100588321686,0.2972034513950348,0.03910660743713379,0.9803659524494673,11,7.979727989493313e-17,1.2152492000004713,0.00037599999996018596,0.00011780000022554304,0.9810936175416686,0.0394916832447052,0.3276316821575165,0.2881399989128113,-0.00038507580757141113,False,0.109376,0.9989085853776032,0.06819188594818115,0.31040892004966736,0.2422170341014862,-0.029085278511047363,False,0.23145066666666667,0.998528692211386,0.06520131230354309,0.30927595496177673,0.24407464265823364,-0.026094704866409302,False,0.3352266666666667,0.9978667090348844,0.061479538679122925,0.3072911202907562,0.2458115816116333,-0.022372931241989136,False,0.41195733333333334,0.9799543758908262,0.03889495134353638,0.3110278248786926,0.27213287353515625,0.0002116560935974121,False,0.5298773333333333,0.9895897390960307,1.0,11,False,0.9972840973790719,0.9907389013646506,0.978183668186285,0.038030385971069336,0.3199459910392761,0.2819156050682068,0.0010762214660644531,False,0.16204266666666667,0.9803254116904174,0.039085566997528076,0.3148956298828125,0.2758100628852844,2.104043960571289e-05,False,0.26581866666666665,0.9819074001050462,0.039939939975738525,0.3138018250465393,0.2738618850708008,-0.0008333325386047363,False,0.36568,0.9778070066829218,0.0378553569316864,0.30309951305389404,0.26524415612220764,0.0012512505054473877,False,0.42802666666666667,0.8859301950430275,0.020498275756835938,0.30413228273391724,0.2836340069770813,0.01860833168029785,False,0.5374026666666667,0.9305804105472693,0.5374026666666667,6,False,0.8859301950430275,0.970032223715165,1.3770446999988053,0.0590093285487614,0.02070667764948564
4854547386,118085,Two young men in black and white t-shirt are walking down the street with a girl in a pink shirt and patterned leggings.,115490,A small group of Asian youths gathered on the sidewalk looking into camera and playing around.,4814332291,0.35158348083496094,0.3389700651168823,0.012613415718078613,0.7792569654431638,13,7.502679033599691e-17,1.1514791999998124,0.0002972999991470715,0.00011249999988649506,0.9756823711404039,0.036919355392456055,0.3162044882774353,0.27928513288497925,-0.02430593967437744,False,0.20808408408408408,0.9756823711404039,0.036919355392456055,0.3162044882774353,0.27928513288497925,-0.02430593967437744,False,0.20808408408408408,0.9829978530404463,0.040572673082351685,0.300778865814209,0.2602061927318573,-0.02795925736427307,False,0.3290810810810811,0.9972530216565528,0.058945029973983765,0.29958122968673706,0.2406361997127533,-0.04633161425590515,False,0.48386786786786784,0.974277439219252,0.036343276500701904,0.28208962082862854,0.24574634432792664,-0.02372986078262329,False,0.602018018018018,0.814347694563214,0.7604384384384384,9,False,0.6651054576344532,0.948163198953777,0.38203347897375833,-0.004809260368347168,0.3121318221092224,0.3169410824775696,0.01742267608642578,True,0.14563363363363363,0.25711755929622876,-0.010610044002532959,0.3109752833843231,0.3215853273868561,0.023223459720611572,True,0.25753753753753755,0.9050787917569623,0.022549748420715332,0.3378719687461853,0.31532222032546997,-0.009936332702636719,False,0.32581981981981983,0.6392902725597288,0.005722850561141968,0.3112201690673828,0.30549731850624084,0.0068905651569366455,False,0.415957957957958,0.39823856388502554,-0.004128098487854004,0.2975616157054901,0.3016897141933441,0.016741514205932617,True,0.5351591591591591,0.7117042574433586,0.48243243243243245,7,False,0.8210428862214987,0.5445904162022782,1.3699192000003677,0.10264343711985535,0.40357278275149877
2469878877,30010,A girl sitting outside a coffee house on a maroon colored bench with another girl watching her.,88658,"A woman sits in a cafe, looking out a window.",409327234,0.3649872839450836,0.34829476475715637,0.016692519187927246,0.8414760570233993,12,8.760353553682876e-17,1.7782093000005261,0.00028250000104890205,0.00011489999997138511,0.7394739609452501,0.01043236255645752,0.31716322898864746,0.30673086643218994,0.0062601566314697266,False,0.21589389920424404,0.7394739609452501,0.01043236255645752,0.31716322898864746,0.30673086643218994,0.0062601566314697266,False,0.21589389920424404,0.6885130629687906,0.007931768894195557,0.2957645654678345,0.2878327965736389,0.00876075029373169,False,0.38811140583554377,0.7273314306052159,0.009811252355575562,0.2928427755832672,0.28303152322769165,0.006881266832351685,False,0.45483819628647215,0.7345676644517162,0.010179221630096436,0.2670149803161621,0.2568357586860657,0.0065132975578308105,False,0.5290450928381963,0.6420165239602719,0.9290875331564987,11,False,0.08036259614931873,0.7468168526969359,0.9475982995803078,0.02894991636276245,0.34860461950302124,0.3196547031402588,-0.012257397174835205,False,0.13310875331564986,0.849433509704448,0.01730164885520935,0.3354298174381256,0.31812816858291626,-0.0006091296672821045,False,0.207315649867374,0.5834417316439797,0.0033691823482513428,0.3306616246700287,0.32729244232177734,0.013323336839675903,False,0.3632519893899204,0.41456056031019833,-0.003451436758041382,0.327666312456131,0.33111774921417236,0.020143955945968628,True,0.4616870026525199,0.5354513703774688,0.001420438289642334,0.33423489332199097,0.33281445503234863,0.015272080898284912,False,0.511920424403183,0.8387981510487046,0.25741644562334215,4,False,0.8219505768274576,0.7236394705167298,1.4466604000008374,-0.19678162708843272,0.02317738218020604
2673209105,37986,A young barefoot girl in a pink dress is jumping outside.,46542,A child in a blue shirt jumping off a bench.,2898810636,0.3783493638038635,0.33886685967445374,0.03948250412940979,0.9810765837429427,16,6.591949208711867e-17,1.9541207000002032,0.00027379999846743885,0.00012040000001434237,0.9937739061845092,0.05072760581970215,0.3677818179130554,0.31705421209335327,-0.011245101690292358,False,0.10104,0.9251373997055939,0.02514287829399109,0.2923004627227783,0.26715758442878723,0.014339625835418701,False,0.238352,0.7665129956585407,0.01188725233078003,0.259812593460083,0.24792534112930298,0.02759525179862976,False,0.339776,0.7831390533982208,0.01284053921699524,0.25480949878692627,0.24196895956993103,0.02664196491241455,False,0.400184,0.49805876097940305,-7.764995098114014e-05,0.21126696467399597,0.2113446146249771,0.03956015408039093,True,0.504036,0.6272349475019323,0.764392,13,False,0.376503751430341,0.8543722361440743,0.9937739061845092,0.05072760581970215,0.3677818179130554,0.31705421209335327,-0.011245101690292358,False,0.10104,0.24877997403099383,-0.011051297187805176,0.24075183272361755,0.25180312991142273,0.050533801317214966,True,0.222452,0.37718751146112617,-0.00501503050327301,0.23466145992279053,0.23967649042606354,0.0444975346326828,True,0.315884,0.41799020070123283,-0.003310292959213257,0.22565090656280518,0.22896119952201843,0.04279279708862305,True,0.4341,0.2668622070320112,-0.010106012225151062,0.21773870289325714,0.2278447151184082,0.04958851635456085,True,0.538248,0.5872958298068793,0.373568,6,False,0.5249870415946623,0.5334102275280925,2.426969000000099,0.039939117695052984,0.3209620086159818
4937639267,123122,A man in an electric scooter and bare feet is looking into a crowd of people.,96924,"Lady out with a elder person in wheelchair, in the sun.",4464247181,0.3202427327632904,0.29860222339630127,0.021640509366989136,0.8969745030996511,9,1.1622647289044608e-16,1.7797575000004144,0.0002497000004950678,0.00010210000073129777,0.890519924055784,0.020960628986358643,0.3151249289512634,0.2941642999649048,0.0006798803806304932,False,0.17376407506702413,0.2123083935456032,-0.01311066746711731,0.3009442687034607,0.314054936170578,0.034751176834106445,True,0.31865951742627346,0.2123083935456032,-0.01311066746711731,0.3009442687034607,0.314054936170578,0.034751176834106445,True,0.31865951742627346,0.0875186092125339,-0.023443162441253662,0.29885584115982056,0.3222990036010742,0.0450836718082428,True,0.4412171581769437,0.0845820588039649,-0.023816585540771484,0.28873488306999207,0.31255146861076355,0.04545709490776062,True,0.5052064343163539,0.3748500634873334,0.8725522788203753,7,False,0.0381472852603403,0.5128159152498917,0.890519924055784,0.020960628986358643,0.3151249289512634,0.2941642999649048,0.0006798803806304932,False,0.17376407506702413,0.6083374967104922,0.004403293132781982,0.3004162311553955,0.2960129380226135,0.017237216234207153,False,0.3087238605898123,0.6083374967104922,0.004403293132781982,0.3004162311553955,0.2960129380226135,0.017237216234207153,False,0.3087238605898123,0.2094439216372076,-0.013282805681228638,0.2894473671913147,0.30273017287254333,0.03492331504821777,True,0.45361930294906166,0.10506741217157152,-0.021421462297439575,0.27525225281715393,0.2966737151145935,0.04306197166442871,True,0.5176085790884718,0.3897262206947383,0.6959785522788203,6,False,0.16243695579246803,0.6293422975697538,1.2696401000011974,-0.014876157207404872,-0.11652638231986212
3715669736,80023,"Two women, one in blue and one in red speed skating on a basketball court.",138631,"During a soccer match, a member of the red team is pursued by 3 members of the blue team.",6275000713,0.3291861116886139,0.2939077615737915,0.03527835011482239,0.9714694675270866,15,4.423544863740858e-17,1.9446475000004284,0.0002967000000353437,0.00011450000056356657,0.9496661707837927,0.02937433123588562,0.3167138695716858,0.28733953833580017,0.005904018878936768,False,0.119412,0.9874998746125854,0.043694376945495605,0.3270077109336853,0.2833133339881897,-0.008416026830673218,False,0.235708,0.8910898501407657,0.02101922035217285,0.304903119802475,0.2838838994503021,0.014259129762649536,False,0.307924,0.9311261366864512,0.026041179895401,0.2583172917366028,0.23227611184120178,0.009237170219421387,False,0.40622,0.8031807690164944,0.014062941074371338,0.2572106420993805,0.24314770102500916,0.02121540904045105,False,0.5322,0.9221326287728164,0.68346,10,False,0.9163553564847943,0.9281849618957245,0.9960629756088212,0.055333852767944336,0.33146071434020996,0.2761268615722656,-0.020055502653121948,False,0.117656,0.954278568932537,0.0303838849067688,0.3069687485694885,0.2765848636627197,0.004894465208053589,False,0.255584,0.847280755982884,0.01713430881500244,0.313703715801239,0.2965694069862366,0.018144041299819946,False,0.329396,0.9609181000313207,0.032022297382354736,0.3281276822090149,0.29610538482666016,0.0032560527324676514,False,0.406844,0.6777124363663988,0.007432788610458374,0.3013586699962616,0.2939258813858032,0.027845561504364014,False,0.525528,0.7119052249259409,0.623824,9,False,0.443212628916229,0.920974728423767,2.315109900000607,0.21022740384687555,0.007210233471957483
3593392955,75100,A black and tan dog is running with a white and gray dog along dirt.,29737,A German shepherd barking at another German shepherd in a forest.,246231741,0.37788307666778564,0.3487648367881775,0.029118239879608154,0.9484278532797457,15,6.071532165918825e-17,1.8200817999986612,0.00028360000032989774,0.00011640000047918875,0.32819407225595454,-0.007163643836975098,0.30200135707855225,0.30916500091552734,0.03628188371658325,True,0.11122666666666667,0.05736156550902151,-0.027993083000183105,0.2738649845123291,0.3018580675125122,0.05711132287979126,True,0.268048,0.08566639228327691,-0.023677349090576172,0.28028595447540283,0.303963303565979,0.052795588970184326,True,0.3287466666666667,0.07362500584606989,-0.025322943925857544,0.2788802981376648,0.30420324206352234,0.0544411838054657,True,0.40193066666666666,0.012598118569883592,-0.043615296483039856,0.24869336187839508,0.29230865836143494,0.07273353636264801,True,0.5474826666666667,0.1468769666960852,0.5911093333333334,9,False,0.012291186326727379,0.21493546837934213,0.695571844967908,0.008262991905212402,0.3310472369194031,0.3227842450141907,0.020855247974395752,False,0.15342933333333333,0.30405658298517974,-0.008280545473098755,0.32241037487983704,0.3306909203529358,0.03739878535270691,True,0.21712533333333334,0.029377349979187957,-0.03497713804244995,0.2550821304321289,0.29005926847457886,0.0640953779220581,True,0.34224533333333335,0.043771920869622574,-0.030840039253234863,0.2611953020095825,0.2920353412628174,0.05995827913284302,True,0.4136,0.012598118569883592,-0.043615296483039856,0.24869336187839508,0.29230865836143494,0.07273353636264801,True,0.5474826666666667,0.22347034154947243,0.47429866666666665,7,False,0.05078072979155386,0.33827178405069724,1.6226093000004767,-0.07659337485338724,-0.12333631567135511
4707189762,108892,Two individual climbing up a steep mountain.,60422,Two children climb a rock wall as two people watch carefully.,3246281818,0.32923969626426697,0.3143881559371948,0.014851540327072144,0.8153498050468312,14,1.691355389077387e-17,1.7862191000003804,0.00027210000007471535,0.00010900000052060932,0.883100388242845,0.020221233367919922,0.31142181158065796,0.29120057821273804,-0.005369693040847778,False,0.1583063063063063,0.9532632469175729,0.030153602361679077,0.29165372252464294,0.26150012016296387,-0.015302062034606934,False,0.2215975975975976,0.9697683483033692,0.03468167781829834,0.286978542804718,0.2522968649864197,-0.019830137491226196,False,0.3573273273273273,0.9743386864155889,0.0363677442073822,0.2886633276939392,0.252295583486557,-0.02151620388031006,False,0.41901501501501504,0.9887876956927488,0.044794678688049316,0.2869133949279785,0.2421187162399292,-0.029943138360977173,False,0.5638978978978979,0.9417873553147258,0.4914054054054054,7,False,0.9735073889697883,0.9314315962021414,0.8311402204116337,0.01593729853630066,0.32045260071754456,0.3045153021812439,-0.0010857582092285156,False,0.12277477477477478,0.8935872520983553,0.021279186010360718,0.31455111503601074,0.29327192902565,-0.006427645683288574,False,0.2673933933933934,0.9196360823262308,0.02437412738800049,0.3114498555660248,0.2870757281780243,-0.009522587060928345,False,0.34933933933933936,0.93295689708951,0.026330232620239258,0.30268555879592896,0.2763553261756897,-0.011478692293167114,False,0.41263063063063066,0.9677040055192381,0.03399983048439026,0.3011402189731598,0.26714038848876953,-0.019148290157318115,False,0.549987987987988,0.9090687976855784,0.41263063063063066,6,False,0.93295689708951,0.8895505266051356,1.3096447000007174,0.03271855762914744,0.04188106959700588
1675332284,10807,A muscular African-american man pan-handling using paint buckets as a musical instrument.,99553,A black man plays a makeshift drum set with a cardboard sign.,4525821347,0.45232123136520386,0.40148472785949707,0.05083650350570679,0.9938409237504585,13,1.3877787807814457e-16,1.7742646999995486,0.0002643999996507773,0.00011690000064845663,0.7909185394563331,0.013304710388183594,0.32417088747024536,0.31086617708206177,0.03753179311752319,False,0.10147872340425532,0.9060421984597625,0.02266240119934082,0.32200586795806885,0.299343466758728,0.028174102306365967,False,0.3006117021276596,0.9060421984597625,0.02266240119934082,0.32200586795806885,0.299343466758728,0.028174102306365967,False,0.3006117021276596,0.9514644251159325,0.029757052659988403,0.2814880907535553,0.2517310380935669,0.021079450845718384,False,0.4090531914893617,0.9569113786347178,0.031004518270492554,0.2661978006362915,0.23519328236579895,0.019831985235214233,False,0.5366914893617021,0.8601127656573226,0.8853297872340425,11,False,0.7184510597009469,0.8981403670343433,0.7909185394563331,0.013304710388183594,0.32417088747024536,0.31086617708206177,0.03753179311752319,False,0.10147872340425532,0.8562825050831291,0.017847508192062378,0.31577175855636597,0.2979242503643036,0.03298899531364441,False,0.2890957446808511,0.9514644251159325,0.029757052659988403,0.2814880907535553,0.2517310380935669,0.021079450845718384,False,0.4090531914893617,0.9514644251159325,0.029757052659988403,0.2814880907535553,0.2517310380935669,0.021079450845718384,False,0.4090531914893617,0.9366555085648688,0.026937276124954224,0.2675244212150574,0.24058714509010315,0.023899227380752563,False,0.5041808510638298,0.8581469940325922,0.6862074468085106,8,False,0.8147806410877959,0.8792709996510655,1.8096199000010529,0.001965771624730439,0.018869367383277824
4795824646,114175,"Two women wearing hijab garments walk on a sidewalk, one of the women is carrying a child on her shoulders.",41810,A woman and a few children in an alleyway in between a vehicle and a fence.,2773474615,0.3525308072566986,0.33068883419036865,0.021841973066329956,0.8988214208367753,15,3.469446951953614e-17,1.7076187000002392,0.00028389999897626694,0.00011390000145183876,0.5786819317775672,0.003173649311065674,0.30346226692199707,0.3002886176109314,0.018668323755264282,False,0.15301219512195122,0.32337754515081896,-0.00738292932510376,0.27206915616989136,0.2794520854949951,0.029224902391433716,True,0.20098170731707318,0.08405283541918374,-0.023885130882263184,0.2517102360725403,0.27559536695480347,0.04572710394859314,True,0.3238719512195122,0.04302630238069058,-0.03101964294910431,0.2495763748884201,0.2805960178375244,0.052861616015434265,True,0.4627439024390244,0.09099763748597635,-0.023015141487121582,0.24231275916099548,0.26532790064811707,0.04485711455345154,True,0.5387743902439024,0.25587877044021506,0.8026341463414635,12,False,0.07822374437096559,0.3222631242719891,0.4900026534308378,-0.0003999471664428711,0.3204633593559265,0.3208633065223694,0.022241920232772827,True,0.1213170731707317,0.2178368479130846,-0.012783169746398926,0.3098299503326416,0.3226131200790405,0.03462514281272888,True,0.2591280487804878,0.03328573443646946,-0.033687740564346313,0.2799241840839386,0.3136119246482849,0.05552971363067627,True,0.3322926829268293,0.043051526586982296,-0.031013518571853638,0.287810742855072,0.31882426142692566,0.052855491638183594,True,0.4083231707317073,0.06607970636071533,-0.026485294103622437,0.2969313859939575,0.32341668009757996,0.04832726716995239,True,0.5280731707317073,0.20032099848561194,0.6468170731707317,10,False,0.051274279565470336,0.28715891765204826,1.7402423999992607,0.055557771954603125,0.03510420661994085
139245992,6420,"An older gentleman, dressed in jeans and a long-sleeved shirt, tosses a small red ball on the beach.",144778,A man on the beach jumps to hit a volleyball.,7034076961,0.3975377380847931,0.3158494830131531,0.08168825507164001,0.9997167296504718,14,1.5265566588595902e-16,1.7554973999995127,0.0002756000012595905,0.00011210000047867652,0.8135650303481272,0.014733433723449707,0.3244394063949585,0.3097059726715088,0.06695482134819031,False,0.139355421686747,0.88850483878709,0.0207555890083313,0.32621461153030396,0.30545902252197266,0.060932666063308716,False,0.2170301204819277,0.7772289695009947,0.01249590516090393,0.2909718453884125,0.27847594022750854,0.06919234991073608,False,0.30153012048192773,0.3110828189942798,-0.007950618863105774,0.210259348154068,0.21820996701717377,0.08963887393474579,True,0.44769879518072286,0.026743446552569706,-0.03594358265399933,0.19503191113471985,0.23097549378871918,0.11763183772563934,True,0.5201385542168675,0.3819055561011194,0.5908313253012049,8,False,0.02738820237872901,0.6817434074261043,0.8135650303481272,0.014733433723449707,0.3244394063949585,0.3097059726715088,0.06695482134819031,False,0.139355421686747,0.88850483878709,0.0207555890083313,0.32621461153030396,0.30545902252197266,0.060932666063308716,False,0.2170301204819277,0.7772289695009947,0.01249590516090393,0.2909718453884125,0.27847594022750854,0.06919234991073608,False,0.30153012048192773,0.8418382820203741,0.016719698905944824,0.2931564450263977,0.2764367461204529,0.06496855616569519,False,0.44723493975903617,0.13399925197420956,-0.018660515546798706,0.2621768116950989,0.2808373272418976,0.10034877061843872,True,0.5196746987951807,0.4809205586080314,1.0,14,False,0.1616884444498185,0.8007396305286338,1.6608217999983026,-0.09901500250691198,-0.11899622310252955
3914087743,84961,"Two young adults at a rodeo, one is helping the other to fix an injury to his arm after a brief ride.",60290,"A man wearing a white cowboy hat, blue shirt, and black vest, is riding a black bull at a rodeo stadium.",3243653344,0.36351150274276733,0.3005162179470062,0.06299528479576111,0.9981661981708383,14,4.7379634937616544e-17,1.8975291999995534,0.00027799999952549115,0.00011169999925186858,0.9700139447028835,0.034765779972076416,0.33804190158843994,0.3032761216163635,0.028229504823684692,False,0.17030922693266834,0.9567461707694358,0.030964523553848267,0.324196994304657,0.2932324707508087,0.03203076124191284,False,0.25755610972568577,0.9513313047517857,0.02972826361656189,0.3195008933544159,0.289772629737854,0.03326702117919922,False,0.30560099750623443,0.23036859058091413,-0.012062311172485352,0.30107587575912476,0.3131381869316101,0.07505759596824646,True,0.4397356608478803,0.05790785673125971,-0.027892500162124634,0.29147347807884216,0.3193659782409668,0.09088778495788574,True,0.5045885286783043,0.4718863399566475,0.7726832917705736,11,False,0.2581623755756442,0.7651570030139369,0.7446272801623264,0.010701596736907959,0.32511353492736816,0.3144119381904602,0.05229368805885315,False,0.13094763092269326,0.8484474713325859,0.017224758863449097,0.31532320380210876,0.29809844493865967,0.04577052593231201,False,0.26272319201995015,0.7941136309541139,0.013499021530151367,0.30548280477523804,0.29198378324508667,0.04949626326560974,False,0.3275760598503741,0.7929192386414706,0.013426125049591064,0.3004109859466553,0.2869848608970642,0.049569159746170044,False,0.41482294264339153,0.4973498532990469,-0.00010600686073303223,0.2834216356277466,0.2835276424884796,0.06310129165649414,True,0.5040249376558603,0.6677851242810099,0.5955062344139651,9,False,0.5314342103740906,0.7918517346305056,1.9339030999999522,-0.19589878432436236,-0.026694731616568768
17186135,11301,Man with a white T-shirt and black rimmed glasses cooking a pot of food on the stove.,6030,A man wearing a black sweater cooks food in a pan while standing in a cluttered kitchen.,1368082221,0.33475303649902344,0.30930095911026,0.025452077388763428,0.9272509058509312,15,7.806255641895632e-17,1.8459817999992083,0.00048799999967741314,0.00011500000073283445,0.8261659055632992,0.015586942434310913,0.3111426532268524,0.2955557107925415,0.009865134954452515,False,0.18557866666666667,0.904083037019903,0.022434383630752563,0.31828755140304565,0.2958531677722931,0.0030176937580108643,False,0.227728,0.9146023749178401,0.023711711168289185,0.32177308201789856,0.2980613708496094,0.0017403662204742432,False,0.306272,0.9626728941907465,0.03249993920326233,0.31066516041755676,0.27816522121429443,-0.007047861814498901,False,0.429712,0.9803564849628247,0.03910169005393982,0.2995457947254181,0.26044410467147827,-0.013649612665176392,False,0.5335573333333333,0.9264997377837207,0.7184426666666667,11,False,0.9344077488107461,0.9133768315798823,0.760801393585716,0.011570781469345093,0.33553346991539,0.3239626884460449,0.013881295919418335,False,0.15232,0.7583064082478346,0.011434167623519897,0.33498239517211914,0.32354822754859924,0.01401790976524353,False,0.24252266666666666,0.7146674258536261,0.009181618690490723,0.3390124440193176,0.3298308253288269,0.016270458698272705,False,0.35838933333333334,0.7704230417697793,0.012107014656066895,0.34163373708724976,0.32952672243118286,0.013345062732696533,False,0.41024,0.7044333332583937,0.008684992790222168,0.3377586603164673,0.3290736675262451,0.01676708459854126,False,0.5535253333333333,0.7397951354359409,0.35838933333333334,6,False,0.7146674258536261,0.7706499015662872,1.7731339999991178,0.18670460234777986,0.14272693001359504
4850814517,117804,A blond man is drinking from a public fountain.,1979,Pedestrians interact with street artists.,1131056918,0.2997792363166809,0.28793302178382874,0.011846214532852173,0.765777735681231,15,6.331740687315346e-17,1.8175936000006914,0.0002796000007947441,0.00011309999899822287,0.7590261280557761,0.011473476886749268,0.2941878139972687,0.2827143371105194,0.0003727376461029053,False,0.124864,0.24058161756390364,-0.011494934558868408,0.27113771438598633,0.28263264894485474,0.02334114909172058,True,0.23205866666666666,0.28878959984703156,-0.009012699127197266,0.27357393503189087,0.28258663415908813,0.02085891366004944,True,0.33928,0.17297846199606712,-0.015646636486053467,0.26723513007164,0.2828817665576935,0.02749285101890564,True,0.403968,0.14264624042358207,-0.017934828996658325,0.24977383017539978,0.2677086591720581,0.029781043529510498,True,0.5395733333333333,0.31696351155593755,0.778752,11,False,0.1843762043750562,0.39566156764686733,0.7942729191562639,0.013508766889572144,0.30540090799331665,0.2918921411037445,-0.0016625523567199707,False,0.166496,0.4246290707687229,-0.0030379891395568848,0.2964886426925659,0.2995266318321228,0.014884203672409058,True,0.24772266666666667,0.3553518055587209,-0.0059559643268585205,0.2905302941799164,0.2964862585067749,0.017802178859710693,True,0.320112,0.603668927216702,0.0042077600955963135,0.2904972434043884,0.2862894833087921,0.007638454437255859,False,0.4671093333333333,0.7342060757228127,0.010160684585571289,0.2926095724105835,0.2824488878250122,0.0016855299472808838,False,0.5433706666666667,0.5224278457234444,0.35991466666666666,5,False,0.4461306019268485,0.6056762881934747,1.87986280000041,-0.2054643341675068,-0.21001472054660741
3928395936,85185,A woman in a red shirt and white skirt playing tennis with a blue racket.,147544,A tennis player strikes the ball.,7468663062,0.3676910400390625,0.31964096426963806,0.04805007576942444,0.9918778702191443,13,1.1102230246251565e-16,1.7142434999987017,0.0002659999991010409,0.00011339999946358148,0.7169687278674697,0.009294748306274414,0.319457471370697,0.3101627230644226,0.038755327463150024,False,0.11086486486486487,0.2973020593783948,-0.008601784706115723,0.2858087420463562,0.2944105267524719,0.05665186047554016,True,0.20516516516516517,0.0058019076057850725,-0.05143749713897705,0.19176369905471802,0.24320119619369507,0.09948757290840149,True,0.34772372372372373,0.01151645129654757,-0.04452395439147949,0.2010398805141449,0.2455638349056244,0.09257403016090393,True,0.4114054054054054,0.020384583647872698,-0.03872381150722504,0.2112625390291214,0.24998635053634644,0.08677388727664948,True,0.5460780780780781,0.14914100964411758,0.8557477477477478,11,False,0.016989400593678122,0.305548075333609,0.7169687278674697,0.009294748306274414,0.319457471370697,0.3101627230644226,0.038755327463150024,False,0.11086486486486487,0.2973020593783948,-0.008601784706115723,0.2858087420463562,0.2944105267524719,0.05665186047554016,True,0.20516516516516517,0.0058019076057850725,-0.05143749713897705,0.19176369905471802,0.24320119619369507,0.09948757290840149,True,0.34772372372372373,0.01151645129654757,-0.04452395439147949,0.2010398805141449,0.2455638349056244,0.09257403016090393,True,0.4114054054054054,0.012564039089248458,-0.04364272952079773,0.19793803989887238,0.2415807694196701,0.09169280529022217,True,0.5503123123123123,0.14997453155154236,0.6265525525525526,8,False,0.021517087070350882,0.3023328324950547,1.4358689000000595,-0.0008335219074247779,0.0032152428385542886
900144365,153906,Two women runners in athletic shorts and bras going down a city street.,139151,A young woman is running a marathon in a light blue tank top and spandex shorts.,6320815265,0.3533093333244324,0.33697623014450073,0.01633310317993164,0.8366226146542667,13,1.0408340855860843e-16,1.7857705999995233,0.00026989999969373457,0.00010910000128205866,0.6629439461973519,0.006764411926269531,0.317781001329422,0.31101658940315247,0.00956869125366211,False,0.1362025974025974,0.8388470902500149,0.016496747732162476,0.3381352126598358,0.32163846492767334,-0.00016364455223083496,False,0.2836,0.9148963699181569,0.02374941110610962,0.32793593406677246,0.30418652296066284,-0.0074163079261779785,False,0.4204883116883117,0.9148963699181569,0.02374941110610962,0.32793593406677246,0.30418652296066284,-0.0074163079261779785,False,0.4204883116883117,0.8445687853943091,0.016926229000091553,0.2960331439971924,0.27910691499710083,-0.0005931258201599121,False,0.5880883116883117,0.7672129230841384,0.891174025974026,10,False,0.40648443378968213,0.8166786186007214,0.6629439461973519,0.006764411926269531,0.317781001329422,0.31101658940315247,0.00956869125366211,False,0.1362025974025974,0.9829065124182285,0.04051816463470459,0.35290151834487915,0.31238335371017456,-0.02418506145477295,False,0.2730909090909091,0.8456785633742268,0.017011016607284546,0.2974672317504883,0.28045621514320374,-0.0006779134273529053,False,0.3760987012987013,0.8352279620508786,0.016231417655944824,0.3010441064834595,0.28481268882751465,0.0001016855239868164,False,0.4748051948051948,0.8191725149879571,0.015107512474060059,0.2992340326309204,0.28412652015686035,0.001225590705871582,False,0.526612987012987,0.7156738577858206,0.7528051948051948,8,False,0.5077837377295604,0.8255856855816986,2.0452628000002733,0.051539065298317754,-0.008907066980977207
2511798599,31532,Two young men in blue holding a loudspeaker with one talking.,103547,A male and female singing a song together outside.,4615770260,0.398955762386322,0.3294025957584381,0.06955316662788391,0.9990473564564092,11,1.0408340855860843e-16,1.7455615999988368,0.00025240000104531646,0.00010739999925135635,0.9890511259704613,0.045035094022750854,0.2890090048313141,0.24397391080856323,0.024518072605133057,False,0.14736746987951807,0.9962265713811213,0.05575990676879883,0.29141324758529663,0.2356533408164978,0.013793259859085083,False,0.24210843373493976,0.9821065527145565,0.04005265235900879,0.24421176314353943,0.20415911078453064,0.029500514268875122,False,0.3327771084337349,0.8747784712748139,0.019438862800598145,0.23861980438232422,0.21918094158172607,0.05011430382728577,False,0.4412590361445783,0.6978473985799682,0.00837068259716034,0.22791457176208496,0.21954388916492462,0.06118248403072357,False,0.5376566265060241,0.5774223953664589,0.9515542168674699,10,False,0.1583733313751287,0.94249449336163,0.9964734457436596,0.05643901228904724,0.3708476126194,0.3144086003303528,0.01311415433883667,False,0.10848192771084338,0.6724049134951292,0.007190823554992676,0.23460514843463898,0.2274143248796463,0.062362343072891235,False,0.34651807228915665,0.6724049134951292,0.007190823554992676,0.23460514843463898,0.2274143248796463,0.062362343072891235,False,0.34651807228915665,0.6324091744773516,0.00542566180229187,0.23469194769859314,0.22926628589630127,0.06412750482559204,False,0.40670481927710844,0.32448773891577837,-0.00733223557472229,0.21940326690673828,0.22673550248146057,0.0768854022026062,True,0.5014457831325301,0.45109587528903095,0.7379638554216867,8,False,0.07304002606612829,0.7806638238998508,1.4293041999990237,0.12632652007742795,0.16183066946177926
4808471657,115031,A group of three people climb a path of wooden stairs up a rocky hill.,96385,A male and female are holding hands and - walking down a winding walkway on a sunny day.,4450821292,0.31669917702674866,0.30193042755126953,0.014768749475479126,0.8141000959041936,13,7.45931094670027e-17,1.7887751999987813,0.000289100000372855,0.0001097999993362464,0.209535719683568,-0.013277262449264526,0.25776591897010803,0.27104318141937256,0.028046011924743652,True,0.13230933333333333,0.04604806790088675,-0.030309274792671204,0.21497945487499237,0.24528872966766357,0.04507802426815033,True,0.25268266666666667,0.03279065914929731,-0.03384271264076233,0.19843314588069916,0.2322758585214615,0.048611462116241455,True,0.32223466666666667,0.006827551005622562,-0.04979938268661499,0.19531595706939697,0.24511533975601196,0.06456813216209412,True,0.46723733333333334,0.011829011202605096,-0.04425300657749176,0.18963071703910828,0.23388372361660004,0.059021756052970886,True,0.5157866666666666,0.10162534275429388,0.7687733333333333,10,False,0.048037059898298685,0.17287762290258116,0.209535719683568,-0.013277262449264526,0.25776591897010803,0.27104318141937256,0.028046011924743652,True,0.13230933333333333,0.08751218346169383,-0.02344396710395813,0.24519506096839905,0.2686390280723572,0.038212716579437256,True,0.277312,0.011473934416916739,-0.044561371207237244,0.23395071923732758,0.2785120904445648,0.05933012068271637,True,0.34221866666666667,0.004473112724119411,-0.054051876068115234,0.2027568221092224,0.25680869817733765,0.06882062554359436,True,0.46032,0.012501964901341181,-0.04369288682937622,0.20972499251365662,0.25341787934303284,0.05846163630485535,True,0.539888,0.09550452493888832,0.46032,6,False,0.004473112724119411,0.17426596801994787,1.5240907999996125,0.006120817815405563,-0.0013883451173667127
4592269543,102536,A young man with a blue checkered shirt is doing bike tricks on a half pipe.,54603,A bmx rider gets a lot of air.,3106782647,0.33294326066970825,0.32269957661628723,0.01024368405342102,0.7358226379926252,14,5.898059818321144e-17,1.7853978000002826,0.00026869999965128954,0.00012140000035287812,0.09485274092880076,-0.02255772054195404,0.21794261038303375,0.2405003309249878,0.03280140459537506,True,0.12692492492492494,0.535051038871237,0.0014043450355529785,0.22518505156040192,0.22378070652484894,0.008839339017868042,False,0.25610810810810813,0.5534102007998268,0.0021445900201797485,0.22452126443386078,0.22237667441368103,0.008099094033241272,False,0.32817417417417416,0.5639049928715961,0.0025702565908432007,0.22502876818180084,0.22245851159095764,0.00767342746257782,False,0.4030690690690691,0.37681232752871,-0.005031004548072815,0.20300468802452087,0.2080356925725937,0.015274688601493835,True,0.5234534534534534,0.4517490900825619,0.5935195195195195,8,False,0.41548451713839557,0.4414684644166427,0.09485274092880076,-0.02255772054195404,0.21794261038303375,0.2405003309249878,0.03280140459537506,True,0.12692492492492494,0.09482677331451919,-0.02256074547767639,0.21708008646965027,0.23964083194732666,0.03280442953109741,True,0.20105105105105106,0.13239925344397324,-0.01879909634590149,0.2069086730480194,0.2257077693939209,0.02904278039932251,True,0.3381801801801802,0.5089956053054319,0.0003598630428314209,0.2243601679801941,0.22400030493736267,0.0098838210105896,False,0.4681321321321321,0.49643682015005847,-0.00014252960681915283,0.22427918016910553,0.22442170977592468,0.010386213660240173,True,0.5357057057057057,0.161481451184612,0.3381801801801802,4,False,0.13239925344397324,0.2818190076128037,1.3976428000005399,0.29026763889794993,0.15964945680383902
407815946,88348,A man wearing gloves carries corn through a field.,83579,A black woman works in a field.,384806138,0.30728474259376526,0.2869827449321747,0.020301997661590576,0.8839315748208756,12,3.469446951953614e-17,1.777461100000437,0.00025829999867710285,0.00010370000018156134,0.858811610688086,0.018054544925689697,0.29518213868141174,0.27712759375572205,0.002247452735900879,False,0.12817127071823203,0.9561040445175538,0.030810445547103882,0.3123461604118347,0.28153571486473083,-0.010508447885513306,False,0.206,0.9325756212433705,0.02626943588256836,0.3221724033355713,0.29590296745300293,-0.005967438220977783,False,0.3985082872928177,0.872136075947807,0.019199788570404053,0.31574881076812744,0.2965490221977234,0.0011022090911865234,False,0.48068508287292816,0.91042232635852,0.023188024759292603,0.31435301899909973,0.29116499423980713,-0.0028860270977020264,False,0.56246408839779,0.7610651098256969,0.7908453038674033,9,False,0.40316735726330377,0.9087601984374091,0.858811610688086,0.018054544925689697,0.29518213868141174,0.27712759375572205,0.002247452735900879,False,0.12817127071823203,0.9561040445175538,0.030810445547103882,0.3123461604118347,0.28153571486473083,-0.010508447885513306,False,0.206,0.931624057500578,0.026119083166122437,0.3063635528087616,0.28024446964263916,-0.00581708550453186,False,0.37093922651933703,0.9074613674071239,0.02283024787902832,0.3005514144897461,0.2777211666107178,-0.002528250217437744,False,0.4439502762430939,0.737821630132062,0.010346770286560059,0.2906915545463562,0.28034478425979614,0.009955227375030518,False,0.5190552486187845,0.7876705446730334,0.7523646408839779,9,False,0.5392806772799058,0.8995430590631966,1.5641510000004928,-0.026605434847336573,0.009217139374212424
54817316,131760,A young blond girl sleeps curled up on a brown couch with her head on large red pillow.,25280,"A little girl in cuffed jeans, a long-sleeve pink shirt and no shoes is sleeping on the sofa.",2352452459,0.3521861135959625,0.33997365832328796,0.01221245527267456,0.7722826648119491,15,3.8163916471489756e-17,1.8449767000001884,0.00027890000092156697,0.00011219999942113645,0.25777901208629794,-0.010575443506240845,0.30392783880233765,0.3145032823085785,0.022787898778915405,True,0.13715733333333333,0.16720867546113488,-0.016055405139923096,0.29500812292099,0.3110635280609131,0.028267860412597656,True,0.22210666666666667,0.02209168428774577,-0.03790214657783508,0.2615484595298767,0.2994506061077118,0.050114601850509644,True,0.31181333333333333,0.019252324014022326,-0.03930683434009552,0.24138127267360687,0.2806881070137024,0.05151928961277008,True,0.40197333333333335,0.009351273052229199,-0.046628475189208984,0.2178935706615448,0.2645220458507538,0.058840930461883545,True,0.5186346666666667,0.10698481079423008,0.8620853333333334,13,False,0.008677085027385142,0.19419155745132077,0.25777901208629794,-0.010575443506240845,0.30392783880233765,0.3145032823085785,0.022787898778915405,True,0.13715733333333333,0.08056104657738523,-0.02434748411178589,0.277389794588089,0.3017372786998749,0.03655993938446045,True,0.21834133333333333,0.03163544504961654,-0.03421330451965332,0.2621014714241028,0.2963147759437561,0.04642575979232788,True,0.312944,0.01850984831852208,-0.039707690477371216,0.258125901222229,0.2978335916996002,0.051920145750045776,True,0.40642133333333336,0.014525601826458224,-0.04217210412025452,0.23471447825431824,0.27688658237457275,0.05438455939292908,True,0.5433706666666667,0.11105982937173636,0.6625653333333333,10,False,0.03652829584713669,0.1735224609447043,1.965806899999734,-0.004075018577506279,0.02066909650661647
374124237,80995,"A woman is propping her leg up revealing cleavage, a great tatoo, and some kicking boots.",13942,A girl in a black shirt is smiling as she works behind a bar.,1957683077,0.343046635389328,0.2966221570968628,0.04642447829246521,0.9904578438116473,13,6.765421556309548e-17,1.7777765000009822,0.0002725000013015233,0.00010909999946306925,0.11873113189117926,-0.02004501223564148,0.2678237557411194,0.28786876797676086,0.06646949052810669,True,0.17476266666666668,0.054583932170012416,-0.028518855571746826,0.2691361904144287,0.29765504598617554,0.07494333386421204,True,0.2568533333333333,0.07486776059522528,-0.025142133235931396,0.2647334635257721,0.2898755967617035,0.0715666115283966,True,0.32183466666666666,0.05791305967668284,-0.027891546487808228,0.24313604831695557,0.2710275948047638,0.07431602478027344,True,0.506896,0.05791305967668284,-0.027891546487808228,0.24313604831695557,0.2710275948047638,0.07431602478027344,True,0.506896,0.5087173803244627,0.91008,12,False,0.45024040682403427,0.23777748455502604,0.11873113189117926,-0.02004501223564148,0.2678237557411194,0.28786876797676086,0.06646949052810669,True,0.17476266666666668,0.054583932170012416,-0.028518855571746826,0.2691361904144287,0.29765504598617554,0.07494333386421204,True,0.2568533333333333,0.019419398122765778,-0.0392187237739563,0.264771044254303,0.3039897680282593,0.08564320206642151,True,0.3146986666666667,0.3292113940683154,-0.007117539644241333,0.2586999237537384,0.26581746339797974,0.05354201793670654,True,0.426528,0.1739150028946358,-0.015581309795379639,0.24308907985687256,0.2586703896522522,0.06200578808784485,True,0.516448,0.3285070442251673,0.3615466666666667,5,False,0.2990451898549704,0.28713577589314443,1.6509004999988974,0.18021033609929538,-0.04935829133811839
4915716087,121750,A man riding a vehicle pulled by a donkey in the run down area of town.,62541,Two men are riding on a wooden vehicle pulled by two donkeys : one black and one gray.,3298457064,0.35659945011138916,0.3454728126525879,0.01112663745880127,0.75262538241817,15,9.855397747893235e-17,1.770187400001305,0.0002735999987635296,0.00010959999963233713,0.8447599969481556,0.016940802335739136,0.23229828476905823,0.2153574824333191,-0.005814164876937866,False,0.17081066666666667,0.8740294607145689,0.019370660185813904,0.23900939524173737,0.21963873505592346,-0.008244022727012634,False,0.242976,0.9493597225990589,0.029310405254364014,0.2508881688117981,0.22157776355743408,-0.018183767795562744,False,0.3101386666666667,0.9112183826782994,0.02328602969646454,0.25678226351737976,0.23349623382091522,-0.012159392237663269,False,0.433376,0.9013693778242498,0.022125333547592163,0.25352057814598083,0.23139524459838867,-0.010998696088790894,False,0.5208053333333333,0.8527458400983616,0.8087146666666667,12,False,0.7019633599661124,0.870879310599125,0.7761693583787188,0.012434810400009155,0.3541322648525238,0.34169745445251465,-0.0013081729412078857,False,0.13781866666666667,0.7435098203959546,0.010642915964126587,0.34941545128822327,0.3387725353240967,0.0004837214946746826,False,0.20498133333333332,0.5258661656970107,0.0010355710983276367,0.3473866581916809,0.34635108709335327,0.010091066360473633,False,0.34168533333333334,0.49127848998917795,-0.000348895788192749,0.3450202941894531,0.3453691899776459,0.011475533246994019,True,0.41776,0.5655763424519302,0.0026382505893707275,0.33959078788757324,0.3369525372982025,0.008488386869430542,False,0.5672053333333333,0.6127520848337838,0.8273226666666667,12,False,0.610494714224375,0.6361116994636479,2.078752400000667,0.23999375526457778,0.23476761113547717
1341077576,5363,A man in a red shirt entering an establishment.,88752,A woman wearing blue and red walks through a rustic urban area.,4095309334,0.2903854548931122,0.28666260838508606,0.003722846508026123,0.5920109150444189,13,4.85722573273506e-17,1.7543494999990799,0.0002670999983820366,0.0001081000009435229,0.041305014261687714,-0.03144589066505432,0.2540144920349121,0.28546038269996643,0.035168737173080444,True,0.23575375375375376,0.041305014261687714,-0.03144589066505432,0.2540144920349121,0.28546038269996643,0.035168737173080444,True,0.23575375375375376,0.1124492151603514,-0.020659640431404114,0.2494124323129654,0.2700720727443695,0.024382486939430237,True,0.3373813813813814,0.15341660790236938,-0.01708051562309265,0.24815157055854797,0.2652320861816406,0.020803362131118774,True,0.4128048048048048,0.29774212161664765,-0.008580729365348816,0.19739870727062225,0.20597943663597107,0.012303575873374939,True,0.5637237237237237,0.2811653676026546,0.8333153153153153,10,False,0.44790860796917487,0.2244656139488517,0.5203987916306997,0.0008164048194885254,0.26771780848503113,0.2669014036655426,0.0029064416885375977,False,0.15605405405405406,0.48361682481720647,-0.0006555616855621338,0.2690366506576538,0.26969221234321594,0.004378408193588257,True,0.22742942942942942,0.022784921173573825,-0.03758607804775238,0.24548573791980743,0.2830718159675598,0.0413089245557785,True,0.4561981981981982,0.022784921173573825,-0.03758607804775238,0.24548573791980743,0.2830718159675598,0.0413089245557785,True,0.4561981981981982,0.039344638915397294,-0.03195255994796753,0.24147331714630127,0.2734258770942688,0.03567540645599365,True,0.5088648648648648,0.2194183871416977,0.5676336336336336,7,False,0.06952508129469699,0.3580312986073668,1.5197236000003613,0.06174698046095689,-0.13356568465851512
5323049335,129930,A snowboarder is catching air on a snowy hill while wearing protective snow gear.,146788,"His eyes filled with joyous expectation, a skier prepares for a jump.",7333716086,0.3543805181980133,0.32293587923049927,0.03144463896751404,0.9586900288678895,13,2.5153490401663703e-17,1.7154547999998613,0.00026760000037029386,0.00010959999963233713,0.8548051739427815,0.017727971076965332,0.32610464096069336,0.308376669883728,0.013716667890548706,False,0.11961676646706587,0.4638659476637254,-0.0014478862285614014,0.30250394344329834,0.30395182967185974,0.03289252519607544,True,0.2797185628742515,0.4774921168364586,-0.0009009242057800293,0.27137619256973267,0.2722771167755127,0.03234556317329407,True,0.35018562874251496,0.43131571399430424,-0.0027648508548736572,0.26614102721214294,0.2689058780670166,0.034209489822387695,True,0.4288682634730539,0.41781838229827667,-0.0033173561096191406,0.250703901052475,0.2540212571620941,0.03476199507713318,True,0.5584670658682634,0.3565113911663298,0.697562874251497,9,False,0.02677247310971818,0.6051699251369974,0.8548051739427815,0.017727971076965332,0.32610464096069336,0.308376669883728,0.013716667890548706,False,0.11961676646706587,0.23772815339303777,-0.011651754379272461,0.2928314805030823,0.30448323488235474,0.0430963933467865,True,0.20870059880239522,0.15286121004576989,-0.01712334156036377,0.27557051181793213,0.2926938533782959,0.04856798052787781,True,0.33829940119760477,0.2619887460201219,-0.01035657525062561,0.27652135491371155,0.28687793016433716,0.04180121421813965,True,0.40931736526946105,0.29500046075140085,-0.008712202310562134,0.25264444947242737,0.2613566517829895,0.04015684127807617,True,0.5462874251497006,0.2807102576852511,0.7644191616766467,10,False,0.03238002007659907,0.4307476469892599,1.5206634999995003,0.0758011334810787,0.17442227814773753
3827317206,83191,Women grinding grain on stone with guinea pig in background.,42063,A woman sweeps the foundation of a house.,2778313163,0.3677594065666199,0.3091502785682678,0.05860912799835205,0.9971594494569178,14,3.642919299551295e-17,1.7203504999997676,0.0002687999985937495,0.00011379999887140002,0.9896552029768468,0.045608729124069214,0.33395788073539734,0.2883491516113281,0.013000398874282837,False,0.1533132530120482,0.9946339452150726,0.05222281813621521,0.33825936913490295,0.28603655099868774,0.006386309862136841,False,0.22210843373493977,0.9939839819998734,0.05107295513153076,0.33587419986724854,0.2848012447357178,0.007536172866821289,False,0.3188012048192771,0.9850845766073854,0.04190331697463989,0.3210628032684326,0.2791594862937927,0.016705811023712158,False,0.4601265060240964,0.9706597632220237,0.034990161657333374,0.3211080729961395,0.28611791133880615,0.023618966341018677,False,0.5438433734939759,0.6494767331119644,0.8348614457831325,11,False,0.01070375644266845,0.9900100179559458,0.9842472722091864,0.04134863615036011,0.34927666187286377,0.30792802572250366,0.017260491847991943,False,0.1799156626506024,0.9701818311548799,0.03482365608215332,0.3440614938735962,0.30923783779144287,0.02378547191619873,False,0.26363253012048193,0.8890501463013041,0.020810753107070923,0.3348119556903839,0.314001202583313,0.03779837489128113,False,0.32936144578313253,0.2575715120705725,-0.010586291551589966,0.2576741874217987,0.26826047897338867,0.06919541954994202,True,0.4927951807228916,0.26740102016241585,-0.010078489780426025,0.262060284614563,0.272138774394989,0.06868761777877808,True,0.5416204819277108,0.7243476406147352,0.660632530120482,9,False,0.6707701780733968,0.789610731240099,1.6855372000009083,-0.07487090750277081,0.20039928671584684
2832487464,43832,A dog hurdles over a series of poles.,38696,A black and white dog jumps over a hurdle.,2695961935,0.3772232234477997,0.3701772689819336,0.007045954465866089,0.6692058531705922,12,4.423544863740858e-17,1.828941699999632,0.0002445999998599291,0.0001038999998854706,0.9262368581868624,0.0253027081489563,0.33156371116638184,0.30626100301742554,-0.01825675368309021,False,0.14098806682577567,0.8941369025583844,0.021337121725082397,0.32231032848358154,0.30097320675849915,-0.014291167259216309,False,0.242854415274463,0.8617716298912337,0.01830083131790161,0.3369568884372711,0.3186560571193695,-0.011254876852035522,False,0.38221002386634845,0.7292039436320692,0.009905874729156494,0.3329147696495056,0.3230088949203491,-0.0028599202632904053,False,0.4618711217183771,0.5600032616202136,0.002411752939224243,0.31794893741607666,0.3155371844768524,0.004634201526641846,False,0.5181384248210024,0.763547142935311,0.8387541766109785,10,False,0.8340530336294797,0.8244399045616783,0.9066246058672559,0.022731006145477295,0.3555971384048462,0.3328661322593689,-0.015685051679611206,False,0.17181861575178997,0.940863952876264,0.027669578790664673,0.3503764569759369,0.3227068781852722,-0.020623624324798584,False,0.2476324582338902,0.7056109269147326,0.008741617202758789,0.325666606426239,0.3169249892234802,-0.0016956627368927002,False,0.34795704057279236,0.6839493712092495,0.007719814777374268,0.3405516743659973,0.33283185958862305,-0.0006738603115081787,False,0.4510835322195704,0.5348708749272236,0.0013971030712127686,0.3406297266483307,0.3392326235771179,0.00564885139465332,False,0.5486539379474941,0.9131114577862054,0.2476324582338902,4,False,0.940863952876264,0.7638926158954489,1.550537400000394,-0.1495643148508944,0.06054728866622938
3232994074,59896,A older gentleman and a young girl begin to work on a puzzle together.,43701,An older woman and a young child in a pink shirt playing with multicolored blocks.,2830561413,0.35570764541625977,0.32862919569015503,0.027078449726104736,0.9374879738133037,12,3.729655473350135e-17,1.7389438999998674,0.00026340000113123097,0.00010729999848990701,0.9970585854148445,0.05825918912887573,0.3294445276260376,0.27118533849716187,-0.031180739402770996,False,0.19055855855855855,0.9876372247389597,0.043806254863739014,0.3209880590438843,0.27718180418014526,-0.016727805137634277,False,0.30636036036036035,0.9876372247389597,0.043806254863739014,0.3209880590438843,0.27718180418014526,-0.016727805137634277,False,0.30636036036036035,0.9988435284869499,0.06761224567890167,0.3062048852443695,0.23859263956546783,-0.040533795952796936,False,0.48968768768768767,0.9994211744210567,0.07453930377960205,0.28231534361839294,0.2077760398387909,-0.047460854053497314,False,0.5378738738738739,0.9588951780616688,0.8641141141141141,9,False,0.8359091067725387,0.9843764201709813,0.9256552683933919,0.025217890739440918,0.34914809465408325,0.32393020391464233,0.0018605589866638184,False,0.11,0.9164218054679476,0.023946940898895264,0.3027225136756897,0.27877557277679443,0.0031315088272094727,False,0.26837837837837836,0.7399215473059315,0.010455608367919922,0.2809686064720154,0.27051299810409546,0.016622841358184814,False,0.31656456456456455,0.5397667515259039,0.0015940368175506592,0.29189929366111755,0.2903052568435669,0.025484412908554077,False,0.5747327327327327,0.5397667515259039,0.0015940368175506592,0.29189929366111755,0.2903052568435669,0.025484412908554077,False,0.5747327327327327,0.7965661802979971,0.31656456456456455,5,False,0.7399215473059315,0.7889567949762806,1.2917951999988873,0.1623289977636717,0.19541962519470069
2900560501,46642,Young people in sombreros enjoy shots and drinks.,142354,Three people drinking and having a good time.,6848969863,0.37703272700309753,0.27363884449005127,0.10339388251304626,0.999967666948507,11,6.938893903907228e-17,1.793804499999169,0.0003219999998691492,0.00010569999903964344,0.8133701258225512,0.01472058892250061,0.2952331304550171,0.2805125415325165,0.08867329359054565,False,0.160176,0.6198573659406407,0.004889428615570068,0.29083651304244995,0.2859470844268799,0.0985044538974762,False,0.30018133333333336,0.6198573659406407,0.004889428615570068,0.29083651304244995,0.2859470844268799,0.0985044538974762,False,0.30018133333333336,0.9697463223985768,0.03467416763305664,0.2980997562408447,0.2634255886077881,0.06871971487998962,False,0.433712,0.5886941358435728,0.0035856962203979492,0.2673715353012085,0.26378583908081055,0.09980818629264832,False,0.5396693333333333,0.5733284732194704,0.9035253333333333,10,False,0.2950971610065337,0.8046609921404443,0.8133701258225512,0.01472058892250061,0.2952331304550171,0.2805125415325165,0.08867329359054565,False,0.160176,0.5795601508040408,0.0032096803188323975,0.2825774848461151,0.2793678045272827,0.10018420219421387,False,0.20097066666666666,0.6595440175594725,0.006612628698348999,0.2807943820953369,0.2741817533969879,0.09678125381469727,False,0.340976,0.9697463223985768,0.03467416763305664,0.2980997562408447,0.2634255886077881,0.06871971487998962,False,0.433712,0.5886941358435728,0.0035856962203979492,0.2673715353012085,0.26378583908081055,0.09980818629264832,False,0.5396693333333333,0.5268891420211108,0.863936,9,False,0.18876593444812437,0.7754568632397515,1.613852800001041,0.046439331198359635,0.029204128900692794
3178300150,57331,A pro basketball player in a white Miami uniform makes a defensive move.,151924,The basketball player tries to block an opposing player.,8132535710,0.33766329288482666,0.28814470767974854,0.049518585205078125,0.9929793810823818,12,7.546047120499111e-17,1.731298799999422,0.0002671999991434859,0.00010750000001280569,0.6353755673040966,0.005553483963012695,0.3052523732185364,0.2996988892555237,0.04396510124206543,False,0.11281681681681682,0.7042334913779009,0.00867539644241333,0.3021520972251892,0.2934767007827759,0.040843188762664795,False,0.2284024024024024,0.7954920642615501,0.013583540916442871,0.3023643493652344,0.2887808084487915,0.035935044288635254,False,0.3405045045045045,0.7598634973791517,0.011519312858581543,0.28143036365509033,0.2699110507965088,0.03799927234649658,False,0.42533333333333334,0.5783752729389001,0.0031610727310180664,0.27923333644866943,0.27607226371765137,0.04635751247406006,False,0.5091951951951952,0.5670686573638116,0.8197657657657658,9,False,0.13888181440030367,0.7372751151991674,0.6353755673040966,0.005553483963012695,0.3052523732185364,0.2996988892555237,0.04396510124206543,False,0.11281681681681682,0.4793550096009075,-0.0008262693881988525,0.2991074323654175,0.29993370175361633,0.05034485459327698,True,0.20882882882882883,0.34698290488093225,-0.006323277950286865,0.28364816308021545,0.2899714410305023,0.05584186315536499,True,0.36934534534534535,0.4382461199627812,-0.0024828314781188965,0.28624099493026733,0.28872382640838623,0.05200141668319702,True,0.48144744744744744,0.2149050636863521,-0.012956082820892334,0.24786171317100525,0.2608177959918976,0.06247466802597046,True,0.597033033033033,0.34975287879524775,0.6808948948948949,7,False,0.09807034984876638,0.49150958560535646,1.4318839999996271,0.21731577856856388,0.24576552959381098
3263182360,61227,A woman with long curly hair is standing at a podium and speaking.,98049,"A woman is wearing a green, red, and white shirt.",4489839598,0.3259725868701935,0.28968194127082825,0.036290645599365234,0.9741452116310424,13,4.85722573273506e-17,1.7272995000002993,0.0002800999991450226,0.00010959999963233713,0.9882766482166236,0.044343799352645874,0.30764010548591614,0.26329630613327026,-0.00805315375328064,False,0.124990990990991,0.9992526767963138,0.07198265194892883,0.3350982666015625,0.26311561465263367,-0.0356920063495636,False,0.266978978978979,0.9987226497300075,0.06661689281463623,0.3278641700744629,0.26124727725982666,-0.030326247215270996,False,0.3501021021021021,0.9992502135354936,0.07194972038269043,0.3247085213661194,0.25275880098342896,-0.035659074783325195,False,0.4201081081081081,0.9818817040828334,0.03992548584938049,0.2882998287677765,0.248374342918396,-0.003634840250015259,False,0.5228528528528529,0.7075089610167963,0.8892012012012012,11,False,0.6026984449763839,0.9916645570384488,0.9906664899957801,0.04664766788482666,0.32264524698257446,0.2759975790977478,-0.010357022285461426,False,0.14685885885885885,0.9906806433478482,0.046662986278533936,0.32833439111709595,0.281671404838562,-0.010372340679168701,False,0.22998198198198197,0.9871864919661231,0.04344359040260315,0.3156369924545288,0.27219340205192566,-0.007152944803237915,False,0.354972972972973,0.9906039507793012,0.04658025503158569,0.31909409165382385,0.27251383662223816,-0.010289609432220459,False,0.4017897897897898,0.9926969403050852,0.049121320247650146,0.3148322105407715,0.26571089029312134,-0.012830674648284912,False,0.5429609609609609,0.9548755543735221,0.7129129129129129,9,False,0.8832258557023401,0.9881374343374282,1.6440626999992674,-0.24736659335672584,0.003527122701020624
2925163942,47595,"A man jogging with his two thumbs up in the air, while making a funny face.",47510,Man running wearing a blue shirt with a number taped to it.,2924306387,0.37461620569229126,0.30432963371276855,0.0702865719795227,0.9991146636480376,13,3.469446951953614e-17,1.7123830000000453,0.0002586999999039108,0.00011150000136694871,0.8250326317923214,0.01550823450088501,0.3332686722278595,0.3177604377269745,0.054778337478637695,False,0.11290746268656716,0.5901755212945582,0.0036469101905822754,0.3329063355922699,0.3292594254016876,0.06663966178894043,False,0.21044179104477612,0.9333348729777184,0.026390820741653442,0.3440448045730591,0.31765398383140564,0.04389575123786926,False,0.32943880597014924,0.8757266775151183,0.01952570676803589,0.3257046937942505,0.3061789870262146,0.050760865211486816,False,0.40498507462686567,0.19969033060977584,-0.013882309198379517,0.2890331447124481,0.30291545391082764,0.08416888117790222,True,0.529355223880597,0.7871518489680716,0.7759164179104477,10,False,0.9156618736174359,0.7515766316677998,0.8250326317923214,0.01550823450088501,0.3332686722278595,0.3177604377269745,0.054778337478637695,False,0.11290746268656716,0.5901755212945582,0.0036469101905822754,0.3329063355922699,0.3292594254016876,0.06663966178894043,False,0.21044179104477612,0.40339828932615485,-0.003913253545761108,0.32536742091178894,0.32928067445755005,0.07419982552528381,True,0.33481194029850747,0.31346404530828803,-0.007839739322662354,0.3195897936820984,0.32742953300476074,0.07812631130218506,True,0.4103582089552239,0.4986864656625561,-5.2541494369506836e-05,0.32411372661590576,0.32416626811027527,0.07033911347389221,True,0.5638746268656717,0.44275528755435944,0.4103582089552239,5,False,0.31346404530828803,0.5731742691440229,1.3985861999990448,0.3443965614137121,0.17840236252377684
3286543624,62135,"An Asian girl makes a surprised face while wearing a shirt that says ""Radio""",119253,An asian girl is flashing the peace-sign.,4869914617,0.4149325489997864,0.2896210849285126,0.1253114640712738,0.9999963876427449,15,6.765421556309548e-17,1.7097704999996495,0.00029969999923196156,0.00011199999971722718,0.991695855995302,0.0478266179561615,0.2764618396759033,0.22863522171974182,0.0774848461151123,False,0.14374925373134328,0.4937951025035882,-0.0002482086420059204,0.2295171618461609,0.2297653704881668,0.12555967271327972,True,0.23032835820895523,0.5063192459692273,0.00025278329849243164,0.22332963347434998,0.22307685017585754,0.12505868077278137,False,0.3617373134328358,0.5295235594771218,0.0011823177337646484,0.22402775287628174,0.2228454351425171,0.12412914633750916,False,0.4249970149253731,0.20548369749917292,-0.013523668050765991,0.19822293519973755,0.21174660325050354,0.1388351321220398,True,0.524,0.4256522668770719,0.725110447761194,11,False,0.12546379781453945,0.6532783887185276,0.991695855995302,0.0478266179561615,0.2764618396759033,0.22863522171974182,0.0774848461151123,False,0.14374925373134328,0.4937951025035882,-0.0002482086420059204,0.2295171618461609,0.2297653704881668,0.12555967271327972,True,0.23032835820895523,0.8209706229830559,0.015229374170303345,0.23985064029693604,0.2246212661266327,0.11008208990097046,False,0.3595820895522388,0.806491248869798,0.01427370309829712,0.23762965202331543,0.2233559489250183,0.11103776097297668,False,0.42192835820895525,0.86626526483755,0.018683329224586487,0.23184219002723694,0.21315886080265045,0.10662813484668732,False,0.5453910447761194,0.518424592449416,0.7226507462686567,11,False,0.1416269325061837,0.818535914039391,1.776530700000876,-0.09277232557234405,-0.16525752532086335
86350713,153370,"There is lady with the white apron has an utensil standing over a wok, a man in blue shorts and blue shirt sitting down, a person in a pink shirt and others are in the background all in one place.",125746,An Asian man wearing gloves is working at a food stall.,4980430291,0.3885372281074524,0.3786834180355072,0.00985381007194519,0.7281746199928733,14,7.28583859910259e-17,1.703209200000856,0.0004690000005211914,0.0003496000008453848,0.1819084754579863,-0.015034705400466919,0.35310837626457214,0.36814308166503906,0.02488851547241211,True,0.15151351351351353,0.23502234921260653,-0.011801660060882568,0.3430473804473877,0.35484904050827026,0.02165547013282776,True,0.2161081081081081,0.18091976819008726,-0.01510128378868103,0.3282991647720337,0.3434004485607147,0.02495509386062622,True,0.3051771771771772,0.7788927715191738,0.01259225606918335,0.3297097682952881,0.31711751222610474,-0.002738445997238159,False,0.40804204204204203,0.9969106085212801,0.0577668696641922,0.2623107433319092,0.20454387366771698,-0.04791305959224701,False,0.5683903903903904,0.6015171040502628,0.7668588588588588,10,False,0.5197992452713907,0.514916400970411,0.45709210554922775,-0.0017205476760864258,0.3486965596675873,0.3504171073436737,0.011574357748031616,True,0.18696096096096096,0.298360335913043,-0.008551180362701416,0.3441591262817383,0.3527103066444397,0.018404990434646606,True,0.2375795795795796,0.17482673481023436,-0.015517979860305786,0.33077266812324524,0.346290647983551,0.025371789932250977,True,0.349981981981982,0.009677137163907872,-0.04628264904022217,0.30607348680496216,0.3523561358451843,0.05613645911216736,True,0.42316516516516517,0.011027900654440067,-0.04496237635612488,0.30747461318969727,0.35243698954582214,0.05481618642807007,True,0.5103303303303304,0.14761534097629087,0.5103303303303304,7,False,0.011027900654440067,0.32168700128570565,1.5583730999987893,0.45390176307397195,0.19322939968470537
3259992164,61064,"Two men breakdancing, with a crowd looking on.",85605,A number of people are doing a synchronized martial arts performance in the street.,395125320,0.38560307025909424,0.33793896436691284,0.047664105892181396,0.9915609492775393,14,3.5344990823027445e-17,1.740493500001321,0.000289100000372855,0.00011020000056305435,0.9935060345225148,0.05030366778373718,0.3541184961795807,0.3038148283958435,-0.002639561891555786,False,0.11158974358974359,0.9190511320448996,0.02429524064064026,0.3385085165500641,0.31421327590942383,0.023368865251541138,False,0.2434074074074074,0.879062274384011,0.01983579993247986,0.3108210861682892,0.2909852862358093,0.027828305959701538,False,0.366034188034188,0.7063718040104385,0.008778274059295654,0.2801739573478699,0.2713956832885742,0.03888583183288574,False,0.45769800569800567,0.8071111741145977,0.014313474297523499,0.24767278134822845,0.23335930705070496,0.0333506315946579,False,0.5395897435897435,0.7436520760890926,0.7673390313390314,10,False,0.5465892860995483,0.8927036648219178,0.9460521748995923,0.02864280343055725,0.3417090177536011,0.3130662143230438,0.019021302461624146,False,0.14795441595441594,0.9190511320448996,0.02429524064064026,0.3385085165500641,0.31421327590942383,0.023368865251541138,False,0.2434074074074074,0.8354808662639063,0.016249805688858032,0.30020320415496826,0.28395339846611023,0.031414300203323364,False,0.38594301994301994,0.7063718040104385,0.008778274059295654,0.2801739573478699,0.2713956832885742,0.03888583183288574,False,0.45769800569800567,0.6341090560305698,0.00549885630607605,0.27720874547958374,0.2717098891735077,0.04216524958610535,False,0.5021196581196581,0.7346848247042054,0.6713219373219373,9,False,0.5983326508989365,0.8812375478294684,1.6501846999999543,0.008967251384887187,0.011466116992449371
244910130,29270,A dark-haired bearded man in glasses and a Hawaiian shirt is sitting on the grass.,113944,A man in a blue plaid shirt looking up.,4789959232,0.3653729557991028,0.31004855036735535,0.055324405431747437,0.9960592690762594,15,5.551115123125783e-17,1.7983119000000443,0.00028109999948355835,0.00011210000047867652,0.9170818480061301,0.024033427238464355,0.2681450843811035,0.24411165714263916,0.03129097819328308,False,0.16402666666666665,0.9428795134019261,0.02803775668144226,0.2706272006034851,0.24258944392204285,0.027286648750305176,False,0.25349333333333335,0.9473792192707217,0.02890588343143463,0.27400875091552734,0.2451028674840927,0.026418522000312805,False,0.30224,0.9476870199697282,0.02896779775619507,0.28047603368759155,0.2515082359313965,0.026356607675552368,False,0.4564373333333333,0.9373106399968463,0.027048230171203613,0.2808813750743866,0.253833144903183,0.028276175260543823,False,0.5458666666666666,0.6833990245806344,0.9001013333333333,14,False,0.5432170186456129,0.9463325236021322,0.9800962003333589,0.038967400789260864,0.29852166771888733,0.25955426692962646,0.016357004642486572,False,0.11094933333333333,0.981629968508845,0.03978493809700012,0.3005625903606415,0.26077765226364136,0.015539467334747314,False,0.25959466666666664,0.9484320804601635,0.029119104146957397,0.28637921810150146,0.25726011395454407,0.02620530128479004,False,0.30927466666666664,0.9446556898970446,0.028372466564178467,0.28657859563827515,0.2582061290740967,0.02695193886756897,False,0.402,0.7945357639437335,0.013524860143661499,0.2653397023677826,0.2518148422241211,0.04179954528808594,False,0.5157173333333334,0.8385218252208227,0.7125226666666666,11,False,0.7070951149039134,0.950184723529681,2.1392627999994147,-0.15512280064018835,-0.003852199927548816
4093460759,88668,Three college-age women sit in upholstered chairs.,44155,A group of colorful children in a room with a green carpet on the maroon floors.,2838888385,0.32585522532463074,0.2871847450733185,0.038670480251312256,0.9795086460384518,13,3.642919299551295e-17,1.77455590000136,0.0002657999993971316,0.00010970000039378647,0.7438404540389206,0.010660260915756226,0.29696619510650635,0.2863059341907501,0.02801021933555603,False,0.15640860215053765,0.3526406964804105,-0.0060745179653167725,0.2854345142841339,0.2915090322494507,0.04474499821662903,True,0.2113494623655914,0.9580985929635208,0.03129631280899048,0.2991493344306946,0.2678530216217041,0.007374167442321777,False,0.43853763440860216,0.9580985929635208,0.03129631280899048,0.2991493344306946,0.2678530216217041,0.007374167442321777,False,0.43853763440860216,0.7803454336316952,0.012676805257797241,0.28633174300193787,0.2736549377441406,0.025993674993515015,False,0.5195913978494624,0.6382646526209053,0.694516129032258,8,False,0.4265506369591079,0.739504289948624,0.7438404540389206,0.010660260915756226,0.29696619510650635,0.2863059341907501,0.02801021933555603,False,0.15640860215053765,0.3526406964804105,-0.0060745179653167725,0.2854345142841339,0.2915090322494507,0.04474499821662903,True,0.2113494623655914,0.9844887138693889,0.04150554537773132,0.3030935227870941,0.2615879774093628,-0.0028350651264190674,False,0.5114301075268817,0.9844887138693889,0.04150554537773132,0.3030935227870941,0.2615879774093628,-0.0028350651264190674,False,0.5114301075268817,0.9844887138693889,0.04150554537773132,0.3030935227870941,0.2615879774093628,-0.0028350651264190674,False,0.5114301075268817,0.6595096384870406,0.7299462365591398,9,False,0.42271305270480153,0.7146967755150118,1.6742016000007425,-0.021244985866135324,0.024807514433612288
4762011238,112381,A man in a suit and tie and a woman with luggage join others in waiting in the London Underground.,18240,A man in a brown jacket holding a red bag is speaking to another man with a white beard and green cap.,2152057198,0.31806081533432007,0.29005563259124756,0.02800518274307251,0.9427038242429923,10,3.382710778154774e-17,1.7578781999982311,0.0002626999994390644,0.00010130000009667128,0.9967366521354727,0.05721732974052429,0.3088701367378235,0.2516528069972992,-0.029212146997451782,False,0.11453293413173653,0.9905826230597073,0.04655736684799194,0.2879123091697693,0.24135494232177734,-0.018552184104919434,False,0.22697604790419162,0.9988776077836145,0.06791169941425323,0.26935333013534546,0.20144163072109222,-0.039906516671180725,False,0.4074670658682635,0.9988776077836145,0.06791169941425323,0.26935333013534546,0.20144163072109222,-0.039906516671180725,False,0.4074670658682635,0.9998261510665782,0.08657149970531464,0.2506576180458069,0.16408611834049225,-0.058566316962242126,False,0.5748922155688623,0.985237221244154,0.8547544910179641,8,False,0.9587153383446001,0.9908841371818555,0.9967366521354727,0.05721732974052429,0.3088701367378235,0.2516528069972992,-0.029212146997451782,False,0.11453293413173653,0.976258402123015,0.03716498613357544,0.27191898226737976,0.23475399613380432,-0.00915980339050293,False,0.2959101796407186,0.994816521612503,0.05257081985473633,0.2820020914077759,0.22943127155303955,-0.02456563711166382,False,0.3425928143712575,0.9769977820456189,0.03748893737792969,0.2727057933807373,0.23521685600280762,-0.009483754634857178,False,0.5277245508982036,0.9769977820456189,0.03748893737792969,0.2727057933807373,0.23521685600280762,-0.009483754634857178,False,0.5277245508982036,0.9804679523210638,0.5277245508982036,5,False,0.9769977820456189,0.9825642863770608,1.1390895000004093,0.004769268923090264,0.008319850804794693
2812568040,43155,A bald man holds a fish in front of a lake while two blond young children stand near him while holding fishing poles.,15393,Two young children and an adult are fishing on the shoreline near large rocks.,2063399864,0.3635709881782532,0.2818217873573303,0.08174920082092285,0.9997184503280458,16,4.5102810375396984e-17,1.9147810000013123,0.0002727999999478925,0.00011720000111381523,0.9993953476719357,0.07410252094268799,0.3738677203655243,0.2997651994228363,0.007646679878234863,False,0.13489958158995816,0.9995685126920978,0.07747840881347656,0.3651973605155945,0.2877189517021179,0.004270792007446289,False,0.24258158995815898,0.9997193874354652,0.08178254961967468,0.3618854284286499,0.2801028788089752,-3.3348798751831055e-05,False,0.3610460251046025,0.9994555657829702,0.075152188539505,0.359602153301239,0.284449964761734,0.006597012281417847,False,0.4034225941422594,0.9995726012730481,0.07757365703582764,0.3440622091293335,0.26648855209350586,0.004175543785095215,False,0.5186485355648536,0.9924159889257619,0.7487615062761507,12,False,0.9778317950178548,0.9995542035008506,0.9991544077007098,0.0707462728023529,0.35984259843826294,0.28909632563591003,0.011002928018569946,False,0.10118410041841004,0.998619024692236,0.06583583354949951,0.37019506096839905,0.30435922741889954,0.01591336727142334,False,0.21843514644351464,0.9984756436831623,0.06484657526016235,0.3641866445541382,0.29934006929397583,0.016902625560760498,False,0.30614225941422596,0.9927688153019295,0.04922094941139221,0.3389485478401184,0.2897275984287262,0.03252825140953064,False,0.430326359832636,0.9921269405149559,0.04836404323577881,0.33638304471969604,0.28801900148391724,0.03338515758514404,False,0.5034602510460251,0.9949428614321482,0.5034602510460251,9,False,0.9921269405149559,0.9971975288951892,2.379442299999937,-0.0025268725063862796,0.0023566746056613574
4541692312,100081,A woman wearing a yellow sweater and red vest working at a computer.,126176,A person is looking at the computer on a desk with a phone and a box.,499340051,0.36570584774017334,0.294316828250885,0.07138901948928833,0.999207006281252,14,1.1102230246251565e-16,1.7489067999995314,0.0002741999996942468,0.00010850000035134144,0.9779728005656588,0.03793203830718994,0.33114877343177795,0.293216735124588,0.03345698118209839,False,0.12242642642642643,0.9427055949120391,0.028005510568618774,0.33499807119369507,0.3069925606250763,0.043383508920669556,False,0.2389009009009009,0.3555969336192413,-0.005945265293121338,0.27713537216186523,0.2830806374549866,0.07733428478240967,True,0.30566366366366365,0.7309071893051355,0.00999230146408081,0.2841208577156067,0.2741285562515259,0.06139671802520752,False,0.44633633633633635,0.8282353620044879,0.015731722116470337,0.30518627166748047,0.28945454955101013,0.05565729737281799,False,0.5311651651651652,0.5528772816953048,0.8874594594594595,12,False,2.920802023120764e-05,0.7884073156370607,0.9779728005656588,0.03793203830718994,0.33114877343177795,0.293216735124588,0.03345698118209839,False,0.12242642642642643,0.8332365568346202,0.01608741283416748,0.30719155073165894,0.29110413789749146,0.05530160665512085,False,0.20001201201201202,0.050098019290910095,-0.029423773288726807,0.24106666445732117,0.270490437746048,0.10081279277801514,True,0.38324924924924925,0.03446696546477855,-0.03332678973674774,0.23296870291233063,0.26629549264907837,0.10471580922603607,True,0.47625825825825824,0.010307183806678047,-0.04564553499221802,0.21938994526863098,0.265035480260849,0.11703455448150635,True,0.5434234234234234,0.2595137427466763,0.7837357357357357,10,False,0.00031653938635711,0.5109414948602305,1.871362699999736,0.2933635389486285,0.27746582077683013
23018702,23318,"Slim, blond woman in white dress holds tennis racket.",85185,A woman in a red shirt and white skirt playing tennis with a blue racket.,3928395936,0.35134458541870117,0.3090273141860962,0.04231727123260498,0.9856807413890256,15,4.5102810375396984e-17,1.6723306000003504,0.00027910000062547624,0.00011540000014065299,0.9729170056508469,0.03581392765045166,0.33709245920181274,0.3012785315513611,0.00650334358215332,False,0.17858115468409586,0.9904047167274229,0.046368420124053955,0.32045748829841614,0.2740890681743622,-0.004051148891448975,False,0.2612089027530204,0.9868861625734151,0.04320886731147766,0.3240339457988739,0.28082507848739624,-0.0008915960788726807,False,0.3557449494949495,0.9898485107948273,0.045799314975738525,0.3175632953643799,0.27176398038864136,-0.003482043743133545,False,0.436986284412755,0.9920326997905424,0.04824410378932953,0.2498319447040558,0.20158784091472626,-0.005926832556724548,False,0.5619429590017825,0.9722627353772837,0.7775549613784908,11,False,0.9380424629180109,0.9851183240961313,0.9933037483494671,0.04999488592147827,0.3124420642852783,0.26244717836380005,-0.007677614688873291,False,0.15449222618340266,0.975655062205342,0.036907851696014404,0.29982519149780273,0.26291733980178833,0.005409419536590576,False,0.22197464844523668,0.7322415300340597,0.010060250759124756,0.2841918468475342,0.2741315960884094,0.032257020473480225,False,0.3469313230342642,0.6881652596774132,0.00791555643081665,0.27991795539855957,0.2720023989677429,0.03440171480178833,False,0.40699891067538124,0.8522447990556601,0.01752316951751709,0.2712593674659729,0.2537361979484558,0.02479410171508789,False,0.513715587244999,0.8125499620733989,0.6017775797187562,9,False,0.7164958673543095,0.8776536878758336,1.7135396000012406,0.15971277330388478,0.10746463622029767
3339751521,64265,A group of traveling people relaxing on top of a hill overlooking a range.,83001,Two women are eating seated on the grass with hiking gear.,3826425403,0.3503270745277405,0.3152119815349579,0.03511509299278259,0.9710134755760335,14,9.020562075079397e-17,1.605311499999516,0.00028669999846897554,0.00011280000035185367,0.3261688516606348,-0.007255643606185913,0.3157014846801758,0.3229571282863617,0.042370736598968506,True,0.15395017793594307,0.2007292195321207,-0.013817429542541504,0.3002963960170746,0.3141138255596161,0.0489325225353241,True,0.24544483985765125,0.3264571189049881,-0.007242530584335327,0.2819560766220093,0.2891986072063446,0.04235762357711792,True,0.31284697508896797,0.3350432538684488,-0.006854623556137085,0.25331568717956543,0.2601703107357025,0.04196971654891968,True,0.4374661921708185,0.8398108482128971,0.01656821370124817,0.24222590029239655,0.22565768659114838,0.018546879291534424,False,0.5247402135231317,0.7172740140973575,0.7021138790035587,10,False,0.9830875743491574,0.4463286635306608,0.8247084489823711,0.015485793352127075,0.35609421133995056,0.3406084179878235,0.019629299640655518,False,0.14740213523131673,0.7524061471984596,0.01111486554145813,0.33736443519592285,0.3262495696544647,0.024000227451324463,False,0.2188967971530249,0.7617016153978076,0.011620312929153442,0.3256830871105194,0.31406277418136597,0.02349478006362915,False,0.345644128113879,0.10705262447880665,-0.021212071180343628,0.2791162431240082,0.3003283143043518,0.05632716417312622,True,0.43258362989323845,0.11891992105253708,-0.020026981830596924,0.27810680866241455,0.2981337904930115,0.05514207482337952,True,0.510085409252669,0.3714935753043364,0.43258362989323845,6,False,0.10705262447880665,0.6493030006902689,1.3029235000012704,0.34578043879302106,-0.2029743371596081
3597007663,75239,A child splashes in water.,114765,Children play in the dark water fountain near the white triumphal arch while adults sit on the steps.,4805078127,0.32560622692108154,0.315401166677475,0.010205060243606567,0.7350711551571365,15,4.0766001685454967e-17,1.7260289000005287,0.00028980000024603214,0.00011889999950653873,0.8889654546488014,0.020802170038223267,0.2829866111278534,0.2621844410896301,-0.0105971097946167,False,0.12606586826347305,0.9896430525558699,0.04559686779975891,0.2864520847797394,0.24085521697998047,-0.035391807556152344,False,0.26682634730538923,0.9877032225527551,0.04386045038700104,0.2859865128993988,0.24212606251239777,-0.03365539014339447,False,0.3434191616766467,0.9773599163028699,0.03765133023262024,0.2828863859176636,0.24523505568504333,-0.027446269989013672,False,0.40394610778443113,0.9277493031205577,0.025526195764541626,0.2709882855415344,0.2454620897769928,-0.015321135520935059,False,0.5080059880239521,0.9710205656019466,0.7335209580838323,11,False,0.9989216942773512,0.9230251856661128,0.7129578794188867,0.009097933769226074,0.328342080116272,0.3192441463470459,0.0011071264743804932,False,0.1162814371257485,0.9182381642765587,0.02418646216392517,0.32154807448387146,0.2973616123199463,-0.013981401920318604,False,0.25423952095808383,0.867209649994717,0.01876509189605713,0.3167053461074829,0.2979402542114258,-0.008560031652450562,False,0.34449700598802396,0.9461963391324293,0.028671085834503174,0.30565041303634644,0.27697932720184326,-0.018466025590896606,False,0.4132934131736527,0.9911891637375876,0.047229230403900146,0.3038191795349121,0.25658994913101196,-0.03702417016029358,False,0.5392754491017964,0.8899870776112688,0.25423952095808383,4,False,0.9182381642765587,0.8561461452026237,1.518681800000195,0.08103348799067778,0.06687904046348914
1749702972,11595,Several people walking past a food cart on a city street.,130245,A man in an orange visor crossing the street with a ice cream vendor in the background and a woman about to cross the street as well.,535020523,0.35269418358802795,0.32739901542663574,0.025295168161392212,0.9261853268189062,8,5.377642775528102e-17,1.7211480000005395,0.00025519999871903565,9.639999916544184e-05,0.8036900218438715,0.014095187187194824,0.30446213483810425,0.2903669476509094,0.011199980974197388,False,0.14269669669669668,0.8902590237140185,0.02093389630317688,0.2887080907821655,0.26777419447898865,0.004361271858215332,False,0.30787987987987986,0.8902590237140185,0.02093389630317688,0.2887080907821655,0.26777419447898865,0.004361271858215332,False,0.30787987987987986,0.6000604275859385,0.004057168960571289,0.2617596685886383,0.257702499628067,0.021237999200820923,False,0.503063063063063,0.6000604275859385,0.004057168960571289,0.2617596685886383,0.257702499628067,0.021237999200820923,False,0.503063063063063,0.6956313304606188,1.0,8,False,0.9225941578796514,0.8125668012010719,0.8036900218438715,0.014095187187194824,0.30446213483810425,0.2903669476509094,0.011199980974197388,False,0.14269669669669668,0.859556184470228,0.018116086721420288,0.29809537529945374,0.27997928857803345,0.007179081439971924,False,0.23284084084084083,0.4961823966888825,-0.00015270709991455078,0.2621614336967468,0.2623141407966614,0.025447875261306763,True,0.4492192192192192,0.4961823966888825,-0.00015270709991455078,0.2621614336967468,0.2623141407966614,0.025447875261306763,True,0.4492192192192192,0.1892945247156257,-0.014546006917953491,0.24717867374420166,0.26172468066215515,0.0398411750793457,True,0.5542582582582583,0.7579411846217357,0.28403603603603605,3,False,0.7248877737230359,0.6875258466327314,0.8310063000008086,-0.062309854161116895,0.12504095456834052
1433088025,7401,A man in yellow pants and wearing no shirt is being watched by many people.,61064,"Two men breakdancing, with a crowd looking on.",3259992164,0.346759557723999,0.32968559861183167,0.01707395911216736,0.8464982168130017,14,1.0408340855860843e-16,1.7168935999998212,0.000268300000243471,0.00011170000107085798,0.7952189654605637,0.013566762208938599,0.338716059923172,0.3251492977142334,0.0035071969032287598,False,0.10477844311377245,0.6117228477455166,0.0045455992221832275,0.32511356472969055,0.3205679655075073,0.01252835988998413,False,0.2098622754491018,0.01926777669073677,-0.0392986536026001,0.27206170558929443,0.31136035919189453,0.056372612714767456,True,0.3341916167664671,0.10491114871325012,-0.02143809199333191,0.27129271626472473,0.29273080825805664,0.03851205110549927,True,0.47290419161676644,0.09650080229123044,-0.022367238998413086,0.2571173310279846,0.2794845700263977,0.039441198110580444,True,0.5617425149700599,0.2661772952006083,0.8004011976047904,11,False,0.130478338022115,0.38579271078355476,0.7952189654605637,0.013566762208938599,0.338716059923172,0.3251492977142334,0.0035071969032287598,False,0.10477844311377245,0.0732296202196502,-0.02538105845451355,0.3208363652229309,0.34621742367744446,0.04245501756668091,True,0.26789820359281435,0.031506603665241426,-0.03425544500350952,0.3147304654121399,0.3489859104156494,0.05132940411567688,True,0.3491616766467066,0.04573625682780131,-0.0303804874420166,0.29965707659721375,0.33003756403923035,0.04745444655418396,True,0.46604191616766466,0.11244787668614632,-0.02065977454185486,0.2843358814716339,0.30499565601348877,0.03773373365402222,True,0.571125748502994,0.17368055821500109,0.3988443113772455,6,False,0.037159656248064235,0.3045211014347092,1.484438699999373,0.0924967369856072,0.08127160934884559
2537755800,32749,Two men with hard hats are talking.,134030,Two men appear to be working construction with their hard hats on.,5730226613,0.30920737981796265,0.29686039686203003,0.012346982955932617,0.7746398278463319,14,5.204170427930421e-17,1.723703999999998,0.00027570000020205043,0.00011200000153621659,0.5211224831844268,0.0008454024791717529,0.312334269285202,0.3114888668060303,0.011501580476760864,False,0.11833532934131737,0.42973234760919093,-0.002829432487487793,0.29775142669677734,0.30058085918426514,0.01517641544342041,True,0.29557485029940117,0.5914406881772604,0.0036992430686950684,0.2843785285949707,0.28067928552627563,0.008647739887237549,False,0.38249700598802394,0.7866906071062787,0.01305091381072998,0.2812272310256958,0.2681763172149658,-0.0007039308547973633,False,0.4920958083832335,0.7654167276160151,0.011826097965240479,0.2835046947002411,0.2716785967350006,0.0005208849906921387,False,0.5624131736526946,0.6304713569886932,0.6900718562874252,9,False,0.6161260202338692,0.5963655773556253,0.4965541610291097,-0.00013783574104309082,0.3249778151512146,0.3251156508922577,0.012484818696975708,True,0.1257005988023952,0.5074172538836701,0.00029671192169189453,0.32613426446914673,0.32583755254745483,0.012050271034240723,False,0.24857485029940118,0.5426919316124641,0.0017118453979492188,0.3265325427055359,0.32482069730758667,0.010635137557983398,False,0.34297005988023954,0.666987395309157,0.006945908069610596,0.3264387249946594,0.31949281692504883,0.0054010748863220215,False,0.4558862275449102,0.4079725290300744,-0.00372353196144104,0.2956121563911438,0.29933568835258484,0.016070514917373657,True,0.5560718562874252,0.6196937741837122,0.4558862275449102,7,False,0.666987395309157,0.5633851460766565,1.488551099999313,0.010777582804980979,0.03298043127896888
6317293855,139087,A boy in a gray striped shirt sitting on stairs with a skateboard.,46711,A teenage boy grinds across a bar on his skateboard.,2902844125,0.387148916721344,0.31755709648132324,0.06959182024002075,0.9990510281725771,13,6.16911036144252e-17,1.6969372000003204,0.00027550000049814116,0.0001157000006060116,0.9938486354941509,0.05084910988807678,0.3601873815059662,0.3093382716178894,0.01874271035194397,False,0.13245045045045045,0.9651312506144849,0.03320673108100891,0.3220886290073395,0.28888189792633057,0.03638508915901184,False,0.24072672672672674,0.9726229493848165,0.035702913999557495,0.32887622714042664,0.29317331314086914,0.03388890624046326,False,0.312984984984985,0.894531751967398,0.021378904581069946,0.2814722955226898,0.2600933909416199,0.048212915658950806,False,0.4560960960960961,0.6830293583014235,0.007677286863327026,0.27604591846466064,0.2683686316013336,0.061914533376693726,False,0.5935195195195195,0.6110240627167846,0.9380900900900901,12,False,0.006386216542657466,0.9267552667837904,0.9938486354941509,0.05084910988807678,0.3601873815059662,0.3093382716178894,0.01874271035194397,False,0.13245045045045045,0.8832903889775884,0.020239651203155518,0.27851736545562744,0.2582777142524719,0.049352169036865234,False,0.2755615615615616,0.8678056726994822,0.01881694793701172,0.2634007930755615,0.2445838451385498,0.05077487230300903,False,0.3838378378378378,0.894531751967398,0.021378904581069946,0.2814722955226898,0.2600933909416199,0.048212915658950806,False,0.4560960960960961,0.5889809470871138,0.003597542643547058,0.23200269043445587,0.2284051477909088,0.0659942775964737,False,0.5057897897897898,0.5094449208938582,0.8220780780780781,10,False,0.007544849428918527,0.9126980691216037,1.7058773999997356,0.10157914182292638,0.014057197662186716
7308070356,146618,An Asian man sits on the tracks with crates of peanuts.,4281,An employee is handing a woman a bag while she is browsing through fish on ice at a street market.,1287704027,0.3748694658279419,0.32958129048347473,0.04528817534446716,0.9893218227824594,13,4.163336342344337e-17,1.7026912000001175,0.0002960999991046265,0.00010970000039378647,0.9764365832715673,0.03724214434623718,0.34614500403404236,0.3089028596878052,0.00804603099822998,False,0.11031875,0.9934872604658037,0.05027461051940918,0.3464300036430359,0.2961553931236267,-0.004986435174942017,False,0.24870625,0.9734794736098802,0.03602957725524902,0.3235667943954468,0.28753721714019775,0.00925859808921814,False,0.309425,0.965689937611607,0.03337404131889343,0.3005277216434479,0.26715368032455444,0.01191413402557373,False,0.47561875,0.7934142667105172,0.013456299901008606,0.24746792018413544,0.23401162028312683,0.03183187544345856,False,0.55133125,0.9299289010982124,0.758725,11,False,0.9903557667418518,0.9652714415096786,0.9712300265206588,0.03519231081008911,0.34725937247276306,0.31206706166267395,0.010095864534378052,False,0.1383875,0.987812326947299,0.043950676918029785,0.35012054443359375,0.30616986751556396,0.001337498426437378,False,0.24380625,0.9846150868329714,0.04158863425254822,0.3422199785709381,0.3006313443183899,0.0036995410919189453,False,0.33659375,0.9990130752842066,0.06919929385185242,0.35836684703826904,0.2891675531864166,-0.023911118507385254,False,0.4411375,0.9330133567981628,0.02633926272392273,0.30732229351997375,0.280983030796051,0.018948912620544434,False,0.58133125,0.991670092018175,0.4411375,6,False,0.9990130752842066,0.9797221731046696,1.3843512999992527,-0.06174119091996266,-0.014450731594990995
3532476966,72453,Mexican villagers are buying potatoes at an outdoor market.,120479,A group of people at an outdoor fruit market,4892698507,0.39887556433677673,0.30160197615623474,0.09727358818054199,0.9999403739766534,12,3.8163916471489756e-17,1.774190099999032,0.00027349999982106965,0.00010730000030889641,0.9998549664247366,0.0883840024471283,0.39497557282447815,0.30659157037734985,0.008889585733413696,False,0.14927466666666667,0.9999423583948336,0.09761208295822144,0.38643378019332886,0.2888216972351074,-0.00033849477767944336,False,0.2514133333333333,0.9999057860863757,0.09269848465919495,0.3731958866119385,0.28049740195274353,0.004575103521347046,False,0.3676586666666667,0.9996973141506976,0.0810251235961914,0.35553258657455444,0.27450746297836304,0.016248464584350586,False,0.42192,0.9950454538217035,0.05302482843399048,0.3109647035598755,0.257939875125885,0.044248759746551514,False,0.5726986666666667,0.8976618882221109,1.0,12,False,0.05133672684827682,0.9992289848408298,0.9996976242114014,0.08103537559509277,0.3850781321525574,0.3040427565574646,0.01623821258544922,False,0.11624533333333334,0.9995525840912267,0.0771157443523407,0.3824104070663452,0.3052946627140045,0.020157843828201294,False,0.26552,0.9978642206851059,0.06146785616874695,0.3667730689048767,0.30530521273612976,0.035805732011795044,False,0.3197813333333333,0.9961059126631742,0.05544394254684448,0.3395596742630005,0.284115731716156,0.04182964563369751,False,0.467056,0.9563892095417093,0.03087860345840454,0.3128657341003418,0.28198713064193726,0.06639498472213745,False,0.53776,0.7672806750342779,0.9481546666666667,11,False,0.09576575506446425,0.9957778516207133,1.923541699999987,0.13038121318783302,0.0034511332201164757
3171020648,57000,A gray headed guy standing in his bathroom shaving his face and neck.,28803,A man is lathered up and ready for a shave at a barber shop.,244073535,0.37432751059532166,0.32877886295318604,0.04554864764213562,0.9895935115585283,15,2.7755575615628914e-17,1.7186945000012201,0.00027260000024398323,0.00011169999925186858,0.9950474075462565,0.05302879214286804,0.36007392406463623,0.3070451319217682,-0.007480144500732422,False,0.1077057057057057,0.9872823414359949,0.04351964592933655,0.34587833285331726,0.3023586869239807,0.0020290017127990723,False,0.2748168168168168,0.9688578240464857,0.034375548362731934,0.33711549639701843,0.3027399480342865,0.011173099279403687,False,0.36295495495495494,0.9798677836318166,0.03885096311569214,0.33525800704956055,0.2964070439338684,0.0066976845264434814,False,0.4698798798798799,0.9668047694923586,0.033715903759002686,0.3238641023635864,0.29014819860458374,0.011832743883132935,False,0.5398378378378378,0.9333523505598675,0.8516816816816817,13,False,0.7524427879754552,0.9836190901434694,0.989593419485101,0.04554855823516846,0.37432748079299927,0.3287789225578308,8.940696716308594e-08,False,0.1296096096096096,0.9930659611251195,0.04964354634284973,0.37167564034461975,0.32203209400177,-0.004094898700714111,False,0.2563843843843844,0.9964047878299486,0.056245505809783936,0.3742947578430176,0.31804925203323364,-0.010696858167648315,False,0.31654054054054054,0.9888911992443946,0.044888466596603394,0.3524337112903595,0.3075452446937561,0.0006601810455322266,False,0.43800600600600603,0.9818945830592172,0.0399327278137207,0.3524859845638275,0.3125532567501068,0.005615919828414917,False,0.5261441441441441,0.9899498429097315,0.43800600600600603,8,False,0.9888911992443946,0.9906012042810921,1.6380179000007047,-0.056597492349864,-0.00698211413762273
4373983146,94100,A woman in a fiery red dress and a man in a suit dance seductively together.,107986,A man with a red suit is dancing with a lady.,4692834620,0.34255144000053406,0.301203191280365,0.04134824872016907,0.9842466715037022,14,1.3877787807814457e-16,1.696186499999385,0.0002688000004127389,0.00011039999844797421,0.13015881101588625,-0.018995553255081177,0.27660420536994934,0.2955997586250305,0.060343801975250244,True,0.20366366366366367,0.13015881101588625,-0.018995553255081177,0.27660420536994934,0.2955997586250305,0.060343801975250244,True,0.20366366366366367,0.26329715803402315,-0.010289013385772705,0.28722959756851196,0.29751861095428467,0.05163726210594177,True,0.3381021021021021,0.059390091333838504,-0.027624011039733887,0.25225338339805603,0.2798773944377899,0.06897225975990295,True,0.41214414414414413,0.038054009294066674,-0.03229951858520508,0.22104215621948242,0.2533416748046875,0.07364776730537415,True,0.5323423423423423,0.23486482948565984,1.0,14,False,0.11151066192422368,0.2962985588059214,0.5010870379964194,4.348158836364746e-05,0.3202386200428009,0.32019513845443726,0.04130476713180542,False,0.12493093093093093,0.13015881101588625,-0.018995553255081177,0.27660420536994934,0.2955997586250305,0.060343801975250244,True,0.20366366366366367,0.10401480487335628,-0.02153390645980835,0.26427242159843445,0.2858063280582428,0.06288215517997742,True,0.3274714714714715,0.03471168072297013,-0.0332535058259964,0.20946626365184784,0.24271976947784424,0.07460175454616547,True,0.4390510510510511,0.04413044615998726,-0.03075471520423889,0.20607534050941467,0.23683005571365356,0.07210296392440796,True,0.5222042042042042,0.2228135659401472,0.8308168168168168,11,False,0.16325480890877858,0.274118216500042,1.8961127000002307,0.012051263545512642,0.022180342305879397
2330765551,24406,Two people bicycle on a path separated by small mountains.,122677,Two people are riding bikes in front of a vast mountain range.,4931839897,0.3424414098262787,0.3102731704711914,0.03216823935508728,0.9614625061511659,15,4.7271214720367993e-17,1.8012098999988666,0.00029150000045774505,0.0001140000003942987,0.5925452778638497,0.003744974732398987,0.2510016858577728,0.24725671112537384,0.028423264622688293,False,0.14211733333333335,0.6138139139475092,0.004633724689483643,0.24918901920318604,0.2445552945137024,0.027534514665603638,False,0.20866133333333334,0.5284152936662998,0.0011378377676010132,0.2510228157043457,0.2498849779367447,0.031030401587486267,False,0.32726933333333336,0.5277464851791681,0.0011110007762908936,0.2563703656196594,0.25525936484336853,0.031057238578796387,False,0.4040746666666667,0.48166935997675164,-0.0007335543632507324,0.26141512393951416,0.2621486783027649,0.03290179371833801,True,0.5240106666666666,0.49542557149877087,0.713264,11,False,0.4700855533270468,0.6095191635184112,0.5925452778638497,0.003744974732398987,0.2510016858577728,0.24725671112537384,0.028423264622688293,False,0.14211733333333335,0.6704653841590869,0.007102906703948975,0.2606557607650757,0.2535528540611267,0.025065332651138306,False,0.217168,0.4817750168412006,-0.0007293224334716797,0.2643958330154419,0.2651251554489136,0.03289756178855896,True,0.35789333333333334,0.46570378257695144,-0.0013740062713623047,0.2486586570739746,0.2500326633453369,0.033542245626449585,True,0.4341386666666667,0.5534356118595619,0.002145618200302124,0.23589956760406494,0.23375394940376282,0.030022621154785156,False,0.5669386666666667,0.44494857887004036,0.754496,11,False,0.16949104140258023,0.604450920101314,1.9682711999994353,0.05047699262873051,0.005068243417097218
5244864049,129095,A man in a white shirt playing a white guitar standing in front of a microphone with the light casting a somewhat reddish hue on his shirt,136200,"A singer with medium-short curly white hair, wearing a white sleeveless t-shirt, is accompanied by a guitarist who has long white hair and wears a black shirt.",5986222648,0.32595953345298767,0.29427582025527954,0.03168371319770813,0.9596265310979574,12,3.2959746043559335e-17,1.784951399999045,0.0002733000001171604,0.00010920000022451859,0.999228036884051,0.07165801525115967,0.2852276861667633,0.21356967091560364,-0.03997430205345154,False,0.11752533333333333,0.9990579857218514,0.06966547667980194,0.3019210398197174,0.23225556313991547,-0.03798176348209381,False,0.28063466666666664,0.9993250207321372,0.07300153374671936,0.2871335446834564,0.21413201093673706,-0.04131782054901123,False,0.37410666666666664,0.9965457556339363,0.056646913290023804,0.2806011140346527,0.2239542007446289,-0.024963200092315674,False,0.452928,0.9877956317361144,0.04393681883811951,0.27671560645103455,0.23277878761291504,-0.012253105640411377,False,0.5204906666666667,0.9896215474162521,0.704192,8,False,0.9880551239898087,0.9936120386898438,0.9991104595570032,0.07023915648460388,0.2966250777244568,0.2263859212398529,-0.03855544328689575,False,0.19634666666666667,0.9989973278226605,0.06904083490371704,0.2971993684768677,0.22815853357315063,-0.03735712170600891,False,0.25972266666666666,0.998969819151349,0.0687699019908905,0.31031084060668945,0.24154093861579895,-0.03708618879318237,False,0.346336,0.9991441891711915,0.07062605023384094,0.31265825033187866,0.24203220009803772,-0.03894233703613281,False,0.443424,0.9962400584423008,0.05579584836959839,0.30796268582344055,0.25216683745384216,-0.02411213517189026,False,0.536896,0.9932608771372087,0.598752,7,False,0.9973742143751585,0.9916069423572061,1.4677793999999267,-0.0036393297209565967,0.002005096332637679
4858175898,118434,An older man holding a newborn baby.,51198,A man eating and holding a baby with a white hat on.,302289651,0.3792552351951599,0.30351293087005615,0.07574230432510376,0.9994867481082061,14,6.749158523722265e-17,1.6900605000009818,0.0002686000007088296,0.00011099999937869143,0.9873209379076154,0.04355043172836304,0.3223705291748047,0.27882009744644165,0.03219187259674072,False,0.17137125748502993,0.9199471931728578,0.024416297674179077,0.28060561418533325,0.2561893165111542,0.05132600665092468,False,0.24383233532934132,0.8421130756941607,0.016740351915359497,0.26863911747932434,0.25189876556396484,0.05900195240974426,False,0.32210778443113774,0.9452245868152942,0.02848181128501892,0.2368564009666443,0.20837458968162537,0.04726049304008484,False,0.41608982035928144,0.6352312530333416,0.005547255277633667,0.20497925579547882,0.19943200051784515,0.07019504904747009,False,0.5530239520958083,0.8566270992307958,0.7969161676646707,11,False,0.8573679736010416,0.9050299464764537,0.9800609968073385,0.03894937038421631,0.3420843482017517,0.3031349778175354,0.03679293394088745,False,0.10316766467065869,0.9901030495756848,0.04605582356452942,0.313203364610672,0.2671475410461426,0.02968648076057434,False,0.24425748502994013,0.9844560948625958,0.04148420691490173,0.3001059591770172,0.2586217522621155,0.034258097410202026,False,0.30016167664670657,0.5909206455922106,0.0036777257919311523,0.19196313619613647,0.18828541040420532,0.07206457853317261,False,0.47049700598802396,0.6837264306083405,0.007709503173828125,0.1980554163455963,0.1903459131717682,0.06803280115127563,False,0.5407425149700599,0.8589099674856354,0.713,10,False,0.8210796660160428,0.8788490495459147,1.6770013000004838,-0.0022828682548395873,0.026180896930539044
2338791560,24713,A woman is playing toys with a young toddler sitting on a red mat.,82290,An older woman looks at the camera while young children play with many kinds of toys around the room in the background.,3799847884,0.36521345376968384,0.3622596859931946,0.002953767776489258,0.5733119445922936,12,9.367506770274758e-17,1.7343646999997873,0.0002583999994385522,0.00011280000035185367,0.5321391547656107,0.0012873411178588867,0.33349815011024475,0.33221080899238586,0.001666426658630371,False,0.16353753753753753,0.720450552531198,0.009466975927352905,0.3242802321910858,0.3148132562637329,-0.0065132081508636475,False,0.3232672672672673,0.720450552531198,0.009466975927352905,0.3242802321910858,0.3148132562637329,-0.0065132081508636475,False,0.3232672672672673,0.8383610341033035,0.016460835933685303,0.3390944004058838,0.3226335644721985,-0.013507068157196045,False,0.4138918918918919,0.9725943666347098,0.035692185163497925,0.28634780645370483,0.2506556212902069,-0.03273841738700867,False,0.5476696696696697,0.8069951770531016,0.8366006006006006,9,False,0.9106778057060508,0.6978575886735033,0.6853559342516755,0.0077849626541137695,0.3553321957588196,0.3475472331047058,-0.004831194877624512,False,0.14562762762762763,0.6196719558716428,0.004881560802459717,0.35094988346099854,0.3460683226585388,-0.001927793025970459,False,0.22706306306306306,0.5973144495670545,0.0039428770542144775,0.3488888144493103,0.3449459373950958,-0.0009891092777252197,False,0.33055855855855854,0.6508503543453826,0.0062277913093566895,0.34995412826538086,0.34372633695602417,-0.0032740235328674316,False,0.4548948948948949,0.5432221950838821,0.0017332136631011963,0.3155423700809479,0.3138091564178467,0.0012205541133880615,False,0.6184324324324324,0.60787271562656,0.33055855855855854,5,False,0.5973144495670545,0.619301984956813,1.3472777000006317,0.19912246142654166,0.07855560371669035
2470317702,30025,"A man, possible a street musician, plays both a pan pipe and a small stringed instrument in an outdoor setting, while a bicycle leans against ivy in the background.",29948,A man playing an accordion among in a public area.,2468466969,0.3436398506164551,0.3274514377117157,0.01618841290473938,0.8346352676075807,8,3.469446951953614e-17,1.7474196999992273,0.0002457999999023741,9.630000022298191e-05,0.9053684831781617,0.02258351445198059,0.3109270930290222,0.2883435785770416,-0.006395101547241211,False,0.11673066666666666,0.7834744362299194,0.012860298156738281,0.27686065435409546,0.2640003561973572,0.0033281147480010986,False,0.2829973333333333,0.9768930015820331,0.037442415952682495,0.2863665819168091,0.2489241659641266,-0.021254003047943115,False,0.5312426666666666,0.9768930015820331,0.037442415952682495,0.2863665819168091,0.2489241659641266,-0.021254003047943115,False,0.5312426666666666,0.9768930015820331,0.037442415952682495,0.2863665819168091,0.2489241659641266,-0.021254003047943115,False,0.5312426666666666,0.5759731854666164,0.9259893333333333,7,False,0.08825478562261123,0.8667536887920128,0.8433568570282544,0.01683419942855835,0.3092173933982849,0.29238319396972656,-0.0006457865238189697,False,0.196736,0.2052244859885525,-0.013539552688598633,0.24827605485916138,0.26181560754776,0.029727965593338013,True,0.36300266666666664,0.2052244859885525,-0.013539552688598633,0.24827605485916138,0.26181560754776,0.029727965593338013,True,0.36300266666666664,0.3977058939581248,-0.004150331020355225,0.2579096853733063,0.2620600163936615,0.020338743925094604,True,0.465936,0.09468745010326929,-0.022576987743377686,0.2327359914779663,0.255312979221344,0.038765400648117065,True,0.7141813333333333,0.5021691616556785,0.465936,4,False,0.3977058939581248,0.4822035628216482,1.0699492000003374,0.07380402381093787,0.38455012597036453
3884010975,84355,"A woman in a white shirt stands behind a counter, in the kitchen of an empty restaurant with brick walls.",13940,A woman with a black shirt and tan apron is standing behind a counter in a restaurant.,1957683077,0.3359133005142212,0.2978222370147705,0.038091063499450684,0.9783127813165176,10,4.163336342344337e-17,1.7439555000000837,0.00027210000007471535,0.00010459999975864775,0.8659820717581159,0.01865890622138977,0.3072918653488159,0.28863295912742615,0.019432157278060913,False,0.11432222222222223,0.8366560149086654,0.01633554697036743,0.31025952100753784,0.2939239740371704,0.021755516529083252,False,0.2255388888888889,0.8712835361845791,0.019123554229736328,0.30045297741889954,0.2813294231891632,0.018967509269714355,False,0.34385,0.8732644156476915,0.01930135488510132,0.286722332239151,0.2674209773540497,0.018789708614349365,False,0.4296611111111111,0.8961972009941418,0.02155667543411255,0.2756982445716858,0.25414156913757324,0.016534388065338135,False,0.5294888888888889,0.8424842430313803,0.9108222222222222,9,False,0.8180411805645452,0.8768992921741732,0.8659820717581159,0.01865890622138977,0.3072918653488159,0.28863295912742615,0.019432157278060913,False,0.11432222222222223,0.813011562537275,0.014696985483169556,0.2985017001628876,0.283804714679718,0.023394078016281128,False,0.21415,0.6261820525160101,0.005158722400665283,0.2764478325843811,0.2712891101837158,0.0329323410987854,False,0.38442777777777776,0.45699004652723557,-0.0017246603965759277,0.2673095464706421,0.269034206867218,0.03981572389602661,True,0.5218166666666667,0.45699004652723557,-0.0017246603965759277,0.2673095464706421,0.269034206867218,0.03981572389602661,True,0.5218166666666667,0.7151173897792912,0.8322055555555555,8,False,0.7597065743410233,0.7400420880681078,1.378233800000089,0.12736685325208907,0.1368572041060654
4507759934,98691,In this photo there is a family of four dashing across a busy street in the city.,134848,A man puts a little girl atop his shoulders while walking down a busy street.,5823310445,0.3316670060157776,0.3129146099090576,0.01875239610671997,0.8670633808295529,15,9.367506770274758e-17,1.7148066999998264,0.0002764000000752276,0.00011309999899822287,0.9273794644222693,0.025471150875091553,0.3066839575767517,0.28121280670166016,-0.006718754768371582,False,0.14043243243243242,0.9343800706714022,0.026560038328170776,0.30191996693611145,0.2753599286079407,-0.007807642221450806,False,0.21145345345345345,0.7651726283065096,0.01181250810623169,0.2893270254135132,0.2775145173072815,0.006939888000488281,False,0.3523243243243243,0.7091610464316108,0.008913129568099976,0.27301129698753357,0.2640981674194336,0.009839266538619995,False,0.4220840840840841,0.18028358468183298,-0.01514427363872528,0.23437732458114624,0.24952159821987152,0.03389666974544525,True,0.5549129129129129,0.4995658186284026,0.7780660660660661,11,False,0.20541680451443148,0.761049650722868,0.4730386840042144,-0.0010794997215270996,0.3223632276058197,0.3234427273273468,0.01983189582824707,True,0.12753153153153154,0.36406259875141245,-0.005577743053436279,0.31369876861572266,0.31927651166915894,0.02433013916015625,True,0.20836036036036035,0.09288106308075113,-0.02278953790664673,0.29515838623046875,0.3179479241371155,0.0415419340133667,True,0.3199099099099099,0.18362625170931746,-0.014919698238372803,0.2971802353858948,0.3120999336242676,0.03367209434509277,True,0.45359159159159157,0.05289922575515368,-0.028850167989730835,0.2922841012477875,0.3211342692375183,0.047602564096450806,True,0.5136336336336337,0.21063931490519258,0.5136336336336337,8,False,0.05289922575515368,0.33166099128872706,1.6480143000007956,0.28892650372321005,0.42938865943414095
130063845,4585,A girl wearing a black t-shirt is holding a small pizza in a kitchen setting.,13944,A young woman is working in a kitchen.,1957683077,0.3361934423446655,0.28167924284935,0.05451419949531555,0.9957281187769695,13,6.245004513516506e-17,1.795904900000096,0.00028810000003431924,0.00010850000035134144,0.9924799029919847,0.04882627725601196,0.32734858989715576,0.2785223126411438,0.005687922239303589,False,0.23469333333333334,0.9924799029919847,0.04882627725601196,0.32734858989715576,0.2785223126411438,0.005687922239303589,False,0.23469333333333334,0.9923029261990703,0.04859188199043274,0.3243633210659027,0.27577143907546997,0.0059223175048828125,False,0.30654933333333334,0.8980461010591332,0.021757006645202637,0.31562596559524536,0.2938689589500427,0.032757192850112915,False,0.415072,0.907253938950899,0.02280557155609131,0.3086543083190918,0.2858487367630005,0.03170862793922424,False,0.552384,0.7176832232684863,1.0,13,False,0.04169663873049425,0.96153472894403,0.9924799029919847,0.04882627725601196,0.32734858989715576,0.2785223126411438,0.005687922239303589,False,0.23469333333333334,0.9924799029919847,0.04882627725601196,0.32734858989715576,0.2785223126411438,0.005687922239303589,False,0.23469333333333334,0.9965296220038425,0.05660015344619751,0.3317077159881592,0.27510756254196167,-0.002085953950881958,False,0.339968,0.9193923631651004,0.024341195821762085,0.3135858178138733,0.2892446219921112,0.030173003673553467,False,0.44849066666666665,0.9184118469519139,0.02420961856842041,0.3099221885204315,0.2857125699520111,0.03030458092689514,False,0.5203466666666666,0.6955510598715468,0.9419786666666666,12,False,0.029725068196017983,0.9762623363345443,2.10717939999995,0.022132163396939575,-0.014727607390514263
1333888922,5221,The sun breaks through the trees as a child rides a swing.,44914,A blond child swinging on a swing.,2860040276,0.35745659470558167,0.3197147250175476,0.03774186968803406,0.9775593940724339,15,3.469446951953614e-17,1.7619618999997329,0.0002880000010918593,0.00011280000035185367,0.9628065275174034,0.03253719210624695,0.34651461243629456,0.3139774203300476,0.005204677581787109,False,0.15087700534759357,0.9740254451938503,0.03624320030212402,0.3454262316226959,0.3091830313205719,0.0014986693859100342,False,0.2351711229946524,0.9668708925042467,0.03373652696609497,0.3246024250984192,0.2908658981323242,0.004005342721939087,False,0.30954545454545457,0.9719232109348422,0.03544333577156067,0.29511213302612305,0.2596687972545624,0.0022985339164733887,False,0.4617914438502674,0.8273206259320104,0.01566755771636963,0.2704785466194153,0.25481098890304565,0.02207431197166443,False,0.52524064171123,0.8359610398648425,0.8891016042780748,13,False,0.466788092822008,0.9611853441846079,0.9783722021679331,0.038119107484817505,0.3440197706222534,0.3059006631374359,-0.00037723779678344727,False,0.15808021390374333,0.9317054551319202,0.026131868362426758,0.3327068090438843,0.3065749406814575,0.0116100013256073,False,0.2215294117647059,0.9814786157872988,0.03970134258270264,0.3258554935455322,0.2861541509628296,-0.001959472894668579,False,0.3706577540106952,0.8109966371393617,0.014564990997314453,0.29498934745788574,0.2804243564605713,0.023176878690719604,False,0.4450320855614973,0.8273206259320104,0.01566755771636963,0.2704785466194153,0.25481098890304565,0.02207431197166443,False,0.52524064171123,0.893471498641462,0.6451336898395722,9,False,0.8707582203307324,0.9333037871745062,2.0094884999998612,-0.05751045877661953,0.027881557010101643
3483071906,70360,A group of kids with an adult in the background coaching them while they are pulling on a green rope.,10562,Children participate in a game of tug-of-war.,16495609,0.3187556862831116,0.3176964521408081,0.0010592341423034668,0.5264561222153871,14,3.165870343657673e-17,1.809148100001039,0.0002762000003713183,0.00011029999950551428,0.5657864841914108,0.002646803855895996,0.3111414313316345,0.3084946274757385,-0.0015875697135925293,False,0.1100427807486631,0.6997220593962719,0.008459746837615967,0.30558839440345764,0.2971286475658417,-0.0074005126953125,False,0.26638502673796793,0.6234630167239829,0.005042731761932373,0.29460859298706055,0.2895658612251282,-0.003983497619628906,False,0.3252299465240642,0.326343761801869,-0.0072476863861083984,0.2591055631637573,0.2663532495498657,0.008306920528411865,True,0.4052673796791444,0.46489854651689233,-0.0014063715934753418,0.2644840478897095,0.2658904194831848,0.0024656057357788086,True,0.5085882352941177,0.6627728900558416,0.778288770053476,11,False,0.8455229235866717,0.5443308277386236,0.43844496062332666,-0.002474755048751831,0.30746540427207947,0.3099401593208313,0.003533989191055298,True,0.1207379679144385,0.5092562887495656,0.00037029385566711426,0.30736586451530457,0.30699557065963745,0.0006889402866363525,False,0.24536363636363637,0.5584672122635895,0.0023494362831115723,0.3089791536331177,0.3066297173500061,-0.0012902021408081055,False,0.3185080213903743,0.5596470816832069,0.002397298812866211,0.2998177111148834,0.2974204123020172,-0.0013380646705627441,False,0.46050267379679144,0.5483339929326436,0.0019394159317016602,0.2922375798225403,0.2902981638908386,-0.0008801817893981934,False,0.5705454545454546,0.5858122361419701,0.6092299465240641,9,False,0.6572751486443069,0.5200266173304462,1.7769514999999956,0.07696065391387152,0.02430421040817743
4351734575,93657,A band performing and entertaining on stage at a Valentine's Day event.,107900,A band is of four members including a woman and three men are playing their instruments with an open guitar case in front of them.,4691655601,0.3459804058074951,0.3344939351081848,0.011486470699310303,0.7592637119906848,14,3.426078865054194e-17,1.7645283000001655,0.0002688000004127389,0.00011089999861724209,0.9692466099879316,0.03450518846511841,0.3016852140426636,0.26718002557754517,-0.023018717765808105,False,0.11713066666666666,0.9128189966573136,0.023485511541366577,0.29677486419677734,0.27328935265541077,-0.011999040842056274,False,0.217536,0.914360915621975,0.023680835962295532,0.2623405456542969,0.23865970969200134,-0.01219436526298523,False,0.38709866666666665,0.8291614513589778,0.015796959400177002,0.25014016032218933,0.23434320092201233,-0.004310488700866699,False,0.4244213333333333,0.573059677572468,0.0029434561729431152,0.2258307933807373,0.2228873372077942,0.008543014526367188,False,0.5263946666666667,0.7919083919428587,0.9525653333333334,13,False,0.8106146740821869,0.863719385517559,0.8147999798255049,0.014815062284469604,0.3233455419540405,0.3085304796695709,-0.0033285915851593018,False,0.171744,0.821236789227703,0.015247493982315063,0.3129858374595642,0.29773834347724915,-0.0037610232830047607,False,0.20906666666666668,0.8905786024346072,0.020966649055480957,0.2904452681541443,0.26947861909866333,-0.009480178356170654,False,0.363056,0.8969747785062936,0.021640539169311523,0.29145365953445435,0.2698131203651428,-0.01015406847000122,False,0.44105066666666665,0.7105764533868101,0.008981853723526001,0.25960463285446167,0.25062277913093567,0.0025046169757843018,False,0.5867093333333333,0.868810161332687,0.4884853333333333,7,False,0.9058784300747281,0.8254274346151074,1.9363678000008804,-0.07690176938982829,0.03829195090245163
2330843604,24412,A blond child jumping rope on a sidewalk.,47990,"A little girl with a brown shirt, blue jeans, and brown hair is playing outside with her pink scooter in a yard with lots of trees.",2936693681,0.38929295539855957,0.33896780014038086,0.05032515525817871,0.9935198831075035,12,8.500145032286355e-17,1.675412900000083,0.0002882000007957686,0.00010459999975864775,0.8429872055172689,0.01680624485015869,0.34830331802368164,0.33149707317352295,0.03351891040802002,False,0.1335975975975976,0.20686504147267765,-0.013439267873764038,0.25334200263023376,0.2667812705039978,0.06376442313194275,True,0.26484684684684684,0.04369128477794553,-0.030859321355819702,0.24226072430610657,0.27312004566192627,0.08118447661399841,True,0.3182282282282282,0.05387896370413588,-0.028656303882598877,0.2429724633693695,0.2716287672519684,0.07898145914077759,True,0.5085405405405405,0.05387896370413588,-0.028656303882598877,0.2429724633693695,0.2716287672519684,0.07898145914077759,True,0.5085405405405405,0.21905404222572825,0.755045045045045,9,False,0.02612289939309172,0.40811801967715416,0.9305106737105623,0.025945603847503662,0.29523777961730957,0.2692921757698059,0.02437955141067505,False,0.12944744744744746,0.7370148867202239,0.01030510663986206,0.31646767258644104,0.306162565946579,0.04002004861831665,False,0.25517117117117116,0.028213494945298262,-0.035393357276916504,0.24024254083633423,0.27563589811325073,0.08571851253509521,True,0.38876876876876876,0.02169328971322261,-0.038088202476501465,0.2391091287136078,0.27719733119010925,0.08841335773468018,True,0.44215015015015013,0.013651720271396568,-0.04280143976211548,0.22515931725502014,0.2679607570171356,0.09312659502029419,True,0.5848888888888889,0.28384060666185174,0.49875675675675674,7,False,0.013391074150517462,0.4861181727938095,1.3062430000009044,-0.06478656443612349,-0.07800015311665531
3601491447,75387,Three rugby players in black strips are pulling the player in red to the ground.,138410,Two males from the green team tackles the other members from black team for the ball in a game of rugby.,6250527395,0.3216114640235901,0.31629520654678345,0.005316257476806641,0.6298622119164349,9,9.71445146547012e-17,1.7258240999999543,0.0002533999995648628,9.950000094249845e-05,0.7555180667323266,0.011282622814178467,0.3094262182712555,0.298143595457077,-0.005966365337371826,False,0.13302673796791445,0.9408131924491778,0.027660459280014038,0.3223190903663635,0.2946586310863495,-0.022344201803207397,False,0.22411229946524064,0.9167444606171881,0.02398914098739624,0.31489282846450806,0.2909036874771118,-0.0186728835105896,False,0.4724812834224599,0.9167444606171881,0.02398914098739624,0.31489282846450806,0.2909036874771118,-0.0186728835105896,False,0.4724812834224599,0.9070754880196535,0.022784382104873657,0.2797207236289978,0.25693634152412415,-0.017468124628067017,False,0.5835133689839572,0.8094022254012097,0.9131657754010695,8,False,0.7543892018440508,0.8591629578320484,0.452202658642102,-0.0019177496433258057,0.30466771125793457,0.3065854609012604,0.007234007120132446,True,0.21189839572192512,0.452202658642102,-0.0019177496433258057,0.30466771125793457,0.3065854609012604,0.007234007120132446,True,0.21189839572192512,0.862002933155578,0.01832026243209839,0.31565263867378235,0.29733237624168396,-0.013004004955291748,False,0.3029839572192513,0.25058165891071454,-0.010955125093460083,0.3025617301464081,0.31351685523986816,0.016271382570266724,True,0.4662459893048128,0.5184013250390918,0.0007363855838775635,0.3087363839149475,0.30799999833106995,0.004579871892929077,False,0.5519679144385027,0.5153039376221877,0.5519679144385027,6,False,0.5184013250390918,0.5403887363128098,1.2013022000010096,0.2940982877790219,0.3187742215192386
2255633616,21586,A man standing in snow in front of a red nissan jeep.,88154,A man doing tricks in the snow.,407008823,0.33248788118362427,0.29093360900878906,0.041554272174835205,0.9845629476370109,12,1.1102230246251565e-16,1.6839245000010123,0.00026190000062342733,0.00010719999954744708,0.9919990515309003,0.04820162057876587,0.3369557857513428,0.2887541651725769,-0.006647348403930664,False,0.11917117117117117,0.8888574496308765,0.020791232585906982,0.3079032897949219,0.2871120572090149,0.020763039588928223,False,0.22894894894894896,0.9569358253109701,0.031010448932647705,0.3155146837234497,0.284504234790802,0.0105438232421875,False,0.3068348348348348,0.9750465001877678,0.03665471076965332,0.32196396589279175,0.2853092551231384,0.004899561405181885,False,0.4731351351351351,0.9924410562817635,0.0487743616104126,0.31579113006591797,0.26701676845550537,-0.007220089435577393,False,0.5356216216216216,0.746717880377033,0.9050870870870871,11,False,0.09028869041548186,0.9615158198125952,0.9682029240051232,0.03416067361831665,0.32026833295822144,0.2861076593399048,0.007393598556518555,False,0.10977777777777778,0.8888574496308765,0.020791232585906982,0.3079032897949219,0.2871120572090149,0.020763039588928223,False,0.22894894894894896,0.8549172136248705,0.017737001180648804,0.32101914286613464,0.30328214168548584,0.0238172709941864,False,0.3728228228228228,0.908243714286851,0.022923767566680908,0.323505699634552,0.3005819320678711,0.018630504608154297,False,0.45225825825825827,0.9694348215016957,0.03456851840019226,0.3125312030315399,0.27796268463134766,0.006985753774642944,False,0.5147447447447447,0.937978219078213,0.5147447447447447,6,False,0.9694348215016957,0.9169097632154268,1.450173299999733,-0.19126033870117998,0.04460605659716832
166283675,10657,A shirtless man and three women walk outside near a street cafe.,153906,Two women runners in athletic shorts and bras going down a city street.,900144365,0.3701704144477844,0.31982696056365967,0.050343453884124756,0.9935316533588919,13,3.469446951953614e-17,1.8868810999993002,0.0002585000002000015,0.00011199999971722718,0.8775162307211019,0.019691169261932373,0.3195957839488983,0.29990461468696594,0.030652284622192383,False,0.16438528138528138,0.8574452189281051,0.017942309379577637,0.3181501626968384,0.30020785331726074,0.03240114450454712,False,0.21866233766233767,0.9479934863805811,0.029029786586761475,0.31930023431777954,0.29027044773101807,0.02131366729736328,False,0.35474458874458875,0.9398143260804758,0.02748247981071472,0.3143807351589203,0.28689825534820557,0.022860974073410034,False,0.4263549783549784,0.6745113304029037,0.0072866082191467285,0.2974112629890442,0.29012465476989746,0.04305684566497803,False,0.5337142857142857,0.56818337496033,0.800974025974026,10,False,0.003934249690464127,0.8955437949101637,0.8581341416689009,0.01799878478050232,0.31310704350471497,0.29510825872421265,0.032344669103622437,False,0.10785714285714286,0.9053301759047825,0.022579044103622437,0.31105655431747437,0.28847751021385193,0.02776440978050232,False,0.21521645021645022,0.82253557236019,0.015336215496063232,0.3093208372592926,0.29398462176322937,0.03500723838806152,False,0.37851948051948053,0.748935045371745,0.010929405689239502,0.30390119552612305,0.29297178983688354,0.039414048194885254,False,0.4327965367965368,0.024350813828266007,-0.036905378103256226,0.27019500732421875,0.307100385427475,0.08724883198738098,True,0.5627792207792208,0.7768530787932155,0.49116883116883114,7,False,0.7098447079213978,0.7614122390201954,1.9328338999985135,-0.20866970383288552,0.13413155588996828
3269841412,61465,"A drunken woman in a blue dress, black tights, and black leather pumps, laying on a couch, smoking a cigarette, laughing.",131764,A blond girl sleeps on a brown couch.,54817316,0.34742069244384766,0.28832900524139404,0.05909168720245361,0.9972929058404043,12,7.632783294297951e-17,1.7185002000005625,0.00026000000070780516,0.00011210000047867652,0.9816465671939918,0.03979414701461792,0.2970920205116272,0.2572978734970093,0.019297540187835693,False,0.19044571428571427,0.1828434856366152,-0.014972001314163208,0.2496996819972992,0.2646716833114624,0.07406368851661682,True,0.3244228571428571,0.1828434856366152,-0.014972001314163208,0.2496996819972992,0.2646716833114624,0.07406368851661682,True,0.3244228571428571,0.2094217168742102,-0.013284146785736084,0.22867339849472046,0.24195754528045654,0.0723758339881897,True,0.4349257142857143,0.2943859777637568,-0.008741766214370728,0.23342032730579376,0.2421620935201645,0.06783345341682434,True,0.50412,0.31739807847443796,0.89348,11,False,0.010335403867345865,0.6061082984577495,0.9975470431693888,0.06008005142211914,0.3361770510673523,0.27609699964523315,-0.0009883642196655273,False,0.17165142857142857,0.4829433013697148,-0.000682532787322998,0.28609567880630493,0.28677821159362793,0.05977421998977661,True,0.3056285714285714,0.4829433013697148,-0.000682532787322998,0.28609567880630493,0.28677821159362793,0.05977421998977661,True,0.3056285714285714,0.04353068585416608,-0.030897825956344604,0.2534566819667816,0.2843545079231262,0.08998951315879822,True,0.4363885714285714,0.009365667968844233,-0.046612948179244995,0.23610439896583557,0.28271734714508057,0.10570463538169861,True,0.5596,0.2947645430393702,0.7396285714285714,9,False,0.0003134261828802026,0.5505076548409313,1.6143609999999171,0.022633535435067742,0.05560064361681816
3938498023,85357,A baker lines up his pretzel racks as he prepares to board them on the back of the truck.,84403,A man with work clothes on standing on the back of a truck.,3887428186,0.41661256551742554,0.29917216300964355,0.11744040250778198,0.999992063579375,12,3.469446951953614e-17,1.928828500000236,0.00025739999910001643,0.00010900000052060932,0.9969382090172466,0.05785688757896423,0.3351459503173828,0.2772890627384186,0.05958351492881775,False,0.16265587044534413,0.995323786938071,0.05360579490661621,0.3259252905845642,0.272319495677948,0.06383460760116577,False,0.2712307692307692,0.8636347274746664,0.018458127975463867,0.29636281728744507,0.2779046893119812,0.09898227453231812,False,0.37991902834008096,0.02112297586756876,-0.03836044669151306,0.23076781630516052,0.2691282629966736,0.15580084919929504,True,0.4790080971659919,0.017960817692423612,-0.04001438617706299,0.1897089183330536,0.22972330451011658,0.15745478868484497,True,0.5396518218623482,0.4995673880976079,0.8593400809716599,10,False,0.368080777333517,0.7719876140348862,0.9996616486973318,0.07991087436676025,0.3625865578651428,0.28267568349838257,0.03752952814102173,False,0.10868825910931174,0.9843440598497545,0.041411250829696655,0.32293152809143066,0.281520277261734,0.07602915167808533,False,0.27134412955465587,0.8989736361370626,0.02185872197151184,0.30312275886535645,0.2812640368938446,0.09558168053627014,False,0.3704331983805668,0.02112297586756876,-0.03836044669151306,0.23076781630516052,0.2691282629966736,0.15580084919929504,True,0.4790080971659919,0.0016934543958401133,-0.06379289925098419,0.18363505601882935,0.24742795526981354,0.18123330175876617,True,0.5531336032388664,0.4154390936924768,0.7080404858299595,7,False,0.0035179507814986923,0.7486942794753431,2.269006399999853,0.08412829440513114,0.02329333455954319
4868221344,119135,A man in a red hat and a woman in a black dress are sitting outside a building on the street.,78796,A man and a woman sitting on each side of a small metal table.,3687062281,0.31605756282806396,0.2870023846626282,0.02905517816543579,0.9481185292190615,12,3.903127820947816e-17,1.781162299999778,0.0002609999992273515,0.00010769999971671496,0.9577219012457052,0.031202882528305054,0.28516438603401184,0.2539615035057068,-0.0021477043628692627,False,0.10680597014925373,0.9208700293909438,0.024542272090911865,0.2588880658149719,0.23434579372406006,0.004512906074523926,False,0.2803940298507463,0.9277923409889441,0.025532618165016174,0.2538638710975647,0.22833125293254852,0.0035225600004196167,False,0.35764776119402986,0.9818630321685219,0.039914995431900024,0.23723182082176208,0.19731682538986206,-0.010859817266464233,False,0.4278686567164179,0.5817672622443413,0.0033003240823745728,0.1780635416507721,0.17476321756839752,0.025754854083061218,False,0.5600119402985074,0.6868935251118341,0.9225014925373134,11,False,0.051913658252260096,0.9046175709714829,0.877394777734482,0.019679874181747437,0.3050774037837982,0.2853975296020508,0.009375303983688354,False,0.14250149253731342,0.6959226056405872,0.008279561996459961,0.28887104988098145,0.2805914878845215,0.02077561616897583,False,0.2109313432835821,0.6602606978555671,0.0066445618867874146,0.23338469862937927,0.22674013674259186,0.022410616278648376,False,0.31773731343283584,0.4760449931562041,-0.0009589344263076782,0.2399674952030182,0.24092642962932587,0.03001411259174347,True,0.4778985074626866,0.1516337873398969,-0.017218440771102905,0.21184945106506348,0.22906789183616638,0.046273618936538696,True,0.6514865671641791,0.4460329521958017,0.8101611940298508,9,False,0.11446252367171271,0.616742060710489,1.5666928999999072,0.2408605729160324,0.2878755102609939
3826425403,83000,A woman with a blue shirt is putting something in her mouth.,72399,A woman blowing on a dandelion.,3530687486,0.3177395164966583,0.3087990880012512,0.008940428495407104,0.7097237696725677,13,3.642919299551295e-17,1.6866473999998561,0.0002640000002429588,0.00011300000005576294,0.9475161066829342,0.02893337607383728,0.24724620580673218,0.2183128297328949,-0.019992947578430176,False,0.12252409638554217,0.9222038855982142,0.0247267484664917,0.2503867745399475,0.2256600260734558,-0.015786319971084595,False,0.20836144578313254,0.9560104539055385,0.03078816831111908,0.25367066264152527,0.2228824943304062,-0.021847739815711975,False,0.3282590361445783,0.7335745783986527,0.01012834906578064,0.223023921251297,0.21289557218551636,-0.0011879205703735352,False,0.48247590361445786,0.7341537297926556,0.010158002376556396,0.23129743337631226,0.22113943099975586,-0.001217573881149292,False,0.5378975903614458,0.8583760887456898,0.581644578313253,8,False,0.8412479316466455,0.865074975510965,0.6521576437238287,0.006285369396209717,0.31880152225494385,0.31251615285873413,0.0026550590991973877,False,0.20573493975903615,0.6521576437238287,0.006285369396209717,0.31880152225494385,0.31251615285873413,0.0026550590991973877,False,0.20573493975903615,0.33371067075096755,-0.006914496421813965,0.31076520681381226,0.3176797032356262,0.01585492491722107,True,0.3645843373493976,0.4063388454322415,-0.003791213035583496,0.30188608169555664,0.30567729473114014,0.0127316415309906,True,0.4776506024096386,0.37781326177529095,-0.0049884021282196045,0.3023277521133423,0.3073161542415619,0.013928830623626709,True,0.5188012048192772,0.45610465538915557,0.5188012048192772,6,False,0.37781326177529095,0.5327032200524664,1.3478052999998908,0.40227143335653426,0.3323717554584986
2724485630,39931,"Two blond women in ""I love beer"" shirts walk outside.",3740,Two blond women sit outside as people walk by wearing casual clothing and some wearing bookbags.,1253095131,0.3788323402404785,0.2960270047187805,0.082805335521698,0.9997466622354929,14,4.163336342344337e-17,1.9085576000015863,0.0002684999999473803,0.00010819999988598283,0.910886675143965,0.02324509620666504,0.3100164532661438,0.28677135705947876,0.05956023931503296,False,0.24306611570247935,0.910886675143965,0.02324509620666504,0.3100164532661438,0.28677135705947876,0.05956023931503296,False,0.24306611570247935,0.8465094466789744,0.0170748233795166,0.30155491828918457,0.28448009490966797,0.0657305121421814,False,0.30479338842975207,0.8762695702047799,0.019575685262680054,0.2888292670249939,0.26925358176231384,0.06322965025901794,False,0.43193388429752066,0.8583002289379695,0.018012434244155884,0.27490878105163574,0.25689634680747986,0.06479290127754211,False,0.5636198347107438,0.7321212725669212,0.7441818181818182,10,False,0.38399275709559766,0.9051694792724347,0.910886675143965,0.02324509620666504,0.3100164532661438,0.28677135705947876,0.05956023931503296,False,0.24306611570247935,0.910886675143965,0.02324509620666504,0.3100164532661438,0.28677135705947876,0.05956023931503296,False,0.24306611570247935,0.8597683156044347,0.01813367009162903,0.3006032705307007,0.28246960043907166,0.06467166543006897,False,0.3216198347107438,0.7469246988730343,0.010822772979736328,0.2884519696235657,0.27762919664382935,0.07198256254196167,False,0.4405702479338843,0.5200521627003761,0.0008025169372558594,0.2877647876739502,0.28696227073669434,0.08200281858444214,False,0.5074504132231406,0.5672584999335276,0.747595041322314,10,False,0.18794401491562776,0.866443454821037,2.4166322000000946,0.16486277263339355,0.03872602445139772
4460747081,96772,"A male in a suit holding a beverage in a cup walking down the sidewalk, next to a city bus.",99482,A man in a business suit sitting at a bus stop waiting for a bus.,4525077213,0.33167701959609985,0.29993224143981934,0.03174477815628052,0.9598624549242528,14,2.862293735361732e-17,1.749879900000451,0.0002609000002848916,0.00011110000014014076,0.8475959346264679,0.017158687114715576,0.29090768098831177,0.2737489938735962,0.014586091041564941,False,0.21195195195195196,0.8475959346264679,0.017158687114715576,0.29090768098831177,0.2737489938735962,0.014586091041564941,False,0.21195195195195196,0.5826650669505381,0.0033372342586517334,0.2258249819278717,0.22248774766921997,0.028407543897628784,False,0.3484504504504505,0.5741413855200952,0.002987682819366455,0.22868946194648743,0.22570177912712097,0.028757095336914062,False,0.4117417417417417,0.26936722080619807,-0.00997835397720337,0.21603697538375854,0.22601532936096191,0.04172313213348389,True,0.5163363363363364,0.5825569090389757,0.7685945945945946,11,False,0.5284093524484029,0.7163596436279718,0.9685757732936593,0.03428247570991516,0.3063013553619385,0.2720188796520233,-0.0025376975536346436,False,0.12553753753753755,0.8475959346264679,0.017158687114715576,0.29090768098831177,0.2737489938735962,0.014586091041564941,False,0.21195195195195196,0.42229857111858515,-0.003133445978164673,0.2431316077709198,0.24626505374908447,0.03487822413444519,True,0.34924924924924927,0.4069957406799964,-0.0037639886140823364,0.24628107249736786,0.2500450611114502,0.035508766770362854,True,0.4627807807807808,0.4013314781632019,-0.003999203443527222,0.2329263985157013,0.23692560195922852,0.03574398159980774,True,0.5154654654654655,0.5259158628805272,0.6558258258258258,9,False,0.34933421626566435,0.6888195719237905,1.624426599999424,0.05664104615844856,0.027540071704181268
3107059919,54625,"A little girl barefoot, wearing a white shirt and brown skirt runs along the sandy shoreline.",98123,A young girl fully dresses running on the beach towards the water.,449236667,0.36081627011299133,0.35603243112564087,0.004783838987350464,0.6173661834392985,14,7.39425881635114e-17,1.8591572000004817,0.0002731000004132511,0.00011019999874406494,0.5825744775864902,0.0033335089683532715,0.3459163308143616,0.3425828218460083,0.0014503300189971924,False,0.129488,0.47845806898792104,-0.0008622109889984131,0.3131662607192993,0.31402847170829773,0.005646049976348877,True,0.24453866666666665,0.4667814168910092,-0.0013307034969329834,0.3071286380290985,0.3084593415260315,0.006114542484283447,True,0.3869226666666667,0.6284005604491268,0.005253612995147705,0.32934314012527466,0.32408952713012695,-0.0004697740077972412,False,0.481952,0.5890815872762699,0.0036017000675201416,0.28831496834754944,0.2847132682800293,0.0011821389198303223,False,0.568848,0.5616906561652888,0.878128,12,False,0.489470533800677,0.5466364819818045,0.7367317449917855,0.01029050350189209,0.3674844205379486,0.3571939170360565,-0.005506664514541626,False,0.142352,0.58802287059539,0.0035579800605773926,0.3394815921783447,0.33592361211776733,0.0012258589267730713,False,0.27174933333333334,0.5765893548672056,0.0030878782272338867,0.33858251571655273,0.33549463748931885,0.0016959607601165771,False,0.3423466666666667,0.3821284674354784,-0.004805237054824829,0.3067498207092285,0.31155505776405334,0.009589076042175293,True,0.4718346666666667,0.38261340059687843,-0.004784703254699707,0.30302268266677856,0.30780738592147827,0.009568542242050171,True,0.5231093333333333,0.5027645264006058,0.5780106666666667,8,False,0.39409292541305907,0.5828142218658098,1.8459268999995402,0.05892612976468303,-0.0361777398840053
3079340229,53330,"A young man in a gray tee-shirt and gray sweatpants stands by a metal tiered shelf in an industrial kitchen, holding the top edge of the metal structure, with one leg resting on the knee of the other leg.",82084,An gymnast is working the bar.,378969774,0.3570902347564697,0.3073526620864868,0.04973757266998291,0.9931304080007447,13,3.642919299551295e-17,1.7082210999997187,0.00027719999889086466,0.00011029999950551428,0.9772036294074634,0.0375809371471405,0.3051348328590393,0.2675538957118988,0.012156635522842407,False,0.10619607843137255,0.2693384815542945,-0.009979814291000366,0.2561897337436676,0.26616954803466797,0.059717386960983276,True,0.24669467787114846,0.4019216411831333,-0.003974646329879761,0.23135250806808472,0.23532715439796448,0.05371221899986267,True,0.36979271708683475,0.2600560864710118,-0.010456770658493042,0.21727465093135834,0.22773142158985138,0.06019434332847595,True,0.4203529411764706,0.13369538051383698,-0.018686726689338684,0.20484931766986847,0.22353604435920715,0.0684242993593216,True,0.5690756302521008,0.30295493817737373,0.7233389355742297,9,False,0.04637521141971083,0.49118207066821645,0.607603030369444,0.0043724775314331055,0.27923494577407837,0.27486246824264526,0.045365095138549805,False,0.16751820728291317,0.4012756280064685,-0.004001528024673462,0.2803162932395935,0.28431782126426697,0.05373910069465637,True,0.23707002801120447,0.16111866825569782,-0.01649928092956543,0.2228042185306549,0.23930349946022034,0.06623685359954834,True,0.31624649859943976,0.1024493996089485,-0.021703004837036133,0.2109566330909729,0.23265963792800903,0.07144057750701904,True,0.4229579831932773,0.1067619598984547,-0.02124251425266266,0.20950005948543549,0.23074257373809814,0.07098008692264557,True,0.5210700280112045,0.24859034420416315,0.5210700280112045,7,False,0.1067619598984547,0.4140533996123817,1.4800296000012167,0.054364593973210584,0.07712867105583476
4860086271,118620,"A boy wearing shorts, crocs, and a white shirt plays with a yo-yo while another boy looks at his yo-yo in the background.",75691,Two boys cross a city street while kicking a red soccer ball.,3608661756,0.3498866558074951,0.34248095750808716,0.007405698299407959,0.6771204497878057,13,5.204170427930421e-17,1.6846590000004653,0.00026820000130101107,0.0001112000009015901,0.702303054202205,0.008582890033721924,0.33823293447494507,0.32965004444122314,-0.0011771917343139648,False,0.15494894894894895,0.5339676947850206,0.0013608038425445557,0.30155429244041443,0.3001934885978699,0.006044894456863403,False,0.24478078078078078,0.5183165029319469,0.0007329881191253662,0.2721031606197357,0.27137017250061035,0.006672710180282593,False,0.30094294294294294,0.15510794862713634,-0.016950875520706177,0.2540571689605713,0.27100804448127747,0.024356573820114136,True,0.41123723723723726,0.19134851076911177,-0.014412716031074524,0.22803965210914612,0.24245236814022064,0.021818414330482483,True,0.5554594594594595,0.3161514487302438,0.7758858858858859,10,False,0.15501853192661377,0.45740227332730365,0.3725199153453956,-0.005214214324951172,0.32687807083129883,0.33209228515625,0.01261991262435913,True,0.20012612612612612,0.3725199153453956,-0.005214214324951172,0.32687807083129883,0.33209228515625,0.01261991262435913,True,0.20012612612612612,0.10056958906308949,-0.021909117698669434,0.3045726418495178,0.32648175954818726,0.029314815998077393,True,0.32816216216216215,0.03565617183708,-0.03297525644302368,0.2675289213657379,0.3005041778087616,0.04038095474243164,True,0.4721081081081081,0.03164822931706803,-0.03420913219451904,0.26684433221817017,0.3010534644126892,0.041614830493927,True,0.5323843843843844,0.1577699932047709,0.4721081081081081,6,False,0.03565617183708,0.2763970716086103,1.4449163999997836,0.15838145552547292,0.18100520171869333
862560775,153320,"A man in a yellow jacket with the number twelve on his back uses a rod to pull a horse, as people behind a Bud Light sign watch.",141945,"A man with a striped shirt, blue jeans and a red kerchief in his pocket is being thrown off a brown irate horse while a brown and tan horse is buckling while the crowd is watching",6818129694,0.3549448549747467,0.3494512438774109,0.005493611097335815,0.6339873508869817,13,1.0755285551056204e-16,1.730527700001403,0.0002620999985083472,0.0001114999995479593,0.00249116405203867,-0.05992510914802551,0.2788783013820648,0.33880341053009033,0.06541872024536133,True,0.14274666666666666,0.0035387341886999463,-0.05640441179275513,0.27377718687057495,0.3301815986633301,0.06189802289009094,True,0.23901866666666666,0.0017476401870353748,-0.06347739696502686,0.266325443983078,0.32980284094810486,0.06897100806236267,True,0.31699733333333335,0.0007964536516030377,-0.07134544849395752,0.2606332302093506,0.3319786787033081,0.07683905959129333,True,0.4658346666666667,0.0011971108486588417,-0.06726646423339844,0.24296283721923828,0.3102293014526367,0.07276007533073425,True,0.5658773333333333,0.04057223878698682,0.8695573333333333,11,False,0.007244172192320592,0.08166612568511843,0.00249116405203867,-0.05992510914802551,0.2788783013820648,0.33880341053009033,0.06541872024536133,True,0.14274666666666666,0.0019490881143722882,-0.06238442659378052,0.2745749056339264,0.3369593322277069,0.06787803769111633,True,0.20890133333333333,0.0021794796718876083,-0.061264872550964355,0.27056580781936646,0.3318306803703308,0.06675848364830017,True,0.30517333333333335,0.01007594382802861,-0.04587477445602417,0.2582681179046631,0.30414289236068726,0.051368385553359985,True,0.405216,0.002145694709439552,-0.06142143905162811,0.2434108406305313,0.3048322796821594,0.06691505014896393,True,0.5489226666666667,0.0427721484938171,0.405216,5,False,0.01007594382802861,0.0861039243013142,1.5841466000001674,-0.0021999097068302817,-0.004437798616195768
479807465,114300,Young dirt bikers try to get a dirt bike up a sandy hill.,108481,"During a race, the blue biker cleared a jump safely, while another biker appears to not be doing as well as the biker jumping.",4700788144,0.3362804651260376,0.3073059916496277,0.028974473476409912,0.9477201058526141,13,6.245004513516506e-17,1.6796176999996533,0.0002777999998215819,0.00010970000039378647,0.6542390118586122,0.0063772499561309814,0.33045053482055664,0.32407328486442566,0.02259722352027893,False,0.10908157099697885,0.9333624971333978,0.02639526128768921,0.31053832173347473,0.2841430604457855,0.002579212188720703,False,0.25714199395770393,0.9592768479217483,0.03159382939338684,0.2935445308685303,0.26195070147514343,-0.0026193559169769287,False,0.34545619335347433,0.6541007961800429,0.006371140480041504,0.27592647075653076,0.26955533027648926,0.022603332996368408,False,0.40505740181268884,0.9594079694903636,0.03162744641304016,0.21023023128509521,0.17860278487205505,-0.002652972936630249,False,0.5680543806646525,0.8924151810595033,0.5680543806646525,7,False,0.9594079694903636,0.823960205183602,0.6542390118586122,0.0063772499561309814,0.33045053482055664,0.32407328486442566,0.02259722352027893,False,0.10908157099697885,0.8637978515549024,0.018471986055374146,0.3354446291923523,0.31697264313697815,0.010502487421035767,False,0.2276797583081571,0.8348987612192833,0.016207516193389893,0.33443498611450195,0.31822746992111206,0.01276695728302002,False,0.30293051359516615,0.45901784070363505,-0.0016429722309112549,0.30973976850509644,0.3113827407360077,0.030617445707321167,True,0.45977643504531723,0.8554630703360384,0.017781078815460205,0.28486764430999756,0.26708656549453735,0.011193394660949707,False,0.6078368580060423,0.7333164522461362,0.8005861027190332,10,False,0.6248717225687724,0.7240240291432261,1.4394516000011208,0.15909872881336717,0.09993617604037597
3443404125,68720,Two older men are having a discussion outdoors in an area with stone walls and floor.,41373,A man and a woman are chatting while sitting next to a black gate.,2762599124,0.3838370442390442,0.34910154342651367,0.03473550081253052,0.9699257465862924,13,1.0386656812411132e-16,1.7630286000003252,0.00025939999977708794,0.0001083999995898921,0.23218649940097444,-0.011960059404373169,0.286980539560318,0.29894059896469116,0.046695560216903687,True,0.105888,0.24322517853654638,-0.011350780725479126,0.2512558102607727,0.26260659098625183,0.046086281538009644,True,0.25977066666666665,0.3901319340208809,-0.004467576742172241,0.25178393721580505,0.2562515139579773,0.03920307755470276,True,0.34858133333333335,0.6668076502749185,0.006937816739082336,0.2552916407585144,0.24835382401943207,0.02779768407344818,False,0.4247146666666667,0.45900636990930466,-0.0016434341669082642,0.24167264997959137,0.24331608414649963,0.03637893497943878,True,0.5149493333333334,0.3870731475162142,0.9426933333333334,12,False,0.30380312702271045,0.4260142734404326,0.23218649940097444,-0.011960059404373169,0.286980539560318,0.29894059896469116,0.046695560216903687,True,0.105888,0.749870833118316,0.010979235172271729,0.2807828187942505,0.26980358362197876,0.02375626564025879,False,0.3043093333333333,0.749870833118316,0.010979235172271729,0.2807828187942505,0.26980358362197876,0.02375626564025879,False,0.3043093333333333,0.6903610204305095,0.008018076419830322,0.2816493511199951,0.2736312747001648,0.026717424392700195,False,0.47197866666666666,0.4668874914224538,-0.001326441764831543,0.269448459148407,0.2707749009132385,0.03606194257736206,True,0.550528,0.3933204319152235,0.7169493333333333,8,False,0.11018491056392385,0.5944604095235473,1.8866149999994377,-0.00624728439900929,-0.1684461360831147
3182490771,57572,An old black man sitting in front of a white and blue shack.,114781,A man sitting on a chair with a house in the background.,4805425261,0.37981319427490234,0.3411419987678528,0.03867119550704956,0.979510081611791,11,3.859759734048396e-17,1.7605462999999872,0.00026199999956588726,0.00010239999937766697,0.9246197486932244,0.02506837248802185,0.28012633323669434,0.2550579607486725,0.01360282301902771,False,0.287216,0.9246197486932244,0.02506837248802185,0.28012633323669434,0.2550579607486725,0.01360282301902771,False,0.287216,0.3936244140207699,-0.0043210238218307495,0.2416314333677292,0.24595245718955994,0.04299221932888031,True,0.3614293333333333,0.4392144615445938,-0.0024435073137283325,0.23846839368343353,0.24091190099716187,0.04111470282077789,True,0.4303786666666667,0.4072043485393146,-0.003755345940589905,0.19237706065177917,0.19613240659236908,0.042426541447639465,True,0.5406826666666666,0.6747453582457532,0.85632,9,False,0.5895208538141461,0.7356578650646376,0.7647289454574484,0.011787831783294678,0.31658273935317993,0.30479490756988525,0.026883363723754883,False,0.12938666666666668,0.8494472309660391,0.017302721738815308,0.32797935605049133,0.310676634311676,0.021368473768234253,False,0.20821333333333333,0.7181501454393098,0.009353041648864746,0.3188619017601013,0.3095088601112366,0.029318153858184814,False,0.36008,0.8168842901054064,0.014953792095184326,0.3206906318664551,0.30573683977127075,0.023717403411865234,False,0.4290293333333333,0.2898297664469449,-0.008962109684944153,0.20013318955898285,0.209095299243927,0.04763330519199371,True,0.7162453333333333,0.5896718486488186,0.7162453333333333,7,False,0.2898297664469449,0.7083416306055917,1.49128969999947,0.0850735095969346,0.02731623445904585
3613264553,75931,A white dog is on a large rocky surface at a high elevation.,40424,A dog climbs a hill.,2738077433,0.3515623211860657,0.29072892665863037,0.0608333945274353,0.9977246409261632,15,3.5128150388530344e-17,1.6852672000004532,0.00027349999982106965,0.00011350000022503082,0.9929901557028709,0.04953405261039734,0.3431399166584015,0.29360586404800415,0.011299341917037964,False,0.12384025559105431,0.615470634206453,0.0047036707401275635,0.27421408891677856,0.269510418176651,0.05612972378730774,False,0.26191054313099044,0.606120543616398,0.004310339689254761,0.27282485365867615,0.2685145139694214,0.05652305483818054,False,0.31831948881789135,0.1104077599336538,-0.020865827798843384,0.2348708212375641,0.25573664903640747,0.08169922232627869,True,0.44169968051118214,0.09250660356209156,-0.022834062576293945,0.22784799337387085,0.2506820559501648,0.08366745710372925,True,0.5149584664536742,0.3541148491865337,0.6454632587859425,10,False,0.08812549536378654,0.6221769759053416,0.9653802209199968,0.03328096866607666,0.3372165560722351,0.30393558740615845,0.027552425861358643,False,0.12855591054313098,0.615470634206453,0.0047036707401275635,0.27421408891677856,0.269510418176651,0.05612972378730774,False,0.26191054313099044,0.2596336567903471,-0.010478734970092773,0.2540986239910126,0.26457735896110535,0.07131212949752808,True,0.3302300319488818,0.2876750043317893,-0.009067028760910034,0.2540593147277832,0.26312634348869324,0.06990042328834534,True,0.4034888178913738,0.08271046054666448,-0.024060770869255066,0.22843118011951447,0.25249195098876953,0.08489416539669037,True,0.5403642172523961,0.34583258637035175,0.6740127795527157,10,False,0.05966990132830364,0.5679141981165015,1.4882987999990291,0.00828226281618194,0.054262777788840144
6918264972,143312,A jockey wearing a red and blue outfit is staring down a racetrack riding a gray horse.,153323,"A male wearing a number 12 shirt, is maintaining the horse steady.",862560775,0.3686507046222687,0.3197811245918274,0.048869580030441284,0.9925121533864206,11,3.469446951953614e-17,1.6663668999990477,0.00026620000062393956,0.0001126000006479444,0.9160026728880024,0.023892343044281006,0.3068926930427551,0.2830003499984741,0.02497723698616028,False,0.1723903903903904,0.8297933360617522,0.015841633081436157,0.30682265758514404,0.2909810245037079,0.03302794694900513,False,0.29145345345345347,0.495830006725753,-0.00016680359840393066,0.2542703449726105,0.2544371485710144,0.049036383628845215,True,0.49325525525525526,0.495830006725753,-0.00016680359840393066,0.2542703449726105,0.2544371485710144,0.049036383628845215,True,0.49325525525525526,0.20373135495753153,-0.013631343841552734,0.2223913073539734,0.23602265119552612,0.06250092387199402,True,0.5470870870870871,0.562607081602931,0.9058918918918919,10,False,0.29569761017834634,0.7695678666286209,0.9160026728880024,0.023892343044281006,0.3068926930427551,0.2830003499984741,0.02497723698616028,False,0.1723903903903904,0.8297933360617522,0.015841633081436157,0.30682265758514404,0.2909810245037079,0.03302794694900513,False,0.29145345345345347,0.495830006725753,-0.00016680359840393066,0.2542703449726105,0.2544371485710144,0.049036383628845215,True,0.49325525525525526,0.495830006725753,-0.00016680359840393066,0.2542703449726105,0.2544371485710144,0.049036383628845215,True,0.49325525525525526,0.20373135495753153,-0.013631343841552734,0.2223913073539734,0.23602265119552612,0.06250092387199402,True,0.5470870870870871,0.5123202236098308,0.6358738738738738,6,False,0.21822834878840022,0.7695678666286209,1.3252929000009317,0.05028685799310029,0.0
3446941415,68852,A young girl has lifted her friend and is carrying her in her arms.,77943,A girl cyclist being hugged by another girl.,3665179773,0.33025282621383667,0.32450613379478455,0.005746692419052124,0.6398398787780033,13,5.898059818321144e-17,1.6644942999992054,0.00027489999956742395,0.00011030000132450368,0.13439538278261048,-0.018626421689987183,0.23116648197174072,0.2497929036617279,0.024373114109039307,True,0.14905389221556886,0.12050907251269188,-0.019876182079315186,0.231739342212677,0.2516155242919922,0.02562287449836731,True,0.24997005988023951,0.034738502577045166,-0.0332455039024353,0.22078841924667358,0.2540339231491089,0.03899219632148743,True,0.3209760479041916,0.03558993002545164,-0.03299453854560852,0.21565422415733337,0.2486487627029419,0.038741230964660645,True,0.4706047904191617,0.03127941682732874,-0.034330159425735474,0.21294285356998444,0.2472730129957199,0.0400768518447876,True,0.5366706586826347,0.20646388744643196,0.9288622754491018,12,False,0.4490294352710103,0.1556738766344425,0.2329279606131903,-0.011918514966964722,0.2894814610481262,0.30139997601509094,0.017665207386016846,True,0.14847305389221557,0.04292891376953231,-0.031043320894241333,0.22187867760658264,0.252921998500824,0.03679001331329346,True,0.22005988023952097,0.014902423816089624,-0.04191216826438904,0.2066306173801422,0.24854278564453125,0.04765886068344116,True,0.33098203592814374,0.008922076035624248,-0.04710264503955841,0.18287278711795807,0.22997543215751648,0.052849337458610535,True,0.41464670658682634,0.015020440104942542,-0.0418320894241333,0.19446593523025513,0.23629802465438843,0.047578781843185425,True,0.5115868263473053,0.09316192508616696,0.33098203592814374,5,False,0.014902423816089624,0.15643411081005404,1.4577097000001231,0.113301962360265,-0.0007602341756115516
3332883133,63910,"A man, wearing black jeans and a gray shirt, stands in the front of a classroom writing on a chalkboard.",20141,A man is standing in front of a classroom full of students teaching about Brazil,221586389,0.38784921169281006,0.31055042147636414,0.07729879021644592,0.9995606957894627,13,7.632783294297951e-17,1.6628970000001573,0.0002701999983401038,0.00010930000098596793,0.9883193522543461,0.04438072443008423,0.3537696599960327,0.3093889355659485,0.032918065786361694,False,0.18822822822822824,0.9954587587787176,0.05390003323554993,0.3569421172142029,0.30304208397865295,0.023398756980895996,False,0.2698858858858859,0.8185686988872701,0.015066802501678467,0.3093221187591553,0.2942553162574768,0.062231987714767456,False,0.4159159159159159,0.8185686988872701,0.015066802501678467,0.3093221187591553,0.2942553162574768,0.062231987714767456,False,0.4159159159159159,0.701241472193719,0.008532166481018066,0.30780577659606934,0.29927361011505127,0.06876662373542786,False,0.5184204204204205,0.6738178662827391,0.6812372372372373,8,False,0.30174461130408486,0.9228568630676957,0.998141385820735,0.0628606379032135,0.3683151304721832,0.3054544925689697,0.014438152313232422,False,0.1569009009009009,0.9954587587787176,0.05390003323554993,0.3569421172142029,0.30304208397865295,0.023398756980895996,False,0.2698858858858859,0.8185686988872701,0.015066802501678467,0.3093221187591553,0.2942553162574768,0.062231987714767456,False,0.4159159159159159,0.8185686988872701,0.015066802501678467,0.3093221187591553,0.2942553162574768,0.062231987714767456,False,0.4159159159159159,0.6020577903646568,0.0041404664516448975,0.3019733726978302,0.2978329062461853,0.07315832376480103,False,0.5786246246246246,0.7921201909366856,0.6229009009009009,7,False,0.6536036791021976,0.8941366133121125,1.367505700000038,-0.11830232465394652,0.028720249755583183
111497985,1703,A woman in a striped shirt climbs up a mountain.,90140,A girl wearing glasses is in a blue harness while rock climbing.,416992999,0.34634023904800415,0.32734689116477966,0.018993347883224487,0.8698162182798105,13,3.8163916471489756e-17,1.7498770000001969,0.0002691999998205574,0.00011030000132450368,0.9794434331903196,0.03863804042339325,0.27873411774635315,0.2400960773229599,-0.019644692540168762,False,0.17823466666666668,0.9902922833564114,0.04625079035758972,0.261664479970932,0.21541368961334229,-0.027257442474365234,False,0.2589706666666667,0.9841339424719568,0.04127579927444458,0.2524818181991577,0.21120601892471313,-0.022282451391220093,False,0.3362293333333333,0.9982208104973396,0.06329816579818726,0.2717123031616211,0.20841413736343384,-0.04430481791496277,False,0.420016,0.9994567701516174,0.07517434656620026,0.22900064289569855,0.1538262963294983,-0.05618099868297577,False,0.5281813333333333,0.9875469793357485,0.7672906666666667,10,False,0.9976942963866032,0.9687455725266251,0.9857194723580661,0.042344748973846436,0.3043404221534729,0.26199567317962646,-0.023351401090621948,False,0.176624,0.9907684441768487,0.04675853252410889,0.31804704666137695,0.27128851413726807,-0.0277651846408844,False,0.2522933333333333,0.9992947786035938,0.07256293296813965,0.3101227879524231,0.23755985498428345,-0.05356958508491516,False,0.3479946666666667,0.9991254167204652,0.0704088807106018,0.2909034788608551,0.2204945981502533,-0.05141553282737732,False,0.4091093333333333,0.9902130329392481,0.04616868495941162,0.26679256558418274,0.22062388062477112,-0.027175337076187134,False,0.56536,0.98209645836361,0.6440426666666667,8,False,0.9822469433680866,0.9734608088020528,1.694113899999138,0.005450520972138495,-0.004715236275427692
4727540499,110211,Two young men playing electric guitars in a grunge-type setting.,53145,"A group of young adults are leaning against a metal fence in a dark place, possibly a concert.",3072673694,0.33461278676986694,0.3198346197605133,0.014778167009353638,0.8142425797678534,10,3.165870343657673e-17,1.6976574000000255,0.0002600999996502651,0.0001050000009854557,0.8568142137066114,0.01789078116416931,0.3314857482910156,0.3135949671268463,-0.003112614154815674,False,0.11695808383233533,0.06493909580450039,-0.026671618223190308,0.2928789556026459,0.3195505738258362,0.041449785232543945,True,0.3415868263473054,0.06493909580450039,-0.026671618223190308,0.2928789556026459,0.3195505738258362,0.041449785232543945,True,0.3415868263473054,0.062334986453115374,-0.027108699083328247,0.2751219570636749,0.3022306561470032,0.041886866092681885,True,0.42991017964071854,0.6066860404623934,0.0043340325355529785,0.26074761152267456,0.2564135789871216,0.01044413447380066,False,0.5457065868263473,0.3246640111536505,0.8468562874251497,8,False,0.043997693399021626,0.45006547859516055,0.31714487702991584,-0.007669240236282349,0.31400081515312195,0.3216700553894043,0.022447407245635986,True,0.19911976047904192,0.06493909580450039,-0.026671618223190308,0.2928789556026459,0.3195505738258362,0.041449785232543945,True,0.3415868263473054,0.06493909580450039,-0.026671618223190308,0.2928789556026459,0.3195505738258362,0.041449785232543945,True,0.3415868263473054,0.03564981894971193,-0.03297710418701172,0.28066059947013855,0.31363770365715027,0.047755271196365356,True,0.4328982035928144,0.0074953808379744375,-0.04885944724082947,0.2562853991985321,0.3051448464393616,0.0636376142501831,True,0.539808383233533,0.14404536583175356,0.4328982035928144,4,False,0.03564981894971193,0.2718682818291531,1.1021866999999475,0.18061864532189695,0.17819719676600743
4732745499,110578,Two older women outside set against a cityscape.,97355,A lady wearing a headset and a microphone talking on the phone and standing next to a light pole waiting to cross the street.,4475663002,0.3260419964790344,0.31609857082366943,0.00994342565536499,0.72994480655213,14,5.204170427930421e-17,1.8203066999994917,0.0002567999999882886,0.00010889999975915998,0.7669857655935082,0.011913686990737915,0.3063500225543976,0.29443633556365967,-0.001970261335372925,False,0.20774941995359628,0.7669857655935082,0.011913686990737915,0.3063500225543976,0.29443633556365967,-0.001970261335372925,False,0.20774941995359628,0.7595561126477305,0.011502474546432495,0.2948693335056305,0.283366858959198,-0.0015590488910675049,False,0.3507888631090487,0.5879997674528736,0.0035570263862609863,0.2749018669128418,0.2713448405265808,0.006386399269104004,False,0.42737354988399073,0.8831188466725669,0.020223021507263184,0.3019864559173584,0.2817634344100952,-0.010279595851898193,False,0.579016241299304,0.7451480041988764,0.7563619489559165,10,False,0.7397167523743169,0.7388641529273271,0.930398822482751,0.0259283185005188,0.3182983994483948,0.292370080947876,-0.01598489284515381,False,0.11641763341067285,0.6471857966275764,0.00606691837310791,0.30151844024658203,0.2954515218734741,0.00387650728225708,False,0.28433410672853826,0.9265928001783134,0.02535492181777954,0.31341424584388733,0.2880593240261078,-0.01541149616241455,False,0.36206496519721576,0.9022026734930746,0.022219419479370117,0.3128819465637207,0.2906625270843506,-0.012275993824005127,False,0.4711740139211137,0.9052783112836171,0.022572994232177734,0.290809690952301,0.2682366967201233,-0.012629568576812744,False,0.543893271461717,0.87937796184099,0.5875220417633411,7,False,0.9126834783891447,0.8379435271707792,2.0331921000015427,-0.13422995764211365,-0.09907937424345215
1881494074,13079,Woman is taking a picture of a baby in a pink hat.,55688,A woman in a pink skirt is holding a baby.,3135317718,0.38237082958221436,0.3316457271575928,0.05072510242462158,0.9937723570599873,13,5.204170427930421e-17,1.7930457000002207,0.000264299998889328,0.00010789999942062423,0.8548247768246102,0.01772955060005188,0.29984039068222046,0.2821108400821686,0.0329955518245697,False,0.198368,0.7203977298179938,0.009464353322982788,0.279270201921463,0.2698058485984802,0.041260749101638794,False,0.275376,0.6006835792645624,0.0040831416845321655,0.24893605709075928,0.2448529154062271,0.046641960740089417,False,0.360672,0.5720980178980885,0.002904161810874939,0.2403106391429901,0.23740647733211517,0.04782094061374664,False,0.43045866666666666,0.6826714750715585,0.007660761475563049,0.23546719551086426,0.2278064340353012,0.04306434094905853,False,0.533424,0.6928773956437436,0.7845546666666666,10,False,0.5111151797661311,0.7608698520122524,0.7898614311341386,0.013240903615951538,0.29981738328933716,0.2865764796733856,0.037484198808670044,False,0.13285333333333332,0.7799646276689399,0.012654602527618408,0.28378531336784363,0.2711307108402252,0.038070499897003174,False,0.23772266666666667,0.5620979522150237,0.0024968087673187256,0.26891785860061646,0.26642104983329773,0.048228293657302856,False,0.3670933333333333,0.47100436267344786,-0.001161128282546997,0.2651706039905548,0.2663317322731018,0.05188623070716858,True,0.43688,0.6626621996658676,0.006751805543899536,0.2658037543296814,0.25905194878578186,0.043973296880722046,False,0.5377386666666667,0.6895328835781672,0.5377386666666667,7,False,0.6626621996658676,0.7081959594207862,1.590813499999058,0.0033445120655763994,0.052673892591466265
2666111736,37745,A man in a red shirt and jeans and a toddler on a rock near the water.,15393,Two young children and an adult are fishing on the shoreline near large rocks.,2063399864,0.3685551583766937,0.34593021869659424,0.022624939680099487,0.9057228040905221,14,7.204523436166177e-17,1.664251800000784,0.00027259999842499383,0.00010850000035134144,0.967257417118863,0.033857882022857666,0.31657886505126953,0.28272098302841187,-0.011232942342758179,False,0.195987987987988,0.6262532057072654,0.005161762237548828,0.28863129019737244,0.2834695279598236,0.01746317744255066,False,0.26986786786786787,0.36994534944475527,-0.005324512720108032,0.2722579836845398,0.2775824964046478,0.02794945240020752,True,0.3061861861861862,0.292545163290327,-0.008830547332763672,0.25699740648269653,0.2658279538154602,0.03145548701286316,True,0.4403183183183183,0.1542946017303593,-0.017013072967529297,0.23487484455108643,0.2518879175186157,0.039638012647628784,True,0.511069069069069,0.3462906809527223,0.6977117117117118,10,False,0.03280573833460297,0.6275724822591131,0.3720748796390411,-0.005233258008956909,0.3243767023086548,0.3296099603176117,0.027858197689056396,True,0.13495495495495496,0.067944934520129,-0.02618694305419922,0.2848024368286133,0.3109893798828125,0.048811882734298706,True,0.25587987987987987,0.06329376217216091,-0.026945829391479492,0.28555822372436523,0.3125040531158447,0.04957076907157898,True,0.3292792792792793,0.037787411725071364,-0.03237259387969971,0.26522189378738403,0.29759448766708374,0.054997533559799194,True,0.4634114114114114,0.02497170666826688,-0.03664723038673401,0.2546808123588562,0.2913280427455902,0.059272170066833496,True,0.5348888888888889,0.1612814412441579,0.4634114114114114,7,False,0.037787411725071364,0.23680752719324552,1.4847969000002195,0.1850092397085644,0.3907649550658676
566945636,133413,A man throws a fishing net into the bay.,43156,A man and two girls show off a fish while holding fishing poles in front of a body of water.,2812568040,0.34181302785873413,0.29722079634666443,0.0445922315120697,0.9885610154964817,14,6.245004513516506e-17,1.7505804999982502,0.0002640000002429588,0.00010970000039378647,0.9768130812013308,0.03740707039833069,0.27901768684387207,0.24161061644554138,0.007185161113739014,False,0.142848,0.9737587149888755,0.036138296127319336,0.2629774510860443,0.22683915495872498,0.008453935384750366,False,0.21032,0.9490923462915699,0.02925492823123932,0.2728082537651062,0.24355332553386688,0.015337303280830383,False,0.347088,0.9653867941219951,0.03328293561935425,0.269814670085907,0.23653173446655273,0.011309295892715454,False,0.44720533333333334,0.9904929034721223,0.046461641788482666,0.2782507538795471,0.23178911209106445,-0.0018694102764129639,False,0.5172106666666667,0.9836236413055515,0.8649333333333333,12,False,0.9935474923178417,0.9705308245743633,0.945327106967935,0.02850162982940674,0.33193904161453247,0.30343741178512573,0.016090601682662964,False,0.11263466666666666,0.9373979664074763,0.027063101530075073,0.30581432580947876,0.2787512242794037,0.01752912998199463,False,0.247328,0.7292410171084378,0.009907752275466919,0.29261818528175354,0.2827104330062866,0.03468447923660278,False,0.31733333333333336,0.7910510798846884,0.013312727212905884,0.26456505060195923,0.25125232338905334,0.03127950429916382,False,0.4511306666666667,0.8533208535217207,0.0176088809967041,0.2645683288574219,0.24695944786071777,0.0269833505153656,False,0.5357226666666667,0.869231084153169,0.5357226666666667,8,False,0.8533208535217207,0.8685452142256567,1.7529276000004756,0.1143925571523825,0.10198561034870668
3350177228,64748,A man in orange working under dim lighting.,14016,A man in an orange safety vest is using a piece of machinery.,196521598,0.3535640239715576,0.3213014602661133,0.032262563705444336,0.961810482863084,12,8.196568423990414e-17,1.818574400000216,0.00026989999969373457,0.00010420000035082921,0.9913043866752311,0.04736202955245972,0.24435046315193176,0.19698843359947205,-0.01509946584701538,False,0.21083574879227054,0.9913043866752311,0.04736202955245972,0.24435046315193176,0.19698843359947205,-0.01509946584701538,False,0.21083574879227054,0.9942601111990726,0.05154559016227722,0.2542523145675659,0.2027067244052887,-0.019283026456832886,False,0.30882608695652175,0.9978241209038904,0.061281442642211914,0.24327191710472107,0.18199047446250916,-0.029018878936767578,False,0.4327391304347826,0.9983158309515436,0.06384797394275665,0.2479088008403778,0.18406082689762115,-0.03158541023731232,False,0.5739903381642512,0.9922069904929314,0.7682028985507247,9,False,0.9955600355061175,0.9888275953233786,0.9413143545526402,0.02775081992149353,0.32224223017692566,0.29449141025543213,0.004511743783950806,False,0.18043961352657004,0.9384072701752165,0.02723640203475952,0.29955655336380005,0.2723201513290405,0.0050261616706848145,False,0.24691304347826087,0.9393042385182432,0.027392655611038208,0.27994686365127563,0.2525542080402374,0.004869908094406128,False,0.30435265700483094,0.9397257648847664,0.02746683359146118,0.2810922861099243,0.25362545251846313,0.004795730113983154,False,0.4456038647342995,0.944464980888472,0.028336048126220703,0.2810556888580322,0.2527196407318115,0.003926515579223633,False,0.5054202898550725,0.9377324090903639,0.4456038647342995,6,False,0.9397257648847664,0.9440919848626489,1.6166866999992635,0.054474581402567446,0.04473561046072971
2773474615,41810,A woman and a few children in an alleyway in between a vehicle and a fence.,113067,A woman is standing and talking to a group of children.,4773842539,0.3494548499584198,0.3335270285606384,0.015927821397781372,0.8310071706724873,15,4.336808689942018e-17,1.7139702000004036,0.0002632999985507922,0.00011489999997138511,0.9685008524479556,0.03425788879394531,0.31153321266174316,0.27727532386779785,-0.01833006739616394,False,0.15089489489489488,0.9983412006570898,0.06400001049041748,0.31552058458328247,0.251520574092865,-0.04807218909263611,False,0.21830630630630632,0.9994401302668533,0.0748724639415741,0.2769281268119812,0.2020556628704071,-0.058944642543792725,False,0.3355615615615616,0.9978337342482502,0.06132581830024719,0.2676565647125244,0.20633074641227722,-0.04539799690246582,False,0.44053453453453456,0.9976717103597336,0.06060290336608887,0.2684745490550995,0.20787164568901062,-0.044675081968307495,False,0.5004864864864865,0.9862833421232796,0.7272552552552553,11,False,0.9988359040237923,0.9667281543040948,0.9685008524479556,0.03425788879394531,0.31153321266174316,0.27727532386779785,-0.01833006739616394,False,0.15089489489489488,0.9831422900495864,0.04065945744514465,0.3335510194301605,0.29289156198501587,-0.02473163604736328,False,0.25656456456456456,0.9978765703903361,0.061525970697402954,0.31158164143562317,0.2500556707382202,-0.04559814929962158,False,0.3123543543543544,0.9952700647844257,0.053491026163101196,0.25445854663848877,0.20096752047538757,-0.037563204765319824,False,0.4357237237237237,0.9928018592323554,0.049267083406448364,0.25327610969543457,0.2040090262889862,-0.03333926200866699,False,0.5564444444444444,0.9827590932637663,0.4357237237237237,7,False,0.9952700647844257,0.9652189141830816,1.5438998999998148,0.0035242488595133015,0.0015092401210131667
6999596517,144398,"In this photo, two young boys are socializing by a pond.",149723,Two children cross a small brook using a stone bridge.,77587237,0.3077881932258606,0.28228759765625,0.025500595569610596,0.9275775156262206,14,4.163336342344337e-17,1.7543583000006038,0.00026140000045415945,0.00010929999916697852,0.9689599014774369,0.03440943360328674,0.31669723987579346,0.2822878062725067,-0.008908838033676147,False,0.12441066666666667,0.9582957987665166,0.03134554624557495,0.3075767159461975,0.27623116970062256,-0.0058449506759643555,False,0.23928533333333332,0.6239274574428669,0.005062520503997803,0.2907097339630127,0.2856472134590149,0.020438075065612793,False,0.3788533333333333,0.5031359082545778,0.00012543797492980957,0.28522905707359314,0.28510361909866333,0.025375157594680786,False,0.4136053333333333,0.373081567451228,-0.0051901936531066895,0.2649536728858948,0.27014386653900146,0.030690789222717285,True,0.5424746666666667,0.6894472785951606,0.9200853333333333,13,False,0.8713518704851012,0.765248033724162,0.8842985950160996,0.020337820053100586,0.30531764030456543,0.28497982025146484,0.00516277551651001,False,0.11487466666666667,0.926526080300505,0.02534511685371399,0.2920513451099396,0.2667062282562256,0.00015547871589660645,False,0.28697066666666665,0.9113310319601794,0.023299962282180786,0.29496869444847107,0.2716687321662903,0.0022006332874298096,False,0.34209066666666665,0.7986331419467406,0.013777732849121094,0.2891198992729187,0.2753421664237976,0.011722862720489502,False,0.4357333333333333,0.7162515356870854,0.009259432554244995,0.30146801471710205,0.29220858216285706,0.0162411630153656,False,0.5223306666666667,0.7454499216713792,0.6066293333333334,9,False,0.5736771537787011,0.8733812394787129,2.0098873999995703,-0.056002643076218606,-0.10813320575455099
2180356743,18874,A boy stands overlooking a schoolyard where other children play.,4531,"Outside a building, a uniformed security guard looks at the camera from behind a fence.",129860826,0.34321755170822144,0.31364914774894714,0.029568403959274292,0.9505857907029306,13,7.979727989493313e-17,1.7638507000010577,0.0002696999999898253,0.00010779999865917489,0.9182748511880923,0.024191349744796753,0.3069123327732086,0.28272098302841187,0.005377054214477539,False,0.25536533333333333,0.9182748511880923,0.024191349744796753,0.3069123327732086,0.28272098302841187,0.005377054214477539,False,0.25536533333333333,0.7419637418221992,0.010562002658843994,0.2982788681983948,0.2877168655395508,0.019006401300430298,False,0.30380266666666667,0.29003438362553513,-0.008952170610427856,0.28064295649528503,0.2895951271057129,0.03852057456970215,True,0.437424,0.013905103496829914,-0.04261496663093567,0.2741260528564453,0.316741019487381,0.07218337059020996,True,0.52912,0.3578263386915926,0.9582933333333333,12,False,0.021512444347875533,0.6836131233402171,0.28721109295760644,-0.009089678525924683,0.29874131083488464,0.3078309893608093,0.038658082485198975,True,0.15298133333333333,0.34948563175374964,-0.006213009357452393,0.2836834788322449,0.28989648818969727,0.035781413316726685,True,0.20487466666666668,0.00975176500337919,-0.046205073595047,0.2668851912021637,0.3130902647972107,0.07577347755432129,True,0.37829866666666667,0.0077822141302710925,-0.04848101735115051,0.2593315541744232,0.30781257152557373,0.0780494213104248,True,0.4450613333333333,0.02554376958654176,-0.03641486167907715,0.28195101022720337,0.3183658719062805,0.06598326563835144,True,0.5702773333333333,0.1735973075703275,0.611984,9,False,0.02745317659798288,0.25430090234089736,1.8180773000003683,0.18422903112126507,0.4293122209993197
508793006,127282,A man riding a horse as it jumps into the air while an audience watches.,70244,A man is about to fall onto the ground while he rodeos.,3479233432,0.34894976019859314,0.3287528455257416,0.020196914672851562,0.8828491024145215,9,6.245004513516506e-17,1.7420644000012544,0.00025300000015704427,0.00010090000068885274,0.8076518181490684,0.014348238706588745,0.31043702363967896,0.2960887849330902,0.005848675966262817,False,0.19011924119241191,0.7825244776505071,0.012804388999938965,0.31057053804397583,0.29776614904403687,0.007392525672912598,False,0.3065040650406504,0.7825244776505071,0.012804388999938965,0.31057053804397583,0.29776614904403687,0.007392525672912598,False,0.3065040650406504,0.9040315958304073,0.022428452968597412,0.2891734540462494,0.266745001077652,-0.0022315382957458496,False,0.4083468834688347,0.7432846934282874,0.01063111424446106,0.2708269953727722,0.26019588112831116,0.009565800428390503,False,0.626650406504065,0.6691475334366654,0.8508672086720868,7,False,0.2427876938343652,0.8280914709493075,0.8076518181490684,0.014348238706588745,0.31043702363967896,0.2960887849330902,0.005848675966262817,False,0.19011924119241191,0.8741503267455121,0.01938164234161377,0.31546515226364136,0.2960835099220276,0.000815272331237793,False,0.24233062330623306,0.9194691908125368,0.024351567029953003,0.31602367758750916,0.29167211055755615,-0.00415465235710144,False,0.34417344173441733,0.8958131453971386,0.021515458822250366,0.3014216423034668,0.27990618348121643,-0.0013185441493988037,False,0.46055826558265583,0.7201341253040008,0.00945127010345459,0.2729186415672302,0.26346737146377563,0.010745644569396973,False,0.6788617886178862,0.809218350306988,0.6788617886178862,5,False,0.7201341253040008,0.8513599896796585,1.1870385999991413,-0.14007081687032252,-0.023268518730351073
5222104909,128766,A little girl wearing pink clothes is sitting in a rocking chair while looking back.,9936,A child sitting on a lawn chair looking up at the camera,157955034,0.33632025122642517,0.32488033175468445,0.011439919471740723,0.7584118111932723,17,5.551115123125783e-17,1.7908758000012313,0.0002849000011337921,0.0001171000003523659,0.45509448520081336,-0.0018010735511779785,0.3226643204689026,0.32446539402008057,0.013240993022918701,True,0.14940458015267175,0.2530854415237552,-0.01082223653793335,0.3122752904891968,0.3230975270271301,0.022262156009674072,True,0.27528753180661575,0.27575338130212645,-0.009656250476837158,0.3030284643173218,0.31268471479415894,0.02109616994857788,True,0.3386717557251908,0.4556665676714949,-0.0017780065536499023,0.3024446964263916,0.3042227029800415,0.013217926025390625,True,0.4363256997455471,0.64866785400333,0.006131887435913086,0.31092679500579834,0.30479490756988525,0.005308032035827637,False,0.5270534351145039,0.4569267844939051,0.9260050890585242,15,False,0.023571303534675313,0.45117912985809266,0.7455764961937226,0.010751575231552124,0.3206949830055237,0.30994340777397156,0.0006883442401885986,False,0.10165903307888041,0.25187500566058013,-0.01088637113571167,0.31715184450149536,0.32803821563720703,0.022326290607452393,True,0.204941475826972,0.17890282187406797,-0.015237987041473389,0.306609570980072,0.3218475580215454,0.02667790651321411,True,0.33965394402035626,0.18106069219863985,-0.015091776847839355,0.2965604066848755,0.31165218353271484,0.026531696319580078,True,0.4030381679389313,0.2137984065524582,-0.013021796941757202,0.31091073155403137,0.3239325284957886,0.024461716413497925,True,0.5199185750636133,0.27482437350355704,0.61006106870229,10,False,0.18733482669544696,0.36824195910475993,2.474517399999968,0.18210241099034807,0.08293717075333273
4562512283,101202,A man touches his back pocket as a blond woman behind the counter of a convenience store looks at him.,84948,Woman with a surprised face in front of a Vitamin Shoppe,3913884179,0.3647759258747101,0.32811033725738525,0.03666558861732483,0.9750729532138631,13,1.249000902703301e-16,1.760682899999665,0.00027299999965180177,0.0001156999987870222,0.98345599402624,0.04085049033164978,0.35382378101348877,0.312973290681839,-0.004184901714324951,False,0.12145403899721448,0.9398589821323052,0.02749037742614746,0.33668121695518494,0.3091908395290375,0.009175211191177368,False,0.2220891364902507,0.9888268800838496,0.0448300838470459,0.3485567569732666,0.3037266731262207,-0.00816449522972107,False,0.3253426183844011,0.9393949061764738,0.027408570051193237,0.3279309868812561,0.30052241683006287,0.009257018566131592,False,0.4341114206128134,0.9715747608810428,0.035316407680511475,0.31038498878479004,0.27506858110427856,0.0013491809368133545,False,0.5402618384401114,0.8315994035034071,0.8152033426183845,9,False,0.7897402137864517,0.9654100109793258,0.6300074131254015,0.005322486162185669,0.35205158591270447,0.3467290997505188,0.03134310245513916,False,0.18553203342618385,0.7357507959978846,0.010239988565444946,0.35610494017601013,0.3458649516105652,0.026425600051879883,False,0.2861671309192201,0.3745779521525629,-0.005126267671585083,0.34458106756210327,0.34970733523368835,0.04179185628890991,True,0.34554874651810585,0.3116978953038543,-0.007921934127807617,0.325239360332489,0.33316129446029663,0.044587522745132446,True,0.45955431754874654,0.2578782401887161,-0.010570257902145386,0.321397066116333,0.3319673240184784,0.047235846519470215,True,0.503125348189415,0.5712391175017845,0.6245793871866295,8,False,0.5390937057014209,0.6004730639366783,1.6658244999998715,0.26036028600162264,0.36493694704264745
861661418,153302,A puppy with big ears chewing on a stick.,42434,A dog jumps and catches a chew toy.,2789350645,0.3543831706047058,0.31235426664352417,0.04202890396118164,0.9852679812657802,16,2.949029909160572e-17,1.875694600001225,0.00027550000049814116,0.00011380000069038942,0.031452131571677734,-0.034273311495780945,0.22886638343334198,0.2631396949291229,0.07630221545696259,True,0.1532443438914027,0.029998106954728897,-0.034761637449264526,0.2228432595729828,0.2576048970222473,0.07679054141044617,True,0.21845701357466063,0.013330632069235763,-0.043042704463005066,0.20968075096607208,0.25272345542907715,0.0850716084241867,True,0.3654886877828054,0.005908322522788328,-0.051254674792289734,0.1897079199552536,0.24096259474754333,0.09328357875347137,True,0.416420814479638,0.006041860386922318,-0.05102983117103577,0.18562979996204376,0.23665963113307953,0.09305873513221741,True,0.5253031674208145,0.06602274563498756,0.7757647058823529,12,False,0.009871706895866961,0.1603509107828173,0.07830156960163887,-0.0246565043926239,0.25135257840156555,0.27600908279418945,0.06668540835380554,True,0.1654660633484163,0.0116422804046429,-0.044414013624191284,0.2187613546848297,0.263175368309021,0.08644291758537292,True,0.26212669683257916,0.01734464045340375,-0.04036974906921387,0.2300955057144165,0.27046525478363037,0.08239865303039551,True,0.3430316742081448,0.0026751481938352274,-0.05921071767807007,0.2164725661277771,0.27568328380584717,0.10123962163925171,True,0.4041447963800905,0.0027974902470920787,-0.058762311935424805,0.2151992917060852,0.27396160364151,0.10079121589660645,True,0.5245927601809954,0.07131157832658927,0.5898054298642534,9,False,0.007529489411462786,0.1800506379998469,2.379237799999828,-0.005288832691601714,-0.019699727217029617
4773842539,113066,A large group of kids sitting on the floor listening to a lady in a blue dress.,34150,A group of young girls all dressed in blue shirts with black pants are standing around in a music room.,2572712647,0.3437957763671875,0.31715691089630127,0.02663886547088623,0.934861739280536,12,5.204170427930421e-17,1.8040627000009408,0.0002573000001575565,0.00010579999980109278,0.7018629672587307,0.008561849594116211,0.30456990003585815,0.29600805044174194,0.01807701587677002,False,0.12463466666666667,0.9248073096683996,0.025095313787460327,0.2681928277015686,0.24309751391410828,0.0015435516834259033,False,0.2681386666666667,0.7668595101541053,0.011906623840332031,0.2365894913673401,0.22468286752700806,0.0147322416305542,False,0.34746666666666665,0.7461473362867413,0.01078169047832489,0.21657882630825043,0.20579713582992554,0.01585717499256134,False,0.46886933333333336,0.8792794540082925,0.019856244325637817,0.20828935503959656,0.18843311071395874,0.006782621145248413,False,0.5201386666666666,0.5328343034301929,0.8096533333333333,10,False,0.0037302250675350208,0.8061701067770312,0.7018629672587307,0.008561849594116211,0.30456990003585815,0.29600805044174194,0.01807701587677002,False,0.12463466666666667,0.39872931902095643,-0.004107624292373657,0.2955935001373291,0.29970112442970276,0.030746489763259888,True,0.21525866666666665,0.3369841370573204,-0.006767630577087402,0.2696951627731323,0.2764627933502197,0.03340649604797363,True,0.402592,0.3369841370573204,-0.006767630577087402,0.2696951627731323,0.2764627933502197,0.03340649604797363,True,0.402592,0.025608944956829884,-0.036388710141181946,0.22504262626171112,0.26143133640289307,0.06302757561206818,True,0.5341866666666667,0.2282042199874724,0.6090293333333333,7,False,0.011742392368864438,0.4579594680808066,1.5081800000007206,0.30463008344272047,0.34821063869622454
1144865997,2171,Many people in blue jeans stand in front of a white church.,116262,A group of people in semi-formal attire meet outside.,4824522315,0.37287673354148865,0.3260478377342224,0.046828895807266235,0.990832579051502,15,1.6653345369377348e-16,1.683591199998773,0.0002776000001176726,0.00011749999976018444,0.5888398940070314,0.0035917162895202637,0.29343628883361816,0.2898445725440979,0.04323717951774597,False,0.16651651651651653,0.6924155872426853,0.008114367723464966,0.29909747838974,0.290983110666275,0.03871452808380127,False,0.23601201201201202,0.3529843458540964,-0.006059467792510986,0.2668735682964325,0.2729330360889435,0.05288836359977722,True,0.32403603603603603,0.13866294104388208,-0.018264397978782654,0.24649955332279205,0.2647639513015747,0.06509329378604889,True,0.40788588588588587,0.39347966680267144,-0.0043270885944366455,0.22246050834655762,0.22678759694099426,0.05115598440170288,True,0.5369009009009009,0.40413400129904126,0.7446186186186187,10,False,0.17976490924922625,0.5159073933378595,0.5888398940070314,0.0035917162895202637,0.29343628883361816,0.2898445725440979,0.04323717951774597,False,0.16651651651651653,0.6295995395536479,0.005304992198944092,0.2868897020816803,0.2815847098827362,0.041523903608322144,False,0.2503663663663664,0.5875737338757853,0.003539443016052246,0.28785935044288635,0.2843199074268341,0.04328945279121399,False,0.3198618618618619,0.5116282591892222,0.00046521425247192383,0.2845461368560791,0.2840809226036072,0.04636368155479431,False,0.4457057057057057,0.08941326606437026,-0.023208200931549072,0.2324034571647644,0.2556116580963135,0.07003709673881531,True,0.5844324324324325,0.3670978422237879,0.5844324324324325,8,False,0.08941326606437026,0.5744923372453397,1.6653824999993958,0.03703615907525337,-0.05858494390748015
4813957025,115457,An older man in a tropical shirt plays a drum.,10805,An African American man with a black hat and black tank top plays the drums on some buckets for donations.,1675332284,0.3424401581287384,0.3247825503349304,0.017657607793807983,0.8539296900402803,11,4.163336342344337e-17,1.7037709999985964,0.0002581999997346429,0.00010489999840501696,0.5572308004881905,0.0022993087768554688,0.3076770007610321,0.30537769198417664,0.015358299016952515,False,0.10100300300300301,0.8594424581123906,0.018106669187545776,0.29252874851226807,0.2744220793247223,-0.00044906139373779297,False,0.2622702702702703,0.9644612313534804,0.03300945460796356,0.22976373136043549,0.19675427675247192,-0.015351846814155579,False,0.37855255255255255,0.9326449232314336,0.026280462741851807,0.20738807320594788,0.18110761046409607,-0.008622854948043823,False,0.515009009009009,0.9326449232314336,0.026280462741851807,0.20738807320594788,0.18110761046409607,-0.008622854948043823,False,0.515009009009009,0.5888093002972233,0.8453393393393394,9,False,0.06989664553574335,0.8174172923288869,0.5572308004881905,0.0022993087768554688,0.3076770007610321,0.30537769198417664,0.015358299016952515,False,0.10100300300300301,0.28546203671637316,-0.009175270795822144,0.2940354347229004,0.30321070551872253,0.026832878589630127,True,0.2390990990990991,0.8671598788485311,0.018760770559310913,0.28072160482406616,0.26196083426475525,-0.0011031627655029297,False,0.30733333333333335,0.7656579772542078,0.011839538812637329,0.26424163579940796,0.25240209698677063,0.005818068981170654,False,0.46605405405405403,0.7242037627777547,0.009654104709625244,0.1760033369064331,0.16634923219680786,0.00800350308418274,False,0.5823363363363363,0.6909498643042429,0.5823363363363363,6,False,0.7242037627777547,0.6610946409811395,1.2715923999985534,-0.10214056400701954,0.15632265134774748
3478547247,70212,A young blond girl holds a smaller blond boy in her lap outdoors.,152745,Two children wearing striped sweaters and black pants tussle outdoors near a play set.,83292701,0.33252277970314026,0.3027306795120239,0.029792100191116333,0.9516260183193643,14,9.367506770274758e-17,1.6754103999992367,0.0002674999996088445,0.0001097999993362464,0.9493804937545931,0.02931472659111023,0.30291131138801575,0.2735965847969055,0.0004773736000061035,False,0.17023353293413174,0.9638961995272065,0.03284585475921631,0.29585015773773193,0.2630043029785156,-0.0030537545680999756,False,0.27888622754491016,0.9370901573981237,0.02701076865196228,0.29731714725494385,0.27030637860298157,0.0027813315391540527,False,0.3477185628742515,0.880734282368264,0.019994020462036133,0.2955175042152405,0.27552348375320435,0.0097980797290802,False,0.4628562874251497,0.9282570548395479,0.02560219168663025,0.2917410731315613,0.26613888144493103,0.004189908504486084,False,0.5311137724550898,0.7049242501919075,0.8424251497005988,12,False,0.1799770336598419,0.936827920564994,0.9820192489381189,0.04000309109687805,0.3035658299922943,0.26356273889541626,-0.010210990905761719,False,0.16761077844311378,0.9912232715624962,0.04726836085319519,0.3255833089351654,0.2783149480819702,-0.017476260662078857,False,0.2352694610778443,0.8384442112956917,0.016466975212097168,0.289897620677948,0.27343064546585083,0.013325124979019165,False,0.39248502994011975,0.7082547953210466,0.0088692307472229,0.28684186935424805,0.27797263860702515,0.020922869443893433,False,0.4781437125748503,0.7694051799075615,0.012049555778503418,0.2754996716976166,0.26345011591911316,0.017742544412612915,False,0.5464011976047904,0.7361218903112319,0.6129760479041916,8,False,0.5202619275997937,0.8955036604492418,1.6765180999991571,-0.031197640119324355,0.04132426011575219
2750185692,40878,A boy poses with a large green insect on his nose.,140316,A very young boy stares ahead as he is biting onto a small object.,6503917545,0.3966153860092163,0.3118707537651062,0.08474463224411011,0.9997913123525781,12,2.7755575615628914e-17,1.7312655999994604,0.00026500000058149453,0.00010550000115472358,0.9977500321506435,0.060945868492126465,0.3705030083656311,0.30955713987350464,0.023798763751983643,False,0.14336533333333334,0.9972914088849821,0.0590861439704895,0.36165255308151245,0.30256640911102295,0.025658488273620605,False,0.2846613333333333,0.9972957686804264,0.05910229682922363,0.35908716917037964,0.299984872341156,0.025642335414886475,False,0.385552,0.9792156618271636,0.038525521755218506,0.34327250719070435,0.30474698543548584,0.0462191104888916,False,0.43946666666666667,0.9706076049501389,0.03497186303138733,0.330136239528656,0.2951643764972687,0.04977276921272278,False,0.5015893333333333,0.6208675085673087,0.9045173333333333,11,False,0.0017772850538139275,0.9940362521232563,0.9977500321506435,0.060945868492126465,0.3705030083656311,0.30955713987350464,0.023798763751983643,False,0.14336533333333334,0.9972914088849821,0.0590861439704895,0.36165255308151245,0.30256640911102295,0.025658488273620605,False,0.2846613333333333,0.9830514637368901,0.04060479998588562,0.35049888491630554,0.3098940849304199,0.04413983225822449,False,0.338576,0.9552858551319824,0.030617207288742065,0.33865290880203247,0.3080357015132904,0.05412742495536804,False,0.416688,0.8784243092280762,0.01977592706680298,0.3250940442085266,0.30531811714172363,0.06496870517730713,False,0.5551306666666667,0.7120313027254159,0.9045173333333333,11,False,0.0017772850538139275,0.9730233588099106,1.8980503999991925,-0.09116379415810727,0.02101289331334566
2468466969,29945,An silver-haired man stands on the cobblestones of an open-air square playing the accordion.,97779,A street musician is playing the accordion.,4484549063,0.3766551613807678,0.3509717583656311,0.02568340301513672,0.9287960115328852,12,8.326672684688674e-17,1.7320132000004378,0.00025129999994533136,0.00010800000018207356,0.9186322088968535,0.024239063262939453,0.2662143111228943,0.24197524785995483,0.0014443397521972656,False,0.17945945945945946,0.8502737473200666,0.017367497086524963,0.2572437524795532,0.23987625539302826,0.008315905928611755,False,0.3488948948948949,0.8502737473200666,0.017367497086524963,0.2572437524795532,0.23987625539302826,0.008315905928611755,False,0.3488948948948949,0.9554980284162378,0.03066699206829071,0.2624613046646118,0.2317943125963211,-0.004983589053153992,False,0.4064744744744745,0.9516454958364083,0.029796332120895386,0.2594429850578308,0.22964665293693542,-0.004112929105758667,False,0.5653573573573574,0.9073571941362262,0.8736096096096096,10,False,0.8868715806174169,0.9182173435273847,0.7845261958418727,0.012922406196594238,0.2639654874801636,0.25104308128356934,0.01276099681854248,False,0.1424984984984985,0.8846588283927961,0.02037307620048523,0.2658196687698364,0.2454465925693512,0.005310326814651489,False,0.2529009009009009,0.9259962310513926,0.02526754140853882,0.2665848135948181,0.2413172721862793,0.0004158616065979004,False,0.3344744744744745,0.9039147923320708,0.022414997220039368,0.26008594036102295,0.23767094314098358,0.003268405795097351,False,0.400990990990991,0.732002477200546,0.010048061609268188,0.24231743812561035,0.23226937651634216,0.01563534140586853,False,0.5704264264264264,0.8144564126960776,0.6627927927927928,7,False,0.7632406984780029,0.8546510986974745,1.4219396999997116,0.09290078144014857,0.06356624482991025
4786476156,113755,A man with an orange shirt and sunglasses along with a young boy and train conductor ride a children's train through a park.,49441,A group of adults and children are riding on a train ride.,2975845158,0.3937309980392456,0.29793524742126465,0.09579575061798096,0.9999308784622187,14,5.204170427930421e-17,1.6938657000009698,0.0003187000002071727,0.0003352999992785044,0.998660747610312,0.06614303588867188,0.3745836615562439,0.308440625667572,0.029652714729309082,False,0.15553892215568862,0.9971940418155942,0.05873200297355652,0.3576865792274475,0.298954576253891,0.03706374764442444,False,0.2519760479041916,0.9833165461511193,0.04076513648033142,0.320604145526886,0.27983900904655457,0.055030614137649536,False,0.3117245508982036,0.9563192982943546,0.030861854553222656,0.3359551429748535,0.30509328842163086,0.0649338960647583,False,0.46241317365269463,0.9160352283755165,0.02389657497406006,0.31868430972099304,0.294787734746933,0.0718991756439209,False,0.5096347305389222,0.722925931359368,0.8814610778443114,12,False,0.028040499792828712,0.9834125494393013,0.9616897767403281,0.03222975134849548,0.33958035707473755,0.30735060572624207,0.06356599926948547,False,0.16631137724550898,0.9722338219222236,0.03555777668952942,0.323784202337265,0.2882264256477356,0.06023797392845154,False,0.262748502994012,0.9930775667825791,0.04966041445732117,0.3342709541320801,0.2846105396747589,0.04613533616065979,False,0.368311377245509,0.995640372046698,0.054309993982315063,0.35954347252845764,0.3052334785461426,0.041485756635665894,False,0.47278443113772456,0.9963090131589188,0.05598163604736328,0.334309846162796,0.27832821011543274,0.039814114570617676,False,0.5445209580838324,0.9835832481237726,0.6973173652694611,9,False,0.9856156920167023,0.9833127047839149,1.7708082999997714,-0.2606573167644046,9.98446553864829e-05
3996949550,86690,A woman with long hair is meditating on a beach.,115576,A woman in a two piece swimsuit is on the beach looking at her foot.,4814933116,0.3122826814651489,0.26886945962905884,0.04341322183609009,0.9871480208993594,16,6.245004513516506e-17,1.868196600000374,0.0002652000002854038,0.0001159999992523808,0.9959405063740852,0.05502629280090332,0.31557372212409973,0.2605474293231964,-0.011613070964813232,False,0.15218627450980393,0.9970730587158654,0.05830866098403931,0.3144911527633667,0.2561824917793274,-0.014895439147949219,False,0.21380882352941177,0.9860983695328444,0.04261749982833862,0.3226775527000427,0.2800600528717041,0.0007957220077514648,False,0.34472549019607845,0.9855057205831352,0.04219400882720947,0.32625842094421387,0.2840644121170044,0.0012192130088806152,False,0.40238235294117647,0.9839063342279647,0.041131049394607544,0.33475977182388306,0.2936287224292755,0.002282172441482544,False,0.5548039215686275,0.6639254175380613,0.9645196078431373,15,False,0.0381332361560799,0.9896298154221412,0.9150329442560377,0.02376696467399597,0.31620267033576965,0.2924357056617737,0.019646257162094116,False,0.10892156862745098,0.9296831134462881,0.025818318128585815,0.3239288330078125,0.2981105148792267,0.017594903707504272,False,0.25405392156862744,0.9791237535673458,0.03848046064376831,0.3275790810585022,0.2890986204147339,0.004932761192321777,False,0.3480735294117647,0.9823827452838875,0.040211021900177,0.33316338062286377,0.29295235872268677,0.003202199935913086,False,0.42640686274509804,0.8669754163845242,0.01874476671218872,0.3166143298149109,0.29786956310272217,0.024668455123901367,False,0.5115588235294117,0.6415846374160656,0.715656862745098,12,False,0.028028278177899223,0.9436936293980904,2.442075400000249,0.022340780121995696,0.04593618602405081
2352452459,25280,"A little girl in cuffed jeans, a long-sleeve pink shirt and no shoes is sleeping on the sofa.",131763,A blond child sleeping by the couch.,54817316,0.3669774532318115,0.31623661518096924,0.050740838050842285,0.9937820880550046,15,9.606031248221569e-17,1.736507800000254,0.0002811999984260183,0.00011019999874406494,0.9536899856583951,0.030249804258346558,0.33584752678871155,0.305597722530365,0.020491033792495728,False,0.13663063063063063,0.8437521255375868,0.016864150762557983,0.32950901985168457,0.3126448690891266,0.0338766872882843,False,0.23515915915915916,0.09538487428184803,-0.022495895624160767,0.2777577042579651,0.30025359988212585,0.07323673367500305,True,0.30242042042042044,0.1632747581670426,-0.01634061336517334,0.25004756450653076,0.2663881778717041,0.06708145141601562,True,0.43547147147147147,0.07291351194972123,-0.02542772889137268,0.19808906316757202,0.2235167920589447,0.07616856694221497,True,0.5606546546546547,0.37246639829384737,0.6904204204204204,10,False,0.2396001765977133,0.5086312346770615,0.8618578745037622,0.01830807328224182,0.33688414096832275,0.31857606768608093,0.032432764768600464,False,0.13233633633633635,0.7499624956209474,0.01098412275314331,0.3369799852371216,0.32599586248397827,0.039756715297698975,False,0.23086486486486488,0.6182493221336163,0.0048212409019470215,0.3353896737098694,0.33056843280792236,0.045919597148895264,False,0.3026786786786787,0.11457887549959168,-0.020447999238967896,0.31019002199172974,0.33063802123069763,0.07118883728981018,True,0.4323123123123123,0.03353606770971941,-0.03361022472381592,0.3023126721382141,0.33592289686203003,0.0843510627746582,True,0.5574954954954955,0.31704458895539106,0.5574954954954955,8,False,0.03353606770971941,0.5526287471361294,1.6179183999993256,0.05542180933845631,-0.04399751245906791
2215837479,20135,A man in a yellow coat is on a blue industrial crane working on the side of a tall building.,35851,"Two people, wearing white, are painting a wall.",261627889,0.3106398284435272,0.3027890622615814,0.0078507661819458,0.6867732086615653,15,5.551115123125783e-17,1.7601460999994742,0.00029720000020461157,0.00011249999988649506,0.5052062775517558,0.00020825862884521484,0.27113109827041626,0.27092283964157104,0.007642507553100586,False,0.12579733333333334,0.30323737968603676,-0.008319288492202759,0.2585465610027313,0.2668658494949341,0.01617005467414856,True,0.253744,0.423586728298764,-0.0030806660652160645,0.25707465410232544,0.2601553201675415,0.010931432247161865,True,0.31185066666666666,0.5580041932264358,0.0023306608200073242,0.25405633449554443,0.2517256736755371,0.0055201053619384766,False,0.4422933333333333,0.04510292960843591,-0.03052656352519989,0.2104850858449936,0.24101164937019348,0.03837732970714569,True,0.5019253333333333,0.28222283666685816,0.7484586666666667,11,False,0.06656071170836506,0.4578615870303296,0.6139262339629135,0.004638463258743286,0.26948463916778564,0.26484617590904236,0.0032123029232025146,False,0.11976533333333333,0.25577756385632006,-0.010680317878723145,0.26357150077819824,0.2742518186569214,0.018531084060668945,True,0.23693333333333333,0.4815421274783843,-0.0007386505603790283,0.2656402885913849,0.2663789391517639,0.008589416742324829,True,0.31048533333333334,0.1760610567218032,-0.015432655811309814,0.2608864903450012,0.27631914615631104,0.023283421993255615,True,0.42222933333333335,0.5905964163053088,0.0036643147468566895,0.2634129524230957,0.259748637676239,0.004186451435089111,False,0.512528,0.5075500826237732,0.512528,8,False,0.5905964163053088,0.44351025958775486,1.6904976000005263,-0.22532724595691506,0.014351327442574724
4459992117,96740,A woman with pink hair on a street corner holds two dogs that have been dyed pink.,133076,Three men wearing brightly colored costumes take to the streets with wigs and crazy sunglasses.,5622966650,0.4162622094154358,0.29918158054351807,0.11708062887191772,0.999991772851786,12,1.1796119636642288e-16,1.7425734999997076,0.00025409999943803996,0.0001050000009854557,0.9999894380800393,0.11458244919776917,0.3528788685798645,0.23829641938209534,0.0024981796741485596,False,0.14149333333333333,0.9983864573506052,0.06427708268165588,0.3200524151325226,0.2557753324508667,0.05280354619026184,False,0.25178133333333336,0.8454536226444674,0.016993790864944458,0.2616307735443115,0.24463698267936707,0.10008683800697327,False,0.36345066666666664,0.7534415089783852,0.011170521378517151,0.25517287850379944,0.2440023571252823,0.10591010749340057,False,0.40662933333333334,0.5469441545135774,0.0018833130598068237,0.24688220024108887,0.24499888718128204,0.1151973158121109,False,0.5920853333333334,0.7412293339987057,0.811072,10,False,0.5211648755510934,0.8609263796425428,0.9999894380800393,0.11458244919776917,0.3528788685798645,0.23829641938209534,0.0024981796741485596,False,0.14149333333333333,0.9907593354891016,0.046748578548431396,0.29410722851753235,0.24735864996910095,0.07033205032348633,False,0.23056533333333334,0.9678212966239914,0.034037426114082336,0.27609866857528687,0.24206124246120453,0.08304320275783539,False,0.302848,0.7534415089783852,0.011170521378517151,0.25517287850379944,0.2440023571252823,0.10591010749340057,False,0.40662933333333334,0.5718481230228503,0.0028939545154571533,0.24086226522922516,0.237968310713768,0.11418667435646057,False,0.6567893333333333,0.8449657832394022,0.4713333333333333,7,False,0.7664996610283408,0.8465764901730556,1.4124797000004037,-0.10373644924069647,0.014349889469487231
4308077016,92662,"A young Asian man is jumping in the air, striking a martial arts pose.",130668,A man jumps and poses for photographers lying on the ground.,538271607,0.34316492080688477,0.3067786693572998,0.03638625144958496,0.9743849191231772,14,5.0306980803327406e-17,1.734622500000114,0.00026419999994686805,0.00010990000009769574,0.1104086380730477,-0.02086573839187622,0.2527755796909332,0.27364131808280945,0.05725198984146118,True,0.129888,0.04421135154914041,-0.030735552310943604,0.2246476411819458,0.2553831934928894,0.06712180376052856,True,0.20610133333333333,0.10761686609571,-0.021153181791305542,0.2233281433582306,0.24448132514953613,0.0575394332408905,True,0.35096533333333335,0.11962399556714892,-0.019959956407546997,0.22372214496135712,0.2436821013689041,0.05634620785713196,True,0.43679466666666666,0.11233267135837788,-0.02067132294178009,0.21766673028469086,0.23833805322647095,0.05705757439136505,True,0.5009653333333334,0.1719891968821068,0.7857066666666667,11,False,0.1670282295789423,0.20866609423148735,0.1104086380730477,-0.02086573839187622,0.2527755796909332,0.27364131808280945,0.05725198984146118,True,0.129888,0.04224860439300343,-0.031210169196128845,0.22983254492282867,0.2610427141189575,0.0675964206457138,True,0.252864,0.04523210187429271,-0.030496612191200256,0.2305934578180313,0.26109007000923157,0.06688286364078522,True,0.32671466666666665,0.04784512748350376,-0.029907584190368652,0.23184502124786377,0.2617526054382324,0.06629383563995361,True,0.4023466666666667,0.0475910707963397,-0.02996349334716797,0.23044037818908691,0.2604038715362549,0.06634974479675293,True,0.554432,0.09904483110944293,0.6402613333333333,9,False,0.04793052958201126,0.16926278977689235,1.758022100000744,0.07294436577266386,0.039403304454595
1039637574,622,A photographer takes a picture of a group of one girl in a pink dress and 10 boys in suits and hats.,33307,A bride poses on a boardwalk while her bridal party stands behind her.,2549933281,0.3697546720504761,0.34100112318992615,0.028753548860549927,0.9466146073490598,12,4.163336342344337e-17,1.7057098000004771,0.0002662999995663995,0.00010430000111227855,0.20718697023467336,-0.013419657945632935,0.27913951873779297,0.2925591766834259,0.04217320680618286,True,0.1779219219219219,0.9734069757084132,0.0360015332698822,0.24830496311187744,0.21230342984199524,-0.007247984409332275,False,0.265981981981982,0.8837345192497807,0.0202828049659729,0.24939003586769104,0.22910723090171814,0.008470743894577026,False,0.340978978978979,0.8301176172982921,0.01586461067199707,0.2531967759132385,0.23733216524124146,0.012888938188552856,False,0.4520960960960961,0.11970075572208824,-0.019952669739723206,0.20849615335464478,0.22844882309436798,0.04870621860027313,True,0.5924084084084084,0.41525482912390155,0.7626246246246247,8,False,0.12023075755249903,0.651779509641911,0.0798095252364129,-0.02444937825202942,0.28885000944137573,0.31329938769340515,0.053202927112579346,True,0.16696096096096097,0.06883087305679515,-0.026047885417938232,0.28521275520324707,0.3112606406211853,0.05480143427848816,True,0.22654054054054054,0.07415217448179472,-0.02524590492248535,0.29276180267333984,0.3180077075958252,0.05399945378303528,True,0.3225465465465465,0.1115530401507479,-0.02074974775314331,0.2834409773349762,0.3041907250881195,0.04950329661369324,True,0.537069069069069,0.1115530401507479,-0.02074974775314331,0.2834409773349762,0.3041907250881195,0.04950329661369324,True,0.537069069069069,0.14954725397008953,0.537069069069069,6,False,0.1115530401507479,0.2176571765558906,1.2810021999994206,0.26570757515381205,0.43412233308602044
5730226613,134032,Two construction workmen wearing hard hats work on a window.,20136,A worker in a yellow suit and red hat is working high above the city.,2215837479,0.297157347202301,0.28919321298599243,0.007964134216308594,0.6892067549634526,12,3.8163916471489756e-17,1.7009581000002072,0.00025570000070729293,0.00010629999997036066,0.7299424566279675,0.00994330644607544,0.3039953112602234,0.29405200481414795,-0.0019791722297668457,False,0.10721568627450981,0.9272420597483187,0.02545076608657837,0.29966169595718384,0.27421092987060547,-0.017486631870269775,False,0.21257142857142858,0.995891767782696,0.0549064576625824,0.3145764172077179,0.2596699595451355,-0.046942323446273804,False,0.353484593837535,0.9978059964964371,0.06119830906391144,0.2602003216743469,0.19900201261043549,-0.053234174847602844,False,0.4160392156862745,0.9968668646646899,0.05762583017349243,0.23980584740638733,0.1821800172328949,-0.04966169595718384,False,0.5043697478991597,0.9456304381724842,0.7596078431372549,9,False,0.993446563092616,0.8908636622690488,0.8306645395288013,0.015903443098068237,0.2923724949359894,0.27646905183792114,-0.007939308881759644,False,0.19839775910364146,0.955507595103936,0.03066924214363098,0.3052619993686676,0.2745927572250366,-0.022705107927322388,False,0.30561344537815127,0.955507595103936,0.03066924214363098,0.3052619993686676,0.2745927572250366,-0.022705107927322388,False,0.30561344537815127,0.8841100202713387,0.02031940221786499,0.2949478030204773,0.2746284008026123,-0.012355268001556396,False,0.42430812324929973,0.9666884595357149,0.03367972373962402,0.3141155242919922,0.28043580055236816,-0.02571558952331543,False,0.5074789915966387,0.870591981960219,0.42430812324929973,5,False,0.8841100202713387,0.8525772312409422,1.3605867999995098,0.07503845621226513,0.03828643102810658
4153147942,89816,"A person in red rides a motorcycle while carrying several items, including a plant.",154219,A Asian woman riding a bike.,94024624,0.3763676881790161,0.32016152143478394,0.05620616674423218,0.9963906678937899,12,4.163336342344337e-17,1.6839433000004647,0.0002600999996502651,0.00010910000128205866,0.9976772902876785,0.06062695384025574,0.36386874318122864,0.3032417893409729,-0.00442078709602356,False,0.10691291291291291,0.3050570644914835,-0.008233308792114258,0.2687287926673889,0.2769621014595032,0.06443947553634644,True,0.26636036036036037,0.0955426263135101,-0.02247762680053711,0.25267696380615234,0.27515459060668945,0.07868379354476929,True,0.32505105105105103,0.14103451761370558,-0.018067240715026855,0.2453477680683136,0.26341500878334045,0.07427340745925903,True,0.44873873873873876,0.20230499162811244,-0.013719499111175537,0.21602949500083923,0.22974899411201477,0.06992566585540771,True,0.5429609609609609,0.2978178253994714,0.9643543543543543,11,False,0.04559514280910945,0.4659935813846589,0.9976772902876785,0.06062695384025574,0.36386874318122864,0.3032417893409729,-0.00442078709602356,False,0.10691291291291291,0.26460628203108266,-0.010221630334854126,0.2836483120918274,0.2938699424266815,0.0664277970790863,True,0.24863663663663663,0.0955426263135101,-0.02247762680053711,0.25267696380615234,0.27515459060668945,0.07868379354476929,True,0.32505105105105103,0.08387129567973474,-0.02390873432159424,0.254993200302124,0.27890193462371826,0.08011490106582642,True,0.4064204204204204,0.10042761058604131,-0.02192482352256775,0.2330908179283142,0.25501564145088196,0.07813099026679993,True,0.5758978978978979,0.26732029384877387,0.4064204204204204,5,False,0.08387129567973474,0.40410029562211,1.353254100000413,0.03049753155069751,0.06189328576254893
4965629392,124872,Men hard hats and safety harnesses walk down the street as part of a march.,54292,A march to protest the construction of a coal power plant.,3099091086,0.3629959225654602,0.31266656517982483,0.050329357385635376,0.9935225879287025,10,8.326672684688674e-17,1.756581499999811,0.000262999999904423,0.00010379999912402127,0.42815479567423176,-0.0028938353061676025,0.29211410880088806,0.29500794410705566,0.05322319269180298,True,0.178352,0.06686176901821371,-0.026359260082244873,0.2717549800872803,0.29811424016952515,0.07668861746788025,True,0.27232,0.028675856536086015,-0.03522604703903198,0.2468482255935669,0.2820742726325989,0.08555540442466736,True,0.399424,0.03613638050324866,-0.03283649682998657,0.23992836475372314,0.2727648615837097,0.08316585421562195,True,0.5274026666666667,0.03613638050324866,-0.03283649682998657,0.23992836475372314,0.2727648615837097,0.08316585421562195,True,0.5274026666666667,0.17844321317404832,0.956,9,False,0.023719365687554127,0.3038594034189581,0.42815479567423176,-0.0028938353061676025,0.29211410880088806,0.29500794410705566,0.05322319269180298,True,0.178352,0.06686176901821371,-0.026359260082244873,0.2717549800872803,0.29811424016952515,0.07668861746788025,True,0.27232,0.06561791932916751,-0.02656036615371704,0.27088192105293274,0.2974422872066498,0.07688972353935242,True,0.37144,0.05287146054740805,-0.028855711221694946,0.253583163022995,0.28243887424468994,0.07918506860733032,True,0.4994186666666667,0.03254213705963026,-0.03392136096954346,0.252244770526886,0.28616613149642944,0.08425071835517883,True,0.582656,0.1801333203419712,0.828896,8,False,0.02455120968124247,0.28788841179559055,1.5674769000015658,-0.0016901071679228663,0.01597099162336757
3589267801,74946,A brown dog with a brown collar digs sand.,41126,A race dog's feet dig in the mud as he makes his way around a curve.,2755362721,0.344367653131485,0.32544052600860596,0.01892712712287903,0.8690645229936667,14,5.724587470723463e-17,1.6892203999996127,0.00026820000130101107,0.0001083999995898921,0.9988705944529905,0.06784933805465698,0.38020727038383484,0.31235793232917786,-0.048922210931777954,False,0.16162762762762764,0.998021143670936,0.06223255395889282,0.3777598738670349,0.3155273199081421,-0.043305426836013794,False,0.21807207207207208,0.994651445485512,0.05225566029548645,0.3752809166908264,0.32302525639533997,-0.03332853317260742,False,0.34004804804804806,0.991290426125548,0.0473458468914032,0.3797612190246582,0.332415372133255,-0.02841871976852417,False,0.41635435435435436,0.9936292811069551,0.05049651861190796,0.3706985116004944,0.3202019929885864,-0.03156939148902893,False,0.5623423423423424,0.9815159177615993,0.7034534534534534,10,False,0.9773514737902983,0.9771590992000051,0.9376880030109865,0.027112632989883423,0.3478393256664276,0.3207266926765442,-0.008185505867004395,False,0.13993993993993994,0.9781040272996228,0.03799313306808472,0.35474786162376404,0.3167547285556793,-0.01906600594520569,False,0.27303303303303306,0.9824020768136861,0.04022219777107239,0.35658374428749084,0.31636154651641846,-0.02129507064819336,False,0.3607927927927928,0.9824083100073588,0.0402258038520813,0.36234843730926514,0.32212263345718384,-0.02129867672920227,False,0.4347867867867868,0.9772967869523634,0.0376228392124176,0.3569223880767822,0.3192995488643646,-0.018695712089538574,False,0.5047567567567568,0.9676488329841386,0.5047567567567568,7,False,0.9772967869523634,0.953304471491107,1.483766100000139,0.013867084777460681,0.023854627708898124
2088705195,16225,"Two men are sitting in a canoe in the middle of a lake, watching the sunset in the background.",79390,Two people are silhouetted against a lake reflecting a painted sky.,3701291852,0.3588407337665558,0.3243235945701599,0.034517139196395874,0.9692822123029721,10,4.85722573273506e-17,1.6439676999998483,0.00024420000045211054,0.00010149999980058055,0.9569525249671064,0.03101450204849243,0.3422267436981201,0.3112122416496277,0.0035026371479034424,False,0.11838271604938272,0.5022984879232536,9.194016456604004e-05,0.29049572348594666,0.2904037833213806,0.034425199031829834,False,0.20902469135802468,0.2058410576023116,-0.013501793146133423,0.2795362174510956,0.293038010597229,0.0480189323425293,True,0.38064197530864197,0.4952533777006233,-0.00018987059593200684,0.26855143904685974,0.26874130964279175,0.03470700979232788,True,0.7007345679012346,0.4952533777006233,-0.00018987059593200684,0.26855143904685974,0.26874130964279175,0.03470700979232788,True,0.7007345679012346,0.516303925726261,0.8952777777777777,8,False,0.6135987767114489,0.5039329066146772,0.5022984879232536,9.194016456604004e-05,0.29049572348594666,0.2904037833213806,0.034425199031829834,False,0.20902469135802468,0.5022984879232536,9.194016456604004e-05,0.29049572348594666,0.2904037833213806,0.034425199031829834,False,0.20902469135802468,0.1533217991557424,-0.017087817192077637,0.2758138179779053,0.2929016351699829,0.05160495638847351,True,0.3192962962962963,0.3395110414227788,-0.0066547393798828125,0.2757367491722107,0.2823914885520935,0.041171878576278687,True,0.4597901234567901,0.3336934421182726,-0.006915271282196045,0.26868313550949097,0.275598406791687,0.04143241047859192,True,0.5584691358024692,0.400288392082662,0.4597901234567901,6,False,0.3395110414227788,0.46158694847518594,1.120679800000289,0.11601553364359907,0.04234595813949121
538271607,130665,"A man with his arms outspread who looks like he is filled with ecstatic joy is jumping vigorously from old, weathered, yellowed stairs as a man in a green shirt beneath him is lying on his back and seeming to be photographing him or making a video of what is happening.",62086,"While visiting the Mayan ruins, a guide points in the direction of more attractions.",3285342629,0.33258873224258423,0.3196827173233032,0.012906014919281006,0.7842489805262681,13,3.165870343657673e-17,1.7344673000006878,0.0002753999997366918,0.00010640000073181,0.9988999248231561,0.06811276078224182,0.32265448570251465,0.2545417249202728,-0.055206745862960815,False,0.12765333333333334,0.9834019874701136,0.04081735014915466,0.2955871820449829,0.25476983189582825,-0.027911335229873657,False,0.3180213333333333,0.9834019874701136,0.04081735014915466,0.2955871820449829,0.25476983189582825,-0.027911335229873657,False,0.3180213333333333,0.9844898970899381,0.0415063202381134,0.27697664499282837,0.23547032475471497,-0.028600305318832397,False,0.5279786666666667,0.9844898970899381,0.0415063202381134,0.27697664499282837,0.23547032475471497,-0.028600305318832397,False,0.5279786666666667,0.9547482495034427,0.8537546666666667,11,False,0.9080381106361691,0.9642104394440685,0.9990178619951856,0.06924796104431152,0.3325513005256653,0.26330333948135376,-0.05634194612503052,False,0.10245333333333333,0.9969327460184197,0.057839006185531616,0.3220823109149933,0.26424330472946167,-0.04493299126625061,False,0.23957333333333333,0.9187813358291178,0.02425903081893921,0.28931283950805664,0.26505380868911743,-0.011353015899658203,False,0.3140213333333333,0.8373261140063304,0.016384661197662354,0.2548663020133972,0.23848164081573486,-0.0034786462783813477,False,0.44742933333333335,0.9121359158756012,0.02339997887611389,0.22753438353538513,0.20413440465927124,-0.010493963956832886,False,0.523728,0.8821790605006885,0.38111466666666666,6,False,0.8539623997381338,0.9229675179739687,1.5807140999986586,0.07256918900275422,0.04124292147009978
1459582913,7974,Male cheerleading squad performs at a park.,114239,A band prepares as they stand on a platform.,4796827555,0.3647090792655945,0.32782936096191406,0.03687971830368042,0.9755881495383474,12,1.5265566588595902e-16,1.775665500001196,0.00026699999943957664,0.00010709999878599774,0.9803324806364889,0.03908923268318176,0.2982847988605499,0.25919556617736816,-0.0022095143795013428,False,0.156224,0.9780767249464463,0.03798039257526398,0.2750030755996704,0.23702268302440643,-0.0011006742715835571,False,0.2972533333333333,0.9763212831664996,0.037192150950431824,0.2735598385334015,0.23636768758296967,-0.0003124326467514038,False,0.352976,0.8908737536935722,0.020996972918510437,0.23703108727931976,0.21603411436080933,0.015882745385169983,False,0.403952,0.9074871415502794,0.022833317518234253,0.23918431997299194,0.2163510024547577,0.014046400785446167,False,0.5576053333333333,0.9070962207626367,0.7562186666666667,9,False,0.9080862544895305,0.9524347909888897,0.9803324806364889,0.03908923268318176,0.2982847988605499,0.25919556617736816,-0.0022095143795013428,False,0.156224,0.9641682840885671,0.03292432427406311,0.2887282371520996,0.2558039128780365,0.00395539402961731,False,0.233504,0.9552965471128416,0.030619710683822632,0.2804773449897766,0.24985763430595398,0.006260007619857788,False,0.36952,0.9348288833249365,0.026633471250534058,0.2725977301597595,0.24596425890922546,0.010246247053146362,False,0.42524266666666666,0.9847144053684098,0.04165440797805786,0.25945350527763367,0.2177990972995758,-0.004774689674377441,False,0.6305866666666666,0.9723753926154493,0.7615253333333334,8,False,0.9765716293828288,0.9644988411577029,1.672787800000151,-0.06527917185281251,-0.012064050168813178
3739742770,80955,A woman in a striped shirt and sunglasses is sitting on a bike.,2361,Girl wearing blue shirt and black shorts plays trumped outside.,1153704539,0.36237087845802307,0.3237012028694153,0.03866967558860779,0.9795070309007359,11,7.979727989493313e-17,1.7791164000009303,0.00025160000041068997,0.00010459999975864775,0.9906393907101926,0.04661840200424194,0.3255484700202942,0.27893006801605225,-0.007948726415634155,False,0.23793424657534246,0.9906393907101926,0.04661840200424194,0.3255484700202942,0.27893006801605225,-0.007948726415634155,False,0.23793424657534246,0.9903975203230937,0.04636085033416748,0.28859972953796387,0.2422388792037964,-0.007691174745559692,False,0.36566027397260276,0.9991770649280786,0.07101809978485107,0.29564276337623596,0.2246246635913849,-0.032348424196243286,False,0.4875068493150685,0.9931040070380426,0.04969894886016846,0.26208919286727905,0.2123902440071106,-0.011029273271560669,False,0.5238465753424657,0.9390528222086446,0.8449424657534247,9,False,0.7067941195483396,0.9894281321693421,0.9906393907101926,0.04661840200424194,0.3255484700202942,0.27893006801605225,-0.007948726415634155,False,0.23793424657534246,0.9906393907101926,0.04661840200424194,0.3255484700202942,0.27893006801605225,-0.007948726415634155,False,0.23793424657534246,0.9903975203230937,0.04636085033416748,0.28859972953796387,0.2422388792037964,-0.007691174745559692,False,0.36566027397260276,0.965870966263577,0.03342881798744202,0.2664886713027954,0.2330598533153534,0.0052408576011657715,False,0.41813698630136986,0.47563393810194265,-0.0009754151105880737,0.20910334587097168,0.21007876098155975,0.03964509069919586,True,0.5087287671232876,0.7073215545208417,0.6669150684931506,6,False,0.38686945006544243,0.9386557001697109,1.5849166000007244,0.23173126768780294,0.05077243199963122
150411291,8856,A man in a red jacket and a child with a mohawk dig with shovels at a park near the beach.,152747,Two young boys playing in a dirt top playground.,83292701,0.37856972217559814,0.33148711919784546,0.047082602977752686,0.9910601843724014,12,2.7755575615628914e-17,1.8342784000014944,0.0002494000000297092,0.00010680000013962854,0.9127520919884625,0.023477107286453247,0.33486029505729675,0.3113831877708435,0.02360549569129944,False,0.291645,0.9127520919884625,0.023477107286453247,0.33486029505729675,0.3113831877708435,0.02360549569129944,False,0.291645,0.7684594690004719,0.011996328830718994,0.2942410707473755,0.2822447419166565,0.03508627414703369,False,0.395415,0.7374877004177371,0.010329514741897583,0.2969450354576111,0.2866155207157135,0.0367530882358551,False,0.485845,0.9257167727051968,0.025226831436157227,0.24758309125900269,0.22235625982284546,0.02185577154159546,False,0.539755,0.7034393912741514,1.0,12,False,0.004846583019036491,0.8851634637007827,0.46446115583840725,-0.001423954963684082,0.32385504245758057,0.32527899742126465,0.04850655794143677,True,0.106215,0.4663074563385677,-0.0013497471809387207,0.323434054851532,0.3247838020324707,0.048432350158691406,True,0.23819,0.555152598199619,0.0022151172161102295,0.3098302185535431,0.30761510133743286,0.044867485761642456,False,0.302355,0.8049821889503174,0.014177292585372925,0.3147188723087311,0.30054157972335815,0.03290531039237976,False,0.437815,0.5402997543386159,0.0016154944896697998,0.30534055829048157,0.30372506380081177,0.045467108488082886,False,0.528245,0.44878689504145153,0.632015,9,False,0.23557682550147557,0.6141809913401345,1.7922075999995286,0.2546524962326999,0.2709824723606482
183647966,12615,A man waring a polo shirt fixes a ticket machine while persons line up at an adjoining machine.,122726,A man is leaning over and pulling something out of a bag.,4932279873,0.40670546889305115,0.34686315059661865,0.059842318296432495,0.9974881777965554,12,2.0816681711721685e-16,1.754768700000568,0.00026509999952395447,0.00010779999865917489,0.5353401717413215,0.0014159679412841797,0.28718432784080505,0.2857683598995209,0.058426350355148315,False,0.23362133333333332,0.5353401717413215,0.0014159679412841797,0.28718432784080505,0.2857683598995209,0.058426350355148315,False,0.23362133333333332,0.18099220747421058,-0.015096396207809448,0.25646474957466125,0.2715611457824707,0.07493871450424194,True,0.380928,0.028806053242575874,-0.03517940640449524,0.24021044373512268,0.2753898501396179,0.09502172470092773,True,0.41697066666666666,0.07624534502897254,-0.02494490146636963,0.24405330419540405,0.2689982056617737,0.08478721976280212,True,0.5585653333333334,0.26735448550255997,0.7394666666666667,9,False,0.007526639301403082,0.43509533736775896,0.939233177943392,0.02738019824028015,0.3629317283630371,0.33555153012275696,0.032462120056152344,False,0.140512,0.5353401717413215,0.0014159679412841797,0.28718432784080505,0.2857683598995209,0.058426350355148315,False,0.23362133333333332,0.18099220747421058,-0.015096396207809448,0.25646474957466125,0.2715611457824707,0.07493871450424194,True,0.380928,0.0710866095039816,-0.025701165199279785,0.2382754683494568,0.2639766335487366,0.08554348349571228,True,0.43333333333333335,0.20275071071527834,-0.013691902160644531,0.2601674199104309,0.27385932207107544,0.07353422045707703,True,0.6007626666666667,0.3796671243354013,0.6007626666666667,6,False,0.20275071071527834,0.47773303330133404,1.5067190999998274,-0.11231263883284132,-0.04263769593357508
2923386532,47462,"Two people wearing odd alien-like costumes, one blue and one purple, are standing in a road.",134920,A woman in a flowing blue robe with a white wave pattern is dancing in front of a large brick building with other dancers similarly attired in the background.,5829827359,0.3796922564506531,0.2876041531562805,0.09208810329437256,0.9998998569082781,14,3.903127820947816e-17,1.7979376000002958,0.0002626999994390644,0.00010929999916697852,0.9994649799083068,0.07532671093940735,0.34451228380203247,0.2691855728626251,0.01676139235496521,False,0.194528,0.9969118795049492,0.057770997285842896,0.3153069317340851,0.2575359344482422,0.03431710600852966,False,0.25437866666666664,0.9928946823465582,0.04939781129360199,0.2790261507034302,0.22962833940982819,0.04269029200077057,False,0.36877866666666664,0.9817409898530365,0.03984668850898743,0.24762827157974243,0.207781583070755,0.05224141478538513,False,0.4297013333333333,0.8465202886699823,0.017075657844543457,0.22561436891555786,0.2085387110710144,0.0750124454498291,False,0.5400426666666667,0.9311666964664629,0.6060746666666667,8,False,0.8947039844430478,0.9796296875357859,0.9994649799083068,0.07532671093940735,0.34451228380203247,0.2691855728626251,0.01676139235496521,False,0.194528,0.9969118795049492,0.057770997285842896,0.3153069317340851,0.2575359344482422,0.03431710600852966,False,0.25437866666666664,0.7553247965272194,0.011272162199020386,0.27338922023773193,0.26211705803871155,0.08081594109535217,False,0.355696,0.9470049832670087,0.028831064701080322,0.29055875539779663,0.2617276906967163,0.06325703859329224,False,0.407328,0.9673264839929581,0.03387971222400665,0.27317798137664795,0.2392982691526413,0.058208391070365906,False,0.56608,0.8439310162112711,0.68048,9,False,0.6871743941902883,0.9519392281967914,1.6692987000005814,0.0872356802551918,0.0276904593389945
4089787993,88570,"A cat observing two little rabbits in a box of hay inside an wire enclosure, while a woman in a white sweater looks on.",83190,"A woman pounding something with a rock, with a guinea pig in the background.",3827317206,0.3426479697227478,0.2951217293739319,0.04752624034881592,0.9914448003978593,13,5.551115123125783e-17,1.7866381999992882,0.00027629999931377824,0.00010869999823626131,0.9918988992669598,0.04807621240615845,0.3211762309074402,0.27310001850128174,-0.0005499720573425293,False,0.150656,0.9994957014329481,0.07591837644577026,0.33183377981185913,0.25591540336608887,-0.028392136096954346,False,0.2506986666666667,0.9594894833697031,0.03164839744567871,0.27666497230529785,0.24501657485961914,0.015877842903137207,False,0.36960533333333334,0.9867719128260415,0.043120965361595154,0.27589380741119385,0.2327728420495987,0.004405274987220764,False,0.4797653333333333,0.9619358982175993,0.032296761870384216,0.273057758808136,0.24076099693775177,0.015229478478431702,False,0.526896,0.9362188377980665,0.8162026666666666,10,False,0.8388521261325707,0.9842620808551796,0.9899909863881304,0.045942097902297974,0.3425183594226837,0.29657626152038574,0.0015841424465179443,False,0.11890666666666666,0.9925825867714656,0.04896479845046997,0.3362826108932495,0.28731781244277954,-0.0014385581016540527,False,0.26496533333333333,0.9913738828811316,0.0474429726600647,0.30576640367507935,0.25832343101501465,8.32676887512207e-05,False,0.362208,0.9921319438824692,0.04837045073509216,0.30776506662368774,0.2593946158885956,-0.0008442103862762451,False,0.4093386666666667,0.9980580643586685,0.06242126226425171,0.3121751844882965,0.2497539222240448,-0.014895021915435791,False,0.5717173333333333,0.9484068001654071,0.78192,9,False,0.8286481293859782,0.9924061076062658,1.789652200001001,-0.012187962367340655,-0.008144026751086164
4914029409,121575,A little boy with a blue bike helmet and a woman in a green bike helmet are riding bikes down a street with other various bike riders.,31211,"A bicyclist passes with a giant sign that reads ""lovely.""",2504007911,0.318248987197876,0.30712890625,0.011120080947875977,0.7525032928070783,13,7.28583859910259e-17,1.678639199999452,0.0002494000000297092,0.00010830000064743217,0.5033288702247763,0.00013315677642822266,0.30761396884918213,0.3074808120727539,0.010986924171447754,False,0.15079279279279278,0.736391716426359,0.010272979736328125,0.31610625982284546,0.30583328008651733,0.0008471012115478516,False,0.2104144144144144,0.01844169792687827,-0.0397452712059021,0.24787232279777527,0.28761759400367737,0.050865352153778076,True,0.32425825825825827,0.20287502630384746,-0.013684213161468506,0.2194063365459442,0.23309054970741272,0.024804294109344482,True,0.4505045045045045,0.12145193648141918,-0.019787520170211792,0.20317015051841736,0.22295767068862915,0.03090760111808777,True,0.5318678678678679,0.2349524520322741,0.5318678678678679,7,False,0.12145193648141918,0.3793672176824499,0.03236172351434774,-0.033978819847106934,0.25774335861206055,0.2917221784591675,0.04509890079498291,True,0.21312912912912912,0.03236172351434774,-0.033978819847106934,0.25774335861206055,0.2917221784591675,0.04509890079498291,True,0.21312912912912912,0.01844169792687827,-0.0397452712059021,0.24787232279777527,0.28761759400367737,0.050865352153778076,True,0.32425825825825827,0.008057715600301144,-0.048130348324775696,0.22856499254703522,0.2766953408718109,0.05925042927265167,True,0.4485045045045045,0.005677292484302944,-0.05165587365627289,0.21866215765476227,0.27031803131103516,0.06277595460414886,True,0.5233393393393393,0.04731361138413949,0.4485045045045045,6,False,0.008057715600301144,0.16933912071061363,1.287568599998849,0.18763884064813463,0.21002809697183628
4688948552,107650,Three surgeons operate on a patient while wearing magnifying lenses on their safety glasses.,145051,A person wearing blue rubber gloves is loading a syringe with vegetables.,7072093125,0.3214689791202545,0.2762144207954407,0.04525455832481384,0.989286250765203,13,4.163336342344337e-17,1.759162500000457,0.0002722000008361647,0.00010930000098596793,0.992419473494365,0.04874563217163086,0.31249311566352844,0.2637474834918976,-0.0034910738468170166,False,0.12381866666666666,0.9956532374256933,0.05433967709541321,0.30890119075775146,0.25456151366233826,-0.009085118770599365,False,0.29123733333333335,0.9945541476250529,0.05207440257072449,0.3093623220920563,0.2572879195213318,-0.0068198442459106445,False,0.35144533333333333,0.9905816777561911,0.04655635356903076,0.3147670030593872,0.26821064949035645,-0.001301795244216919,False,0.40959466666666666,0.9718524521847219,0.03541743755340576,0.3185702860355377,0.28315284848213196,0.009837120771408081,False,0.544304,0.8558703613466798,0.8359786666666666,11,False,0.54258542347763,0.9901007225908995,0.9931268489262336,0.049732357263565063,0.31571051478385925,0.2659781575202942,-0.004477798938751221,False,0.10056533333333334,0.9968679721471555,0.05762937664985657,0.310404896736145,0.25277552008628845,-0.012374818325042725,False,0.267984,0.9980956971448229,0.06261733174324036,0.31476664543151855,0.2521493136882782,-0.017362773418426514,False,0.345744,0.997875458681928,0.06152072548866272,0.31577908992767334,0.2542583644390106,-0.016266167163848877,False,0.405952,0.9949851311084862,0.052903205156326294,0.3095274269580841,0.2566242218017578,-0.007648646831512451,False,0.5120906666666667,0.9923775594568471,0.564944,8,False,0.9895805827038543,0.9952785241671828,1.704585400000724,-0.13650719811016732,-0.005177801576283225
7559183044,148148,A man is carrying metal beams in a supply yard.,84400,A worker in a safety vest and hat is unloading equipment from the back of a truck.,3887428186,0.34046632051467896,0.3286828398704529,0.011783480644226074,0.7646506513615762,11,5.2692225582795515e-17,1.7511868999990838,0.00026809999872057233,0.0001083999995898921,0.1036825365888971,-0.02156960964202881,0.2672426104545593,0.28881222009658813,0.03335309028625488,True,0.19684084084084083,0.040493838976134296,-0.03165268898010254,0.25861912965774536,0.2902718186378479,0.04343616962432861,True,0.3547807807807808,0.040493838976134296,-0.03165268898010254,0.25861912965774536,0.2902718186378479,0.04343616962432861,True,0.3547807807807808,0.03746625157364241,-0.03246128559112549,0.2265504002571106,0.2590116858482361,0.04424476623535156,True,0.4272372372372372,0.018835560836390798,-0.03952993452548981,0.23714788258075714,0.27667781710624695,0.05131341516971588,True,0.5394234234234234,0.31105287501722606,0.7859159159159159,8,False,0.7467829906520843,0.19062913430268086,0.1036825365888971,-0.02156960964202881,0.2672426104545593,0.28881222009658813,0.03335309028625488,True,0.19684084084084083,0.05440933268113839,-0.028552740812301636,0.2698797583580017,0.29843249917030334,0.04033622145652771,True,0.24343543543543544,0.023962392064656134,-0.03707015514373779,0.2626011371612549,0.2996712923049927,0.04885363578796387,True,0.30921921921921924,0.009435827321232264,-0.0465376079082489,0.258136123418808,0.3046737313270569,0.058321088552474976,True,0.4366846846846847,0.00943727592319659,-0.04653605818748474,0.2577735483646393,0.304309606552124,0.058319538831710815,True,0.5102642642642643,0.10827538489927714,0.30921921921921924,3,False,0.023962392064656134,0.18528736756965503,1.2058434999999008,0.20277749011794893,0.005341766733025832
2728583298,40079,A child walks next to a woman down a park path.,140334,A woman and child are walking.,651277216,0.363945335149765,0.32351210713386536,0.04043322801589966,0.9827632209855433,13,6.245004513516506e-17,1.67993960000058,0.00027270000100543257,0.00011409999933675863,0.9851877829167422,0.04197379946708679,0.3037722110748291,0.2617984116077423,-0.0015405714511871338,False,0.134006006006006,0.9917915858533634,0.04794353246688843,0.305540531873703,0.2575969994068146,-0.0075103044509887695,False,0.21667267267267268,0.9768483575457302,0.03742265701293945,0.27493178844451904,0.2375091314315796,0.003010571002960205,False,0.3166846846846847,0.9425555498892316,0.02797776460647583,0.2715757489204407,0.24359798431396484,0.012455463409423828,False,0.4934414414414414,0.9205268823675509,0.02449527382850647,0.28370046615600586,0.2592051923274994,0.01593795418739319,False,0.5674354354354354,0.9169476563637804,0.8216396396396396,10,False,0.7915427612711256,0.9702951572298087,0.9842535089723861,0.041352659463882446,0.3256321847438812,0.2842795252799988,-0.0009194314479827881,False,0.14506906906906908,0.9470565603654583,0.028841346502304077,0.29588600993156433,0.26704466342926025,0.011591881513595581,False,0.2450810810810811,0.8890563195222387,0.020811378955841064,0.29676973819732666,0.2759583592414856,0.019621849060058594,False,0.34427627627627627,0.8879499244252865,0.020699694752693176,0.26706963777542114,0.24636994302272797,0.019733533263206482,False,0.41077477477477475,0.5510826340834329,0.002050459384918213,0.28300076723098755,0.28095030784606934,0.038382768630981445,False,0.580006006006006,0.743233637866737,0.6626726726726727,8,False,0.5608527025922554,0.8813172237438257,1.485297700000956,0.17371401849704338,0.08897793348598304
363709975,76791,"The men who won first, second, and third place of a bicycle race.",133078,"Three men are dress up with some colors of blue, orange and white.",5622966650,0.3273908495903015,0.2818929851055145,0.04549786448478699,0.9895410838418361,14,2.7755575615628914e-17,1.7459280999992188,0.0002595999994809972,0.00011070000073232222,0.9971530436434832,0.05858653783798218,0.3148252069950104,0.2562386691570282,-0.01308867335319519,False,0.19906133333333334,0.9969905472753673,0.05802983045578003,0.3054466247558594,0.24741679430007935,-0.012531965970993042,False,0.24005333333333334,0.9171623776017103,0.02404402196407318,0.22910642623901367,0.2050624042749405,0.021453842520713806,False,0.36745066666666665,0.9395772150626228,0.027440637350082397,0.23495322465896606,0.20751258730888367,0.01805722713470459,False,0.456592,0.9708258308417199,0.03504863381385803,0.2434360384941101,0.20838740468025208,0.010449230670928955,False,0.520992,0.793888772614322,0.8547093333333333,12,False,0.19571679646243834,0.9689381922777558,0.9988882208958172,0.06800681352615356,0.30841225385665894,0.24040544033050537,-0.022508949041366577,False,0.14741333333333334,0.9899689029314873,0.045919835567474365,0.2806445062160492,0.23472467064857483,-0.00042197108268737793,False,0.24078933333333333,0.9925575754166504,0.04893088340759277,0.2818087637424469,0.23287788033485413,-0.003433018922805786,False,0.31585066666666667,0.9779809846006741,0.03793583810329437,0.2822156846523285,0.24427984654903412,0.007562026381492615,False,0.4597386666666667,0.9712815286072602,0.035210758447647095,0.28202179074287415,0.24681103229522705,0.010287106037139893,False,0.538864,0.9607812243200673,0.8054666666666667,11,False,0.9343197440629863,0.988576425566125,2.0321158000006108,-0.1668924517057453,-0.019638233288369222
3692072577,79045,A woman in a black shirt is holding the hand of a gentleman in a suit and striped tie and laying her head on his shoulder while smiling.,49426,A couple sitting in white lawn chairs are smiling at the camera.,2975627633,0.2960628569126129,0.283321738243103,0.012741118669509888,0.7814458191276604,15,3.122502256758253e-17,1.661861399999907,0.0002662999995663995,0.00011280000035185367,0.32253952795717217,-0.007421255111694336,0.2826833128929138,0.29010456800460815,0.020162373781204224,True,0.1561201201201201,0.19348875242975264,-0.01427498459815979,0.2753323018550873,0.28960728645324707,0.027016103267669678,True,0.2281861861861862,0.5182956692702688,0.0007321536540985107,0.28492167592048645,0.28418952226638794,0.012008965015411377,False,0.36954954954954955,0.3344890718942932,-0.0068795084953308105,0.27604246139526367,0.2829219698905945,0.019620627164840698,True,0.4247027027027027,0.19966127892435542,-0.013884127140045166,0.2552604675292969,0.26914459466934204,0.026625245809555054,True,0.5063723723723724,0.2285638501058904,0.727057057057057,10,False,0.033494750281419385,0.3957762755191221,0.32253952795717217,-0.007421255111694336,0.2826833128929138,0.29010456800460815,0.020162373781204224,True,0.1561201201201201,0.16964295777778637,-0.015881597995758057,0.26811349391937256,0.2839950919151306,0.028622716665267944,True,0.21127327327327328,0.05183721634485098,-0.029064178466796875,0.25706470012664795,0.2861288785934448,0.04180529713630676,True,0.34965165165165163,0.017977120415250358,-0.0400051474571228,0.2504492402076721,0.2904543876647949,0.05274626612663269,True,0.4217177177177177,0.06300750973085849,-0.026994213461875916,0.2287098616361618,0.2557040750980377,0.0397353321313858,True,0.5033873873873874,0.18443162660781814,0.5717597597597598,8,False,0.06787004565123969,0.24016597058918596,1.5978570000006584,0.04413222349807225,0.15561030492993613
4871230195,119315,Three people sit at a table in front of an establishment displaying the words Bar Gleati Tabacchi.,120727,The picture shows several people eating at outdoor tables.,4896595765,0.3952711224555969,0.3093065619468689,0.08596456050872803,0.9998152747169882,14,6.938893903907228e-17,1.6969551999991381,0.000269900001512724,0.0001094999988708878,0.5212652773077305,0.0008511245250701904,0.30394425988197327,0.3030931353569031,0.08511343598365784,False,0.16612359550561798,0.32500075319775074,-0.007308840751647949,0.30274784564971924,0.3100566864013672,0.09327340126037598,True,0.24948876404494383,0.2077858193637321,-0.013383239507675171,0.286332368850708,0.2997156083583832,0.0993478000164032,True,0.41752808988764045,0.2077858193637321,-0.013383239507675171,0.286332368850708,0.2997156083583832,0.0993478000164032,True,0.41752808988764045,0.27219363143299913,-0.009835213422775269,0.24046224355697632,0.2502974569797516,0.0957997739315033,True,0.5339775280898876,0.26569496525222663,0.6140674157303371,8,False,0.07381049648131752,0.43883767558519343,0.5252204000874104,0.0010096728801727295,0.3179963529109955,0.31698668003082275,0.0849548876285553,False,0.21530898876404495,0.5252204000874104,0.0010096728801727295,0.3179963529109955,0.31698668003082275,0.0849548876285553,False,0.21530898876404495,0.5139140911586654,0.0005567073822021484,0.30992382764816284,0.3093671202659607,0.08540785312652588,False,0.34103932584269664,0.034467907678932756,-0.03332650661468506,0.2839343845844269,0.31726089119911194,0.11929106712341309,True,0.4719438202247191,0.03531091514784107,-0.03307613730430603,0.2565811276435852,0.28965726494789124,0.11904069781303406,True,0.5451573033707865,0.2660986524497597,0.5451573033707865,7,False,0.03531091514784107,0.49150862922236205,1.5575726000006398,-0.0004036871975330869,-0.052670953637168616
4479738973,97540,"A Thai Buddhist temple is the center of commerce, widely dominated by telephone wires and oncoming traffic.",47461,Two towers made of flashy fabric with weird heads on top of them are facing each other on a roadway.,2923386532,0.3393855094909668,0.2541210651397705,0.08526444435119629,0.9998018809754469,13,4.163336342344337e-17,1.6814317999997002,0.00028030000066792127,0.00010750000001280569,0.9990107689203164,0.06917592883110046,0.34823179244995117,0.2790558636188507,0.016088515520095825,False,0.10543730886850153,0.9984278216711169,0.06453719735145569,0.3461281359195709,0.28159093856811523,0.0207272469997406,False,0.20948012232415902,0.9982715638013923,0.06358808279037476,0.3314511179924011,0.26786303520202637,0.021676361560821533,False,0.3568012232415902,0.9972642245125987,0.058986008167266846,0.3251723647117615,0.26618635654449463,0.026278436183929443,False,0.5413761467889908,0.9972642245125987,0.058986008167266846,0.3251723647117615,0.26618635654449463,0.026278436183929443,False,0.5413761467889908,0.9248787152590681,0.826177370030581,10,False,0.7343305163023063,0.9984281548535271,0.9993592288254857,0.07352197170257568,0.3543832302093506,0.2808612585067749,0.011742472648620605,False,0.1040428134556575,0.9973835169553236,0.059433043003082275,0.3421705961227417,0.2827375531196594,0.025831401348114014,False,0.2789785932721712,0.9036054206960616,0.022379428148269653,0.2943062484264374,0.2719268202781677,0.06288501620292664,False,0.32866666666666666,0.5439874651334218,0.001764059066772461,0.2725008726119995,0.27073681354522705,0.08350038528442383,False,0.5132415902140672,0.5439874651334218,0.001764059066772461,0.2725008726119995,0.27073681354522705,0.08350038528442383,False,0.5132415902140672,0.7032768772060527,0.6167461773700306,7,False,0.5063676669480824,0.8952371917517034,1.5460155000000668,0.22160183805301537,0.10319096310182374
2115631346,17256,Two brown dogs are running through the snow.,77962,Two dogs running and jumping through a snowy area.,366548880,0.36491310596466064,0.3594105839729309,0.005502521991729736,0.634194101166902,17,4.5102810375396984e-17,1.806071900000461,0.0002724999994825339,0.0001171000003523659,0.11548904447827318,-0.02035859227180481,0.2388712465763092,0.259229838848114,0.025861114263534546,True,0.1477789203084833,0.12497297944433788,-0.01946157217025757,0.2686755657196045,0.28813713788986206,0.024964094161987305,True,0.20749100257069408,0.5705236188134551,0.00283987820148468,0.2453984171152115,0.2425585389137268,0.002662643790245056,False,0.3017737789203085,0.5966529927684346,0.003915384411811829,0.2388387769460678,0.23492339253425598,0.0015871375799179077,False,0.4231928020565553,0.38453324506765657,-0.004703506827354431,0.24501430988311768,0.2497178167104721,0.010206028819084167,True,0.5464215938303342,0.35756025786566936,0.6763496143958869,11,False,0.1610379218996095,0.4148326566280319,0.8597399271615261,0.0181313157081604,0.34194523096084595,0.32381391525268555,-0.012628793716430664,False,0.10732647814910026,0.12448348305153419,-0.019506409764289856,0.24133019149303436,0.2608366012573242,0.025008931756019592,True,0.24552699228791774,0.2705948387165139,-0.009916067123413086,0.23781564831733704,0.24773171544075012,0.015418589115142822,True,0.3016452442159383,0.0980579609157481,-0.0221899151802063,0.22638088464736938,0.24857079982757568,0.027692437171936035,True,0.4590385604113111,0.13704655154289883,-0.0184004008769989,0.2250414341688156,0.24344183504581451,0.023902922868728638,True,0.5328483290488432,0.26562601305719574,0.592560411311054,9,False,0.13189221936312237,0.36962343580109813,2.204046199998629,0.09193424480847362,0.045209220826933794
2063399864,15393,Two young children and an adult are fishing on the shoreline near large rocks.,37745,A man in a red shirt and jeans and a toddler on a rock near the water.,2666111736,0.355762779712677,0.320203959941864,0.03555881977081299,0.9722366376041317,12,1.734723475976807e-17,1.791505799999868,0.00025379999897268135,0.00011070000073232222,0.6959579214376924,0.008281230926513672,0.2797231674194336,0.2714419364929199,0.027277588844299316,False,0.24920975609756096,0.6959579214376924,0.008281230926513672,0.2797231674194336,0.2714419364929199,0.027277588844299316,False,0.24920975609756096,0.49618537674752006,-0.000152587890625,0.2638736963272095,0.2640262842178345,0.03571140766143799,True,0.3018682926829268,0.7875734628881353,0.013103604316711426,0.21766245365142822,0.2045588493347168,0.022455215454101562,False,0.4448536585365854,0.961024174851057,0.03205057978630066,0.23136970400810242,0.19931912422180176,0.003508239984512329,False,0.5670195121951219,0.8457910291863495,1.0,12,False,0.7905432481553802,0.7721820081176659,0.9910004717789019,0.04701542854309082,0.29562908411026,0.2486136555671692,-0.011456608772277832,False,0.1624829268292683,0.9928564939640317,0.04934382438659668,0.3027570843696594,0.25341325998306274,-0.013785004615783691,False,0.22997560975609757,0.9798413696172621,0.038837581872940063,0.3038102090358734,0.26497262716293335,-0.003278762102127075,False,0.37002439024390243,0.9480582447785711,0.029042929410934448,0.3026374280452728,0.2735944986343384,0.00651589035987854,False,0.4226829268292683,0.7899934748893341,0.013248860836029053,0.2925686836242676,0.2793198227882385,0.022309958934783936,False,0.5692439024390243,0.8922945548383541,0.6411073170731707,9,False,0.803936288912436,0.9533814892356267,1.8456182999998418,-0.04650352565200455,-0.1811994811179608
7738684358,149580,Woman standing in front of a large pot holding the lid and wearing a yellow apron.,47532,An Asian woman in a white shirt working with machinery giving the peace sign.,2924489177,0.33785098791122437,0.32011792063713074,0.017733067274093628,0.8548684130852481,14,1.1102230246251565e-16,1.6854763999999705,0.000333100000716513,0.00014740000005986076,0.6680701312736061,0.006994694471359253,0.3025757968425751,0.2955811023712158,0.010738372802734375,False,0.11894674556213018,0.48598614893213704,-0.0005607008934020996,0.2774279713630676,0.2779886722564697,0.018293768167495728,True,0.22707692307692307,0.4014145421086129,-0.003995746374130249,0.2545345425605774,0.25853028893470764,0.021728813648223877,True,0.3353550295857988,0.6148391775936818,0.004676997661590576,0.269639790058136,0.2649627923965454,0.013056069612503052,False,0.41059763313609465,0.6499762083459885,0.0061893463134765625,0.2526789903640747,0.24648964405059814,0.011543720960617065,False,0.5290295857988165,0.6122082868437363,0.817207100591716,12,False,0.6542646294648894,0.5938071414550087,0.6680701312736061,0.006994694471359253,0.3025757968425751,0.2955811023712158,0.010738372802734375,False,0.11894674556213018,0.6753090662569625,0.007322967052459717,0.2993924915790558,0.29206952452659607,0.010410100221633911,False,0.2607869822485207,0.6795894604854822,0.007518857717514038,0.2882086932659149,0.2806898355484009,0.01021420955657959,False,0.30231952662721895,0.28524689297750394,-0.009185820817947388,0.26724761724472046,0.27643343806266785,0.026918888092041016,True,0.4132485207100592,0.5815645738978645,0.003291994333267212,0.25192129611968994,0.24862930178642273,0.014441072940826416,False,0.531680473372781,0.5893290657361012,0.531680473372781,7,False,0.5815645738978645,0.5996578046040982,1.6287248000007821,0.022879221107635073,-0.005850663149089552
7988586396,151005,"A woman cyclist wearing a white helmet, sunglasses, black long-sleeved shirt and black and pink biking shorts pedals straight toward the camera lens.",154218,A woman wearing a hat is riding a bike.,94024624,0.3437396287918091,0.29677385091781616,0.04696577787399292,0.9909560825242215,14,5.551115123125783e-17,1.8884371999993164,0.00025460000142629724,0.00011049999920942355,0.9916430953471141,0.04776275157928467,0.3263222575187683,0.27855950593948364,-0.000796973705291748,False,0.13895390781563127,0.9958767795800779,0.054869890213012695,0.31982171535491943,0.26495182514190674,-0.007904112339019775,False,0.24052905811623246,0.9757471983578483,0.03694671392440796,0.3088819682598114,0.27193525433540344,0.010019063949584961,False,0.37676553106212424,0.4024647850020645,-0.003952056169509888,0.26241612434387207,0.26636818051338196,0.05091783404350281,True,0.4279519038076152,0.4493295411645618,-0.002033799886703491,0.2616063058376312,0.2636401057243347,0.04899957776069641,True,0.5651182364729459,0.49494550771179185,0.7359478957915832,10,False,0.007605341345174912,0.8258119682896767,0.9843579699057994,0.04142028093338013,0.32444310188293457,0.28302282094955444,0.005545496940612793,False,0.11518236472945892,0.9095194585984703,0.023077815771102905,0.3187861740589142,0.2957083582878113,0.023887962102890015,False,0.275190380761523,0.9757471983578483,0.03694671392440796,0.3088819682598114,0.27193525433540344,0.010019063949584961,False,0.37676553106212424,0.4024647850020645,-0.003952056169509888,0.26241612434387207,0.26636818051338196,0.05091783404350281,True,0.4279519038076152,0.44315673563371344,-0.0022836029529571533,0.2677087187767029,0.26999232172966003,0.04924938082695007,True,0.560312625250501,0.6513626127290494,0.560312625250501,8,False,0.44315673563371344,0.8071618090519562,2.1670803999986674,-0.15641710501725753,0.01865015923772051
263104639,36316,Somber faced woman wearing dark jeans and a red top sitting on the edge of a porch.,30343,A woman in a black shirt sitting on a red bench.,247619370,0.3638799786567688,0.34072983264923096,0.023150146007537842,0.9101129312026599,12,1.249000902703301e-16,1.7976512000004732,0.0002547999993112171,0.00010859999929380137,0.9083462370166426,0.022936075925827026,0.32786840200424194,0.3049323260784149,0.00021407008171081543,False,0.101936,0.599416557430263,0.004030346870422363,0.30425164103507996,0.3002212941646576,0.01911979913711548,False,0.21854933333333335,0.37915647665505164,-0.00493130087852478,0.29219886660575867,0.29713016748428345,0.028081446886062622,True,0.3037973333333333,0.2225188037408208,-0.012510478496551514,0.2834704518318176,0.29598093032836914,0.035660624504089355,True,0.44445866666666667,0.21151205582920155,-0.013158351182937622,0.2578903138637543,0.2710486650466919,0.036308497190475464,True,0.5320586666666667,0.30056648893276877,0.8820106666666667,11,False,0.029638634234301197,0.5330865552328823,0.5841694788880542,0.0033991336822509766,0.3159717917442322,0.3125726580619812,0.019751012325286865,False,0.11661333333333333,0.3614598412488057,-0.005690336227416992,0.2433679699897766,0.2490583062171936,0.028840482234954834,True,0.28463466666666665,0.28064827327753716,-0.009412482380867004,0.243399515748024,0.252811998128891,0.032562628388404846,True,0.3514986666666667,0.21127854736812907,-0.013172358274459839,0.22191014885902405,0.2350825071334839,0.03632250428199768,True,0.43674666666666667,0.04727395973802602,-0.03003367781639099,0.21057012677192688,0.24060380458831787,0.05318382382392883,True,0.510544,0.21090396711331266,0.676128,9,False,0.053391116014239175,0.428062353213148,1.6988347000005888,0.08966252181945611,0.10502420201973428
18638572,12862,A child in a white karate outfit practicing a move,255,A young female student performing a downward kick to break a board held by her Karate instructor.,101362133,0.36542657017707825,0.3515499234199524,0.013876646757125854,0.8002191602050087,13,6.765421556309548e-17,1.7218221999992238,0.00027070000032836106,0.00011809999887191225,0.8461326859071068,0.01704585552215576,0.3093365430831909,0.29229068756103516,-0.0031692087650299072,False,0.2147906976744186,0.8461326859071068,0.01704585552215576,0.3093365430831909,0.29229068756103516,-0.0031692087650299072,False,0.2147906976744186,0.9037931974829073,0.022401005029678345,0.2925702929496765,0.27016928791999817,-0.00852435827255249,False,0.33805813953488373,0.9452372381801445,0.028484255075454712,0.26104557514190674,0.23256132006645203,-0.014607608318328857,False,0.4209825581395349,0.9333574922025893,0.02639445662498474,0.2499154955148697,0.22352103888988495,-0.012517809867858887,False,0.5634476744186047,0.8946234856392635,0.9126162790697674,12,False,0.8700091291559446,0.8787807495359843,0.4960035936746171,-0.00015985965728759766,0.35903823375701904,0.35919809341430664,0.014036506414413452,True,0.14484302325581394,0.645113660444914,0.005976289510726929,0.3585397005081177,0.35256341099739075,0.007900357246398926,False,0.2277674418604651,0.45542042473728545,-0.0017879307270050049,0.2674952447414398,0.2692831754684448,0.01566457748413086,True,0.35801744186046514,0.451990789720744,-0.0019263029098510742,0.2549690902233124,0.25689539313316345,0.01580294966697693,True,0.4014825581395349,0.35327026912402265,-0.006046950817108154,0.22045239806175232,0.22649934887886047,0.01992359757423401,True,0.5512325581395349,0.6393654259673851,0.2277674418604651,2,False,0.645113660444914,0.5313079214930584,1.5056420999990223,0.2552580596718784,0.3474728280429259
102617084,449,Group gathered to go snowmobiling.,129934,A man in an orange jacket is snowboarding.,5323049335,0.33887025713920593,0.2835724949836731,0.05529776215553284,0.9960487972192278,14,4.85722573273506e-17,1.7143374999996013,0.00027690000024449546,0.00010939999992842786,0.9295241652630327,0.025794029235839844,0.3164826035499573,0.29068857431411743,0.029503732919692993,False,0.18909866666666666,0.7216242767536719,0.009525328874588013,0.30342814326286316,0.29390281438827515,0.045772433280944824,False,0.2881493333333333,0.8919702998037947,0.02111026644706726,0.28645506501197815,0.2653447985649109,0.034187495708465576,False,0.354016,0.9890769142282672,0.04505893588066101,0.28386008739471436,0.23880115151405334,0.010238826274871826,False,0.40824,0.9704102681818774,0.034902915358543396,0.2512264847755432,0.21632356941699982,0.02039484679698944,False,0.5273386666666666,0.8002278246905877,0.9062133333333333,12,False,0.5565608414954215,0.9190706144001319,0.868133541114639,0.018845558166503906,0.31267714500427246,0.29383158683776855,0.03645220398902893,False,0.18777066666666667,0.7911692793712525,0.01331987977027893,0.30922144651412964,0.2959015667438507,0.041977882385253906,False,0.237632,0.8239220820424228,0.015431493520736694,0.3109952211380005,0.2955637276172638,0.03986626863479614,False,0.32981866666666665,0.4003974002653801,-0.004038095474243164,0.2877653241157532,0.29180341958999634,0.059335857629776,True,0.4713333333333333,0.0393001691453892,-0.03196433186531067,0.275873064994812,0.3078373968601227,0.0872620940208435,True,0.571712,0.4470237559786981,0.6672266666666666,9,False,0.08196971271391117,0.6988301099570587,1.944468900001084,0.35320406871188964,0.2202405044430732
7072093125,145052,A syringe filled with vegetables is being compressed into a liquid.,5984,A toddler mixes some food in a bowel.,136581487,0.3351377248764038,0.24444767832756042,0.09069004654884338,0.9998848321385829,12,3.469446951953614e-17,1.71099790000153,0.00036499999987427145,0.00013530000069295056,0.9966952079330232,0.05709071457386017,0.27238404750823975,0.21529333293437958,0.033599331974983215,False,0.15895495495495496,0.9574648509076328,0.03113958239555359,0.22436130046844482,0.19322171807289124,0.059550464153289795,False,0.29244444444444445,0.6743523160312906,0.0072793662548065186,0.2182999849319458,0.21102061867713928,0.08341068029403687,False,0.3282582582582583,0.5765788049769823,0.003087446093559265,0.23497575521469116,0.2318883091211319,0.08760260045528412,False,0.46798798798798796,0.6207638956118258,0.004927918314933777,0.23766402900218964,0.23273611068725586,0.0857621282339096,False,0.5617957957957957,0.588871637965886,0.7674234234234234,9,False,0.15079761932420976,0.82216713213493,0.9966952079330232,0.05709071457386017,0.27238404750823975,0.21529333293437958,0.033599331974983215,False,0.15895495495495496,0.9574648509076328,0.03113958239555359,0.22436130046844482,0.19322171807289124,0.059550464153289795,False,0.29244444444444445,0.5558895730873776,0.0022449642419815063,0.23107366263866425,0.22882869839668274,0.08844508230686188,False,0.3653153153153153,0.31580716606010906,-0.007731080055236816,0.2458917200565338,0.25362280011177063,0.0984211266040802,True,0.44584384384384385,0.560996198822365,0.002452060580253601,0.24551981687545776,0.24306775629520416,0.08823798596858978,False,0.5356156156156157,0.5867633566511874,0.5948168168168169,6,False,0.34833502845642444,0.781730588742133,1.4403519000006781,0.0021082813146986457,0.04043654339279701
47529535,111707,A small African child carries a younger child on his back.,146823,A young boy and girl cuddle in a grassy field.,733965014,0.3560817241668701,0.3218632936477661,0.034218430519104004,0.9683802544974957,12,3.469446951953614e-17,1.7796390999992582,0.0002536000010877615,0.00010490000022400636,0.9275887262757556,0.025502264499664307,0.2674458920955658,0.2419436275959015,0.008716166019439697,False,0.155955,0.9792265768719959,0.03853088617324829,0.2627451717853546,0.22421428561210632,-0.004312455654144287,False,0.25009,0.9726038180288586,0.03569573163986206,0.2630225718021393,0.22732684016227722,-0.0014773011207580566,False,0.309535,0.9243754228541236,0.025033369660377502,0.2591612935066223,0.2341279238462448,0.009185060858726501,False,0.42723,0.258668961371725,-0.010528981685638428,0.22508025169372559,0.235609233379364,0.04474741220474243,True,0.579365,0.5584530403280451,0.64309,9,False,0.17173093480700657,0.8582308975629434,0.9275887262757556,0.025502264499664307,0.2674458920955658,0.2419436275959015,0.008716166019439697,False,0.155955,0.7601021469740911,0.011532396078109741,0.24773743748664856,0.23620504140853882,0.022686034440994263,False,0.228675,0.7011465601805728,0.008527636528015137,0.23483222723007202,0.22630459070205688,0.025690793991088867,False,0.32281,0.6278011728582567,0.005227953195571899,0.23639343678951263,0.23116548359394073,0.028990477323532104,False,0.44357,0.5656415108823906,0.0026409029960632324,0.2366703450679779,0.23402944207191467,0.03157752752304077,False,0.503015,0.7100283616091372,0.44357,6,False,0.6278011728582567,0.7826777514825178,1.4139774000013858,-0.15157532128109208,0.07555314608042552
121178216,3078,Man on crane cutting tree branches.,687,A man stands on boards on top of a huge ladder.,1044798682,0.3669305443763733,0.3437449038028717,0.023185640573501587,0.9104028805828632,8,3.469446951953614e-17,1.6670861999991757,0.000262999999904423,9.690000115369912e-05,0.9972489937911116,0.05893033742904663,0.2852855324745178,0.2263551950454712,-0.035744696855545044,False,0.22794134897360704,0.9972489937911116,0.05893033742904663,0.2852855324745178,0.2263551950454712,-0.035744696855545044,False,0.22794134897360704,0.9951197162110574,0.05317659676074982,0.23811590671539307,0.18493930995464325,-0.02999095618724823,False,0.34719061583577715,0.990705511508299,0.0466899573802948,0.21917161345481873,0.17248165607452393,-0.023504316806793213,False,0.4508797653958944,0.9982605864675778,0.06352466344833374,0.21633067727088928,0.15280601382255554,-0.04033902287483215,False,0.6477360703812317,0.8395476630767924,1.0,8,False,0.5684949473082951,0.9802374404456174,0.9297321935057532,0.025825828313827515,0.2838306427001953,0.2580048143863678,-0.0026401877403259277,False,0.11924926686217009,0.9886804041405693,0.044698357582092285,0.2747378349304199,0.23003947734832764,-0.021512717008590698,False,0.21991788856304986,0.8917213562466402,0.021084457635879517,0.2688438296318054,0.2477593719959259,0.0021011829376220703,False,0.394316715542522,0.7963658048335884,0.013637334108352661,0.27521228790283203,0.26157495379447937,0.009548306465148926,False,0.5911730205278592,0.7963658048335884,0.013637334108352661,0.27521228790283203,0.26157495379447937,0.009548306465148926,False,0.5911730205278592,0.8604268771267038,0.5911730205278592,5,False,0.7963658048335884,0.9073563369809103,0.9960019999998622,-0.020879214049911443,0.07288110346470711
4200930361,90730,One white man and one african american man sitting at a long table that has colored note cards spread out on it.,143308,A group of people talking at tables.,6917718093,0.29905635118484497,0.2445947229862213,0.05446162819862366,0.9957056985026487,14,1.951563910473908e-17,1.6995169000001624,0.0002600999996502651,0.00011079999967478216,0.9890698284514738,0.04505237936973572,0.2903042435646057,0.24525186419487,0.00940924882888794,False,0.11166933333333333,0.9867660179860488,0.04311645030975342,0.2748088836669922,0.23169243335723877,0.01134517788887024,False,0.24948266666666666,0.9731908895871525,0.03591838479042053,0.2684391438961029,0.23252075910568237,0.018543243408203125,False,0.310864,0.9052953042195024,0.022574976086616516,0.2658933401107788,0.2433183640241623,0.03188665211200714,False,0.41771733333333333,0.9640267538939321,0.03288343548774719,0.27317798137664795,0.24029454588890076,0.021578192710876465,False,0.5034293333333333,0.9488747513598896,0.6981493333333333,9,False,0.9177154313010281,0.9685427838580632,0.9890698284514738,0.04505237936973572,0.2903042435646057,0.24525186419487,0.00940924882888794,False,0.11166933333333333,0.9765329366741092,0.03728410601615906,0.28529059886932373,0.24800649285316467,0.0171775221824646,False,0.23741866666666667,0.9689741951188305,0.03441418707370758,0.2711254358291626,0.23671124875545502,0.020047441124916077,False,0.30654933333333334,0.9621217321532454,0.03234763443470001,0.2729473114013672,0.24059967696666718,0.022113993763923645,False,0.4383573333333333,0.9394725688715654,0.027422219514846802,0.2833274006843567,0.2559051811695099,0.027039408683776855,False,0.5632213333333334,0.9556125294810813,0.6194026666666667,8,False,0.9403506632959086,0.9723358298170119,1.677923200000805,-0.006737778121191695,-0.003793045958948693
2978735290,49555,A little boy in the air above another boy on the ground where a soccer ball lies at his feet with the soccer net behind them.,50623,A child falling back to kick a soccer ball.,3009047603,0.34026724100112915,0.3331447243690491,0.007122516632080078,0.6708985040335402,11,1.0408340855860843e-16,1.7159307000001718,0.0002550999997765757,0.00010590000056254212,0.4210543320297948,-0.0031844675540924072,0.31712374091148376,0.32030820846557617,0.010306984186172485,True,0.14261445783132531,0.2623588539945307,-0.01033744215965271,0.2912205457687378,0.3015579879283905,0.017459958791732788,True,0.27728915662650605,0.33624343511761595,-0.006800800561904907,0.29268962144851685,0.29949042201042175,0.013923317193984985,True,0.3697289156626506,0.07978785997554942,-0.0244523286819458,0.27802446484565735,0.30247679352760315,0.03157484531402588,True,0.42552409638554217,0.045464013143685984,-0.030443042516708374,0.2504205107688904,0.28086355328559875,0.03756555914878845,True,0.5145963855421687,0.2164551886833626,0.878343373493976,9,False,0.09519577675945336,0.3278981351933497,0.5768134325765734,0.003097057342529297,0.3390740156173706,0.3359769582748413,0.004025459289550781,False,0.14486746987951807,0.33661601498695304,-0.006784111261367798,0.3318632245063782,0.33864733576774597,0.013906627893447876,True,0.23730722891566264,0.2544229384799274,-0.010751605033874512,0.29755938053131104,0.30831098556518555,0.01787412166595459,True,0.37992168674698795,0.3381590533722847,-0.0067150890827178955,0.3000374138355255,0.3067525029182434,0.013837605714797974,True,0.47673493975903614,0.18394903175975194,-0.014898180961608887,0.24597704410552979,0.26087522506713867,0.022020697593688965,True,0.6114096385542168,0.31906600336044794,0.7086084337349398,7,False,0.2343219709410097,0.3902173589133642,1.355356700001721,-0.10261081467708533,-0.06231922372001447
3490867290,70673,"Two women in India, sitting near an ox.",3741,Two females in a sitting down in a highly populated area.,1253095131,0.3388581871986389,0.28095707297325134,0.05790111422538757,0.9969516792048015,11,4.163336342344337e-17,1.647194600000148,0.00024359999952139333,0.00010549999933573417,0.9688356959778551,0.03436821699142456,0.3163231313228607,0.28195491433143616,0.023532897233963013,False,0.1099820895522388,0.9909972817014967,0.0470118522644043,0.32243406772613525,0.27542221546173096,0.010889261960983276,False,0.20755223880597015,0.8984843083924074,0.02180495858192444,0.3005659282207489,0.27876096963882446,0.036096155643463135,False,0.4553910447761194,0.8984843083924074,0.02180495858192444,0.3005659282207489,0.27876096963882446,0.036096155643463135,False,0.4553910447761194,0.9675091472651429,0.033937662839889526,0.2893935739994049,0.2554559111595154,0.023963451385498047,False,0.5805253731343284,0.7021162578417494,0.9518746268656716,10,False,0.024751270436723486,0.9553495416399919,0.9909972817014967,0.0470118522644043,0.32243406772613525,0.27542221546173096,0.010889261960983276,False,0.20755223880597015,0.9909972817014967,0.0470118522644043,0.32243406772613525,0.27542221546173096,0.010889261960983276,False,0.20755223880597015,0.9800198975587573,0.03892835974693298,0.31657305359840393,0.27764469385147095,0.01897275447845459,False,0.37936119402985075,0.8984843083924074,0.02180495858192444,0.3005659282207489,0.27876096963882446,0.036096155643463135,False,0.4553910447761194,0.9743504570271211,0.03637245297431946,0.31835120916366577,0.2819787561893463,0.021528661251068115,False,0.5279402985074627,0.7204274148854297,0.8393492537313433,9,False,0.12471981036183621,0.9754292499311616,1.494942400000582,-0.01831115704368036,-0.020079708291169784
179828434,12060,A little boy is wearing a blue and white shirt while holding a toy animal that is either a crocodile or an alligator.,140316,A very young boy stares ahead as he is biting onto a small object.,6503917545,0.36818528175354004,0.3108024597167969,0.057382822036743164,0.9967900416755651,15,3.469446951953614e-17,1.6677741000003152,0.00027120000049762893,0.00011810000069090165,0.9944012748808648,0.051796019077301025,0.3542935848236084,0.3024975657463074,0.005586802959442139,False,0.11436636636636636,0.8596399903486822,0.01812303066253662,0.2824615240097046,0.26433849334716797,0.03925979137420654,False,0.2164984984984985,0.020162663120821975,-0.038835540413856506,0.19775541126728058,0.23659095168113708,0.09621836245059967,True,0.3980660660660661,0.10091003748894882,-0.02187153697013855,0.21257640421390533,0.23444794118404388,0.07925435900688171,True,0.4732252252252252,0.16073697215598653,-0.01652754843235016,0.21895883977413177,0.23548638820648193,0.07391037046909332,True,0.535093093093093,0.337460693411627,0.722930930930931,11,False,0.019312062763606933,0.562624899845755,0.9712231972309517,0.03518986701965332,0.3399835228919983,0.30479365587234497,0.022192955017089844,False,0.15357957957957957,0.949577346501309,0.029355764389038086,0.3082987070083618,0.27894294261932373,0.028027057647705078,False,0.2652432432432432,0.9648627766738066,0.03312724828720093,0.31320154666900635,0.2800742983818054,0.024255573749542236,False,0.32711111111111113,0.4045485647011522,-0.003865480422973633,0.2734191417694092,0.2772846221923828,0.0612483024597168,True,0.4497237237237237,0.5109081540903205,0.00043639540672302246,0.2782137393951416,0.2777773439884186,0.05694642663002014,False,0.5248828828828829,0.6764397751105348,0.5904204204204204,10,False,0.4641342605008963,0.8305516223444777,1.5984358999994583,-0.3389790816989078,-0.2679267224987226
1255504166,3770,A small child in water with a splash encircling him while the white clouds float over the mountains.,148863,A young boy with long hair plays in the water.,766061382,0.3842373192310333,0.355580598115921,0.028656721115112305,0.9461231631416112,12,4.163336342344337e-17,1.6573398000000452,0.0002583999994385522,0.00010660000043571927,0.9698895614826382,0.034723103046417236,0.3097829222679138,0.2750598192214966,-0.006066381931304932,False,0.11087687687687688,0.9666848125176951,0.03367859125137329,0.3008824586868286,0.2672038674354553,-0.005021870136260986,False,0.28696096096096096,0.9711854412111144,0.035176366567611694,0.2936674654483795,0.2584910988807678,-0.00651964545249939,False,0.35414414414414414,0.8806891961210834,0.019989728927612305,0.26770132780075073,0.24771159887313843,0.0086669921875,False,0.4584024024024024,0.9928219151885748,0.04929518699645996,0.27298298478126526,0.2236877977848053,-0.020638465881347656,False,0.5390750750750751,0.9725514031057803,0.8675375375375375,10,False,0.9797406982862875,0.9533441114855912,0.9817784013647438,0.0398675799369812,0.37012678384780884,0.33025920391082764,-0.011210858821868896,False,0.17608408408408407,0.9964476200898618,0.056365787982940674,0.3615872263908386,0.30522143840789795,-0.02770906686782837,False,0.2376096096096096,0.8561467521719212,0.01783648133277893,0.34135758876800537,0.32352110743522644,0.010820239782333374,False,0.3993093093093093,0.8612952300539177,0.0182608962059021,0.3415623903274536,0.3233014941215515,0.010395824909210205,False,0.49130930930930933,0.6601754569661803,0.006640762090682983,0.26471370458602905,0.25807294249534607,0.02201595902442932,False,0.6021861861861861,0.8850144515988061,0.3993093093093093,5,False,0.8561467521719212,0.9029173499620786,1.319605100001354,0.08753695150697416,0.05042676152351255
5747873823,134230,"A shirtless man with multiple earrings, a necklace, and holding drumsticks, is voicing into a microphone behind cymbals.",29407,A man with tattoo's is reflecting light to a stage.,245307666,0.34872370958328247,0.30180269479751587,0.0469210147857666,0.9909158769934728,11,2.0383000842727483e-17,1.6384637000010116,0.0002583999994385522,0.00010599999950500205,0.9962560328085387,0.055838584899902344,0.35358765721321106,0.2977490723133087,-0.008917570114135742,False,0.1661861861861862,0.9987063466418359,0.06648990511894226,0.36391809582710266,0.2974281907081604,-0.01956889033317566,False,0.2954114114114114,0.9986735092627815,0.06623890995979309,0.3549494445323944,0.2887105345726013,-0.01931789517402649,False,0.363975975975976,0.6714016903879436,0.007145315408706665,0.2829502820968628,0.27580496668815613,0.039775699377059937,False,0.43049849849849847,0.2356342552499063,-0.011767655611038208,0.260464072227478,0.27223172783851624,0.05868867039680481,True,0.5493573573573574,0.5150269770518757,0.9658678678678678,10,False,0.14556714243101165,0.8590913762790675,0.9921688245791936,0.04841780662536621,0.34578436613082886,0.29736655950546265,-0.0014967918395996094,False,0.21781981981981982,0.9921688245791936,0.04841780662536621,0.34578436613082886,0.29736655950546265,-0.0014967918395996094,False,0.21781981981981982,0.9132983034663581,0.023545891046524048,0.3077872097492218,0.28424131870269775,0.023375123739242554,False,0.3529069069069069,0.9737376123778393,0.036130040884017944,0.32245829701423645,0.2863282561302185,0.010790973901748657,False,0.47482282282282284,0.9863314149176855,0.042788922786712646,0.32837116718292236,0.2855822443962097,0.004132091999053955,False,0.5437897897897898,0.9767777596527156,0.5779219219219219,7,False,0.9859431335201793,0.9696751428197852,1.4113450000004377,-0.4617507826008399,-0.11058376654071767
5350403659,130252,A man and his donkey stand along a sidewalk.,121753,A man riding a cart pulled by a donkey.,4915716087,0.36387914419174194,0.3464919924736023,0.01738715171813965,0.8505237948719062,12,1.0755285551056204e-16,1.6389890999998897,0.00024979999943752773,0.00010850000035134144,0.7346588839597208,0.010183900594711304,0.3354317247867584,0.3252478241920471,0.007203251123428345,False,0.13998214285714286,0.6918789902438477,0.008089184761047363,0.3286086320877075,0.32051944732666016,0.009297966957092285,False,0.26245833333333335,0.37420380434736006,-0.005142241716384888,0.31346166133880615,0.31860390305519104,0.022529393434524536,True,0.3178035714285714,0.34202900991957597,-0.00654265284538269,0.3074762523174286,0.3140189051628113,0.02392980456352234,True,0.4617797619047619,0.566477514905659,0.0026749372482299805,0.32167065143585205,0.31899571418762207,0.014712214469909668,False,0.5639821428571429,0.5080947116324107,0.9530892857142857,11,False,0.6727980210866147,0.5776679359388647,0.8271349157972753,0.015654563903808594,0.35094624757766724,0.33529168367385864,0.0017325878143310547,False,0.12247619047619047,0.6918789902438477,0.008089184761047363,0.3286086320877075,0.32051944732666016,0.009297966957092285,False,0.26245833333333335,0.6866917838480284,0.007846981287002563,0.32801321148872375,0.3201662302017212,0.009540170431137085,False,0.3353988095238095,0.7089409426689527,0.00890246033668518,0.3271939158439636,0.31829145550727844,0.008484691381454468,False,0.44136309523809525,0.5551172702683698,0.00221368670463562,0.3156866729259491,0.3134729862213135,0.015173465013504028,False,0.5130119047619047,0.7875509287758697,0.6160476190476191,7,False,0.8547093471199698,0.7379138400169509,1.590729100000317,-0.27945621714345903,-0.16024590407808625
539676201,130800,"A man wearing a helmet, floating in the water.",6719,A man in a harness lands in the water.,1404832008,0.3364925980567932,0.3293253779411316,0.007167220115661621,0.6718847736650775,15,6.938893903907228e-17,1.708072400000674,0.0002647000001161359,0.00011799999992945231,0.41894389965412004,-0.0032711029052734375,0.2973695397377014,0.30064064264297485,0.010438323020935059,True,0.12836266666666668,0.5683999048907196,0.0027532577514648438,0.2842446565628052,0.28149139881134033,0.004413962364196777,False,0.215008,0.6872653589777937,0.00787365436553955,0.26545071601867676,0.2575770616531372,-0.0007064342498779297,False,0.3687413333333333,0.6803359281089733,0.007553160190582275,0.26066601276397705,0.2531128525733948,-0.0003859400749206543,False,0.425344,0.6534798535116206,0.00634370744228363,0.25524792075157166,0.24890421330928802,0.0008235126733779907,False,0.55504,0.47669833873477946,0.740304,11,False,0.40508495367041,0.6026668964465901,0.41894389965412004,-0.0032711029052734375,0.2973695397377014,0.30064064264297485,0.010438323020935059,True,0.12836266666666668,0.27446784273993763,-0.009720712900161743,0.2937789261341095,0.30349963903427124,0.016887933015823364,True,0.24629866666666667,0.3207747032676949,-0.007502138614654541,0.2934223413467407,0.30092447996139526,0.014669358730316162,True,0.30290133333333336,0.34151947043750963,-0.006565302610397339,0.29808568954467773,0.3046509921550751,0.01373252272605896,True,0.442576,0.28995522621824504,-0.00895601511001587,0.2988309860229492,0.3077870011329651,0.01612323522567749,True,0.50088,0.3184709135357371,0.50088,8,False,0.28995522621824504,0.38413933348661855,1.7443123000011838,0.15822742519904237,0.21852756295997156
2872099696,45372,A man creates a sculpture with a hammer and chisel.,81737,A man is working on his wooden boat.,3773310720,0.3469094932079315,0.30057603120803833,0.04633346199989319,0.9903714382571037,14,3.8163916471489756e-17,1.8516115000002173,0.0002531000009184936,0.00010819999988598283,0.9567658993936511,0.030969291925430298,0.3314225971698761,0.3004533052444458,0.01536417007446289,False,0.16026293103448275,0.9858917832164976,0.04246789216995239,0.33661866188049316,0.29415076971054077,0.003865569829940796,False,0.2575646551724138,0.9864427028422611,0.04287180304527283,0.33833086490631104,0.2954590618610382,0.0034616589546203613,False,0.3102068965517241,0.9698372971188116,0.03470522165298462,0.3285214900970459,0.2938162684440613,0.01162824034690857,False,0.4507844827586207,0.9302270581972621,0.025901824235916138,0.3199997544288635,0.2940979301929474,0.02043163776397705,False,0.5171896551724138,0.8856642518047513,0.90625,12,False,0.44464942851132006,0.9726501664058061,0.9567658993936511,0.030969291925430298,0.3314225971698761,0.3004533052444458,0.01536417007446289,False,0.16026293103448275,0.9858917832164976,0.04246789216995239,0.33661866188049316,0.29415076971054077,0.003865569829940796,False,0.2575646551724138,0.9724523745896855,0.035639047622680664,0.33465665578842163,0.29901760816574097,0.010694414377212524,False,0.32645689655172416,0.6858691982028472,0.007808774709701538,0.30302000045776367,0.29521122574806213,0.03852468729019165,False,0.44273275862068967,0.7497802664674528,0.010974407196044922,0.275363564491272,0.26438915729522705,0.03535905480384827,False,0.5670603448275862,0.7949655931433407,0.6972413793103448,9,False,0.6517437803386568,0.8881825448062904,2.3326658999994834,0.09069865866141058,0.08446762159951571
3618908551,76095,A kid in a blue shirt and blue shoes attempts a trick on a skateboard above the lip of a bowl.,145888,A young man with long hair practices skateboarding.,7187734520,0.35631096363067627,0.33977019786834717,0.0165407657623291,0.8394412504720734,10,5.204170427930421e-17,1.7454334999983985,0.0002464000008330913,0.00010429999929328915,0.9196360823262308,0.02437412738800049,0.3102837800979614,0.28590965270996094,-0.007833361625671387,False,0.1388323353293413,0.7446777143905191,0.010704249143600464,0.2638821601867676,0.2531779110431671,0.005836516618728638,False,0.23990419161676646,0.731435867923066,0.010019198060035706,0.24448668956756592,0.2344674915075302,0.006521567702293396,False,0.35481437125748505,0.7586413500525481,0.011452451348304749,0.24417102336883545,0.2327185720205307,0.005088314414024353,False,0.43805389221556884,0.595880310667072,0.0038832873106002808,0.2304406613111496,0.22655737400054932,0.01265747845172882,False,0.5013053892215569,0.7344250480933903,0.6817125748502993,6,False,0.6971849671189865,0.7896996816071141,0.9047775233034593,0.02251473069190979,0.33777493238449097,0.3152602016925812,-0.0059739649295806885,False,0.16432335329341316,0.6361429923667467,0.0055866241455078125,0.27573418617248535,0.27014756202697754,0.010954141616821289,False,0.3031556886227545,0.6361429923667467,0.0055866241455078125,0.27573418617248535,0.27014756202697754,0.010954141616821289,False,0.3031556886227545,0.3963210904237073,-0.004208177328109741,0.26155799627304077,0.2657661736011505,0.020748943090438843,True,0.47651497005988025,0.43038247369859656,-0.002802908420562744,0.25175827741622925,0.254561185836792,0.019343674182891846,True,0.5821976047904192,0.6939279340812493,0.3031556886227545,3,False,0.6361429923667467,0.658625960946151,0.9672239999999874,0.040497114012140956,0.13107372066096312
3052436578,52497,A man and woman wearing wedding clothes are kissing.,140615,"A man and woman, dressed in white, embrace each other while their actions go unnoticed to the other people in the background.",6563291133,0.3255411386489868,0.2983529269695282,0.027188211679458618,0.9381281452580781,14,3.469446951953614e-17,1.6644157000009727,0.00027120000049762893,0.00011160000030940864,0.7227298775868474,0.009580433368682861,0.30877435207366943,0.2991939187049866,0.017607778310775757,False,0.12872672672672672,0.8176004863700878,0.015001744031906128,0.3044257164001465,0.28942397236824036,0.01218646764755249,False,0.21816216216216217,0.49861531313599805,-5.538761615753174e-05,0.22778759896755219,0.22784298658370972,0.02724359929561615,True,0.3551891891891892,0.5067900417063674,0.0002716183662414551,0.22535786032676697,0.2250862419605255,0.026916593313217163,False,0.4230990990990991,0.4373174823232232,-0.0025205612182617188,0.22648485004901886,0.22900541126728058,0.029708772897720337,True,0.5738618618618618,0.6845958162469523,0.8148768768768769,11,False,0.8298699292782944,0.6469564948216749,0.7227298775868474,0.009580433368682861,0.30877435207366943,0.2991939187049866,0.017607778310775757,False,0.12872672672672672,0.7944768888933127,0.013521254062652588,0.29814326763153076,0.2846220135688782,0.01366695761680603,False,0.2916156156156156,0.8047598621922571,0.01416313648223877,0.30655038356781006,0.2923872470855713,0.013025075197219849,False,0.3473993993993994,0.4366062637122797,-0.002549469470977783,0.2987407445907593,0.30129021406173706,0.0297376811504364,True,0.41714114114114115,0.6587572707529481,0.006577610969543457,0.2894507348537445,0.28287312388420105,0.02061060070991516,False,0.5503303303303303,0.7101095413803659,0.6572432432432432,9,False,0.7506325152642044,0.711036619315349,1.7041851000012684,-0.025513725133413545,-0.06408012449367406
489865145,120846,A teenage girl with a shaved head walks in a brown skirt and blue jean jacket.,60669,A student walking across campus.,3250952067,0.35595703125,0.29858359694480896,0.05737343430519104,0.9967870365245208,12,2.7755575615628914e-17,1.8873226000014256,0.0002457000009599142,0.00010320000001229346,0.03679870679362428,-0.0326479971408844,0.2562810778617859,0.2889290750026703,0.09002143144607544,True,0.16034589800443458,0.00025155403047390354,-0.08287601172924042,0.18521083891391754,0.26808685064315796,0.14024944603443146,True,0.2687849223946785,0.0008051312584764207,-0.0712369978427887,0.19653365015983582,0.2677706480026245,0.12861043214797974,True,0.31428824833702884,0.003927225277055102,-0.055358871817588806,0.18857347965240479,0.2439323514699936,0.11273230612277985,True,0.4140354767184036,0.010331365577374603,-0.045621857047080994,0.18736204504966736,0.23298390209674835,0.10299529135227203,True,0.5271130820399114,0.08924742190132766,0.6491175166297117,8,False,0.006204832144629054,0.16304032628184267,0.03679870679362428,-0.0326479971408844,0.2562810778617859,0.2889290750026703,0.09002143144607544,True,0.16034589800443458,0.00025155403047390354,-0.08287601172924042,0.18521083891391754,0.26808685064315796,0.14024944603443146,True,0.2687849223946785,0.0006590637593937416,-0.07324030995368958,0.188693106174469,0.26193341612815857,0.13061374425888062,True,0.3028780487804878,0.008897916802134871,-0.047130003571510315,0.21561498939990997,0.2627449929714203,0.10450343787670135,True,0.43629268292682927,0.02978400347490537,-0.03483547270298004,0.21413244307041168,0.24896791577339172,0.09220890700817108,True,0.549370288248337,0.09169086517225636,0.8010110864745011,10,False,0.00036781632487260454,0.15966378038042145,1.864607999999862,-0.0024434432709286996,0.003376545901421224
8220955383,152473,Dirt biker makes a sloping turn in a forest during the fall.,80240,A mountain biker travels along a dirt trail inside a heavily wooded area.,3721082512,0.3604392409324646,0.3467334508895874,0.013705790042877197,0.7974736843150968,9,1.0061396160665481e-16,1.7243216999995639,0.00026339999931224156,0.00010239999937766697,0.976002801876058,0.03705528378486633,0.3389233350753784,0.3018680512905121,-0.023349493741989136,False,0.11318918918918919,0.9238973717360801,0.024965181946754456,0.2723841667175293,0.24741898477077484,-0.011259391903877258,False,0.42701501501501504,0.9238973717360801,0.024965181946754456,0.2723841667175293,0.24741898477077484,-0.011259391903877258,False,0.42701501501501504,0.9238973717360801,0.024965181946754456,0.2723841667175293,0.24741898477077484,-0.011259391903877258,False,0.42701501501501504,0.975435440229679,0.036815792322158813,0.26540425419807434,0.22858846187591553,-0.023110002279281616,False,0.5637057057057057,0.8875196788153097,0.9302402402402402,8,False,0.6499443405436945,0.9371886870338316,0.8668409693390059,0.018733114004135132,0.35538795590400696,0.3366548418998718,-0.005027323961257935,False,0.1316936936936937,0.7911471207168934,0.013318538665771484,0.350716233253479,0.3373976945877075,0.0003872513771057129,False,0.20796996996996997,0.9489222380734326,0.029219776391983032,0.3582804799079895,0.32906070351600647,-0.015513986349105835,False,0.3567087087087087,0.9464301146173384,0.028717100620269775,0.3581940531730652,0.3294769525527954,-0.015011310577392578,False,0.5945165165165165,0.9464301146173384,0.028717100620269775,0.3581940531730652,0.3294769525527954,-0.015011310577392578,False,0.5945165165165165,0.9008272702446762,0.6584864864864864,6,False,0.9226057563640138,0.8874355735077178,1.0840853000008792,-0.01330759142936655,0.04975311352611378
3867804763,84050,An elderly man dressed in a red and blue plaid shirt and brown camouflage cap is watching an event while eating a snack from a plastic bag on his lap.,118790,An older man sites on a cushioned bench with his hands crossed in his lap.,4862204000,0.36771905422210693,0.3126949369907379,0.05502411723136902,0.9959396266933366,14,6.938893903907228e-17,1.8344933000007586,0.00026419999994686805,0.00010909999946306925,0.9900097209567538,0.04596102237701416,0.33676910400390625,0.2908080816268921,0.009063094854354858,False,0.1889519650655022,0.9973493010616886,0.05930277705192566,0.32583382725715637,0.2665310502052307,-0.004278659820556641,False,0.2687903930131004,0.9918330065790844,0.04799453914165497,0.29318147897720337,0.2451869398355484,0.00702957808971405,False,0.35516157205240173,0.14704582993993812,-0.017579615116119385,0.20891758799552917,0.22649720311164856,0.0726037323474884,True,0.43885589519650653,0.09781178997767236,-0.022217780351638794,0.19523590803146362,0.21745368838310242,0.07724189758300781,True,0.5073318777292577,0.45538866394691624,0.8135851528384279,11,False,0.07115798060342363,0.8059903866183262,0.9953669757901403,0.05369901657104492,0.35286152362823486,0.29916250705718994,0.0013251006603240967,False,0.17509606986899565,0.939369959748244,0.027404189109802246,0.3143026530742645,0.2868984639644623,0.027619928121566772,False,0.24357205240174673,0.9850165522593152,0.041857123374938965,0.2963486909866333,0.25449156761169434,0.013166993856430054,False,0.33726637554585154,0.967111135232318,0.033811792731285095,0.2794700860977173,0.2456582933664322,0.021212324500083923,False,0.42363755458515284,0.09781178997767236,-0.022217780351638794,0.19523590803146362,0.21745368838310242,0.07724189758300781,True,0.5073318777292577,0.5020511453159066,0.7037423580786026,9,False,0.08146976365663988,0.9059086153395333,2.3006999000008364,-0.046662481368990316,-0.09991822872120704
4359872414,93821,An African woman is standing near a well filling a jug near a hut with a thatched roof.,149583,A woman is cooking with a large pot.,7738684358,0.35795095562934875,0.3139415681362152,0.044009387493133545,0.9878828073370288,13,1.1796119636642288e-16,1.785708400000658,0.00027690000024449546,0.0001111999990826007,0.9875630280367669,0.04374566674232483,0.349433034658432,0.3056873679161072,0.0002637207508087158,False,0.16973333333333335,0.9944188350487264,0.05182760953903198,0.34987348318099976,0.2980458736419678,-0.007818222045898438,False,0.238944,0.9826488566541591,0.04036593437194824,0.34318578243255615,0.3028198480606079,0.0036434531211853027,False,0.34981866666666667,0.994452492548381,0.05188843607902527,0.34598180651664734,0.29409337043762207,-0.007879048585891724,False,0.44205333333333335,0.9939721371024743,0.05105316638946533,0.33224713802337646,0.28119397163391113,-0.007043778896331787,False,0.5033813333333333,0.8798861347480768,0.708784,9,False,0.6426398841503482,0.989293143648853,0.9875630280367669,0.04374566674232483,0.349433034658432,0.3056873679161072,0.0002637207508087158,False,0.16973333333333335,0.9360869564189097,0.026841849088668823,0.3345039486885071,0.30766209959983826,0.01716753840446472,False,0.280608,0.9826488566541591,0.04036593437194824,0.34318578243255615,0.3028198480606079,0.0036434531211853027,False,0.34981866666666667,0.994452492548381,0.05188843607902527,0.34598180651664734,0.29409337043762207,-0.007879048585891724,False,0.44205333333333335,0.9962810383215818,0.05590584874153137,0.34186187386512756,0.2859560251235962,-0.011896461248397827,False,0.50496,0.9880786705905669,0.50496,6,False,0.9962810383215818,0.9792535414743835,1.5103798000000097,-0.10819253584249011,0.01003960217446953
5995817000,136251,A young girl in a white t-shirt and a blue skirt wearing a light colored hat stands in a river next to a big rock.,3772,A young boy plays in the water with the mountains in the background.,1255504166,0.3216102719306946,0.31676602363586426,0.004844248294830322,0.6187921880112512,11,3.8163916471489756e-17,1.7273427999989508,0.0002506000000721542,0.0001052999996318249,0.7874777164474314,0.013097882270812988,0.28518062829971313,0.27208274602890015,-0.008253633975982666,False,0.17194652406417113,0.45014819866514477,-0.0020007193088531494,0.2617794871330261,0.2637802064418793,0.006844967603683472,True,0.272668449197861,0.1865109230516021,-0.014728426933288574,0.24107831716537476,0.25580674409866333,0.019572675228118896,True,0.3650374331550802,0.38314681537207285,-0.004762127995491028,0.2448628842830658,0.24962501227855682,0.00960637629032135,True,0.5126524064171123,0.38314681537207285,-0.004762127995491028,0.2448628842830658,0.24962501227855682,0.00960637629032135,True,0.5126524064171123,0.6253421165311968,0.6728288770053475,7,False,0.7675995821750854,0.49678578348929936,0.5176118438490662,0.0007047653198242188,0.3212953209877014,0.3205905556678772,0.0041394829750061035,False,0.10102673796791443,0.12352668505776168,-0.01959449052810669,0.27530229091644287,0.29489678144454956,0.02443873882293701,True,0.29411764705882354,0.08051690787840822,-0.024353444576263428,0.2608526647090912,0.2852061092853546,0.02919769287109375,True,0.3796042780748663,0.04856393385298322,-0.029750913381576538,0.26723504066467285,0.2969859540462494,0.03459516167640686,True,0.5272192513368984,0.04856393385298322,-0.029750913381576538,0.26723504066467285,0.2969859540462494,0.03459516167640686,True,0.5272192513368984,0.13780978889610204,0.5272192513368984,5,False,0.04856393385298322,0.26089949996705447,1.2901129000001674,0.4875323276350947,0.2358862835222449
8052397902,151427,Two American football players in blue are tackling a football player in red.,127396,One young football player in a white jersey being tackled by another player in a blue jersey from the opposing team whose teammate is coming to assist him.,5094295894,0.3715032637119293,0.3373425006866455,0.034160763025283813,0.9682031992524565,13,2.42861286636753e-17,1.6432504000003973,0.0002648999998200452,0.00010990000009769574,0.9733529202819392,0.035980671644210815,0.34777331352233887,0.31179264187812805,-0.001819908618927002,False,0.1964084084084084,0.9400468709348841,0.027523666620254517,0.3134544789791107,0.2859308123588562,0.006637096405029297,False,0.33757957957957957,0.9400468709348841,0.027523666620254517,0.3134544789791107,0.2859308123588562,0.006637096405029297,False,0.33757957957957957,0.948989509054188,0.029233664274215698,0.32054322957992554,0.29130956530570984,0.004927098751068115,False,0.41618018018018016,0.9858555908936197,0.04244190454483032,0.3151612877845764,0.2727193832397461,-0.008281141519546509,False,0.5582942942942943,0.9433599520695325,0.7721681681681681,9,False,0.9008095853649218,0.9626670369499937,0.9643946207497591,0.03299003839492798,0.3413979709148407,0.3084079325199127,0.001170724630355835,False,0.275009009009009,0.9643946207497591,0.03299003839492798,0.3413979709148407,0.3084079325199127,0.001170724630355835,False,0.275009009009009,0.9397257648847664,0.02746683359146118,0.3191720247268677,0.2917051911354065,0.006693929433822632,False,0.323003003003003,0.5296297299723405,0.0011865794658660889,0.2923675775527954,0.2911809980869293,0.032974183559417725,False,0.4478138138138138,0.5063408491898788,0.0002536475658416748,0.2827298641204834,0.2824762165546417,0.03390711545944214,False,0.5012192192192192,0.6712384441716902,0.6937897897897898,8,False,0.38138533592085216,0.8594902191067003,1.647863399999551,0.2721215078978423,0.10317681784329336
1104087374,1524,A blond holding hands with a guy in the sand.,28715,A female couple lean on each other in the outdoors after a good swim.,2438754748,0.37207093834877014,0.32661426067352295,0.04545667767524719,0.9894983713819513,15,3.382710778154774e-17,1.7087688999999955,0.00025439999990339857,0.00011480000102892518,0.9884861607461551,0.044526249170303345,0.3385646641254425,0.29403841495513916,0.0009304285049438477,False,0.14293693693693693,0.99153442378404,0.047632455825805664,0.3285812735557556,0.28094881772994995,-0.0021757781505584717,False,0.26085285285285287,0.9927660120473639,0.049217045307159424,0.3293886184692383,0.28017157316207886,-0.0037603676319122314,False,0.33018618618618617,0.9727555580109251,0.035752832889556885,0.31610584259033203,0.28035300970077515,0.009703844785690308,False,0.40764564564564565,0.6103770682171897,0.0044889748096466064,0.28848016262054443,0.2839911878108978,0.040967702865600586,False,0.5131831831831832,0.6392878823311612,0.7396336336336337,11,False,0.273283092987846,0.9481110681991809,0.9939069356003354,0.05094492435455322,0.3649138808250427,0.3139689564704895,-0.00548824667930603,False,0.11372972972972974,0.9578899181222209,0.03124445676803589,0.3121461570262909,0.280901700258255,0.014212220907211304,False,0.23870870870870872,0.9818696119285012,0.0399186909198761,0.3183549642562866,0.2784362733364105,0.005537986755371094,False,0.30804204204204205,0.9478731655401034,0.02900540828704834,0.29751694202423096,0.2685115337371826,0.016451269388198853,False,0.43983783783783786,0.15241561506217852,-0.017157793045043945,0.25488635897636414,0.2720441520214081,0.06261447072029114,True,0.5696816816816817,0.5706089653844247,0.6215735735735736,10,False,0.1340355689593155,0.8787305818203442,1.6417987999993784,0.06867891694673645,0.06938048637883665
3294830188,62431,A seagull flies under another with food while three others follow.,55431,A white duck spreads its wings while in the water.,3128856481,0.320171594619751,0.2857159972190857,0.03445559740066528,0.9690984463527196,15,6.245004513516506e-17,1.636429500000304,0.0002776000001176726,0.00012109999988751952,0.9924472243493336,0.0487825870513916,0.321845680475235,0.2730630934238434,-0.014326989650726318,False,0.1205527950310559,0.986281039882075,0.042751625180244446,0.2697850167751312,0.22703339159488678,-0.008296027779579163,False,0.22932298136645962,0.8196316183523429,0.01513853669166565,0.2363494336605072,0.22121089696884155,0.019317060708999634,False,0.35872049689440993,0.8401513423990282,0.01659354567527771,0.23316991329193115,0.21657636761665344,0.017862051725387573,False,0.4088633540372671,0.9251426628756607,0.025143638253211975,0.22315889596939087,0.1980152577161789,0.009311959147453308,False,0.5845031055900621,0.9265055743942052,0.6307018633540372,9,False,0.9233620504979959,0.9227146241866939,0.9148887121580187,0.023748427629470825,0.3282631039619446,0.30451467633247375,0.010707169771194458,False,0.1293975155279503,0.6113058372282067,0.004528045654296875,0.3113228678703308,0.30679482221603394,0.029927551746368408,False,0.27027950310559007,0.46404234989030174,-0.0014407932758331299,0.30906325578689575,0.3105040490627289,0.03589639067649841,True,0.3551801242236025,0.27812375031133246,-0.009537875652313232,0.30404505133628845,0.3135829269886017,0.043993473052978516,True,0.44525465838509315,0.4574841047666615,-0.0017047524452209473,0.30654165148735046,0.3082464039325714,0.03616034984588623,True,0.5180434782608696,0.6328928248650441,0.5642422360248447,9,False,0.6341429368026569,0.6471354526163814,1.5722538999998505,0.29361274952916117,0.27557917157031253
3647826834,77285,A woman is playing with two children on a seesaw in a playground.,56096,Three boys in green shirts and khaki pants are at the top of a slide.,3148193539,0.33578038215637207,0.33316534757614136,0.002615034580230713,0.5650058391049078,11,9.540979117872439e-17,1.6730380999997578,0.0002426999999443069,0.00010929999916697852,0.3383992144561948,-0.006704360246658325,0.30316898226737976,0.3098733425140381,0.009319394826889038,True,0.22441441441441443,0.3383992144561948,-0.006704360246658325,0.30316898226737976,0.3098733425140381,0.009319394826889038,True,0.22441441441441443,0.8249482950510941,0.015502393245697021,0.31057652831077576,0.29507413506507874,-0.012887358665466309,False,0.31742342342342345,0.8799749388315075,0.019921928644180298,0.28807738423347473,0.26815545558929443,-0.017306894063949585,False,0.5082402402402403,0.8799749388315075,0.019921928644180298,0.28807738423347473,0.26815545558929443,-0.017306894063949585,False,0.5082402402402403,0.7950153849179732,0.868984984984985,9,False,0.985357386840648,0.6259509667830152,0.17764460045228947,-0.015323877334594727,0.30593496561050415,0.3212588429450989,0.01793891191482544,True,0.13673873873873874,0.1582815907947451,-0.01671069860458374,0.3048342764377594,0.32154497504234314,0.019325733184814453,True,0.2234894894894895,0.06636203003246141,-0.026439636945724487,0.3160843551158905,0.342523992061615,0.0290546715259552,True,0.3886726726726727,0.11744064065773875,-0.020168930292129517,0.31117090582847595,0.33133983612060547,0.02278396487236023,True,0.4329369369369369,0.1892766886036586,-0.014547169208526611,0.30909252166748047,0.3236396908760071,0.017162203788757324,True,0.5470930930930931,0.16643952093003225,0.4329369369369369,6,False,0.11744064065773875,0.19278971538153983,1.2628049000013561,0.628575863987941,0.4331612514014754
4954827712,124316,Two people walking on dirt in front of a very large building.,114179,Two women are walking on a footpath.,4795824646,0.33611923456192017,0.29849639534950256,0.0376228392124176,0.9772967869523634,14,3.469446951953614e-17,1.6602729000005638,0.00026930000058200676,0.00011249999988649506,0.9936359559343647,0.0505070686340332,0.3038494884967804,0.2533424198627472,-0.0128842294216156,False,0.14560714285714285,0.9527510673131546,0.030039235949516296,0.27215641736984253,0.24211718142032623,0.007583603262901306,False,0.253375,0.9744240528790564,0.03640194237232208,0.2786979377269745,0.2422959953546524,0.00122089684009552,False,0.31541071428571427,0.8873054607120691,0.020635083317756653,0.26444011926651,0.24380503594875336,0.01698775589466095,False,0.430422619047619,0.8639811258659229,0.01848757266998291,0.2740168571472168,0.2555292844772339,0.019135266542434692,False,0.5494285714285714,0.6748140363748706,0.8496845238095239,11,False,0.08143241593627251,0.9453713994089975,0.8428009291987386,0.0167921781539917,0.31437480449676514,0.29758262634277344,0.020830661058425903,False,0.20129761904761906,0.8428009291987386,0.0167921781539917,0.31437480449676514,0.29758262634277344,0.020830661058425903,False,0.20129761904761906,0.759573529230188,0.011503428220748901,0.30697643756866455,0.29547300934791565,0.0261194109916687,False,0.3090654761904762,0.8503016316909556,0.01736968755722046,0.3119392395019531,0.29456955194473267,0.020253151655197144,False,0.45579761904761906,0.7373699811883273,0.010323435068130493,0.30515408515930176,0.29483065009117126,0.02729940414428711,False,0.5031607142857143,0.49408535410690585,0.636702380952381,8,False,0.05947472186751557,0.8451407752788992,1.7123331000002509,0.18072868226796474,0.10023062413009831
1579206585,9920,A girl is playing an electric guitar in front of an amplifier.,34152,A group of young female musicians are wearing black skirts and blue shirts.,2572712647,0.3386022448539734,0.3260413706302643,0.012560874223709106,0.77835184408827,11,6.938893903907228e-17,1.7036102000001847,0.00025939999977708794,0.00010490000022400636,0.9737540692606086,0.036136478185653687,0.30207082629203796,0.2659343481063843,-0.02357560396194458,False,0.11143466666666667,0.6411327519845487,0.005802839994430542,0.27367573976516724,0.2678728997707367,0.0067580342292785645,False,0.27525866666666665,0.5456740175641377,0.0018320679664611816,0.2700941562652588,0.2682620882987976,0.010728806257247925,False,0.4012693333333333,0.5456740175641377,0.0018320679664611816,0.2700941562652588,0.2682620882987976,0.010728806257247925,False,0.4012693333333333,0.8786917239096518,0.01980099081993103,0.25449633598327637,0.23469534516334534,-0.007240116596221924,False,0.5439253333333334,0.8378072225422287,0.8131093333333334,9,False,0.9876733245139105,0.746928979657829,0.711856970122088,0.00904420018196106,0.2698265314102173,0.2607823312282562,0.003516674041748047,False,0.19253333333333333,0.5729408218372586,0.002938598394393921,0.2586476802825928,0.25570908188819885,0.009622275829315186,False,0.27586133333333335,0.5183280358244235,0.0007334500551223755,0.2397262305021286,0.23899278044700623,0.011827424168586731,False,0.33835733333333334,0.5975165804813979,0.003951281309127808,0.24079635739326477,0.23684507608413696,0.008609592914581299,False,0.42108266666666666,0.7156218043551948,0.00922846794128418,0.2397124469280243,0.2304839789867401,0.0033324062824249268,False,0.5012426666666666,0.5911614058759252,0.33835733333333334,4,False,0.5183280358244235,0.6581086107926962,1.280582499999582,0.24664581666630347,0.08882036886513278
3815960082,82660,A little girl is sleeping with a book on her chest next to a doll.,131760,A young blond girl sleeps curled up on a brown couch with her head on large red pillow.,54817316,0.3638172149658203,0.3252432942390442,0.03857392072677612,0.9793139369786712,14,9.367506770274758e-17,1.6527593000009801,0.00025769999956537504,0.00011029999950551428,0.9997960694764636,0.08497527241706848,0.34191399812698364,0.25693872570991516,-0.04640135169029236,False,0.2284024024024024,0.9997960694764636,0.08497527241706848,0.34191399812698364,0.25693872570991516,-0.04640135169029236,False,0.2284024024024024,0.9896717877742405,0.04562494158744812,0.3229537010192871,0.277328759431839,-0.007051020860671997,False,0.3034294294294294,0.974316844714863,0.03635901212692261,0.3132175803184509,0.2768585681915283,0.0022149085998535156,False,0.4706066066066066,0.9694167133517875,0.03456240892410278,0.2753869295120239,0.24082452058792114,0.00401151180267334,False,0.5251411411411412,0.9525063958951849,1.0,14,False,0.14793505122514244,0.9860511185372015,0.9880786144820981,0.04417428374290466,0.3622238039970398,0.31804952025413513,-0.00560036301612854,False,0.13866066066066066,0.983496143661318,0.04087519645690918,0.35928618907928467,0.3184109926223755,-0.0023012757301330566,False,0.229027027027027,0.97275634782638,0.03575313091278076,0.34732913970947266,0.3115760087966919,0.0028207898139953613,False,0.38071471471471474,0.9827146891950302,0.04040461778640747,0.3408728837966919,0.3004682660102844,-0.0018306970596313477,False,0.45866666666666667,0.988495179661957,0.04453417658805847,0.35377588868141174,0.30924171209335327,-0.005960255861282349,False,0.5478918918918919,0.9851829765420776,0.5478918918918919,9,False,0.988495179661957,0.9819618245903173,1.6479394999987562,-0.03267658064689272,0.004089293946884176
1313869424,4860,"A shirtless man is fishing, standing on large rocks that rest next to a boardwalk with a tall lamp post in the forefront.",39547,A person holding a fishing pole next to the water.,271396631,0.39560699462890625,0.3717566430568695,0.023850351572036743,0.9156790181394276,14,4.3151246464923076e-17,1.6480928000000858,0.00025519999871903565,0.00010769999971671496,0.2891545544624289,-0.0089949369430542,0.2777302861213684,0.2867252230644226,0.03284528851509094,True,0.154018018018018,0.03147860661180757,-0.03426462411880493,0.25732719898223877,0.2915918231010437,0.058114975690841675,True,0.22593993993993994,0.1077179392408244,-0.021142661571502686,0.26147186756134033,0.282614529132843,0.04499301314353943,True,0.3641981981981982,0.014986527007898627,-0.041855037212371826,0.21241891384124756,0.2542739510536194,0.06570538878440857,True,0.4342822822822823,0.011518012017082697,-0.04452258348464966,0.2268071472644806,0.27132973074913025,0.0683729350566864,True,0.507957957957958,0.17678036113771897,0.7225405405405405,10,False,0.22089891845441648,0.2346887870060264,0.2891545544624289,-0.0089949369430542,0.2777302861213684,0.2867252230644226,0.03284528851509094,True,0.154018018018018,0.08843853040451508,-0.023328512907028198,0.2664183974266052,0.2897469103336334,0.04717886447906494,True,0.22451051051051052,0.1077179392408244,-0.021142661571502686,0.26147186756134033,0.282614529132843,0.04499301314353943,True,0.3641981981981982,0.014986527007898627,-0.041855037212371826,0.21241891384124756,0.2542739510536194,0.06570538878440857,True,0.4342822822822823,0.0025735114165129956,-0.059599071741104126,0.2177145779132843,0.2773136496543884,0.08344942331314087,True,0.5032552552552553,0.09774755081853594,0.6389069069069069,9,False,0.0028240868200746037,0.2477818123557077,1.5034837999992305,0.07903281031918304,-0.013093025349681292
1916798494,13392,Many youth are gathered in a computer lab working at computers while wearing headphones.,113068,A group of students sit and listen to the speaker.,4773842539,0.37140506505966187,0.32019996643066406,0.0512050986289978,0.9940624879022547,10,4.423544863740858e-17,1.6546162000013283,0.0002598999999463558,0.00010320000001229346,0.9008483236441572,0.022066861391067505,0.3233693540096283,0.3013024926185608,0.029138237237930298,False,0.11144744744744745,0.25286466700009447,-0.010833919048309326,0.3032909631729126,0.3141248822212219,0.06203901767730713,True,0.23594594594594595,0.3562589524359434,-0.005916386842727661,0.28222984075546265,0.2881462275981903,0.057121485471725464,True,0.3783303303303303,0.4537342356350272,-0.0018559396266937256,0.2675200402736664,0.2693759799003601,0.05306103825569153,True,0.46611411411411413,0.40290348745933124,-0.003933817148208618,0.2489083707332611,0.2528421878814697,0.05513891577720642,True,0.5922822822822823,0.5341255061794514,0.8183303303303303,7,False,0.5390707500156801,0.5240177677532756,0.9863228541991419,0.04278257489204407,0.35279881954193115,0.3100162446498871,0.008422523736953735,False,0.12449849849849849,0.25286466700009447,-0.010833919048309326,0.3032909631729126,0.3141248822212219,0.06203901767730713,True,0.23594594594594595,0.1087147858935358,-0.021039366722106934,0.28712600469589233,0.30816537141799927,0.07224446535110474,True,0.3034894894894895,0.21515255818122356,-0.012941420078277588,0.25839442014694214,0.2713358402252197,0.06414651870727539,True,0.49398198198198195,0.15413561523707484,-0.017025262117385864,0.2659674286842346,0.2829926908016205,0.06823036074638367,True,0.6201501501501502,0.32073006008910526,0.6201501501501502,6,False,0.15413561523707484,0.4171315245656481,1.1500732999993488,0.21339544609034616,0.10688624318762746
4148908583,89700,"A person, dressed as ""Santa Claus"", is wearing a red coat and standing in a crowded room of people while a few people take pictures.",51652,A man in uniform talks into a microphone to a group of people in various costumes.,3031792444,0.34178444743156433,0.30536389350891113,0.0364205539226532,0.9744703953134864,12,1.0408340855860843e-16,1.710693299999548,0.0002598999999463558,0.00010370000018156134,0.9963625644864805,0.05612832307815552,0.34030354022979736,0.28417521715164185,-0.01970776915550232,False,0.108,0.6863967630228576,0.007833272218704224,0.27970486879348755,0.2718715965747833,0.028587281703948975,False,0.2696213333333333,0.9646414416011838,0.0330621600151062,0.2752573490142822,0.24219518899917603,0.003358393907546997,False,0.347984,0.6209224430884521,0.004934653639793396,0.25075459480285645,0.24581994116306305,0.0314859002828598,False,0.4701226666666667,0.48538016898930253,-0.0005849599838256836,0.2314971685409546,0.23208212852478027,0.03700551390647888,True,0.5672853333333333,0.6129096677662187,0.7287093333333333,9,False,0.30902646021528835,0.8067805029212496,0.9957205567404858,0.054496437311172485,0.3465604782104492,0.29206404089927673,-0.018075883388519287,False,0.166256,0.9762271599006985,0.0371515154838562,0.3318020701408386,0.2946505546569824,-0.0007309615612030029,False,0.208912,0.6518120971235559,0.0062701404094696045,0.2724257707595825,0.2661556303501129,0.030150413513183594,False,0.39527466666666666,0.6209224430884521,0.004934653639793396,0.25075459480285645,0.24581994116306305,0.0314859002828598,False,0.4701226666666667,0.2770321960303416,-0.009592309594154358,0.22470888495445251,0.23430119454860687,0.046012863516807556,True,0.58264,0.748651178564459,0.4701226666666667,6,False,0.6209224430884521,0.7821075642047586,1.3973853000006784,-0.13574151079824026,0.02467293871649101
3425756814,67903,A man in a sleeveless blue tennis shirt blows kisses to the fans.,64511,The tennis player holds his racket in preparation for the ball.,3344531479,0.33823123574256897,0.28252285718917847,0.0557083785533905,0.996207151333207,11,2.0816681711721685e-17,1.7606184000014764,0.0002563999987614807,0.00010290000136592425,0.4540969514220957,-0.0018413066864013672,0.31085774302482605,0.3126990497112274,0.05754968523979187,True,0.23613,0.4540969514220957,-0.0018413066864013672,0.31085774302482605,0.3126990497112274,0.05754968523979187,True,0.23613,0.2045666073166096,-0.01357993483543396,0.29851657152175903,0.312096506357193,0.06928831338882446,True,0.38931,0.09655044345107783,-0.022361546754837036,0.29509007930755615,0.3174516260623932,0.07806992530822754,True,0.492525,0.07632703768952405,-0.024933308362960815,0.292737752199173,0.3176710605621338,0.08064168691635132,True,0.55467,0.2451257986458696,0.90038,10,False,0.0013923529713200456,0.43735704037686735,0.42818252354583397,-0.00289270281791687,0.3102840781211853,0.3131767809391022,0.05860108137130737,True,0.23872,0.42818252354583397,-0.00289270281791687,0.3102840781211853,0.3131767809391022,0.05860108137130737,True,0.23872,0.32140552740358036,-0.007473200559616089,0.302347332239151,0.3098205327987671,0.06318157911300659,True,0.300865,0.03170408203406717,-0.03419092297554016,0.2784167528152466,0.31260767579078674,0.08989930152893066,True,0.433325,0.019233397690472217,-0.03931686282157898,0.2690117359161377,0.3083285987377167,0.09502524137496948,True,0.505255,0.23930405196017052,0.74979,9,False,0.01081381945249186,0.4325046604151101,1.6888450000005832,0.005821746685699097,0.004852379961757247
5365075444,130423,Two children are playing with a bicycle.,10695,Two boys try to attach fruits to a bicycle on a dirt road.,1664475761,0.3653450310230255,0.342404305934906,0.022940725088119507,0.9083849355030483,14,7.112366251504909e-17,1.7029070000007778,0.0002635000000736909,0.00012099999912607018,0.8081074417840728,0.014377593994140625,0.343478262424469,0.32910066843032837,0.008563131093978882,False,0.137584,0.9198455162899721,0.024402499198913574,0.3467523455619812,0.3223498463630676,-0.0014617741107940674,False,0.26915733333333336,0.9306446756265919,0.025966346263885498,0.3444358706474304,0.3184695243835449,-0.003025621175765991,False,0.32237333333333335,0.9688492804570606,0.0343727171421051,0.34320080280303955,0.30882808566093445,-0.011431992053985596,False,0.46480533333333335,0.8646106589922306,0.01854124665260315,0.341275691986084,0.32273444533348083,0.004399478435516357,False,0.5215413333333333,0.8924345597137792,0.9260906666666666,13,False,0.9126045956211887,0.8978789889176574,0.5490705060343141,0.00196915864944458,0.3369736969470978,0.3350045382976532,0.020971566438674927,False,0.11630933333333333,0.5435616011098264,0.0017468929290771484,0.3363906741142273,0.33464378118515015,0.02119383215904236,False,0.23760533333333334,0.6490942656583872,0.006150603294372559,0.327380895614624,0.32123029232025146,0.016790121793746948,False,0.3014346666666667,0.669434740158716,0.007056295871734619,0.3077910244464874,0.3007347285747528,0.015884429216384888,False,0.45648533333333335,0.651229513426617,0.006244480609893799,0.31089895963668823,0.30465447902679443,0.016696244478225708,False,0.5306933333333334,0.6658095326090281,0.5306933333333334,8,False,0.651229513426617,0.6412523158474907,1.8836644000002707,0.22662502710475108,0.25662667307016673
2190227737,19170,A woman stands in a field surrounded by three attentive gray dogs.,27208,Dog in foreground with three people in background.,2407470303,0.33281731605529785,0.2910822033882141,0.04173511266708374,0.9848354076221417,14,3.361026734705064e-17,1.5676490999994712,0.0002567999999882886,0.00011210000047867652,0.3137116629533636,-0.007828235626220703,0.2732790410518646,0.2811072766780853,0.04956334829330444,True,0.12406405693950177,0.4494608030159966,-0.0020284950733184814,0.26491761207580566,0.26694610714912415,0.04376360774040222,True,0.23169395017793595,0.5186446246559138,0.0007461309432983398,0.2631450891494751,0.26239895820617676,0.0409889817237854,False,0.3798576512455516,0.5650095014229408,0.0026151835918426514,0.2652750313282013,0.26265984773635864,0.03911992907524109,False,0.46615658362989326,0.7214853623997401,0.009518414735794067,0.2591131031513214,0.24959468841552734,0.03221669793128967,False,0.5279857651245552,0.37868098975455544,0.5720355871886121,8,False,0.1896925131177834,0.5300733726926357,0.3137116629533636,-0.007828235626220703,0.2732790410518646,0.2811072766780853,0.04956334829330444,True,0.12406405693950177,0.3137116629533636,-0.007828235626220703,0.2732790410518646,0.2811072766780853,0.04956334829330444,True,0.20258362989323844,0.3817534914134051,-0.004821121692657471,0.2750398516654968,0.2798609733581543,0.04655623435974121,True,0.3096725978647687,0.4452941938621202,-0.0021970272064208984,0.26787734031677246,0.27007436752319336,0.04393213987350464,True,0.4402064056939502,0.553952979048941,0.00216655433177948,0.24779528379440308,0.2456287294626236,0.03956855833530426,False,0.5705551601423487,0.48558074377498217,0.6243345195729537,9,False,0.5385756816006321,0.45837196776476274,1.3108410999993794,-0.10689975402042673,0.07170140492787291
4675063973,106679,A woman and a man at a crosswalk in nyc.,134846,A bald man in a black shirt with a girl sitting on his shoulders walking in the street.,5823310445,0.3194665312767029,0.31370967626571655,0.005756855010986328,0.6400740371357863,13,7.28583859910259e-17,1.8849911000015709,0.00024540000049455557,0.00011249999988649506,0.8676428485001638,0.018802762031555176,0.3055027723312378,0.2867000102996826,-0.013045907020568848,False,0.106316,0.9918579664280203,0.04802539944648743,0.31695377826690674,0.2689283788204193,-0.0422685444355011,False,0.278644,0.997994599263677,0.06209903955459595,0.3206096887588501,0.25851064920425415,-0.05634218454360962,False,0.36062,0.9996316864055049,0.0790620744228363,0.2893299460411072,0.21026787161827087,-0.07330521941184998,False,0.468812,0.9997169414083494,0.08169573545455933,0.28996026515960693,0.2082645297050476,-0.075938880443573,False,0.53686,0.9579046113522907,0.6588,8,False,0.9850628858244688,0.927651061075472,0.8653072176516318,0.018600881099700928,0.3165120482444763,0.2979111671447754,-0.0128440260887146,False,0.172328,0.7461069731186993,0.01077955961227417,0.31621676683425903,0.30543720722198486,-0.005022704601287842,False,0.226152,0.8031845379440358,0.01406317949295044,0.32311004400253296,0.3090468645095825,-0.008306324481964111,False,0.308128,0.5252642464760849,0.0010114312171936035,0.3266834020614624,0.3256719708442688,0.004745423793792725,False,0.436152,0.8494213121637425,0.017300695180892944,0.33960282802581787,0.3223021328449249,-0.011543840169906616,False,0.552416,0.8465753696549602,0.376176,5,False,0.881711890570857,0.7268585523918656,1.9131244999989576,0.1113292416973305,0.20079250868360643
4972129585,125347,Several elderly men are grouped around a table.,116203,A group of men are sitting around a table.,4823948097,0.3109302520751953,0.2981247305870056,0.012805521488189697,0.7825437497098038,14,6.245004513516506e-17,1.7374749000009615,0.00025999999888881575,0.00013589999980467837,0.3983942690310112,-0.004121601581573486,0.2989118695259094,0.3030334711074829,0.016927123069763184,True,0.169552,0.5168170652185621,0.0006729364395141602,0.301095187664032,0.3004222512245178,0.012132585048675537,False,0.22307733333333332,0.42251597855387585,-0.003124535083770752,0.30994564294815063,0.3130701780319214,0.01593005657196045,True,0.33121066666666665,0.19264327246358362,-0.014329254627227783,0.2819671034812927,0.2962963581085205,0.02713477611541748,True,0.49589866666666665,0.22008396553626225,-0.012651771306991577,0.27393317222595215,0.2865849435329437,0.025457292795181274,True,0.55312,0.36135750718218146,0.7395253333333334,10,False,0.3422664726213809,0.43003033466142426,0.3983942690310112,-0.004121601581573486,0.2989118695259094,0.3030334711074829,0.016927123069763184,True,0.169552,0.3287028611088494,-0.0071405768394470215,0.3043363690376282,0.3114769458770752,0.01994609832763672,True,0.27768533333333334,0.42251597855387585,-0.003124535083770752,0.30994564294815063,0.3130701780319214,0.01593005657196045,True,0.33121066666666665,0.315306388826653,-0.007754266262054443,0.30456387996673584,0.3123181462287903,0.02055978775024414,True,0.4441813333333333,0.19684467266959021,-0.014061331748962402,0.28725504875183105,0.30131638050079346,0.0268668532371521,True,0.541664,0.4012880500070452,0.6888266666666667,9,False,0.44383968794920925,0.41754779164506767,1.8738306000013836,-0.039930542824863746,0.012482543016356595
4420174290,95027,A little girl reaches over to brush a goat.,56171,"An entertainer stand on one leg, holding up a dog as two goats stand on pedestals in the background.",3149894951,0.35601702332496643,0.30212831497192383,0.0538887083530426,0.9954536363579017,14,6.245004513516506e-17,1.6351275999986683,0.0002519999998185085,0.00010899999870161992,0.5241702015930009,0.000967562198638916,0.29001694917678833,0.2890493869781494,0.052921146154403687,False,0.14646975088967973,0.020392530071339822,-0.03871983289718628,0.26739174127578735,0.30611157417297363,0.09260854125022888,True,0.27319572953736654,0.662613565044122,0.006749629974365234,0.25182467699050903,0.2450750470161438,0.04713907837867737,False,0.36923843416370106,0.7764700314538807,0.012452125549316406,0.22901040315628052,0.2165582776069641,0.041436582803726196,False,0.41870462633451955,0.7186788766787146,0.009379178285598755,0.20783944427967072,0.19846026599407196,0.04450953006744385,False,0.5697651245551602,0.47983899884033376,0.7254946619217082,10,False,0.22827546970692306,0.5741232827901275,0.13326088801953595,-0.018724292516708374,0.2776009738445282,0.2963252663612366,0.07261300086975098,True,0.19081138790035587,0.1431817644580608,-0.017891108989715576,0.27734172344207764,0.2952328324317932,0.07177981734275818,True,0.256661921708185,0.049162001791650825,-0.02962222695350647,0.26580485701560974,0.2954270839691162,0.08351093530654907,True,0.3242135231316726,0.004256771778499533,-0.05454978346824646,0.24131032824516296,0.2958601117134094,0.10843849182128906,True,0.46966548042704626,0.039217100701407936,-0.031986355781555176,0.2584006190299988,0.29038697481155396,0.08587506413459778,True,0.5191316725978647,0.15262110022559539,0.6925195729537367,10,False,0.022209814374068142,0.24703651910285732,1.4107603000011295,0.3272178986147384,0.3270867636872702
230486268,23431,A boy wearing a red shirt digs into the sand with a yellow shovel.,46117,Young boy running in the dirt with a small handheld shovel.,2889845164,0.38048744201660156,0.3549101948738098,0.025577247142791748,0.928090756852832,10,9.71445146547012e-17,1.7143244999988383,0.0003470999999990454,0.0001067000011971686,0.42445942582444035,-0.0030449330806732178,0.2792481780052185,0.2822931110858917,0.028622180223464966,True,0.15582933333333332,0.10123279739286425,-0.021836012601852417,0.24750038981437683,0.26933640241622925,0.047413259744644165,True,0.262128,0.08711959632314645,-0.02349323034286499,0.23213925957679749,0.2556324899196625,0.04907047748565674,True,0.3983946666666667,0.1314940069015773,-0.018878132104873657,0.23135319352149963,0.2502313256263733,0.044455379247665405,True,0.507792,0.1314940069015773,-0.018878132104873657,0.23135319352149963,0.2502313256263733,0.044455379247665405,True,0.507792,0.1977475413698345,0.90368,9,False,0.039093149596862393,0.31137677803614205,0.865356533437935,0.01860511302947998,0.3518913984298706,0.3332862854003906,0.006972134113311768,False,0.13626666666666667,0.12342056800618743,-0.01960429549217224,0.26525232195854187,0.2848566174507141,0.04518154263496399,True,0.292096,0.08711959632314645,-0.02349323034286499,0.23213925957679749,0.2556324899196625,0.04907047748565674,True,0.3983946666666667,0.054355538985951676,-0.028563201427459717,0.2198646068572998,0.24842780828475952,0.054140448570251465,True,0.47512,0.047774171168069486,-0.029923170804977417,0.21330496668815613,0.24322813749313354,0.055500417947769165,True,0.5321866666666667,0.253895246340027,0.9057813333333333,9,False,0.08209370416749845,0.4110687619751272,1.5902910999993765,-0.05614770497019253,-0.09969198393898515
72008434,145986,A man kissing another man on the cheek.,52497,A man and woman wearing wedding clothes are kissing.,3052436578,0.35672271251678467,0.301705002784729,0.055017709732055664,0.9959370347496654,16,3.122502256758253e-17,1.7941573999996763,0.0002652000002854038,0.0001174000008177245,0.9830258229762124,0.04058942198753357,0.30372023582458496,0.2631308138370514,0.014428287744522095,False,0.128625,0.7075522810023218,0.008835256099700928,0.2598477602005005,0.25101250410079956,0.046182453632354736,False,0.24591,0.6779063850374348,0.007441669702529907,0.25735223293304443,0.24991056323051453,0.04757604002952576,False,0.3122,0.5690475553471094,0.002779662609100342,0.2528740167617798,0.25009435415267944,0.05223804712295532,False,0.426125,0.39714421119484694,-0.004173785448074341,0.2322285771369934,0.23640236258506775,0.059191495180130005,True,0.544455,0.5143323524968507,0.88008,14,False,0.24981822012100716,0.7356478541524164,0.9830258229762124,0.04058942198753357,0.30372023582458496,0.2631308138370514,0.014428287744522095,False,0.128625,0.9711293437263467,0.03515633940696716,0.29698246717453003,0.26182612776756287,0.0198613703250885,False,0.250335,0.6779063850374348,0.007441669702529907,0.25735223293304443,0.24991056323051453,0.04757604002952576,False,0.3122,0.07698061591185366,-0.02484096586704254,0.2119147777557373,0.23675574362277985,0.0798586755990982,True,0.42326,0.08609219919068314,-0.023623108863830566,0.20865045487880707,0.23227356374263763,0.07864081859588623,True,0.538515,0.37836741456739953,0.73492,12,False,0.08272233202069917,0.6471821823945496,2.266403400000854,0.1359649379294512,0.08846567175786679
221586389,20143,A man in Brazil giving an informal talk to young adults.,135240,A group of people watch young men play the drums using makeshift buckets as instruments.,58803866,0.3917693495750427,0.3042970299720764,0.08747231960296631,0.999841124685392,12,5.551115123125783e-17,1.7858253000013065,0.0002555999999458436,0.00010409999958937988,0.9897615987612509,0.045713186264038086,0.3318321108818054,0.28611892461776733,0.04175913333892822,False,0.128992,0.9801962400326809,0.03901880979537964,0.31050729751586914,0.2714884877204895,0.04845350980758667,False,0.2960853333333333,0.9915932325947665,0.04770275950431824,0.3009890019893646,0.2532862424850464,0.03976956009864807,False,0.36423466666666665,0.9881105702542659,0.04420144855976105,0.2711945176124573,0.22699306905269623,0.04327087104320526,False,0.42314666666666667,0.9915477093360061,0.047648295760154724,0.2514861822128296,0.20383788645267487,0.039824023842811584,False,0.51328,0.9296948159604865,0.867056,10,False,0.6711070615783218,0.9889799956944821,0.9897615987612509,0.045713186264038086,0.3318321108818054,0.28611892461776733,0.04175913333892822,False,0.128992,0.9136608015665464,0.02359175682067871,0.31437212228775024,0.29078036546707153,0.0638805627822876,False,0.226,0.9095667816024673,0.02308356761932373,0.2911217212677002,0.26803815364837646,0.06438875198364258,False,0.35306133333333334,0.5797838021250988,0.0032188594341278076,0.2859702706336975,0.2827514111995697,0.0842534601688385,False,0.401872,0.7650671186805112,0.011806637048721313,0.2805061936378479,0.2686995565891266,0.075665682554245,False,0.5225333333333333,0.8200016830795026,0.5225333333333333,6,False,0.7650671186805112,0.8687670284503302,1.5415888999996241,0.10969313288098392,0.12021296724415198
4434125934,95355,"A man, dressed in bright blue jeans and a plaid shirt, mows a shaggy green lawn in his cozy suburban front yard.",126583,Two gardeners are pruning a stretch of leafy plants.,5026046208,0.3365287780761719,0.2813414931297302,0.05518728494644165,0.9960050787691379,13,4.163336342344337e-17,1.8533500000012282,0.0002597999991849065,0.00011099999937869143,0.8603894976104703,0.018185287714004517,0.2819322943687439,0.2637470066547394,0.037001997232437134,False,0.1718079331941545,0.2911740667618961,-0.008896887302398682,0.2713942527770996,0.2802911400794983,0.06408417224884033,True,0.22502296450939457,0.1551360708744467,-0.016948729753494263,0.2581435739994049,0.27509230375289917,0.07213601469993591,True,0.35991649269311066,0.11035800869576612,-0.020870894193649292,0.2533611059188843,0.27423200011253357,0.07605817914009094,True,0.464776617954071,0.12233585842885338,-0.01970493793487549,0.25400882959365845,0.27371376752853394,0.07489222288131714,True,0.5223382045929019,0.273854915804218,0.9227891440501044,12,False,0.02581469851053695,0.46106346618672095,0.8603894976104703,0.018185287714004517,0.2819322943687439,0.2637470066547394,0.037001997232437134,False,0.1718079331941545,0.2911740667618961,-0.008896887302398682,0.2713942527770996,0.2802911400794983,0.06408417224884033,True,0.22502296450939457,0.10384605709688279,-0.02155202627182007,0.26511621475219727,0.28666824102401733,0.07673931121826172,True,0.3298830897703549,0.0682850638095318,-0.026133358478546143,0.2631433308124542,0.28927668929100037,0.08132064342498779,True,0.40888935281837163,0.02811096617631531,-0.03543081879615784,0.23701927065849304,0.2724500894546509,0.09061810374259949,True,0.5056993736951984,0.22810570094036695,0.6823590814196242,9,False,0.0108176934601171,0.43956669474642424,2.3714440999992803,0.045749214863851057,0.021496771440296714
407569668,88275,There are two men and one female sitting down and looking at their laptops in front of a window.,119317,Three people are sitting at an outdoor table in front of a coffee shop.,4871230195,0.32817262411117554,0.31052619218826294,0.017646431922912598,0.8537902340373371,13,1.9081958235744878e-17,1.735047799998938,0.0002679999997781124,0.00010910000128205866,0.015255434332436289,-0.04167446494102478,0.27140748500823975,0.3130819499492645,0.05932089686393738,True,0.1611951951951952,0.023921371724109432,-0.037087708711624146,0.2607406973838806,0.29782840609550476,0.05473414063453674,True,0.21893693693693694,0.0360564335551498,-0.032859474420547485,0.26884791254997253,0.30170738697052,0.05050590634346008,True,0.3420720720720721,0.049384680029042054,-0.029574692249298096,0.2413042187690735,0.2708789110183716,0.04722112417221069,True,0.4574834834834835,0.04858059863542548,-0.029747307300567627,0.2324623167514801,0.26220962405204773,0.047393739223480225,True,0.5727327327327327,0.3307480634300578,0.777903903903904,10,False,0.6120731800561324,0.14918372295284002,0.015255434332436289,-0.04167446494102478,0.27140748500823975,0.3130819499492645,0.05932089686393738,True,0.1611951951951952,0.009658162526142402,-0.046302467584609985,0.2683248221874237,0.3146272897720337,0.06394889950752258,True,0.24704504504504504,0.02391260547315341,-0.037091463804244995,0.25251588225364685,0.28960734605789185,0.05473789572715759,True,0.3047867867867868,0.0032290863346842768,-0.05732321739196777,0.24139314889907837,0.29871636629104614,0.07496964931488037,True,0.4704624624624625,0.0025183231460869583,-0.059816405177116394,0.23075203597545624,0.29056844115257263,0.07746283710002899,True,0.5515915915915915,0.08382596211256943,0.6668408408408408,8,False,0.005833036756038568,0.13517813907994103,1.4360492999985581,0.24692210131748837,0.014005583872898991
3773310720,81735,A man in a sleeveless brown shirt and khaki shorts sews on a piece of cloth covering a ramshackle shade structure.,133410,A man wearing a hat is showing a group of children how to throw a net off of a dock.,566945636,0.3543916940689087,0.30387967824935913,0.05051201581954956,0.9936390835445431,13,3.469446951953614e-17,1.6940862000010384,0.0002525999989302363,0.00010769999971671496,0.9719395528439464,0.035449326038360596,0.32869672775268555,0.29324740171432495,0.015062689781188965,False,0.1392,0.9766514106902875,0.03733593225479126,0.33375951647758484,0.2964235842227936,0.0131760835647583,False,0.315952,0.9766514106902875,0.03733593225479126,0.33375951647758484,0.2964235842227936,0.0131760835647583,False,0.315952,0.4809878385988188,-0.0007608532905578613,0.26150262355804443,0.2622634768486023,0.05127286911010742,True,0.53032,0.4809878385988188,-0.0007608532905578613,0.26150262355804443,0.2622634768486023,0.05127286911010742,True,0.53032,0.6516249852506075,0.8579893333333334,11,False,0.06296837316581275,0.8772977699912202,0.9719395528439464,0.035449326038360596,0.32869672775268555,0.29324740171432495,0.015062689781188965,False,0.1392,0.9535077421960098,0.030208617448806763,0.3328762650489807,0.30266764760017395,0.020303398370742798,False,0.20875733333333332,0.9919018442876694,0.048079878091812134,0.35031166672706604,0.3022317886352539,0.0024321377277374268,False,0.32914133333333334,0.6958330445165559,0.008275330066680908,0.2800547480583191,0.2717794179916382,0.04223668575286865,False,0.43810666666666664,0.739673714946067,0.010442733764648438,0.2732192575931549,0.26277652382850647,0.04006928205490112,False,0.5890986666666667,0.7484370725785535,0.7468053333333333,9,False,0.5006228682157012,0.8847315428680459,1.7547582000006514,-0.096812087327946,-0.007433772876825673
463551598,104490,"A busy plaza with three young women with an umbrella and buckets full of possessions, possibly homeless.",42773,A woman texts on her phone while surrounded by umbrellas.,280007961,0.3490663468837738,0.3472486138343811,0.0018177330493927002,0.5453186118585066,14,8.326672684688674e-17,1.703008000000409,0.00025069999901461415,0.00010870000005525071,0.0015268531622965864,-0.06483018398284912,0.2692807912826538,0.33411097526550293,0.06664791703224182,True,0.11518933333333334,0.004043595771866813,-0.055065691471099854,0.27320921421051025,0.3282749056816101,0.056883424520492554,True,0.22735466666666668,0.012489645259787154,-0.0437028706073761,0.2550610899925232,0.2987639605998993,0.0455206036567688,True,0.3440373333333333,0.05536106211452653,-0.02836926281452179,0.2466476410627365,0.2750169038772583,0.03018699586391449,True,0.409024,0.04751426780164937,-0.029980450868606567,0.25637006759643555,0.2863505184650421,0.03179818391799927,True,0.5511413333333334,0.08893691433096784,0.9606933333333333,13,False,0.11823434704395842,0.07672666901158604,0.0015268531622965864,-0.06483018398284912,0.2692807912826538,0.33411097526550293,0.06664791703224182,True,0.11518933333333334,0.004043595771866813,-0.055065691471099854,0.27320921421051025,0.3282749056816101,0.056883424520492554,True,0.22735466666666668,0.0046090077398604325,-0.053751230239868164,0.26678669452667236,0.3205379247665405,0.055568963289260864,True,0.3614773333333333,0.0038934400252353396,-0.05544561147689819,0.26591724157333374,0.32136285305023193,0.057263344526290894,True,0.4468533333333333,0.004071536403711166,-0.0549965500831604,0.2660295367240906,0.321026086807251,0.0568142831325531,True,0.5094133333333334,0.03502311603441518,0.4468533333333333,5,False,0.0038934400252353396,0.06478067578653518,1.8971896999992168,0.05391379829655266,0.011945993225050855
409327234,88655,A woman sits at a restaurant with her back against a brick wall.,30010,A girl sitting outside a coffee house on a maroon colored bench with another girl watching her.,2469878877,0.3291161060333252,0.3145145773887634,0.014601528644561768,0.8115560538927532,12,4.163336342344337e-17,1.6694695000005595,0.00026000000070780516,0.0001049999991664663,0.9203118621946156,0.02446591854095459,0.32525044679641724,0.30078452825546265,-0.009864389896392822,False,0.18358083832335328,0.9522213546207121,0.029922187328338623,0.3241220712661743,0.2941998839378357,-0.015320658683776855,False,0.25550299401197607,0.8660432802008947,0.018664181232452393,0.30194103717803955,0.28327685594558716,-0.004062652587890625,False,0.3419880239520958,0.9464264881440277,0.02871638536453247,0.3046969175338745,0.27598053216934204,-0.014114856719970703,False,0.4693353293413174,0.99104924626472,0.04707026481628418,0.3204725980758667,0.2734023332595825,-0.03246873617172241,False,0.5537904191616766,0.7306853225568855,0.7704610778443114,9,False,0.26736190599331655,0.9067598990127721,0.9203118621946156,0.02446591854095459,0.32525044679641724,0.30078452825546265,-0.009864389896392822,False,0.18358083832335328,0.7639564790531116,0.011744946241378784,0.3144941031932831,0.3027491569519043,0.0028565824031829834,False,0.2680359281437126,0.9402648498536806,0.02756240963935852,0.3207467496395111,0.2931843400001526,-0.012960880994796753,False,0.32935329341317365,0.8627686565204545,0.01838478446006775,0.30409860610961914,0.2857138216495514,-0.0037832558155059814,False,0.4158383233532934,0.8762938021957264,0.01957792043685913,0.2938203811645508,0.27424246072769165,-0.004976391792297363,False,0.5649101796407185,0.8750472270300604,0.6922574850299401,8,False,0.8697709906915809,0.8672722413963908,1.3379803999996511,-0.14436190447317498,0.03948765761638129
5931115247,135840,"A child wearing rollerblades, knee pads, a helmet, and elbow pads is skating down a paved path.",8233,Small child is rollerskating while bicyclists ride around a track.,146906547,0.3746657073497772,0.29675042629241943,0.07791528105735779,0.999586949725067,13,8.326672684688674e-17,1.7183760999996593,0.0002731000004132511,0.00011829999857582152,0.9999450783308925,0.09809547662734985,0.34194740653038025,0.2438519299030304,-0.020180195569992065,False,0.12681501340482573,0.997405319021867,0.05951693654060364,0.2861911654472351,0.22667422890663147,0.01839834451675415,False,0.28509383378016084,0.9974543889063019,0.059708356857299805,0.2801061272621155,0.22039777040481567,0.018206924200057983,False,0.3699892761394102,0.9956507022225909,0.054333820939064026,0.2708222270011902,0.21648840606212616,0.023581460118293762,False,0.45578016085790884,0.9945872502662186,0.05213570594787598,0.26549580693244934,0.21336010098457336,0.02577957510948181,False,0.5071528150134048,0.9974703900913168,0.8223860589812333,10,False,0.9970892346961149,0.9980201905792305,0.9956748909704429,0.0543898344039917,0.3544638156890869,0.3000739812850952,0.02352544665336609,False,0.1582788203753351,0.9732857431182881,0.035954803228378296,0.341031014919281,0.3050762116909027,0.04196047782897949,False,0.23663806970509382,0.9947309340908465,0.0524061918258667,0.35061556100845337,0.29820936918258667,0.02550908923149109,False,0.3368418230563003,0.9824137172198847,0.04022893309593201,0.3375937342643738,0.2973648011684418,0.03768634796142578,False,0.42263270777479894,0.9380848851910473,0.027180761098861694,0.2909030318260193,0.2637222707271576,0.050734519958496094,False,0.5405040214477211,0.965148417080372,0.8731849865951743,12,False,0.9294983902830555,0.9836090623562507,1.8588177000001451,0.03232197301094475,0.014411128222979852
2709044515,39371,A man wearing all white (including a bandanna) cooking something and making a huge flame.,12169,A chef cooking at a hibachi grill.,180209719,0.32696425914764404,0.32183289527893066,0.005131363868713379,0.6255414284727795,15,3.2959746043559335e-17,1.6892583999997441,0.0002807000000757398,0.0001143000008596573,0.5786608600051963,0.0031727850437164307,0.31126895546913147,0.30809617042541504,0.0019585788249969482,False,0.1363003003003003,0.392038199189362,-0.004387527704238892,0.2986190915107727,0.3030066192150116,0.00951889157295227,True,0.2518018018018018,0.4014342348226523,-0.003994926810264587,0.24501948058605194,0.24901440739631653,0.009126290678977966,True,0.33103303303303305,0.3263175549556685,-0.007248878479003906,0.2484200894832611,0.255668967962265,0.012380242347717285,True,0.4225285285285285,0.5071989985125636,0.0002879798412322998,0.21986719965934753,0.21957921981811523,0.004843384027481079,False,0.5622522522522523,0.5791724995214748,0.7476516516516517,11,False,0.7579432657891519,0.4643522328523427,0.5786608600051963,0.0031727850437164307,0.31126895546913147,0.30809617042541504,0.0019585788249969482,False,0.1363003003003003,0.392038199189362,-0.004387527704238892,0.2986190915107727,0.3030066192150116,0.00951889157295227,True,0.2518018018018018,0.5464149733243012,0.00186195969581604,0.275077760219574,0.27321580052375793,0.003269404172897339,False,0.3707987987987988,0.5028446009808916,0.0001137852668762207,0.2859364151954651,0.28582262992858887,0.005017578601837158,False,0.4355435435435435,0.8496890896849797,0.017321646213531494,0.24509498476982117,0.22777333855628967,-0.012190282344818115,False,0.5545465465465466,0.5121815298212481,0.4355435435435435,5,False,0.5028446009808916,0.556141824107387,1.6624351999998908,0.06699096970022667,-0.09178959125504432
204150602,14776,A man is doing a handstand on top of a circular sculpture covered with graffiti.,130668,A man jumps and poses for photographers lying on the ground.,538271607,0.373813271522522,0.29058241844177246,0.08323085308074951,0.9997572135054396,15,6.245004513516506e-17,1.6446662999987893,0.00028819999897677917,0.00011100000119768083,0.9994494808347281,0.07504098117351532,0.28749793767929077,0.21245695650577545,0.008189871907234192,False,0.1426066066066066,0.9992533530521943,0.07199171185493469,0.2811586260795593,0.20916691422462463,0.01123914122581482,False,0.2090870870870871,0.9982772648500002,0.06362117826938629,0.2674259841442108,0.20380480587482452,0.01960967481136322,False,0.3367747747747748,0.9949787848378833,0.05289049446582794,0.25683480501174927,0.20394431054592133,0.03034035861492157,False,0.42064864864864865,0.8910499302907753,0.02101510763168335,0.23265516757965088,0.21164005994796753,0.06221574544906616,False,0.5123423423423423,0.7566005726364445,0.9355195195195195,14,False,0.25536025234078813,0.9887470106269766,0.9975257560568713,0.059993430972099304,0.28192245960235596,0.22192902863025665,0.023237422108650208,False,0.15855855855855855,0.9361662548603626,0.026855111122131348,0.27047258615493774,0.2436174750328064,0.056375741958618164,False,0.24243243243243243,0.6400469166320688,0.005755677819252014,0.22696617245674133,0.22121049463748932,0.0774751752614975,False,0.3545885885885886,0.6475977270261685,0.00608496367931366,0.2270432561635971,0.22095829248428345,0.07714588940143585,False,0.41184384384384387,0.5394879991730754,0.001582816243171692,0.2226521074771881,0.22106929123401642,0.08164803683757782,False,0.5345405405405406,0.6028452726667258,0.829915915915916,12,False,0.12889839368971523,0.8184884146350725,1.9785045999997237,0.1537552999697187,0.17025859599190407
4780620826,113393,A large gray sea deck and a guy on the bike.,8231,"In front of palm trees, figures ride bicycles while a couple walk and a child wears rollerskates near an older person.",146906547,0.338519811630249,0.3177608251571655,0.020758986473083496,0.8885384909864115,15,5.204170427930421e-17,1.640074499999173,0.00026560000151221175,0.00011489999997138511,0.9878819689583005,0.044008687138557434,0.2772718667984009,0.23326317965984344,-0.023249700665473938,False,0.14422222222222222,0.7351747391480966,0.010210379958152771,0.2506648302078247,0.24045445024967194,0.010548606514930725,False,0.20550750750750751,0.9251885721866401,0.025150269269943237,0.2551611065864563,0.23001083731651306,-0.004391282796859741,False,0.35754354354354356,0.9924666345025076,0.048808515071868896,0.27419036626815796,0.22538185119628906,-0.0280495285987854,False,0.4337837837837838,0.9975855596752485,0.06023870408535004,0.25019723176956177,0.18995852768421173,-0.03947971761226654,False,0.5535855855855856,0.9565403530064257,0.6838438438438439,10,False,0.9977746344911831,0.9151872495349637,0.9241339222229432,0.024998873472213745,0.31480103731155396,0.2898021638393402,-0.004239886999130249,False,0.11733933933933934,0.7079911606960242,0.008856475353240967,0.31040287017822266,0.3015463948249817,0.01190251111984253,False,0.2598018018018018,0.93757175545048,0.02709275484085083,0.3168015480041504,0.28970879316329956,-0.006333768367767334,False,0.3293813813813814,0.9008161092482777,0.022063255310058594,0.2883746027946472,0.2663113474845886,-0.0013042688369750977,False,0.4651831831831832,0.8663682911261062,0.018692225217819214,0.2684103548526764,0.24971812963485718,0.0020667612552642822,False,0.5342822822822823,0.8908858232813811,0.4651831831831832,7,False,0.9008161092482777,0.8717106883151444,1.55095479999909,0.0656545297250446,0.04347656121981924
175556963,11650,A group of spectators sitting in lawn chairs in the street facing a building and drinking beer.,102299,A group of people gather on a outdoor patio.,4587901777,0.36076369881629944,0.3445793390274048,0.016184359788894653,0.8345793192240716,12,4.5102810375396984e-17,1.6935562000016944,0.0002524999999877764,0.00010430000111227855,0.8036223044633606,0.014090895652770996,0.3367456793785095,0.3226547837257385,0.0020934641361236572,False,0.13101333333333334,0.5593349147380727,0.0023846328258514404,0.3076483905315399,0.3052637577056885,0.013799726963043213,False,0.23722133333333334,0.6642798284676659,0.0068242549896240234,0.29373544454574585,0.2869111895561218,0.00936010479927063,False,0.3374026666666667,0.5086395783266999,0.00034561753273010254,0.285185843706131,0.2848402261734009,0.01583874225616455,False,0.4029333333333333,0.6698949096129769,0.0070770978927612305,0.2979514002799988,0.29087430238723755,0.009107261896133423,False,0.570352,0.5404036156993243,0.8675306666666667,10,False,0.08500622225588343,0.6628691014093401,0.8036223044633606,0.014090895652770996,0.3367456793785095,0.3226547837257385,0.0020934641361236572,False,0.13101333333333334,0.6778263398218832,0.007438004016876221,0.32441484928131104,0.3169768452644348,0.008746355772018433,False,0.219872,0.5982932569942462,0.003983587026596069,0.320639967918396,0.3166563808917999,0.012200772762298584,False,0.30843733333333334,0.6722821408278549,0.007185250520706177,0.3183775246143341,0.31119227409362793,0.008999109268188477,False,0.47071466666666667,0.6010999047115559,0.004100501537322998,0.2991265654563904,0.2950260639190674,0.012083858251571655,False,0.570896,0.5556140182566708,0.8881333333333333,10,False,0.5166697091491186,0.6945577326214335,1.8569894000011118,-0.015210402557346514,-0.03168863121209342
3070836317,53103,A woman wearing a sweater is reading a book in her home.,88658,"A woman sits in a cafe, looking out a window.",409327234,0.34792280197143555,0.319952130317688,0.02797067165374756,0.9425171333334115,12,7.806255641895632e-17,1.8925932999991346,0.0002806999982567504,0.00010549999933573417,0.1421839800227374,-0.017972677946090698,0.28426364064216614,0.30223631858825684,0.04594334959983826,True,0.242988,0.1421839800227374,-0.017972677946090698,0.28426364064216614,0.30223631858825684,0.04594334959983826,True,0.242988,0.06250084924142729,-0.02708035707473755,0.28047341108322144,0.307553768157959,0.05505102872848511,True,0.301392,0.024276156711368135,-0.03693684935569763,0.2774464786052704,0.314383327960968,0.06490752100944519,True,0.400232,0.06416938438853831,-0.02679908275604248,0.2719147205352783,0.2987138032913208,0.05476975440979004,True,0.50246,0.10905251620867408,0.935628,11,False,0.013993873102577834,0.29170721743468503,0.1421839800227374,-0.017972677946090698,0.28426364064216614,0.30223631858825684,0.04594334959983826,True,0.242988,0.1421839800227374,-0.017972677946090698,0.28426364064216614,0.30223631858825684,0.04594334959983826,True,0.242988,0.1919868532584391,-0.014371514320373535,0.26815226674079895,0.2825237810611725,0.042342185974121094,True,0.310244,0.02342073498081819,-0.0373043417930603,0.2454918622970581,0.2827962040901184,0.06527501344680786,True,0.440836,0.06457180087402926,-0.026732265949249268,0.2159871757030487,0.24271944165229797,0.054702937602996826,True,0.578952,0.09392919481225608,0.677792,8,False,0.01326429471723029,0.2818265007641496,2.2120987999987847,0.015123321396418005,0.009880716670535417
475816542,112097,A black and a brown dog are running toward the camera.,75100,A black and tan dog is running with a white and gray dog along dirt.,3593392955,0.3310505151748657,0.3224775493144989,0.008572965860366821,0.7020955244134262,15,3.122502256758253e-17,1.7498554000012518,0.00028469999961089343,0.0001142999990406679,0.9426239297386069,0.027990400791168213,0.3147641122341156,0.2867737114429474,-0.01941743493080139,False,0.13918235294117648,0.9585244737672696,0.031402915716171265,0.3098744750022888,0.27847155928611755,-0.022829949855804443,False,0.2554823529411765,0.8991334866649835,0.02187633514404297,0.3095793128013611,0.2877029776573181,-0.013303369283676147,False,0.32139411764705883,0.8630151166789142,0.018405616283416748,0.27079230546951294,0.2523866891860962,-0.009832650423049927,False,0.4857235294117647,0.8155897321064823,0.01486748456954956,0.27223122119903564,0.2573637366294861,-0.006294518709182739,False,0.5353235294117648,0.8544117897105984,0.5353235294117648,8,False,0.8155897321064823,0.8829171419428764,0.7776239827078684,0.012518733739852905,0.3195367753505707,0.3070180416107178,-0.003945767879486084,False,0.13369411764705882,0.6113192917272919,0.004528611898422241,0.31353551149368286,0.3090068995952606,0.00404435396194458,False,0.27751176470588235,0.5816559502332129,0.0032957494258880615,0.32134202122688293,0.3180462718009949,0.00527721643447876,False,0.36654117647058826,0.5242921041404702,0.000972449779510498,0.3207393288612366,0.3197668790817261,0.007600516080856323,False,0.41614117647058824,0.43684013069354183,-0.0025399625301361084,0.3110811412334442,0.3136211037635803,0.01111292839050293,True,0.5462411764705882,0.5389656891217969,0.6436470588235295,9,False,0.4004016932258399,0.6258156545476196,1.6057020999996894,0.3154461005888015,0.25710148739525684
4567311889,101486,"The infant has plenty of toys, but attention is drawn to the nearby cat.",56870,A little girl in a purple plaid dress lays on the floor and cries with her toy beside her.,3168354472,0.37581753730773926,0.31230467557907104,0.06351286172866821,0.9982585360256794,11,9.020562075079397e-17,1.718409500001144,0.00025880000066536013,0.00010900000052060932,0.9511379002004012,0.029686570167541504,0.29531216621398926,0.26562559604644775,0.03382629156112671,False,0.12493693693693694,0.9596980583118796,0.0317021906375885,0.2701396346092224,0.2384374439716339,0.03181067109107971,False,0.2093213213213213,0.33525044232895246,-0.006845325231552124,0.25190427899360657,0.2587496042251587,0.07035818696022034,True,0.30067267267267267,0.4434950590378585,-0.0022698938846588135,0.24608848989009857,0.24835838377475739,0.06578275561332703,True,0.465003003003003,0.5926204669445957,0.003748089075088501,0.22927311062812805,0.22552502155303955,0.05976477265357971,False,0.5937657657657658,0.5801237090883855,0.852984984984985,9,False,0.3908636003993976,0.660594025017978,0.10996741401260521,-0.02091073989868164,0.2634251117706299,0.2843358516693115,0.08442360162734985,True,0.21628828828828828,0.10996741401260521,-0.02091073989868164,0.2634251117706299,0.2843358516693115,0.08442360162734985,True,0.21628828828828828,0.1675272204509192,-0.016032546758651733,0.26025262475013733,0.27628517150878906,0.07954540848731995,True,0.32033633633633635,0.058622129393568014,-0.02776232361793518,0.25785282254219055,0.28561514616012573,0.0912751853466034,True,0.5178198198198198,0.058622129393568014,-0.02776232361793518,0.25785282254219055,0.28561514616012573,0.0912751853466034,True,0.5178198198198198,0.28137593920272047,0.9156156156156157,10,False,0.026465415317342863,0.302450599837975,1.4830453000013222,0.29874776988566504,0.358143425180003
43244430,92922,Two young females talk and text as they stare into the distance.,28716,Two women wearing tank tops are looking at the camera.,2438754748,0.3218653202056885,0.31602007150650024,0.005845248699188232,0.6421079129009337,13,8.500145032286355e-17,1.662724799998614,0.00027379999846743885,0.00011319999975967221,0.5458624154579284,0.001839667558670044,0.27499544620513916,0.2731557786464691,0.0040055811405181885,False,0.1621987951807229,0.3021522872195936,-0.008370697498321533,0.2609761357307434,0.26934683322906494,0.014215946197509766,True,0.22990963855421687,0.18795584120303616,-0.014633476734161377,0.2641618251800537,0.2787953019142151,0.02047872543334961,True,0.34179518072289156,0.3421027892942965,-0.006539374589920044,0.25379931926727295,0.260338693857193,0.012384623289108276,True,0.4085120481927711,0.3374657234284729,-0.006746083498001099,0.24197116494178772,0.24871724843978882,0.012591332197189331,True,0.5731325301204819,0.5921615491832815,0.8956626506024097,12,False,0.965008534431712,0.39447936040721193,0.25362495933477913,-0.010793715715408325,0.27718669176101685,0.28798040747642517,0.016638964414596558,True,0.13570481927710842,0.34909682275570797,-0.00623011589050293,0.2786281108856201,0.28485822677612305,0.012075364589691162,True,0.21942168674698795,0.5493021902998408,0.0019785165786743164,0.2757425904273987,0.27376407384872437,0.003866732120513916,False,0.3017469879518072,0.6286086178622743,0.005262523889541626,0.2738288640975952,0.2685663402080536,0.0005827248096466064,False,0.4245180722891566,0.5893744474601303,0.003613799810409546,0.27142417430877686,0.2678103744983673,0.0022314488887786865,False,0.5709698795180723,0.5619670366327039,0.4245180722891566,6,False,0.6286086178622743,0.49824294163587335,1.453731899999184,0.03019451255057759,-0.10376358122866142
4752799475,111699,Young woman in market talking on cellphone.,97358,A woman with a push-to-talk cellphone and headset waiting at a crosswalk.,4475663002,0.3529079556465149,0.3170523941516876,0.03585556149482727,0.9730264930413508,13,4.5102810375396984e-17,1.6523763000004692,0.0002793000003293855,0.00011719999929482583,0.9921207226365665,0.048356086015701294,0.30172303318977356,0.25336694717407227,-0.012500524520874023,False,0.13134534534534534,0.983566524364919,0.04091864824295044,0.30575835704803467,0.26483970880508423,-0.005063086748123169,False,0.22655855855855855,0.9853462458207433,0.04208296537399292,0.30510228872299194,0.263019323348999,-0.006227403879165649,False,0.3121141141141141,0.9769093432706929,0.037449657917022705,0.30805936455726624,0.27060970664024353,-0.0015940964221954346,False,0.4115255255255255,0.991852742100829,0.0480189323425293,0.291789174079895,0.24377024173736572,-0.012163370847702026,False,0.5679039039039039,0.9838422543396924,0.886,11,False,0.976511653032492,0.983985414596268,0.9897202019978555,0.04567241668701172,0.33991801738739014,0.2942456007003784,-0.009816855192184448,False,0.15548348348348348,0.9893780316252747,0.04534152150154114,0.3372485637664795,0.29190704226493835,-0.009485960006713867,False,0.23195195195195195,0.993145670889871,0.04975996911525726,0.28217464685440063,0.23241467773914337,-0.013904407620429993,False,0.3632972972972973,0.9970909727293191,0.058370232582092285,0.2854875922203064,0.2271173596382141,-0.022514671087265015,False,0.44885285285285287,0.9952617379271961,0.05347335338592529,0.2839769124984741,0.23050355911254883,-0.017617791891098022,False,0.5545885885885886,0.9938590375486185,0.44885285285285287,6,False,0.9970909727293191,0.9897852828243305,1.4803401999997732,-0.010016783208926072,-0.005799868228062555
2553089098,33470,A man with a rolling stones t-shirt on with beige pants sitting in a highchair adjusting a black guitar,51178,A man sits while playing the guitar.,3021953768,0.3374400734901428,0.29539185762405396,0.04204821586608887,0.9852959862160078,12,1.249000902703301e-16,1.7382207000009657,0.00026079999952344224,0.00011749999976018444,0.8779697200640462,0.019733428955078125,0.2934233844280243,0.27368995547294617,0.022314786911010742,False,0.20622933333333332,0.8779697200640462,0.019733428955078125,0.2934233844280243,0.27368995547294617,0.022314786911010742,False,0.20622933333333332,0.419381426298256,-0.0032531321048736572,0.27398407459259033,0.277237206697464,0.045301347970962524,True,0.362848,0.1743736167071629,-0.015549421310424805,0.277998685836792,0.2935481071472168,0.05759763717651367,True,0.40701866666666664,0.0591305753977658,-0.027670562267303467,0.26009315252304077,0.28776371479034424,0.06971877813339233,True,0.54072,0.32541568077916155,0.687808,9,False,0.011917682514121189,0.5963306601201452,0.6686012596167127,0.00701865553855896,0.2909768521785736,0.28395819664001465,0.03502956032752991,False,0.11532266666666667,0.8779697200640462,0.019733428955078125,0.2934233844280243,0.27368995547294617,0.022314786911010742,False,0.20622933333333332,0.419381426298256,-0.0032531321048736572,0.27398407459259033,0.277237206697464,0.045301347970962524,True,0.362848,0.09059649108070139,-0.02306373417377472,0.20691783726215363,0.22998157143592834,0.06511195003986359,True,0.41364266666666666,0.04529888221947109,-0.030481159687042236,0.24802285432815552,0.27850401401519775,0.0725293755531311,True,0.5415306666666667,0.3500730757007762,0.49736,6,False,0.09291119910781936,0.5334863207542907,1.4043586999996478,-0.024657394921614673,0.06284433936585454
4812991208,115351,A store with pokemon items and pokemon balls in front of the registers.,1591,A woman in a gray sweater and black baseball cap is standing in line at a shop.,110671448,0.31733423471450806,0.2698743939399719,0.04745984077453613,0.9913882960489218,9,4.163336342344337e-17,1.6545630000000529,0.00024089999897114467,0.00010300000030838419,0.9351760841761015,0.02669060230255127,0.3034799098968506,0.2767893075942993,0.020769238471984863,False,0.13503303303303305,0.96555524375742,0.033333465456962585,0.2675163447856903,0.23418287932872772,0.014126375317573547,False,0.38546546546546545,0.96555524375742,0.033333465456962585,0.2675163447856903,0.23418287932872772,0.014126375317573547,False,0.38546546546546545,0.9927287507873915,0.04916529357433319,0.24317602813243866,0.19401073455810547,-0.001705452799797058,False,0.498,0.963055453676935,0.032606929540634155,0.20922014117240906,0.1766132116317749,0.014852911233901978,False,0.6081441441441442,0.8718350995292958,0.7655675675675676,6,False,0.6729836620682534,0.9635440609588601,0.9351760841761015,0.02669060230255127,0.3034799098968506,0.2767893075942993,0.020769238471984863,False,0.13503303303303305,0.9284055677601974,0.025624513626098633,0.3039955794811249,0.27837106585502625,0.0218353271484375,False,0.24517717717717719,0.955574443776547,0.030684977769851685,0.3001886010169983,0.2695036232471466,0.016774863004684448,False,0.3283723723723724,0.9215404125603671,0.024634629487991333,0.28576886653900146,0.26113423705101013,0.0228252112865448,False,0.4409069069069069,0.9043749308583798,0.022468090057373047,0.2814156115055084,0.2589475214481354,0.024991750717163086,False,0.5151351351351351,0.9229622436160871,0.5151351351351351,5,False,0.9043749308583798,0.9404573323292703,1.016533399999389,-0.05112714408679131,0.023086728629589826
3344531479,64512,A man in a orange shirt and white shorts playing tennis.,20037,A boy wearing an orange shirt and brown shorts is jumping.,221421001,0.3366258144378662,0.3258213400840759,0.010804474353790283,0.7465786469902553,16,5.377642775528102e-17,1.750351300001057,0.00025970000024244655,0.00011989999984507449,0.6369869116466926,0.0056231021881103516,0.27749282121658325,0.2718697190284729,0.005181372165679932,False,0.187655,0.6945099796407173,0.008212894201278687,0.27110350131988525,0.26289060711860657,0.0025915801525115967,False,0.23286,0.9421586047887245,0.0279046893119812,0.28246355056762695,0.25455886125564575,-0.017100214958190918,False,0.34157,0.9291462391259453,0.025736480951309204,0.28961899876594543,0.26388251781463623,-0.014932006597518921,False,0.40528,0.9261898091223216,0.02529582381248474,0.2915192246437073,0.26622340083122253,-0.014491349458694458,False,0.535845,0.4400871926753729,0.654905,11,False,0.033445773743890746,0.8017321580264134,0.904197979647616,0.022447645664215088,0.31206321716308594,0.28961557149887085,-0.011643171310424805,False,0.14501,0.8573993131751022,0.017938554286956787,0.3094455599784851,0.2915070056915283,-0.007134079933166504,False,0.213355,0.9694462993380254,0.03457239270210266,0.31870272755622864,0.284130334854126,-0.023767918348312378,False,0.326945,0.959421778750482,0.0316309928894043,0.3078851103782654,0.2762541174888611,-0.020826518535614014,False,0.433475,0.9700851183560647,0.0347902774810791,0.31262528896331787,0.27783501148223877,-0.02398580312728882,False,0.51043,0.931365423783546,0.433475,7,False,0.959421778750482,0.9024297145129554,1.8913880000000063,-0.49127823110817315,-0.100697556486542
7393977570,147120,Two football players leap into the air as a player on the opposing team moves toward them.,151425,Young defensive football players executing a tackle on a member of the opposite team during a football game.,8052397902,0.3586408495903015,0.3334810137748718,0.025159835815429688,0.9252547597958342,15,7.41594285980085e-17,1.7839685000017198,0.00027349999982106965,0.00011650000124063808,0.9798946334632391,0.038864582777023315,0.35012301802635193,0.3112584352493286,-0.013704746961593628,False,0.11996019900497512,0.9917146346661618,0.047849446535110474,0.32765236496925354,0.27980291843414307,-0.022689610719680786,False,0.2749303482587065,0.9909330301197075,0.04694008827209473,0.320700466632843,0.2737603783607483,-0.02178025245666504,False,0.34285572139303483,0.981833234760875,0.03989827632904053,0.30716973543167114,0.2672714591026306,-0.01473844051361084,False,0.41366169154228855,0.9918794426727287,0.04805202782154083,0.29417210817337036,0.24612008035182953,-0.022892192006111145,False,0.5025273631840796,0.9685690987611875,0.8403233830845771,12,False,0.9550264031662871,0.9788856979479171,0.8353661347739755,0.016241461038589478,0.31837165355682373,0.30213019251823425,0.00891837477684021,False,0.1392139303482587,0.9564966045122398,0.030904382467269897,0.3227132260799408,0.2918088436126709,-0.00574454665184021,False,0.22212935323383085,0.9218819156637283,0.024681955575942993,0.3155391812324524,0.2908572256565094,0.00047788023948669434,False,0.35766169154228855,0.9494367502011822,0.029326438903808594,0.3083028197288513,0.2789763808250427,-0.004166603088378906,False,0.404592039800995,0.9361824596514593,0.026857823133468628,0.30584684014320374,0.2789890170097351,-0.0016979873180389404,False,0.5012089552238806,0.9120122344090025,0.45648756218905473,7,False,0.9102486381706868,0.916046474503798,1.9761588000001211,0.05655686435218499,0.06283922344411919
3532598048,72476,A group of people on a street gather together to listen to an accordion.,97777,A middle-aged man is sitting down and playing the accordion.,4484549063,0.3246762156486511,0.3073235750198364,0.017352640628814697,0.8500845138406496,13,4.163336342344337e-17,1.7237021999990247,0.00025300000015704427,0.00011220000124012586,0.9234525807712809,0.024902090430259705,0.2689398527145386,0.24403776228427887,-0.007549449801445007,False,0.19656338028169015,0.756079669979778,0.011313050985336304,0.266507089138031,0.2551940381526947,0.0060395896434783936,False,0.2881352112676056,0.7652031503455649,0.011814206838607788,0.26605695486068726,0.25424274802207947,0.005538433790206909,False,0.33817464788732393,0.7916516622069909,0.013349100947380066,0.24467487633228302,0.23132577538490295,0.004003539681434631,False,0.4716281690140845,0.38692671178395727,-0.004602491855621338,0.22506600618362427,0.2296684980392456,0.021955132484436035,True,0.5252788732394367,0.637521844423267,0.6455267605633803,9,False,0.4754559235663702,0.8086502091450197,0.8780233521079074,0.019738435745239258,0.3440137207508087,0.32427528500556946,-0.0023857951164245605,False,0.13052957746478874,0.9192657167641195,0.024324119091033936,0.3523021936416626,0.32797807455062866,-0.006971478462219238,False,0.22210140845070422,0.8764768641949159,0.019594818353652954,0.3574812114238739,0.33788639307022095,-0.002242177724838257,False,0.31502535211267607,0.9104036098681301,0.02318572998046875,0.3435162901878357,0.32033056020736694,-0.005833089351654053,False,0.4203830985915493,0.23178826020364823,-0.01198241114616394,0.2564978301525116,0.26848024129867554,0.029335051774978638,True,0.5652394366197183,0.4993269040425943,0.6468225352112676,8,False,0.07947944059510266,0.8056171379980313,1.5595769999999902,0.1381949403806727,0.0030330711469884752
