image_id,positive_caption_id,positive_caption,negative_caption_id,negative_caption,negative_caption_source_image_id,original_positive_cosine,original_negative_cosine,original_margin,original_preference,num_superpixels,max_abs_linearity_error,shared_inference_runtime_seconds,point_regression_runtime_seconds,cr_regression_runtime_seconds,point_preference10,point_margin10,point_positive_cosine10,point_negative_cosine10,point_margin_drop10,point_rankflip10,point_actual_area10,point_preference20,point_margin20,point_positive_cosine20,point_negative_cosine20,point_margin_drop20,point_rankflip20,point_actual_area20,point_preference30,point_margin30,point_positive_cosine30,point_negative_cosine30,point_margin_drop30,point_rankflip30,point_actual_area30,point_preference40,point_margin40,point_positive_cosine40,point_negative_cosine40,point_margin_drop40,point_rankflip40,point_actual_area40,point_preference50,point_margin50,point_positive_cosine50,point_negative_cosine50,point_margin_drop50,point_rankflip50,point_actual_area50,point_positive_pdauc,point_positive_area_fraction,point_num_positive_regions,point_no_positive_attribution,point_final_positive_preference,point_matched_pdauc50,cr_preference10,cr_margin10,cr_positive_cosine10,cr_negative_cosine10,cr_margin_drop10,cr_rankflip10,cr_actual_area10,cr_preference20,cr_margin20,cr_positive_cosine20,cr_negative_cosine20,cr_margin_drop20,cr_rankflip20,cr_actual_area20,cr_preference30,cr_margin30,cr_positive_cosine30,cr_negative_cosine30,cr_margin_drop30,cr_rankflip30,cr_actual_area30,cr_preference40,cr_margin40,cr_positive_cosine40,cr_negative_cosine40,cr_margin_drop40,cr_rankflip40,cr_actual_area40,cr_preference50,cr_margin50,cr_positive_cosine50,cr_negative_cosine50,cr_margin_drop50,cr_rankflip50,cr_actual_area50,cr_positive_pdauc,cr_positive_area_fraction,cr_num_positive_regions,cr_no_positive_attribution,cr_final_positive_preference,cr_matched_pdauc50,evaluation_runtime_seconds,positive_pdauc_difference,matched_pdauc_difference
000000369370.jpg,replace_obj:1397:positive,A table with plates of sandwiches and fruit.,replace_obj:1397:negative,A table with plates of sandwiches and ice cream.,dataset-defined SugarCrepe perturbation,0.26845309138298035,0.25336429476737976,0.015088796615600586,0.8188951133974214,12,3.0791341698588326e-17,1.3238837999997486,0.0004028000003017951,0.0001526000014564488,0.8222243143246722,0.01531490683555603,0.27439257502555847,0.25907766819000244,-0.00022611021995544434,False,0.11023966471354167,0.587286989931295,0.003527611494064331,0.2620132267475128,0.2584856152534485,0.011561185121536255,False,0.20497639973958334,0.5574954910268627,0.002310037612915039,0.2698979079723358,0.2675878703594208,0.012778759002685547,False,0.3853403727213542,0.5258468459914413,0.0010347962379455566,0.2718392312526703,0.27080443501472473,0.01405400037765503,False,0.4579060872395833,0.6072462760501511,0.004357516765594482,0.2779947519302368,0.27363723516464233,0.010731279850006104,False,0.5598093668619791,0.58644339159723,0.7908274332682291,9,False,0.45736575981006883,0.6386155084320844,0.6632468776946493,0.006777971982955933,0.27455148100852966,0.26777350902557373,0.008310824632644653,False,0.17733256022135416,0.6466922807607925,0.006045311689376831,0.2737518548965454,0.2677065432071686,0.009043484926223755,False,0.24128214518229166,0.5856267627179438,0.003459155559539795,0.2703157067298889,0.2668565511703491,0.011629641056060791,False,0.3251698811848958,0.5844937695778178,0.003412485122680664,0.2660439610481262,0.26263147592544556,0.011676311492919922,False,0.4219156901041667,0.594555172413164,0.003828287124633789,0.2665397524833679,0.26271146535873413,0.011260509490966797,False,0.5321553548177084,0.5616690222769476,0.6873321533203125,8,False,0.4442395546117237,0.6512767044343201,1.9234842999994726,0.02477436932028243,-0.012661196002235697
000000534041.jpg,swap_obj:189:positive,A woman feeding a little boy french fries at a restaurant. ,swap_obj:189:negative,A little boy feeding french fries to a woman at a restaurant.,dataset-defined SugarCrepe perturbation,0.34681564569473267,0.3357868492603302,0.011028796434402466,0.750799275109242,11,4.85722573273506e-17,1.2536570000011125,0.00031430000126420055,0.00013829999988956843,0.5500937392440614,0.0020104944705963135,0.3303476572036743,0.328337162733078,0.009018301963806152,False,0.11038933333333334,0.5606060561555994,0.002436220645904541,0.29866263270378113,0.2962264120578766,0.008592575788497925,False,0.21261866666666668,0.48627054203975445,-0.00054931640625,0.23962482810020447,0.24017414450645447,0.011578112840652466,True,0.3450666666666667,0.5877098622870565,0.0035450607538223267,0.15670236945152283,0.1531573086977005,0.007483735680580139,False,0.515104,0.5877098622870565,0.0035450607538223267,0.15670236945152283,0.1531573086977005,0.007483735680580139,False,0.515104,0.5220939912089562,0.7298613333333334,7,False,0.45911034869591927,0.5614635955956399,0.5500937392440614,0.0020104944705963135,0.3303476572036743,0.328337162733078,0.009018301963806152,False,0.11038933333333334,0.4890620578105162,-0.0004375874996185303,0.26349496841430664,0.26393255591392517,0.011466383934020996,True,0.24283733333333332,0.4786819194943002,-0.0008532404899597168,0.25087007880210876,0.2517233192920685,0.011882036924362183,True,0.38116266666666665,0.368367806342629,-0.005392253398895264,0.29242855310440063,0.2978208065032959,0.01642104983329773,True,0.48879466666666666,0.3771479562058511,-0.005016714334487915,0.2892052233219147,0.2942219376564026,0.01604551076889038,True,0.59592,0.5065036743051523,0.38116266666666665,5,False,0.4786819194943002,0.4917905159268788,1.395787700001165,0.015590316903803858,0.06967307966876107
000000491497.jpg,add_att:554:positive,A pillow covered reading chair in the corner of the living room,add_att:554:negative,A pillow covered reading chair in the spacious corner of the living room.,dataset-defined SugarCrepe perturbation,0.30031684041023254,0.2898150086402893,0.010501831769943237,0.7408100726414889,13,3.642919299551295e-17,1.8458917000007204,0.00031010000020614825,0.00014559999908669852,0.8435901834950384,0.016851872205734253,0.27191367745399475,0.2550618052482605,-0.006350040435791016,False,0.15712533333333334,0.8701095353065954,0.019019275903701782,0.269907146692276,0.2508878707885742,-0.008517444133758545,False,0.23266133333333333,0.8721395654753455,0.019200101494789124,0.265912264585495,0.24671216309070587,-0.008698269724845886,False,0.36776533333333333,0.8891101020102519,0.020816832780838013,0.2630186080932617,0.2422017753124237,-0.010315001010894775,False,0.441328,0.892976145748836,0.021215081214904785,0.2645225524902344,0.2433074712753296,-0.010713249444961548,False,0.5125013333333334,0.8322932007697008,0.860048,11,False,0.7366048455369836,0.8489534046059471,0.8771814238403577,0.01966005563735962,0.2943752408027649,0.2747151851654053,-0.009158223867416382,False,0.17976,0.8442759264377883,0.016903936862945557,0.287586510181427,0.27068257331848145,-0.006402105093002319,False,0.2603146666666667,0.7632635857024295,0.011706560850143433,0.287577748298645,0.2758711874485016,-0.0012047290802001953,False,0.331488,0.6787679980914898,0.0074811577796936035,0.28060275316238403,0.27312159538269043,0.003020673990249634,False,0.4061013333333333,0.6521786012853683,0.006286293268203735,0.2771875858306885,0.27090129256248474,0.004215538501739502,False,0.5093813333333334,0.795130006465093,0.6464426666666667,8,False,0.8266823327972314,0.7744595417774385,2.0457775999984733,0.037163194304607794,0.07449386282850867
000000061418.jpg,add_obj:1802:positive,some kids playing with some large checkerboards painted on the ground ,add_obj:1802:negative,Some kids playing with a ball and some large checkerboards painted on the ground.,dataset-defined SugarCrepe perturbation,0.303536057472229,0.29970502853393555,0.003831028938293457,0.5946212646727544,15,3.729655473350135e-17,1.8198427999996056,0.0003116999996564118,0.00015050000001792796,0.6602864352209794,0.006645709276199341,0.2508390247821808,0.24419331550598145,-0.002814680337905884,False,0.1317932462431694,0.6412753643632293,0.005809038877487183,0.21743708848953247,0.2116280496120453,-0.0019780099391937256,False,0.2724395918715847,0.6947704264718401,0.008225172758102417,0.21243804693222046,0.20421287417411804,-0.00439414381980896,False,0.31095777834699456,0.632836532881194,0.005444049835205078,0.1989920735359192,0.1935480237007141,-0.001613020896911621,False,0.4414862961065574,0.6539689613715454,0.0063653141260147095,0.17761947214603424,0.17125415802001953,-0.0025342851877212524,False,0.5323332906420765,0.6404657366817748,0.5323332906420765,8,False,0.6539689613715454,0.6481872574422252,0.6602864352209794,0.006645709276199341,0.2508390247821808,0.24419331550598145,-0.002814680337905884,False,0.1317932462431694,0.5029760992722836,0.00011904537677764893,0.22715017199516296,0.22703112661838531,0.003711983561515808,False,0.2886836150956284,0.5917315923303579,0.0037112832069396973,0.20123791694641113,0.19752663373947144,0.00011974573135375977,False,0.35089544911202186,0.5870392012396837,0.0035173892974853516,0.1868712157011032,0.18335382640361786,0.00031363964080810547,False,0.4254984204234973,0.6359004861752774,0.005576148629188538,0.19254057109355927,0.18696442246437073,-0.0017451196908950806,False,0.505859375,0.6468679262228897,0.5741760587431693,8,False,0.7140653995285725,0.5952377824227912,2.0275825999997323,-0.006402189541114933,0.05294947501943392
000000438862.jpg,replace_att:68:positive,Soccer players in orange and grey uniforms on a field. ,replace_att:68:negative,Soccer players in orange and purple uniforms on a field.,dataset-defined SugarCrepe perturbation,0.36267679929733276,0.33731669187545776,0.025360107421875,0.9266280641208127,10,4.9439619065339e-17,1.858430700000099,0.0002929999991465593,0.00013469999976223335,0.8044553145717492,0.014143764972686768,0.29662320017814636,0.2824794352054596,0.011216342449188232,False,0.1636970029239766,0.7306615184457056,0.009979814291000366,0.3072322607040405,0.29725244641304016,0.015380293130874634,False,0.24261010599415206,0.636162307099197,0.005587458610534668,0.2701626121997833,0.26457515358924866,0.019772648811340332,False,0.40935101425438597,0.636162307099197,0.005587458610534668,0.2701626121997833,0.26457515358924866,0.019772648811340332,False,0.40935101425438597,0.4805608076017592,-0.0007779598236083984,0.24997299909591675,0.25075095891952515,0.0261380672454834,True,0.5181492141812866,0.5409704376508053,0.7053922240497076,7,False,0.31683645095222707,0.7275094547452949,0.737921352181531,0.01035192608833313,0.29079341888427734,0.2804414927959442,0.01500818133354187,False,0.21635713633040934,0.737921352181531,0.01035192608833313,0.29079341888427734,0.2804414927959442,0.01500818133354187,False,0.21635713633040934,0.5872942134286515,0.003527909517288208,0.2738116383552551,0.2702837288379669,0.021832197904586792,False,0.3785578855994152,0.6153613035859852,0.004699051380157471,0.2835351228713989,0.27883607149124146,0.02066105604171753,False,0.48735608552631576,0.504675848067927,0.00018703937530517578,0.2605054974555969,0.26031845808029175,0.025173068046569824,False,0.601436860380117,0.6557164486069882,0.48735608552631576,5,False,0.6153613035859852,0.6930981613420774,1.3108773000003566,-0.11474601095618286,0.03441129340321758
000000243204.jpg,add_obj:1530:positive,A person is holding a spatula near slices of bread on a stove.,add_obj:1530:negative,A person is holding a spatula near slices of bread and eggs on a stove.,dataset-defined SugarCrepe perturbation,0.3530251085758209,0.3413912355899811,0.011633872985839844,0.761947659706227,15,3.5128150388530344e-17,1.3208979999999428,0.00043820000064442866,0.00015949999942677096,0.6695465160363591,0.0070613473653793335,0.24627581238746643,0.2392144650220871,0.00457252562046051,False,0.10589599609375,0.5819543346765641,0.003308013081550598,0.2292785346508026,0.22597052156925201,0.008325859904289246,False,0.2743123372395833,0.587601538380502,0.0035405904054641724,0.21796464920043945,0.21442405879497528,0.008093282580375671,False,0.3507334391276042,0.6033572916132736,0.004194736480712891,0.22742882370948792,0.22323408722877502,0.007439136505126953,False,0.4007415771484375,0.6347746733151642,0.0055275559425354,0.20743787288665771,0.20191031694412231,0.006106317043304443,False,0.548583984375,0.5791248394043129,0.66680908203125,10,False,0.5104702602043292,0.6328543193773322,0.7273148811457668,0.009810417890548706,0.34646937251091003,0.33665895462036133,0.0018234550952911377,False,0.13286844889322916,0.7245340038475498,0.009670644998550415,0.3343799114227295,0.3247092664241791,0.0019632279872894287,False,0.22298685709635416,0.7143725889181202,0.00916716456413269,0.3251323103904724,0.3159651458263397,0.0024667084217071533,False,0.3104095458984375,0.5806192993900438,0.003253161907196045,0.3092748820781708,0.30602172017097473,0.008380711078643799,False,0.4408721923828125,0.44443307631371176,-0.002231895923614502,0.2084750533103943,0.2107069492340088,0.013865768909454346,True,0.5066579182942709,0.5529590335404528,0.6693878173828125,10,False,0.42086291537120746,0.681810405157466,2.153324700000667,0.02616580586386008,-0.048956085780133884
000000095899.jpg,swap_obj:165:positive,a construction site sits in front of a stop sign ,swap_obj:165:negative,a stop site sits in front of a construction sign.,dataset-defined SugarCrepe perturbation,0.3270832896232605,0.31481093168258667,0.012272357940673828,0.7733344074277297,13,2.7755575615628914e-17,1.279047799998807,0.000309900000502239,0.0001419000000169035,0.825472727711551,0.01553875207901001,0.30939972400665283,0.2938609719276428,-0.0032663941383361816,False,0.13152567545572916,0.8204755550082282,0.015195727348327637,0.3032185435295105,0.28802281618118286,-0.0029233694076538086,False,0.218780517578125,0.7512216968786385,0.011051386594772339,0.2911750376224518,0.28012365102767944,0.0012209713459014893,False,0.3253987630208333,0.43026119594301493,-0.0028078556060791016,0.21891725063323975,0.22172510623931885,0.01508021354675293,True,0.4853108723958333,0.1621179056874224,-0.016425535082817078,0.2007295787334442,0.2171551138162613,0.028697893023490906,True,0.5804901123046875,0.5213065564749341,0.8296610514322916,11,False,0.24713277765841932,0.6604663432203915,0.6316023761170843,0.005390971899032593,0.32432156801223755,0.31893059611320496,0.006881386041641235,False,0.10661824544270833,0.5341315890119681,0.0013673901557922363,0.3043839931488037,0.3030166029930115,0.010904967784881592,False,0.2017974853515625,0.4607463496126282,-0.0015733838081359863,0.2894355356693268,0.29100891947746277,0.013845741748809814,True,0.3505147298177083,0.14290302488052664,-0.017913848161697388,0.2809840738773346,0.298897922039032,0.030186206102371216,True,0.4377695719401042,0.04750266986548184,-0.02998301386833191,0.2690395414829254,0.2990225553512573,0.04225537180900574,True,0.5310160319010416,0.2593917240474233,0.6203562418619791,7,False,0.04136004380826917,0.45114180386764424,2.0909128000002966,0.2619148324275108,0.2093245393527473
000000524850.jpg,swap_obj:104:positive,A bus loads and unloads passengers next to a plane. ,swap_obj:104:negative,A plane loads and unloads passengers next to a bus.,dataset-defined SugarCrepe perturbation,0.2861078381538391,0.28061574697494507,0.005492091178894043,0.6339520808580634,14,5.898059818321144e-17,1.7879814000007173,0.00031409999974130187,0.00014680000094813295,0.5460803495753335,0.001848459243774414,0.2799181044101715,0.2780696451663971,0.003643631935119629,False,0.15887774294670845,0.4809372480982792,-0.0007628798484802246,0.2682936191558838,0.269056499004364,0.006254971027374268,True,0.2282194357366771,0.5607514050078114,0.0024421215057373047,0.272217720746994,0.2697755992412567,0.0030499696731567383,False,0.31744200626959246,0.6227666303988427,0.005013078451156616,0.279844731092453,0.2748316526412964,0.00047901272773742676,False,0.43763009404388714,0.6339258002949335,0.0054909586906433105,0.26716452836990356,0.26167356967926025,1.1324882507324219e-06,False,0.5369529780564263,0.5569588516682002,0.6852915360501567,10,False,0.5260823924889594,0.5761223780885526,0.5687310693108323,0.0027667582035064697,0.2748733162879944,0.2721065580844879,0.0027253329753875732,False,0.10986833855799373,0.5910755272465594,0.003684133291244507,0.2720016837120056,0.2683175504207611,0.0018079578876495361,False,0.26262068965517243,0.5740342666871249,0.002983301877975464,0.2714572548866272,0.26847395300865173,0.002508789300918579,False,0.35787460815047023,0.7321334177573855,0.010054737329483032,0.28743496537208557,0.27738022804260254,-0.004562646150588989,False,0.4145329153605016,0.6659181432974847,0.0068978071212768555,0.2798321545124054,0.27293434739112854,-0.0014057159423828125,False,0.5328840125391849,0.6204218791438207,0.7569216300940439,10,False,0.5979780600972073,0.6190347504187088,1.9505360999992263,-0.06346302747562049,-0.04291237233015621
000000263969.jpg,replace_obj:860:positive,Man and woman holding a knife up to a small cake. ,replace_obj:860:negative,A child and woman holding a knife up to a small cake.,dataset-defined SugarCrepe perturbation,0.3298989534378052,0.2877025008201599,0.042196452617645264,0.9855092109269787,15,4.5102810375396984e-17,2.0620240999996895,0.0003127999989374075,0.00015019999955256935,0.9757385926957175,0.03694307804107666,0.29787182807922363,0.260928750038147,0.0052533745765686035,False,0.12500400230532788,0.9845897850594202,0.04157194495201111,0.28961649537086487,0.24804455041885376,0.0006245076656341553,False,0.22607021644467212,0.9881997636908518,0.044277653098106384,0.28911083936691284,0.24483318626880646,-0.0020812004804611206,False,0.36569063780737704,0.988434489874556,0.04448094964027405,0.28045177459716797,0.23597082495689392,-0.002284497022628784,False,0.4200659579918033,0.9911400457702796,0.047173142433166504,0.2872391641139984,0.2400660216808319,-0.00497668981552124,False,0.550140881147541,0.9549548904367249,0.8428414766905737,12,False,0.8917788937055076,0.9849310093090533,0.9945270761664797,0.05202454328536987,0.32792791724205017,0.2759033739566803,-0.00982809066772461,False,0.11599881531762295,0.9936000868753503,0.05045050382614136,0.2869490385055542,0.23649853467941284,-0.008254051208496094,False,0.2410028176229508,0.9934698827136913,0.050247788429260254,0.2660101652145386,0.21576237678527832,-0.00805133581161499,False,0.33895523821721313,0.9931650688375044,0.04978850483894348,0.26175186038017273,0.21196335554122925,-0.007592052221298218,False,0.4070824795081967,0.9944672699712815,0.051915258169174194,0.25443515181541443,0.20251989364624023,-0.00971880555152893,False,0.5630042904713115,0.9928724380208284,0.4070824795081967,6,False,0.9931650688375044,0.9929793084113689,2.9238765999998577,-0.037917547584103484,-0.008048299102315637
000000414034.jpg,replace_rel:121:positive,A child wearing a baseball cap with a remote control and a sippy cup.,replace_rel:121:negative,A child hiding under a baseball cap with a remote control and a sippy cup.,dataset-defined SugarCrepe perturbation,0.3671879172325134,0.3510371446609497,0.01615077257156372,0.8341151040258928,15,9.020562075079397e-17,2.018909000000349,0.0003084999989368953,0.00014629999895987567,0.24914887163709143,-0.011031568050384521,0.36210107803344727,0.3731326460838318,0.027182340621948242,True,0.1412200927734375,0.2306191437361143,-0.012048184871673584,0.3547893166542053,0.3668375015258789,0.028198957443237305,True,0.22129313151041666,0.2741498578325812,-0.009736686944961548,0.30974793434143066,0.3194846212863922,0.02588745951652527,True,0.377685546875,0.28793523414334404,-0.009054332971572876,0.30874717235565186,0.31780150532722473,0.025205105543136597,True,0.4391835530598958,0.11062601916169872,-0.02084362506866455,0.2866742014884949,0.3075178265571594,0.03699439764022827,True,0.5611216227213541,0.1676246764117162,0.8140920003255209,12,False,0.013579115756068426,0.3149977236625547,0.4045636408011189,-0.003864854574203491,0.35613390803337097,0.35999876260757446,0.020015627145767212,True,0.11011250813802083,0.2174095967277039,-0.012808263301849365,0.31317222118377686,0.3259804844856262,0.028959035873413086,True,0.2598927815755208,0.2452688736014881,-0.011240065097808838,0.31397897005081177,0.3252190351486206,0.02739083766937256,True,0.337921142578125,0.04344886373993348,-0.030917495489120483,0.26071473956108093,0.2916322350502014,0.047068268060684204,True,0.4477183024088542,0.020237544410532847,-0.03879770636558533,0.22586554288864136,0.2646632492542267,0.05494847893714905,True,0.5334370930989584,0.15125366818225985,0.7786865234375,12,False,0.03585339540450416,0.2838337463118002,2.6122008000002097,0.016371008229456335,0.03116397735075449
000000422836.jpg,swap_att:283:positive,two men walking down a city streen next to a blue pole.,swap_att:283:negative,A blue man walking down a city street next to two poles.,dataset-defined SugarCrepe perturbation,0.27630382776260376,0.2659148573875427,0.010388970375061035,0.738637132668655,11,5.551115123125783e-17,1.3920089999992342,0.0003051999992749188,0.00013790000048174988,0.7397993713087004,0.010449260473251343,0.27234867215156555,0.2618994116783142,-6.029009819030762e-05,False,0.17317708333333334,0.39036382920166773,-0.004457831382751465,0.24644902348518372,0.2509068548679352,0.0148468017578125,True,0.37079427083333333,0.39036382920166773,-0.004457831382751465,0.24644902348518372,0.2509068548679352,0.0148468017578125,True,0.37079427083333333,0.5909887237067296,0.0036805421113967896,0.24612413346767426,0.24244359135627747,0.006708428263664246,False,0.46067708333333335,0.31915226058046,-0.007576704025268555,0.2552165687084198,0.26279327273368835,0.01796567440032959,True,0.5056640625,0.45041222384086704,0.8486458333333333,10,False,0.3483106746377324,0.6017060148124577,0.49218572232212093,-0.00031259655952453613,0.25157931447029114,0.2518919110298157,0.010701566934585571,True,0.10291666666666667,0.1511461981658744,-0.017256394028663635,0.24868746101856232,0.26594385504722595,0.02764536440372467,True,0.34552083333333333,0.1511461981658744,-0.017256394028663635,0.24868746101856232,0.26594385504722595,0.02764536440372467,True,0.34552083333333333,0.1742389340285382,-0.015558779239654541,0.25283142924308777,0.2683902084827423,0.025947749614715576,True,0.46087239583333334,0.23090852128138942,-0.012031883001327515,0.24322465062141418,0.2552565336227417,0.02242085337638855,True,0.5279036458333334,0.26954848369850126,0.6792578125,7,False,0.2176439517451521,0.32907370168000927,0.834802999999738,0.18086374014236578,0.2726323131324484
000000002157.jpg,add_obj:34:positive,A table topped with a cake covered in berries next to a plate of sandwiches.,add_obj:34:negative,"A table topped with cupcakes, a cake covered in berries, and a plate of sandwiches.",dataset-defined SugarCrepe perturbation,0.3206687867641449,0.29960960149765015,0.02105918526649475,0.8914770987750879,14,3.8163916471489756e-17,1.7721636000005674,0.0003670999994938029,0.00014599999849451706,0.826599478439866,0.015617161989212036,0.29267945885658264,0.2770622968673706,0.005442023277282715,False,0.21076046235380116,0.826599478439866,0.015617161989212036,0.29267945885658264,0.2770622968673706,0.005442023277282715,False,0.21076046235380116,0.882238964785299,0.020138055086135864,0.2897031009197235,0.26956504583358765,0.0009211301803588867,False,0.3649202759502924,0.8517833589429306,0.017486572265625,0.28116941452026367,0.26368284225463867,0.003572613000869751,False,0.43479303728070173,0.797060625301591,0.013680234551429749,0.2612549662590027,0.24757473170757294,0.0073789507150650024,False,0.5241056743421053,0.7722073580274251,0.6404536732456141,8,False,0.6440574369384419,0.8528436207760068,0.826599478439866,0.015617161989212036,0.29267945885658264,0.2770622968673706,0.005442023277282715,False,0.21076046235380116,0.826599478439866,0.015617161989212036,0.29267945885658264,0.2770622968673706,0.005442023277282715,False,0.21076046235380116,0.6542140675399243,0.006376147270202637,0.29287007451057434,0.2864939272403717,0.014683037996292114,False,0.30007309941520466,0.5403478681298229,0.001617431640625,0.2958333194255829,0.2942158877849579,0.01944175362586975,False,0.44695723684210525,0.5720276132770519,0.0029012858867645264,0.27518969774246216,0.27228841185569763,0.018157899379730225,False,0.5062191611842105,0.6216398241854887,0.554561860380117,7,False,0.5057419100353014,0.7267027249448949,1.9188902000005328,0.15056753384193644,0.126140895831112
000000017207.jpg,swap_att:152:positive,A white bus with a flat tire sitting next to a bench.,swap_att:152:negative,A flat bus with a white tire sitting next to a bench.,dataset-defined SugarCrepe perturbation,0.29887425899505615,0.29351016879081726,0.005364090204238892,0.6309766696737836,12,3.209238430557093e-17,1.9354592999989109,0.0003087999994022539,0.00014009999904374126,0.6995598538118983,0.008452028036117554,0.2833150029182434,0.27486297488212585,-0.003087937831878662,False,0.16820271809895834,0.7561739181536163,0.011318162083625793,0.25533026456832886,0.24401210248470306,-0.005954071879386902,False,0.3239695231119792,0.7561739181536163,0.011318162083625793,0.25533026456832886,0.24401210248470306,-0.005954071879386902,False,0.3239695231119792,0.691846587304716,0.00808766484260559,0.2661896049976349,0.2581019401550293,-0.0027235746383666992,False,0.4456532796223958,0.6252583110073088,0.0051192790269851685,0.2496948093175888,0.24457553029060364,0.00024481117725372314,False,0.5685577392578125,0.6621203822610231,0.9094136555989584,10,False,0.6552333947376201,0.6935386191706803,0.6397547137760212,0.00574299693107605,0.29867255687713623,0.2929295599460602,-0.0003789067268371582,False,0.16516621907552084,0.6333052094625952,0.005464226007461548,0.3042886257171631,0.29882439970970154,-0.00010013580322265625,False,0.2102508544921875,0.5677966339448957,0.002728670835494995,0.29592517018318176,0.29319649934768677,0.0026354193687438965,False,0.32806396484375,0.5391159207232882,0.001567840576171875,0.29318082332611084,0.29161298274993896,0.0037962496280670166,False,0.4535675048828125,0.5463189487111084,0.0018580853939056396,0.288442999124527,0.28658491373062134,0.003506004810333252,False,0.5419871012369791,0.6390575915947669,0.16516621907552084,3,False,0.6397547137760212,0.5938130633258819,1.8052556999991793,0.02306279066625616,0.09972555584479836
000000391375.jpg,swap_att:497:positive,A woman in black sits on a park bench. ,swap_att:497:negative,A woman in a park sits on a black bench.,dataset-defined SugarCrepe perturbation,0.3145097494125366,0.30435478687286377,0.010154962539672852,0.7340943964560364,14,4.163336342344337e-17,1.8846484999994573,0.00030499999957100954,0.0001433000015822472,0.7857644460795704,0.012995809316635132,0.2786557674407959,0.26565995812416077,-0.0028408467769622803,False,0.1380917915531335,0.8413834069787512,0.016685575246810913,0.23682135343551636,0.22013577818870544,-0.0065306127071380615,False,0.22458276566757493,0.8178352563870411,0.015017494559288025,0.21465864777565002,0.199641153216362,-0.004862532019615173,False,0.3666340258855586,0.7804126005268215,0.012680724263191223,0.21624745428562164,0.20356673002243042,-0.0025257617235183716,False,0.43326379427792916,0.7363922949455234,0.010273009538650513,0.20310047268867493,0.19282746315002441,-0.00011804699897766113,False,0.5012719260899182,0.8169370185454299,0.7891423279972752,11,False,0.874686544475342,0.7939340363961533,0.7231393790346087,0.00960087776184082,0.30291682481765747,0.29331594705581665,0.0005540847778320312,False,0.13940629257493187,0.7905639735879019,0.01328328251838684,0.30204662680625916,0.2887633442878723,-0.0031283199787139893,False,0.20827124489100818,0.6150297137313966,0.004685044288635254,0.2911093235015869,0.28642427921295166,0.005469918251037598,False,0.3477360779972752,0.5279388568416661,0.0011187195777893066,0.2990639805793762,0.2979452610015869,0.009036242961883545,False,0.4143658463896458,0.40221109693764356,-0.003962606191635132,0.2947041690349579,0.298666775226593,0.014117568731307983,True,0.5615899608310627,0.5484231277132888,0.6975051089918256,10,False,0.39809144858241113,0.6379350065232308,2.1846717999997054,0.26851389083214106,0.15599902987292258
000000168330.jpg,replace_obj:1172:positive,A large clock sitting on a sidewalk in front of a brick building.,replace_obj:1172:negative,A large plant sitting on a sidewalk in front of a brick building.,dataset-defined SugarCrepe perturbation,0.34839004278182983,0.27598369121551514,0.0724063515663147,0.99928365721539,15,4.7704895589362195e-17,1.782735299999331,0.0003177999988110969,0.00014459999874816276,0.9579541251786868,0.03126038610935211,0.2572651505470276,0.22600476443767548,0.041145965456962585,False,0.1278357872596154,0.9609789396586718,0.03203850984573364,0.2849692702293396,0.25293076038360596,0.040367841720581055,False,0.25634765625,0.8524660780765386,0.01754075288772583,0.2675631046295166,0.25002235174179077,0.05486559867858887,False,0.3307855068108974,0.7698453384935324,0.012074381113052368,0.2723415493965149,0.2602671682834625,0.06033197045326233,False,0.40338917267628205,0.8793975582439052,0.01986737549304962,0.21723347902297974,0.19736610352993011,0.052538976073265076,False,0.5328838641826923,0.9054767015293601,0.7184620392628205,11,False,0.9421265204556688,0.9037181246372704,0.931641900566081,0.02612188458442688,0.2558961510658264,0.22977426648139954,0.04628446698188782,False,0.1049053485576923,0.9694695071202728,0.034580230712890625,0.25123345851898193,0.2166532278060913,0.03782612085342407,False,0.2541754306891026,0.8159820635772974,0.014893591403961182,0.24034759402275085,0.22545400261878967,0.057512760162353516,False,0.3131573016826923,0.9701057816584753,0.03479740023612976,0.23859846591949463,0.20380106568336487,0.037608951330184937,False,0.4584460136217949,0.9031451042903169,0.022326692938804626,0.19910944998264313,0.1767827570438385,0.05007965862751007,False,0.5152619190705128,0.9116391954717401,0.5849358974358975,9,False,0.9257191294388781,0.9292182878972408,1.8672748999997566,-0.0061624939423799985,-0.0255001632599704
000000005060.jpg,replace_obj:417:positive,a man sitting in a room taking a selfie in a mirror ,replace_obj:417:negative,A woman sitting in a room taking a selfie in a mirror.,dataset-defined SugarCrepe perturbation,0.3495945930480957,0.30543240904808044,0.04416218400001526,0.9880643534527019,13,6.938893903907228e-17,1.9061359999996057,0.00033520000033604447,0.00013829999988956843,0.31441532139064604,-0.007795572280883789,0.2822994887828827,0.2900950610637665,0.05195775628089905,True,0.12721761067708334,0.4319028021871035,-0.002740919589996338,0.2894664406776428,0.29220736026763916,0.0469031035900116,True,0.20147196451822916,0.4262200772686369,-0.002972900867462158,0.2924771308898926,0.29545003175735474,0.04713508486747742,True,0.3474782307942708,0.3268379637203722,-0.007225215435028076,0.27851587533950806,0.28574109077453613,0.051387399435043335,True,0.4289296468098958,0.6127621823295982,0.004589378833770752,0.2881775498390198,0.283588171005249,0.03957280516624451,False,0.5144856770833334,0.4478662014224372,0.7547709147135416,9,False,0.33522155166613427,0.4743894377573079,0.31441532139064604,-0.007795572280883789,0.2822994887828827,0.2900950610637665,0.05195775628089905,True,0.12721761067708334,0.4319028021871035,-0.002740919589996338,0.2894664406776428,0.29220736026763916,0.0469031035900116,True,0.20147196451822916,0.29254392969927817,-0.008830606937408447,0.27514177560806274,0.2839723825454712,0.052992790937423706,True,0.3590037027994792,0.24311657982010673,-0.01135668158531189,0.2746020555496216,0.28595873713493347,0.05551886558532715,True,0.4307861328125,0.17465267934886924,-0.015530049800872803,0.28192073106765747,0.2974507808685303,0.05969223380088806,True,0.5524648030598959,0.3286346381669072,0.4307861328125,5,False,0.24311657982010673,0.3842088163729407,2.0567785000002914,0.11923156325553003,0.09018062138436722
000000029596.jpg,add_obj:319:positive,A nicely decorated living room and dining area.,add_obj:319:negative,A nicely decorated living room with a bookshelf and dining area.,dataset-defined SugarCrepe perturbation,0.26299551129341125,0.23959943652153015,0.023396074771881104,0.9121046217928857,11,5.551115123125783e-17,1.8528110999995988,0.00030340000012074597,0.0001350999991700519,0.9236757987472847,0.02493371069431305,0.2649737596511841,0.24004004895687103,-0.0015376359224319458,False,0.10928933662280702,0.9286197062856093,0.025656774640083313,0.26677948236465454,0.24112270772457123,-0.0022606998682022095,False,0.24949744152046785,0.9709911125176063,0.03510715067386627,0.25726261734962463,0.22215546667575836,-0.011711075901985168,False,0.3021689967105263,0.9769754017363115,0.0374789834022522,0.2526487410068512,0.215169757604599,-0.014082908630371094,False,0.5121242233187134,0.9769754017363115,0.0374789834022522,0.2526487410068512,0.215169757604599,-0.014082908630371094,False,0.5121242233187134,0.9368835036725062,0.8838061951754386,9,False,0.8787642929333589,0.9464298208184717,0.9192479098472873,0.024321720004081726,0.26544129848480225,0.24111957848072052,-0.0009256452322006226,False,0.1633372167397661,0.9417934038899772,0.02783787250518799,0.26338833570480347,0.23555046319961548,-0.004441797733306885,False,0.29461919773391815,0.9328104180881591,0.026306837797164917,0.26686856150627136,0.24056172370910645,-0.0029107630252838135,False,0.4348273026315789,0.9328104180881591,0.026306837797164917,0.26686856150627136,0.24056172370910645,-0.0029107630252838135,False,0.4348273026315789,0.870001714005137,0.01900973916053772,0.25848326086997986,0.23947352170944214,0.004386335611343384,False,0.5441166392543859,0.9330801916652895,0.4348273026315789,4,False,0.9328104180881591,0.9219640925033714,1.5682319000006828,0.0038033120072166193,0.0244657283151003
000000337498.jpg,replace_obj:1416:positive,A large slice of pizza on a plate ,replace_obj:1416:negative,A large hot dog on a plate.,dataset-defined SugarCrepe perturbation,0.3241117298603058,0.2637333571910858,0.06037837266921997,0.9976189676822949,14,6.938893903907228e-17,1.8987851999991108,0.00031549999948765617,0.00014150000060908496,0.9996037172069626,0.07832986116409302,0.32128605246543884,0.24295619130134583,-0.017951488494873047,False,0.12445068359375,0.9920655508513998,0.04828575253486633,0.32503047585487366,0.2767447233200073,0.012092620134353638,False,0.20569864908854166,0.9065589882823074,0.022723257541656494,0.2873958945274353,0.2646726369857788,0.03765511512756348,False,0.3564351399739583,0.9575177985615282,0.031152591109275818,0.2371702492237091,0.2060176581144333,0.029225781559944153,False,0.4804229736328125,0.9401997017852568,0.027550816535949707,0.22880449891090393,0.20125368237495422,0.032827556133270264,False,0.5507253011067709,0.9175121423838835,0.6678517659505209,7,False,0.8620801981995602,0.963369217406682,0.9996037172069626,0.07832986116409302,0.32128605246543884,0.24295619130134583,-0.017951488494873047,False,0.12445068359375,0.9920655508513998,0.04828575253486633,0.32503047585487366,0.2767447233200073,0.012092620134353638,False,0.20569864908854166,0.9952081876050769,0.053360432386398315,0.32314562797546387,0.26978519558906555,0.007017940282821655,False,0.3205617268880208,0.7932860101983664,0.013448476791381836,0.2767934799194336,0.26334500312805176,0.046929895877838135,False,0.5095113118489584,0.7932860101983664,0.013448476791381836,0.2767934799194336,0.26334500312805176,0.046929895877838135,False,0.5095113118489584,0.8981236289034995,0.6505177815755209,9,False,0.8336882783748614,0.9583441977538951,2.2664112000002206,0.01938851348038395,0.0050250196527868995
000000371677.jpg,replace_rel:619:positive,A couple of computer monitors sitting on top of a wooden desk.,replace_rel:619:negative,A couple of computer monitors leaned against a wooden desk.,dataset-defined SugarCrepe perturbation,0.2874552011489868,0.27847737073898315,0.008977830410003662,0.7104937038941472,13,5.724587470723463e-17,1.9239426999993157,0.00030420000075537246,0.0001376999989588512,0.36681591619360937,-0.005459010601043701,0.2650461196899414,0.2705051302909851,0.014436841011047363,True,0.11919657389322917,0.36186508767060205,-0.00567278265953064,0.25830355286598206,0.2639763355255127,0.014650613069534302,True,0.24231465657552084,0.2549719768927743,-0.010722681879997253,0.24879826605319977,0.259520947933197,0.019700512290000916,True,0.3343454996744792,0.29237002390742683,-0.008839011192321777,0.2509513795375824,0.2597903907299042,0.01781684160232544,True,0.4488372802734375,0.3023911329724742,-0.008359372615814209,0.24846822023391724,0.25682759284973145,0.01733720302581787,True,0.5096537272135416,0.3409093954550624,0.8554890950520834,10,False,0.19373303011858073,0.36665176724680604,0.22213131919497153,-0.01253288984298706,0.240696519613266,0.25322940945625305,0.021510720252990723,True,0.20010884602864584,0.22213131919497153,-0.01253288984298706,0.240696519613266,0.25322940945625305,0.021510720252990723,True,0.20010884602864584,0.22490448444340133,-0.012373104691505432,0.2404031604528427,0.25277626514434814,0.021350935101509094,True,0.3232269287109375,0.21047662097885594,-0.013220548629760742,0.23467880487442017,0.2478993535041809,0.022198379039764404,True,0.4424235026041667,0.25528828870010895,-0.010706037282943726,0.2645190954208374,0.27522513270378113,0.019683867692947388,True,0.5468851725260416,0.3272890050204271,0.7599690755208334,9,False,0.3988050577586384,0.31287667113159556,2.3834118000013405,0.013620390434635254,0.053775096115210475
000000064359.jpg,replace_obj:1096:positive,Zebras and giraffes together in a zoo cage.,replace_obj:1096:negative,Zebras and lions together in a zoo cage.,dataset-defined SugarCrepe perturbation,0.3019252419471741,0.29350966215133667,0.008415579795837402,0.6987932430161963,13,7.45931094670027e-17,1.8103028999994422,0.00033879999864439014,0.0001396000006934628,0.9440225201539064,0.028252005577087402,0.29577723145484924,0.26752522587776184,-0.01983642578125,False,0.14490361445783131,0.9391712340666297,0.02736935019493103,0.2932825982570648,0.2659132480621338,-0.018953770399093628,False,0.2056867469879518,0.6255812186208296,0.0051330626010894775,0.30469122529029846,0.299558162689209,0.003282517194747925,False,0.34195180722891566,0.6529941353038751,0.006322264671325684,0.30868151783943176,0.3023592531681061,0.0020933151245117188,False,0.4165602409638554,0.7071512806534096,0.008815884590148926,0.30134317278862,0.29252728819847107,-0.00040030479431152344,False,0.5055542168674699,0.7570535391814275,0.5842831325301204,8,False,0.7197231040064912,0.7735814197437123,0.6648166352469306,0.006848335266113281,0.31182289123535156,0.3049745559692383,0.001567244529724121,False,0.12380722891566265,0.48237550589000294,-0.0007052719593048096,0.30580857396125793,0.30651384592056274,0.009120851755142212,True,0.2760060240963855,0.4018951350353984,-0.0039757490158081055,0.3083542585372925,0.3123300075531006,0.012391328811645508,True,0.35473493975903614,0.34589313526816373,-0.006371408700942993,0.3012835383415222,0.3076549470424652,0.014786988496780396,True,0.4869036144578313,0.4365388214141475,-0.002552211284637451,0.30055177211761475,0.3031039834022522,0.010967791080474854,True,0.5758975903614458,0.41341901781921053,0.7271927710843373,9,False,0.2674611579862562,0.5048724077483573,1.6848279999994702,0.34363452136221695,0.268709011995355
000000346905.jpg,swap_att:581:positive,Two large brown elephants standing over a small elephant. ,swap_att:581:negative,Two small brown elephants standing over a large elephant.,dataset-defined SugarCrepe perturbation,0.3071414530277252,0.30242055654525757,0.004720896482467651,0.6158782287035448,12,2.3418766925686896e-17,1.8548928999989585,0.0003003999991051387,0.00013530000069295056,0.7016084688434079,0.008549690246582031,0.2993493974208832,0.29079970717430115,-0.00382879376411438,False,0.15879307184750732,0.7159861693352318,0.009246379137039185,0.30445781350135803,0.29521143436431885,-0.004525482654571533,False,0.2543530058651026,0.620065208375258,0.004898250102996826,0.2990296185016632,0.2941313683986664,-0.0001773536205291748,False,0.3844849706744868,0.6314303855653849,0.005383580923080444,0.30566832423210144,0.300284743309021,-0.000662684440612793,False,0.46342329545454547,0.6203663613161832,0.0049110352993011475,0.3086962401866913,0.30378520488739014,-0.0001901388168334961,False,0.5645905883431085,0.6201454749980747,0.7990686858504399,9,False,0.5477493546986207,0.6588560542116276,0.6754227589647759,0.007328152656555176,0.30530446767807007,0.2979763150215149,-0.0026072561740875244,False,0.13013196480938416,0.6466221420644709,0.0060422420501708984,0.3069612979888916,0.3009190559387207,-0.001321345567703247,False,0.2889250366568915,0.6512694494090138,0.006246238946914673,0.31077608466148376,0.3045298457145691,-0.0015253424644470215,False,0.39009232954545453,0.6392091747106555,0.00571933388710022,0.3083019256591797,0.30258259177207947,-0.0009984374046325684,False,0.48430626832844575,0.6186853259187112,0.004839718341827393,0.3043026328086853,0.2994629144668579,-0.00011882185935974121,False,0.5631758614369502,0.5677865538149542,0.876099706744868,10,False,0.3608750242536927,0.6481687479301814,2.008600999999544,0.052358921183120466,0.010687306281446207
000000290843.jpg,add_obj:1241:positive,A cat is sitting on the bed near a person using a laptop.,add_obj:1241:negative,A cat is sitting on the bed near a person using a laptop and a plant.,dataset-defined SugarCrepe perturbation,0.32580289244651794,0.3182217478752136,0.007581144571304321,0.6809442221130693,15,2.7755575615628914e-17,1.8221756000002642,0.00036729999919771217,0.00023549999968963675,0.4883992930841635,-0.0004641115665435791,0.31533098220825195,0.31579509377479553,0.0080452561378479,True,0.13670732821637427,0.43994019589819083,-0.0024140477180480957,0.2762390673160553,0.2786531150341034,0.009995192289352417,True,0.26877741228070173,0.5039137100555702,0.00015655159950256348,0.25924837589263916,0.2590918242931366,0.007424592971801758,False,0.3133737664473684,0.5029630612161554,0.00011852383613586426,0.268063485622406,0.26794496178627014,0.007462620735168457,False,0.43570677997076024,0.48300879047186185,-0.0006799101829528809,0.27106183767318726,0.27174174785614014,0.008261054754257202,True,0.5065732364766082,0.3652007723218743,0.9176089638157895,14,False,0.03599816223755043,0.5108863920363372,0.7267861506160211,0.009783774614334106,0.330157995223999,0.3203742206096649,-0.002202630043029785,False,0.14631304824561403,0.7173942866827483,0.009315729141235352,0.3303338289260864,0.3210180997848511,-0.0017345845699310303,False,0.2069170321637427,0.6181867188374812,0.004818588495254517,0.31657710671424866,0.31175851821899414,0.0027625560760498047,False,0.3883863304093567,0.5703625943994812,0.0028333067893981934,0.3133074641227722,0.310474157333374,0.004747837781906128,False,0.4501153600146199,0.5587097055288983,0.0023592710494995117,0.3108406662940979,0.3084813952445984,0.00522187352180481,False,0.5053453947368421,0.5371990341999602,0.7908043220029239,12,False,0.33051052353921273,0.6644822163498459,2.4683638000005885,-0.17199826187808587,-0.1535958243135087
000000539445.jpg,swap_att:567:positive,A red train traveling down tracks next to a field.,swap_att:567:negative,A train traveling down tracks next to a red field.,dataset-defined SugarCrepe perturbation,0.29392892122268677,0.288770854473114,0.005158066749572754,0.6261667050335239,13,2.949029909160572e-17,2.094125699999495,0.0003071000010095304,0.00013899999976274557,0.5358116296934127,0.001434922218322754,0.31145966053009033,0.3100247383117676,0.00372314453125,False,0.19330596923828125,0.8002963331280969,0.013881474733352661,0.29757949709892273,0.28369802236557007,-0.008723407983779907,False,0.2916374206542969,0.5242534524259377,0.0009709000587463379,0.25948983430862427,0.25851893424987793,0.004187166690826416,False,0.3611907958984375,0.48969767788994895,-0.0004121512174606323,0.24101094901561737,0.241423100233078,0.005570217967033386,True,0.424560546875,0.3303654615722791,-0.007065325975418091,0.23244410753250122,0.2395094335079193,0.012223392724990845,True,0.5477371215820312,0.4869695403923464,0.7135391235351562,9,False,0.470779003934136,0.5599329192318623,0.39487527840259085,-0.004268646240234375,0.29114842414855957,0.29541707038879395,0.009426712989807129,True,0.1649322509765625,0.45237689136553694,-0.0019107162952423096,0.2905908226966858,0.2925015389919281,0.0070687830448150635,True,0.24149703979492188,0.5313622247338774,0.0012561380863189697,0.2770199775695801,0.2757638394832611,0.003901928663253784,False,0.3048667907714844,0.5548199048042529,0.002201646566390991,0.2590360641479492,0.2568344175815582,0.0029564201831817627,False,0.411224365234375,0.5823751613750596,0.0033253133296966553,0.2570365369319916,0.2537112236022949,0.0018327534198760986,False,0.5413284301757812,0.48577726362064444,0.6392555236816406,8,False,0.3997997551161247,0.5164047417750752,2.644875799998772,0.0011922767717019722,0.043528177456787054
000000213605.jpg,swap_att:236:positive,A bus parked next to a white building with red trimming. ,swap_att:236:negative,A bus parked next to a red building with white trimming.,dataset-defined SugarCrepe perturbation,0.2950114905834198,0.29150456190109253,0.0035069286823272705,0.5867855875691721,10,6.375108774214766e-17,2.0436847999990277,0.0002936999990197364,0.00012849999984609894,0.7028050185651692,0.008606910705566406,0.2698482871055603,0.2612413763999939,-0.005099982023239136,False,0.17200215657552084,0.6616047889113333,0.006704539060592651,0.23906594514846802,0.23236140608787537,-0.003197610378265381,False,0.289306640625,0.5843262043772848,0.0034055858850479126,0.2288019210100174,0.22539633512496948,0.00010134279727935791,False,0.3498789469401042,0.5627004846311974,0.0025212913751602173,0.21100714802742004,0.20848585665225983,0.0009856373071670532,False,0.4510498046875,0.5582794445287915,0.002341821789741516,0.18310411274433136,0.18076229095458984,0.0011651068925857544,False,0.5916544596354166,0.5914197953142206,0.9367319742838541,9,False,0.6091381735022786,0.6177535940533175,0.5368225270336255,0.0014755725860595703,0.2838149070739746,0.28233933448791504,0.0020313560962677,False,0.13364664713541666,0.4943973978900063,-0.00022411346435546875,0.2628089487552643,0.26303306221961975,0.0037310421466827393,True,0.2348175048828125,0.4809231125870679,-0.0007634460926055908,0.2611251771450043,0.26188862323760986,0.004270374774932861,True,0.3132832845052083,0.4782372017183162,-0.0008710622787475586,0.259757936000824,0.26062899827957153,0.004377990961074829,True,0.4380696614583333,0.39978652516835933,-0.004063546657562256,0.26207056641578674,0.266134113073349,0.007570475339889526,True,0.5068206787109375,0.48751489369413115,0.4380696614583333,5,False,0.4782372017183162,0.504202306832176,1.657999100001689,0.10390490162008947,0.1135512872211415
000000189752.jpg,add_obj:698:positive,A person eating pizza and salad at a table.,add_obj:698:negative,"A person is eating pizza, fruit, and salad at a table.",dataset-defined SugarCrepe perturbation,0.30358433723449707,0.29648923873901367,0.0070950984954833984,0.670292845432144,13,3.2959746043559335e-17,1.9323485999993864,0.0003338999995321501,0.00013799999942420982,0.6667424269104816,0.0069348812103271484,0.29960334300994873,0.2926684617996216,0.00016021728515625,False,0.133544921875,0.42531438364578467,-0.0030099451541900635,0.25807297229766846,0.2610829174518585,0.010105043649673462,True,0.2574971516927083,0.432616631404631,-0.0027118325233459473,0.25356388092041016,0.2562757134437561,0.009806931018829346,True,0.372161865234375,0.5362930289502608,0.001454278826713562,0.2514077425003052,0.2499534636735916,0.005640819668769836,False,0.4614105224609375,0.49809340566621424,-7.62641429901123e-05,0.25508400797843933,0.25516027212142944,0.007171362638473511,True,0.5865275065104166,0.4517183742985601,0.7024383544921875,9,False,0.32070555377912524,0.5355117637732781,0.6667424269104816,0.0069348812103271484,0.29960334300994873,0.2926684617996216,0.00016021728515625,False,0.133544921875,0.6064058172860419,0.0043222904205322266,0.3045945167541504,0.30027222633361816,0.002772808074951172,False,0.2700856526692708,0.5877586052743317,0.003547072410583496,0.30054718255996704,0.29700011014938354,0.0035480260848999023,False,0.39520263671875,0.459379007858798,-0.0016284286975860596,0.26958131790161133,0.2712097465991974,0.008723527193069458,True,0.47186279296875,0.4452073311269699,-0.0022005438804626465,0.25944310426712036,0.261643648147583,0.009295642375946045,True,0.5380096435546875,0.604894354474351,0.7709503173828125,9,False,0.6604762608170346,0.5965602957178721,2.197278199999346,-0.15317598017579093,-0.06104853194459392
000000392722.jpg,replace_obj:1612:positive,this is people standing in the sidewalk near a bus,replace_obj:1612:negative,Bicycles are parked on the sidewalk near a bus.,dataset-defined SugarCrepe perturbation,0.2253321409225464,0.2170649766921997,0.00826716423034668,0.6956601874325695,12,2.5587171270657905e-17,1.8545828000005713,0.000318899999911082,0.00013609999950858764,0.7482732217342857,0.010894238948822021,0.22429496049880981,0.2134007215499878,-0.002627074718475342,False,0.15316429363905326,0.9729179479666683,0.03581428527832031,0.2094915211200714,0.1736772358417511,-0.027547121047973633,False,0.31816868528106507,0.9729179479666683,0.03581428527832031,0.2094915211200714,0.1736772358417511,-0.027547121047973633,False,0.31816868528106507,0.9773573113242643,0.037650153040885925,0.20030781626701355,0.16265766322612762,-0.029382988810539246,False,0.42826599482248523,0.8425899676780128,0.01677626371383667,0.18510261178016663,0.16832634806632996,-0.00850909948348999,False,0.5664409208579881,0.8482888689317496,0.6304664386094675,8,False,0.8271594164267646,0.8574188819545834,0.7890177858545401,0.013190150260925293,0.21070441603660583,0.19751426577568054,-0.004922986030578613,False,0.13562661797337278,0.8632582141130952,0.01842619478702545,0.2035263329744339,0.18510013818740845,-0.010159030556678772,False,0.2508725499260355,0.8962308813544309,0.021560296416282654,0.21037717163562775,0.1888168752193451,-0.013293132185935974,False,0.3283734744822485,0.8617975435160392,0.018303006887435913,0.20932376384735107,0.19102075695991516,-0.010035842657089233,False,0.4222563794378698,0.898993528261638,0.021860912442207336,0.2144925743341446,0.19263166189193726,-0.013593748211860657,False,0.5280198317307693,0.8567646094359065,0.3283734744822485,5,False,0.8962308813544309,0.8327510413364636,1.399971300001198,-0.008475740504156892,0.024667840618119774
000000332570.jpg,replace_obj:947:positive,A person holding an older model of a smart phone.,replace_obj:947:negative,A child holding an older model of a smart phone.,dataset-defined SugarCrepe perturbation,0.31721019744873047,0.3038983643054962,0.013311833143234253,0.7910363014878982,17,5.160802341031001e-17,1.8551658999986103,0.0003264999995735707,0.00015720000010333024,0.7921435284545901,0.013378947973251343,0.3174130916595459,0.30403414368629456,-6.711483001708984e-05,False,0.15842564102564102,0.7031342059478125,0.008622676134109497,0.3044561743736267,0.2958334982395172,0.004689157009124756,False,0.2506871794871795,0.7473509156309888,0.010845333337783813,0.31008079648017883,0.299235463142395,0.0024664998054504395,False,0.3172820512820513,0.7334260233898067,0.010120749473571777,0.3076457977294922,0.2975250482559204,0.0031910836696624756,False,0.4391333333333333,0.8294761508415894,0.015819191932678223,0.3046405613422394,0.28882136940956116,-0.0025073587894439697,False,0.5369589743589743,0.7936811798526927,0.7264923076923077,11,False,0.8329414995729053,0.7623433902154607,0.8190881810872099,0.015101820230484009,0.31011128425598145,0.29500946402549744,-0.0017899870872497559,False,0.10777948717948718,0.8099400561345383,0.014496207237243652,0.3157603144645691,0.30126410722732544,-0.0011843740940093994,False,0.3245230769230769,0.8099400561345383,0.014496207237243652,0.3157603144645691,0.30126410722732544,-0.0011843740940093994,False,0.3245230769230769,0.7180548252559797,0.00934833288192749,0.3072642385959625,0.29791590571403503,0.003963500261306763,False,0.41678461538461536,0.7324454070073588,0.010070651769638062,0.32295697927474976,0.3128863275051117,0.0032411813735961914,False,0.523948717948718,0.8042880744029584,0.7877538461538461,12,False,0.8779990925073339,0.7854170693998338,2.9856801999994786,-0.010606894550265644,-0.023073679184373086
000000321333.jpg,add_obj:1973:positive,a couple of young kids are sitting together,add_obj:1973:negative,A couple and a grandma are sitting together.,dataset-defined SugarCrepe perturbation,0.2400820553302765,0.19729262590408325,0.04278942942619324,0.986332097939784,15,2.2985086056692694e-17,1.8408798000000388,0.00032169999940379057,0.0001433000015822472,0.9898187456150963,0.04576973617076874,0.2358093112707138,0.19003957509994507,-0.0029803067445755005,False,0.1591244103773585,0.9737678517912126,0.03614187240600586,0.2399090826511383,0.20376721024513245,0.006647557020187378,False,0.21419885023584906,0.9742958059162639,0.03635060787200928,0.2374919205904007,0.20114131271839142,0.00643882155418396,False,0.3323567708333333,0.8892845174465476,0.020834535360336304,0.2408164143562317,0.21998187899589539,0.021954894065856934,False,0.46931505503144655,0.8588993997518064,0.018061786890029907,0.24147500097751617,0.22341321408748627,0.02472764253616333,False,0.531980886399371,0.766590608742923,0.7551162047955975,11,False,0.5555731784538851,0.9563882922044724,0.9499425267968591,0.029432296752929688,0.26667943596839905,0.23724713921546936,0.01335713267326355,False,0.14037932389937108,0.9398001644779567,0.027479976415634155,0.2554052174091339,0.22792524099349976,0.015309453010559082,False,0.25461256878930816,0.9212200408718153,0.024590402841567993,0.2567163109779358,0.2321259081363678,0.018199026584625244,False,0.3293165290880503,0.4851944379608284,-0.0005923956632614136,0.2283088117837906,0.228901207447052,0.04338182508945465,True,0.40951135023584906,0.25289591687390656,-0.010832265019416809,0.22617356479167938,0.2370058298110962,0.053621694445610046,True,0.5240762578616353,0.531957436516743,0.7800646128144654,11,False,0.29365910353950486,0.7861988979849547,2.1638234999991255,0.23463317222617996,0.17018939421951773
000000176606.jpg,add_obj:1347:positive,A goat leans propped against a grassy surface.,add_obj:1347:negative,A goat leans propped against a tree on a grassy surface.,dataset-defined SugarCrepe perturbation,0.2963287830352783,0.2918165922164917,0.004512190818786621,0.6109290424639718,14,3.0357660829594124e-17,1.8956773999998404,0.0003040000010514632,0.00014040000132808927,0.660987664091485,0.006676986813545227,0.22669555246829987,0.22001856565475464,-0.002164795994758606,False,0.1731719970703125,0.6804409172874789,0.007557988166809082,0.21610066294670105,0.20854267477989197,-0.003045797348022461,False,0.24182637532552084,0.7703608359561688,0.012103497982025146,0.21237483620643616,0.200271338224411,-0.007591307163238525,False,0.3086751302083333,0.8159511842247041,0.01489153504371643,0.22763051092624664,0.2127389758825302,-0.01037934422492981,False,0.4823862711588542,0.9226406486218414,0.0247877836227417,0.22501972317695618,0.20023193955421448,-0.020275592803955078,False,0.5672709147135416,0.8167433904069117,0.6226806640625,8,False,0.9176253669771691,0.7337582357484153,0.5131628788829845,0.0005266368389129639,0.2825470268726349,0.2820203900337219,0.003985553979873657,False,0.11655171712239583,0.37721306572598323,-0.005013942718505859,0.2859305739402771,0.29094451665878296,0.00952613353729248,True,0.21779378255208334,0.39552064453907865,-0.004241645336151123,0.2850000262260437,0.2892416715621948,0.008753836154937744,True,0.3605753580729167,0.45045876936526247,-0.0019881725311279297,0.29375916719436646,0.2957473397254944,0.006500363349914551,True,0.4840342203776042,0.5929578649520071,0.00376206636428833,0.30280548334121704,0.2990434169769287,0.000750124454498291,False,0.5526885986328125,0.42710803178759826,0.3991495768229167,5,False,0.4053880742428878,0.45918194929912853,2.0498069999994186,0.3896353586193134,0.2745762864492867
000000571804.jpg,replace_att:47:positive,A porcelain tea and bathroom set is on display.,replace_att:47:negative,A metal tea and bathroom set is on display.,dataset-defined SugarCrepe perturbation,0.3618226647377014,0.32928186655044556,0.03254079818725586,0.9628194387811558,15,5.898059818321144e-17,1.8505390000009356,0.000334399999701418,0.00014419999934034422,0.695410267176122,0.008255362510681152,0.31056487560272217,0.302309513092041,0.024285435676574707,False,0.15580324413489735,0.8505082598776239,0.017385929822921753,0.29750221967697144,0.2801162898540497,0.015154868364334106,False,0.21399605938416422,0.7651710218072262,0.011812418699264526,0.29861757159233093,0.2868051528930664,0.020728379487991333,False,0.37752588892961875,0.8507284671853533,0.017403259873390198,0.2629069685935974,0.24550370872020721,0.015137538313865662,False,0.43283770161290325,0.9005894137368088,0.02203790843486786,0.2617701292037964,0.23973222076892853,0.010502889752388,False,0.5128642778592375,0.7081769189981268,0.7760263929618768,11,False,0.5048337860911445,0.820939395284592,0.695410267176122,0.008255362510681152,0.31056487560272217,0.302309513092041,0.024285435676574707,False,0.15580324413489735,0.6779532359295084,0.007443815469741821,0.31464359164237976,0.30719977617263794,0.025096982717514038,False,0.23066921737536658,0.43907463052440215,-0.0024491846561431885,0.313482403755188,0.3159315884113312,0.03498998284339905,True,0.36004513379765396,0.4614424637195088,-0.0015453696250915527,0.30674952268600464,0.3082948923110962,0.03408616781234741,True,0.4471052510997067,0.41243276595914863,-0.003539174795150757,0.28267940878868103,0.2862185835838318,0.036079972982406616,True,0.5024170637829912,0.5180330990344415,0.7544446480938416,11,False,0.44729957975715295,0.6293844888364917,2.315421299999798,0.19014381996368535,0.19155490644810036
000000328238.jpg,swap_att:60:positive,a man in a blue shirt playing with a white ball,swap_att:60:negative,a man in a white shirt playing with a blue ball,dataset-defined SugarCrepe perturbation,0.3350706100463867,0.3211781978607178,0.013892412185668945,0.8004710803885913,11,9.71445146547012e-17,1.8476033000006282,0.00032640000063111074,0.00013299999955052044,0.4145439244462508,-0.003452122211456299,0.23754791915416718,0.24100004136562347,0.017344534397125244,True,0.200988590542522,0.4145439244462508,-0.003452122211456299,0.23754791915416718,0.24100004136562347,0.017344534397125244,True,0.200988590542522,0.462642501164919,-0.0014970898628234863,0.2314794361591339,0.2329765260219574,0.015389502048492432,True,0.30341023643695014,0.4994866551772429,-2.053380012512207e-05,0.23214620351791382,0.23216673731803894,0.013912945985794067,True,0.4449402034457478,0.49589556734592294,-0.00016418099403381348,0.20972386002540588,0.2098880410194397,0.014056593179702759,True,0.5270745509530792,0.5207497220760353,0.6955358779325513,8,False,0.5532238445089702,0.5236187242408713,0.43260492702207265,-0.0027123093605041504,0.25295600295066833,0.2556683123111725,0.016604721546173096,True,0.19477982954545456,0.43430869903694874,-0.0026429295539855957,0.25614216923713684,0.25878509879112244,0.01653534173965454,True,0.31881758614369504,0.43430869903694874,-0.0026429295539855957,0.25614216923713684,0.25878509879112244,0.01653534173965454,True,0.31881758614369504,0.43762844664881223,-0.002507925033569336,0.2509976625442505,0.2535055875778198,0.01640033721923828,True,0.47919148643695014,0.4317572916975657,-0.0027468502521514893,0.24991917610168457,0.25266602635383606,0.016639262437820435,True,0.5542980205278593,0.4974319623373316,0.7450627749266863,8,False,0.549549714671453,0.4986855859721727,1.623544199999742,0.023317759738703703,0.024933138268698585
000000372307.jpg,swap_att:313:positive,brown horse in green field with trees and fence,swap_att:313:negative,green horse in brown field with trees and fence,dataset-defined SugarCrepe perturbation,0.30438780784606934,0.3006475269794464,0.003740280866622925,0.5924319464201053,15,2.3527187142935446e-17,1.824761000001672,0.0004478999999264488,0.00014460000056715216,0.4523990404301522,-0.0019098222255706787,0.3017110526561737,0.3036208748817444,0.0056501030921936035,True,0.12844937865497075,0.4025300070418965,-0.003949344158172607,0.3108212351799011,0.31477057933807373,0.007689625024795532,True,0.3136536001461988,0.4025300070418965,-0.003949344158172607,0.3108212351799011,0.31477057933807373,0.007689625024795532,True,0.3136536001461988,0.36977448189853535,-0.005331844091415405,0.2956122159957886,0.300944060087204,0.00907212495803833,True,0.40811746162280704,0.4003537560354985,-0.0040399134159088135,0.30953705310821533,0.31357696652412415,0.007780194282531738,True,0.5756407620614035,0.3847027824163197,0.6395342196637427,9,False,0.34450274220551785,0.42953320956414953,0.4179880256602626,-0.00331038236618042,0.2881641983985901,0.2914745807647705,0.007050663232803345,True,0.14379454495614036,0.38306405599153776,-0.004765629768371582,0.2978922724723816,0.3026579022407532,0.008505910634994507,True,0.274711028874269,0.4215287988303789,-0.003165006637573242,0.2967718243598938,0.29993683099746704,0.006905287504196167,True,0.3157494974415205,0.4140695228627732,-0.003471672534942627,0.300966739654541,0.30443841218948364,0.007211953401565552,True,0.42843681469298245,0.4358528031592389,-0.002580106258392334,0.3133779764175415,0.31595808267593384,0.006320387125015259,True,0.5036207054093568,0.44409036528226964,0.6213621619152047,10,False,0.4733120762032414,0.4380725974490101,1.9968554999995831,-0.05938758286594992,-0.008539387884860583
000000126226.jpg,add_att:273:positive,A group of guys in  a dugout with their gear ,add_att:273:negative,A group of guys in a crumbling dugout with their gear.,dataset-defined SugarCrepe perturbation,0.3288097381591797,0.30419743061065674,0.02461230754852295,0.9213788647793312,11,4.85722573273506e-17,1.8717431999994005,0.0002905000001192093,0.000139899999339832,0.4970622698758262,-0.00011751055717468262,0.2992415726184845,0.2993590831756592,0.024729818105697632,True,0.14456685384114584,0.4368291331834543,-0.002540409564971924,0.2983623743057251,0.300902783870697,0.027152717113494873,True,0.22638956705729166,0.24273400451596966,-0.011377483606338501,0.2680237889289856,0.2794012725353241,0.03598979115486145,True,0.4040883382161458,0.24273400451596966,-0.011377483606338501,0.2680237889289856,0.2794012725353241,0.03598979115486145,True,0.4040883382161458,0.1849339338214185,-0.01483270525932312,0.20423582196235657,0.2190685272216797,0.03944501280784607,True,0.5825551350911459,0.4372775853409782,0.8312479654947916,8,False,0.4811254764894407,0.41073808588425037,0.5197107217670848,0.0007888376712799072,0.2650960385799408,0.2643072009086609,0.023823469877243042,False,0.17769877115885416,0.29794374734688195,-0.008571088314056396,0.25982388854026794,0.26839497685432434,0.033183395862579346,True,0.322265625,0.29794374734688195,-0.008571088314056396,0.25982388854026794,0.26839497685432434,0.033183395862579346,True,0.322265625,0.30775390858247886,-0.008106410503387451,0.24837511777877808,0.2564815282821655,0.0327187180519104,True,0.4077962239583333,0.21851906268800111,-0.012743175029754639,0.24786418676376343,0.26060736179351807,0.03735548257827759,True,0.501983642578125,0.33057119941583196,0.7969614664713541,8,False,0.1521751448272726,0.4737799386228812,2.0478190000012546,0.10670638592514625,-0.06304185273863083
000000581615.jpg,add_obj:1727:positive,a urinal hanging on a wall in between two stalls,add_obj:1727:negative,A urinal hanging on a wall in between a sink and two stalls.,dataset-defined SugarCrepe perturbation,0.29248079657554626,0.29135987162590027,0.001120924949645996,0.5279938186523553,13,4.423544863740858e-17,1.8740748000000167,0.0003032000004168367,0.00013869999929738697,0.4831427472689899,-0.0006745457649230957,0.29402852058410645,0.29470306634902954,0.0017954707145690918,True,0.11440608638743456,0.6134040905090143,0.004616439342498779,0.29775047302246094,0.29313403367996216,-0.003495514392852783,False,0.21749734129581152,0.6563393615260755,0.006470233201980591,0.30335190892219543,0.29688167572021484,-0.005349308252334595,False,0.36144060863874344,0.572687040316797,0.002928227186203003,0.29398155212402344,0.29105332493782043,-0.0018073022365570068,False,0.47401627945026176,0.5802520566211277,0.003238081932067871,0.2822115123271942,0.27897343039512634,-0.002117156982421875,False,0.5329525932591623,0.5806741302851547,0.7284951734293194,9,False,0.5673848316473024,0.5796050604895461,0.5058633381420768,0.0002345442771911621,0.311973512172699,0.3117389678955078,0.000886380672454834,False,0.19007689790575916,0.5122567293662812,0.0004903674125671387,0.31343215703964233,0.3129417896270752,0.0006305575370788574,False,0.24803153632198952,0.49643346755922013,-0.00014266371726989746,0.3129740357398987,0.3131166994571686,0.0012635886669158936,True,0.3200619682591623,0.49575625119957833,-0.0001697540283203125,0.3129309117794037,0.313100665807724,0.0012906789779663086,True,0.443359375,0.5135224856486631,0.0005410313606262207,0.31261157989501953,0.3120705485343933,0.0005798935890197754,False,0.5034460896596858,0.5045440926658915,0.443359375,6,False,0.49575625119957833,0.5076533570155813,1.9504149999993388,0.07613003761926318,0.07195170347396473
000000480021.jpg,swap_obj:1:positive,A man on a motorcycle is waving at two men.,swap_obj:1:negative,Two men on a motorcycle are waving at a man.,dataset-defined SugarCrepe perturbation,0.3310094475746155,0.32866716384887695,0.0023422837257385254,0.558290836001779,13,8.586881206085195e-17,1.9206640000011248,0.00029849999918951653,0.00013670000043930486,0.47221637679065315,-0.0011124908924102783,0.3524951636791229,0.3536076545715332,0.0034547746181488037,True,0.21243472314323608,0.47221637679065315,-0.0011124908924102783,0.3524951636791229,0.3536076545715332,0.0034547746181488037,True,0.21243472314323608,0.5566461606001871,0.002275615930557251,0.3274897038936615,0.32521408796310425,6.666779518127441e-05,False,0.34328373673740054,0.5332942428283153,0.0013337433338165283,0.3090577721595764,0.3077240288257599,0.001008540391921997,False,0.40697529840848806,0.6491105569289471,0.006151318550109863,0.31012338399887085,0.303972065448761,-0.003809034824371338,False,0.5388967175066313,0.5738372930590733,0.9394116793766578,12,False,0.5120162174050542,0.5371582989242601,0.47221637679065315,-0.0011124908924102783,0.3524951636791229,0.3536076545715332,0.0034547746181488037,True,0.21243472314323608,0.47221637679065315,-0.0011124908924102783,0.3524951636791229,0.3536076545715332,0.0034547746181488037,True,0.21243472314323608,0.5062968977851017,0.0002518892288208008,0.3335339426994324,0.3332820534706116,0.0020903944969177246,False,0.3126191561671088,0.5246830646599456,0.0009881258010864258,0.308825820684433,0.30783769488334656,0.0013541579246520996,False,0.43689903846153844,0.5205944126146638,0.0008242428302764893,0.3116150498390198,0.3107908070087433,0.0015180408954620361,False,0.5137495855437666,0.4966007054134388,0.5810210129310345,8,False,0.5117131495325383,0.5113459370211838,2.2371831000000384,0.07723658764563446,0.025812361903076342
000000379453.jpg,add_obj:1428:positive,"A military jet flying through the air, overhead.",add_obj:1428:negative,"A military jet and a bird are flying through the air, overhead.",dataset-defined SugarCrepe perturbation,0.3311797082424164,0.2917459309101105,0.03943377733230591,0.9809859085067397,16,3.469446951953614e-17,1.913942399998632,0.00031379999927594326,0.00014689999989059288,0.8974480629419405,0.021691858768463135,0.3085004687309265,0.2868086099624634,0.017741918563842773,False,0.12478757601195717,0.7766892739142871,0.012464761734008789,0.29614853858947754,0.28368377685546875,0.02696901559829712,False,0.20179255134006266,0.8579849599864593,0.017986536026000977,0.30122286081314087,0.2832363247871399,0.02144724130630493,False,0.33163223521221924,0.46553545404426344,-0.0013807713985443115,0.26618191599845886,0.2675626873970032,0.04081454873085022,True,0.45423414753997665,0.5190984626080005,0.000764310359954834,0.2676476240158081,0.26688331365585327,0.038669466972351074,False,0.5101144530210274,0.6996367667026868,0.6193413320775578,10,False,0.6394548492721461,0.7771349009998969,0.7904124457824966,0.013274133205413818,0.2932450771331787,0.2799709439277649,0.02615964412689209,False,0.1395702381196126,0.8222948745947848,0.015319734811782837,0.2944338917732239,0.27911415696144104,0.02411404252052307,False,0.2019768227513769,0.8559546816380722,0.017820894718170166,0.2976006269454956,0.27977973222732544,0.021612882614135742,False,0.33370016993919044,0.28004309745503014,-0.00944247841835022,0.26388415694236755,0.2733266353607178,0.04887625575065613,True,0.4472420712106632,0.2946621550348192,-0.008728474378585815,0.2606688141822815,0.2693972885608673,0.048162251710891724,True,0.5104266906901989,0.5876711104484291,0.6198685530599292,10,False,0.46982980746095127,0.7192399895161335,2.340922200000932,0.1119656562542577,0.057894911483763356
000000090062.jpg,swap_obj:200:positive,A black and white cow stands in a paddock with firewood in the background.,swap_obj:200:negative,Firewood stands in a paddock with a black and white cow in the background.,dataset-defined SugarCrepe perturbation,0.367966890335083,0.3599129915237427,0.008053898811340332,0.69112624683813,11,2.7755575615628914e-17,1.8176697000017157,0.00030929999957152177,0.00013140000010025688,0.7961124403915306,0.013621717691421509,0.2886894941329956,0.2750677764415741,-0.005567818880081177,False,0.3346335018382353,0.7961124403915306,0.013621717691421509,0.2886894941329956,0.2750677764415741,-0.005567818880081177,False,0.3346335018382353,0.7961124403915306,0.013621717691421509,0.2886894941329956,0.2750677764415741,-0.005567818880081177,False,0.3346335018382353,0.7619736058408042,0.011635303497314453,0.2629718780517578,0.25133657455444336,-0.003581404685974121,False,0.4018669577205882,0.5975344982909689,0.0039520263671875,0.27319157123565674,0.26923954486846924,0.004101872444152832,False,0.5483053768382353,0.49091949516885786,0.8098747702205882,9,False,0.07166181278794684,0.7309062165283022,0.5706335157982848,0.0028443634510040283,0.34410470724105835,0.3412603437900543,0.005209535360336304,False,0.17259880514705883,0.1809493595584113,-0.015099287033081055,0.30892980098724365,0.3240290880203247,0.023153185844421387,True,0.23983226102941177,0.29593289639079634,-0.008667409420013428,0.3124113082885742,0.32107871770858765,0.01672130823135376,True,0.3156192555147059,0.28442307869234856,-0.00922626256942749,0.3081725239753723,0.3173987865447998,0.017280161380767822,True,0.41870978860294117,0.14820986868927374,-0.01748710870742798,0.2815682888031006,0.29905539751052856,0.02554100751876831,True,0.5537396599264706,0.3595420565190656,0.41870978860294117,6,False,0.28442307869234856,0.38167646555361234,1.5446092000001954,0.13137743864979223,0.3492297509746899
000000166391.jpg,replace_att:171:positive,A number of red and green traffic lights on a wide highway.,replace_att:171:negative,A number of yellow and green traffic lights on a wide highway.,dataset-defined SugarCrepe perturbation,0.33887726068496704,0.333096444606781,0.005780816078186035,0.6406258649634027,15,5.551115123125783e-17,1.8239789999988716,0.0006460999993578298,0.00014540000120177865,0.32691993094762956,-0.007221490144729614,0.23871451616287231,0.24593600630760193,0.01300230622291565,True,0.14973958333333334,0.409134107590367,-0.0036754608154296875,0.25484931468963623,0.2585247755050659,0.009456276893615723,True,0.20076069078947367,0.5326885515454526,0.001309409737586975,0.24815025925636292,0.24684084951877594,0.00447140634059906,False,0.3295355902777778,0.517500967068413,0.0007003247737884521,0.22859740257263184,0.22789707779884338,0.005080491304397583,False,0.40251507675438597,0.5820203119672406,0.0033107250928878784,0.20169293880462646,0.1983822137117386,0.0024700909852981567,False,0.5317754020467836,0.5518752212524773,0.6123560855263158,9,False,0.6343461935507047,0.49126387075260375,0.3410819607885147,-0.006584763526916504,0.2616620659828186,0.2682468295097351,0.012365579605102539,True,0.1448453490497076,0.2658968775236214,-0.010155409574508667,0.2627934515476227,0.27294886112213135,0.015936225652694702,True,0.26624748720760233,0.3217865465070837,-0.007455736398696899,0.2589171230792999,0.2663728594779968,0.013236552476882935,True,0.3370454130116959,0.3576825430439822,-0.005854368209838867,0.2462519109249115,0.25210627913475037,0.011635184288024902,True,0.41491913377192985,0.3558305244048202,-0.005935072898864746,0.26396238803863525,0.2698974609375,0.011715888977050781,True,0.5667831688596491,0.3288920670047302,0.3370454130116959,5,False,0.3217865465070837,0.36941893442461565,1.817575899998701,0.22298315424774712,0.1218449363279881
000000357941.jpg,swap_att:118:positive,A black and white cat sits on a red cloth that is over a television set.,swap_att:118:negative,A red cat sits on a black and white cloth that is over a television set.,dataset-defined SugarCrepe perturbation,0.36906561255455017,0.3555867075920105,0.013478904962539673,0.7937845361626329,11,5.2909066017292616e-17,1.8264737000008608,0.0002903000004153,0.0001319999992119847,0.6146175468328309,0.00466763973236084,0.33690911531448364,0.3322414755821228,0.008811265230178833,False,0.14487466666666668,0.5396882739561875,0.0015908777713775635,0.3062346279621124,0.30464375019073486,0.01188802719116211,False,0.26394666666666666,0.02477696556695948,-0.03672751784324646,0.2017267793416977,0.23845429718494415,0.05020642280578613,True,0.35775466666666667,0.024737390049133865,-0.03674390912055969,0.22881972789764404,0.26556363701820374,0.050222814083099365,True,0.48733866666666664,0.04956730141985575,-0.02953585982322693,0.20859113335609436,0.2381269931793213,0.0430147647857666,True,0.6080426666666666,0.24821661545150683,0.7959413333333333,8,False,0.13542597582400775,0.3370024871549691,0.039716684734513834,-0.03185456991195679,0.2583915591239929,0.2902461290359497,0.04533347487449646,True,0.21288,0.039716684734513834,-0.03185456991195679,0.2583915591239929,0.2902461290359497,0.04533347487449646,True,0.21288,0.04021414120294342,-0.03172491490840912,0.24896253645420074,0.28068745136260986,0.04520381987094879,True,0.342464,0.0499777477657487,-0.02944907546043396,0.27282047271728516,0.3022695481777191,0.04292798042297363,True,0.5190933333333333,0.0499777477657487,-0.02944907546043396,0.27282047271728516,0.3022695481777191,0.04292798042297363,True,0.5190933333333333,0.09131459178619798,0.663968,6,False,0.03323863312207745,0.1962306354093145,1.7281017000004795,0.15690202366530887,0.1407718517456546
000000064462.jpg,replace_obj:1068:positive,A female skier stops and poses for a picture,replace_obj:1068:negative,A male snowboarder stops and poses for a picture.,dataset-defined SugarCrepe perturbation,0.31320303678512573,0.2629653811454773,0.05023765563964844,0.9934633058038689,11,5.377642775528102e-17,1.8792188000006718,0.0005606000013358425,0.00031289999969885685,0.7752001818262009,0.012379109859466553,0.33575016260147095,0.3233710527420044,0.037858545780181885,False,0.17993650793650795,0.6480889671221628,0.0061064958572387695,0.33003413677215576,0.323927640914917,0.04413115978240967,False,0.27175661375661375,0.7103986779318657,0.00897321105003357,0.3368379473686218,0.32786473631858826,0.04126444458961487,False,0.35543386243386244,0.6361471312749327,0.005586802959442139,0.32969850301742554,0.3241117000579834,0.0446508526802063,False,0.4365026455026455,0.7684318937471306,0.011994779109954834,0.32776153087615967,0.31576675176620483,0.038242876529693604,False,0.5485873015873016,0.7850029378024647,0.7235449735449735,8,False,0.8293479643236721,0.7557619225882581,0.785343228788365,0.012970805168151855,0.33169788122177124,0.3187270760536194,0.03726685047149658,False,0.1023015873015873,0.6480889671221628,0.0061064958572387695,0.33003413677215576,0.323927640914917,0.04413115978240967,False,0.27175661375661375,0.5525427438234546,0.0021094977855682373,0.3272521197795868,0.32514262199401855,0.0481281578540802,False,0.39786243386243386,0.6299205731217916,0.005318760871887207,0.33081263303756714,0.32549387216567993,0.04491889476776123,False,0.47134391534391534,0.6072107364756295,0.004356026649475098,0.3219473958015442,0.3175913691520691,0.04588162899017334,False,0.555021164021164,0.6690662233164697,0.47134391534391534,5,False,0.6299205731217916,0.6906876885883754,1.548078699999678,0.11593671448599496,0.06507423399988277
000000169996.jpg,replace_obj:180:positive,Two people are riding bikes through the street traffic.,replace_obj:180:negative,Two people are riding scooters through the street traffic.,dataset-defined SugarCrepe perturbation,0.2962462306022644,0.2792539596557617,0.016992270946502686,0.845433762074579,15,2.2551405187698492e-17,1.8913707000010618,0.00031430000126420055,0.00014379999993252568,0.5940751824980325,0.0038083791732788086,0.2580678462982178,0.25425946712493896,0.013183891773223877,False,0.14072672526041666,0.5815391905888414,0.0032909512519836426,0.24117907881736755,0.2378881275653839,0.013701319694519043,False,0.20203145345052084,0.5574499077575771,0.002308189868927002,0.2396637499332428,0.2373555600643158,0.014684081077575684,False,0.31512451171875,0.5942052574423599,0.0038137733936309814,0.2410469353199005,0.23723316192626953,0.013178497552871704,False,0.4000803629557292,0.8069652133312103,0.014304101467132568,0.24856877326965332,0.23426467180252075,0.002688169479370117,False,0.5306040445963541,0.7091394901760945,0.7552897135416666,11,False,0.8103764197270041,0.6447233489149337,0.5871258961820407,0.003520965576171875,0.2689931392669678,0.2654721736907959,0.01347130537033081,False,0.1035308837890625,0.7392890426909577,0.010422766208648682,0.2620622515678406,0.2516394853591919,0.006569504737854004,False,0.23590087890625,0.4909358717095195,-0.00036260485649108887,0.2509241998195648,0.2512868046760559,0.017354875802993774,True,0.3569183349609375,0.5354787988328968,0.0014215409755706787,0.2541741132736206,0.2527525722980499,0.015570729970932007,False,0.4270375569661458,0.4552814707696877,-0.0017935335636138916,0.2525331377983093,0.2543266713619232,0.018785804510116577,True,0.5051167805989584,0.5416214330209843,0.5051167805989584,8,False,0.4552814707696877,0.6157977825147561,2.255013999998482,0.16751805715511014,0.028925566400177516
000000429011.jpg,replace_att:517:positive,Two toy vehicles and a police box are set up in a street scene.,replace_att:517:negative,Two real vehicles and a police box are set up in a street scene.,dataset-defined SugarCrepe perturbation,0.3923935890197754,0.3819020092487335,0.01049157977104187,0.7406131748962782,12,1.3097162243624894e-16,1.718445900000006,0.00029829999948560726,0.00013240000043879263,0.21477486004927213,-0.012963801622390747,0.2818794250488281,0.29484322667121887,0.023455381393432617,True,0.1260264598540146,0.4212090808727662,-0.003178119659423828,0.29300206899642944,0.29618018865585327,0.013669699430465698,True,0.2913577782846715,0.4124955992706661,-0.0035365819931030273,0.25367987155914307,0.2572164535522461,0.014028161764144897,True,0.4170207002737226,0.4124955992706661,-0.0035365819931030273,0.25367987155914307,0.2572164535522461,0.014028161764144897,True,0.4170207002737226,0.33128021989665013,-0.007024005055427551,0.20442470908164978,0.21144871413707733,0.01751558482646942,True,0.5172787408759124,0.3859528656363789,0.7825687157846716,8,False,0.37141573422161156,0.3913629884137634,0.3463322231775734,-0.0063520073890686035,0.3621777892112732,0.3685297966003418,0.016843587160110474,True,0.12881358348540145,0.30413163383038166,-0.00827699899673462,0.3457298278808594,0.354006826877594,0.01876857876777649,True,0.2941449019160584,0.38427054561560453,-0.004714608192443848,0.3494776487350464,0.35419225692749023,0.015206187963485718,True,0.3494169137773723,0.4256961277694486,-0.002994328737258911,0.2993144094944,0.30230873823165894,0.013485908508300781,True,0.47544337363138683,0.5142424012642932,0.0005698502063751221,0.281352698802948,0.2807828485965729,0.009921729564666748,False,0.5281848768248175,0.3840363549988186,0.6538477988138686,7,False,0.35334517115539193,0.41392301714774793,1.4231221999998525,0.0019165106375602647,-0.02256002873398455
000000527960.jpg,swap_obj:113:positive,A green park bench underneath a tree in a park.,swap_obj:113:negative,A tree underneath a green park bench in a park.,dataset-defined SugarCrepe perturbation,0.2949729263782501,0.2798830270767212,0.01508989930152893,0.8189114663060048,11,1.3877787807814457e-17,1.7593491999996331,0.0002818000011757249,0.00013140000010025688,0.6806359412027075,0.007566958665847778,0.2696591019630432,0.26209214329719543,0.007522940635681152,False,0.2501484831871345,0.6806359412027075,0.007566958665847778,0.2696591019630432,0.26209214329719543,0.007522940635681152,False,0.2501484831871345,0.5082053327578412,0.00032824277877807617,0.25792616605758667,0.2575979232788086,0.014761656522750854,False,0.4230971308479532,0.5082053327578412,0.00032824277877807617,0.25792616605758667,0.2575979232788086,0.014761656522750854,False,0.4230971308479532,0.5115441128360776,0.00046184659004211426,0.249976247549057,0.2495144009590149,0.014628052711486816,False,0.5029125548245614,0.45021440213242075,0.8434301900584795,9,False,0.17420334691103284,0.6582752091477508,0.49441453208037256,-0.00022342801094055176,0.2982202470302582,0.29844367504119873,0.015313327312469482,True,0.17294864766081872,0.44646569276092496,-0.002149611711502075,0.30123934149742126,0.30338895320892334,0.017239511013031006,True,0.24137084247076024,0.32671536049197597,-0.007230788469314575,0.29968997836112976,0.30692076683044434,0.022320687770843506,True,0.41523323282163743,0.32671536049197597,-0.007230788469314575,0.29968997836112976,0.30692076683044434,0.022320687770843506,True,0.41523323282163743,0.39967354022103113,-0.004068255424499512,0.2133755385875702,0.2174437940120697,0.019158154726028442,True,0.5685820997807017,0.40689089236064063,0.6962433753654971,7,False,0.3024948756114831,0.4725202100025794,1.808991399999286,0.04332350977178012,0.18575499914517146
000000348708.jpg,add_obj:1378:positive,A bowl filled with leftover food sitting next to a banana.,add_obj:1378:negative,A bowl filled with leftover food and a cupcake sitting next to a banana.,dataset-defined SugarCrepe perturbation,0.31863024830818176,0.2826702892780304,0.03595995903015137,0.9732991452443701,15,4.336808689942018e-17,1.7663986999996268,0.0003161000004183734,0.00014259999989008065,0.9548710714493704,0.030520528554916382,0.2874470353126526,0.2569265067577362,0.005439430475234985,False,0.12825520833333334,0.9690584382128155,0.034442245960235596,0.3109951615333557,0.2765529155731201,0.0015177130699157715,False,0.24834048202614378,0.9648281042977831,0.03311702609062195,0.30241307616233826,0.2692960500717163,0.002842932939529419,False,0.3301611008986928,0.9599854736125546,0.031776756048202515,0.29173436760902405,0.25995761156082153,0.0041832029819488525,False,0.4151986315359477,0.5801765648677939,0.0032349824905395508,0.24092629551887512,0.23769131302833557,0.032724976539611816,False,0.5792611315359477,0.7394986664341312,0.7305070465686274,11,False,0.5571602108484236,0.9088556430188756,0.8278203201738997,0.01570257544517517,0.3026319444179535,0.2869293689727783,0.020257383584976196,False,0.11392590890522876,0.7538081052903047,0.011190265417098999,0.2829967439174652,0.2718064785003662,0.024769693613052368,False,0.23518561070261437,0.7477440542451406,0.010866165161132812,0.28557050228118896,0.27470433712005615,0.025093793869018555,False,0.3192784926470588,0.6103097349013961,0.004486143589019775,0.284401535987854,0.27991539239883423,0.03147381544113159,False,0.4841516033496732,0.6200308050650721,0.004896789789199829,0.3061511218547821,0.3012543320655823,0.031063169240951538,False,0.5303500306372549,0.6866098882330036,0.5303500306372549,8,False,0.6200308050650721,0.7579882305112505,1.8249125000002095,0.052888778201127584,0.15086741250762503
000000323828.jpg,replace_obj:1013:positive,A white train hauling cargo along a track.,replace_obj:1013:negative,A white airplane hauling cargo through the sky.,dataset-defined SugarCrepe perturbation,0.3083963096141815,0.19731542468070984,0.11108088493347168,0.9999850096438029,10,4.5102810375396984e-17,1.765516800000114,0.0002764999990176875,0.00012819999938074034,0.9998854069114075,0.09074008464813232,0.28627264499664307,0.19553256034851074,0.020340800285339355,False,0.2259856999269006,0.9998854069114075,0.09074008464813232,0.28627264499664307,0.19553256034851074,0.020340800285339355,False,0.2259856999269006,0.9998043915217983,0.08539199829101562,0.28960728645324707,0.20421528816223145,0.025688886642456055,False,0.3839375456871345,0.9994145527598353,0.07442548871040344,0.2771647870540619,0.20273929834365845,0.03665539622306824,False,0.5387826663011696,0.9994145527598353,0.07442548871040344,0.2771647870540619,0.20273929834365845,0.03665539622306824,False,0.5387826663011696,0.8428319911104977,0.871813322368421,8,False,0.26690623133838526,0.9998151169340812,0.9998854069114075,0.09074008464813232,0.28627264499664307,0.19553256034851074,0.020340800285339355,False,0.2259856999269006,0.9998854069114075,0.09074008464813232,0.28627264499664307,0.19553256034851074,0.020340800285339355,False,0.2259856999269006,0.9998043915217983,0.08539199829101562,0.28960728645324707,0.20421528816223145,0.025688886642456055,False,0.3839375456871345,0.9994145527598353,0.07442548871040344,0.2771647870540619,0.20273929834365845,0.03665539622306824,False,0.5387826663011696,0.9994145527598353,0.07442548871040344,0.2771647870540619,0.20273929834365845,0.03665539622306824,False,0.5387826663011696,0.9495773173631425,0.8223113121345029,7,False,0.7847779854890093,0.9998151169340812,1.6838843999994424,-0.10674532625264488,0.0
000000356498.jpg,add_obj:1926:positive,"a pancake topped with rice, spinach, and brocolli",add_obj:1926:negative,"A pancake topped with shrimp, rice, spinach, and broccoli.",dataset-defined SugarCrepe perturbation,0.3374996781349182,0.3163115978240967,0.021188080310821533,0.8927178248466705,13,3.122502256758253e-17,1.8802347000000736,0.0004826000003959052,0.00014970000120229088,0.7901101369963205,0.013255894184112549,0.339901864528656,0.32664597034454346,0.007932186126708984,False,0.13350857142857142,0.667606696225274,0.0069738030433654785,0.32952791452407837,0.3225541114807129,0.014214277267456055,False,0.20401142857142857,0.5840138224093869,0.003392726182937622,0.30029037594795227,0.29689764976501465,0.01779535412788391,False,0.3278457142857143,0.5304574701541777,0.0012198090553283691,0.28596797585487366,0.2847481667995453,0.019968271255493164,False,0.43195428571428574,0.5763747054403204,0.0030790865421295166,0.2616564631462097,0.2585773766040802,0.018108993768692017,False,0.5531485714285714,0.6835521971224809,0.8660342857142858,11,False,0.7861357120271745,0.6622148900296418,0.7901101369963205,0.013255894184112549,0.339901864528656,0.32664597034454346,0.007932186126708984,False,0.13350857142857142,0.5081814973021467,0.0003272891044616699,0.32442882657051086,0.3241015374660492,0.020860791206359863,False,0.31804571428571426,0.5081814973021467,0.0003272891044616699,0.32442882657051086,0.3241015374660492,0.020860791206359863,False,0.31804571428571426,0.35063290141646175,-0.006162583827972412,0.286063551902771,0.2922261357307434,0.027350664138793945,True,0.44904,0.5763747054403204,0.0030790865421295166,0.2616564631462097,0.2585773766040802,0.018108993768692017,False,0.5531485714285714,0.6480191975146664,0.6881542857142857,8,False,0.7389040026661071,0.6085744744583395,2.127534299999752,0.03553299960781453,0.05364041557130239
000000111951.jpg,add_obj:1236:positive,"A bathroom with a glass shower, glass and wood vanity and a toilet.",add_obj:1236:negative,"A bathroom with a glass shower, glass and wood vanity, a plant, and a toilet.",dataset-defined SugarCrepe perturbation,0.3322012424468994,0.3176400363445282,0.014561206102371216,0.8109386150274495,14,1.3053794156725473e-16,1.8441278000009333,0.000298099999781698,0.00014120000014372636,0.8596500586245419,0.018123865127563477,0.3299482762813568,0.31182441115379333,-0.0035626590251922607,False,0.1023782169117647,0.8129603606694039,0.014693617820739746,0.33381497859954834,0.3191213607788086,-0.00013241171836853027,False,0.21656135110294117,0.6076072936714563,0.004372656345367432,0.3225887417793274,0.31821608543395996,0.010188549757003784,False,0.3556870404411765,0.4298820743544448,-0.0028233230113983154,0.30713945627212524,0.30996277928352356,0.01738452911376953,True,0.4437729779411765,0.4834910462320318,-0.0006605982780456543,0.2746398448944092,0.27530044317245483,0.01522180438041687,True,0.5089039522058824,0.4803807636793464,0.8333409926470589,11,False,0.17833877493439682,0.6980986741005276,0.766207766779131,0.011870205402374268,0.32497525215148926,0.313105046749115,0.0026910006999969482,False,0.1210592830882353,0.683752208408707,0.007710695266723633,0.31931519508361816,0.31160449981689453,0.006850510835647583,False,0.2737591911764706,0.6307309836391725,0.0053535401821136475,0.3026014268398285,0.29724788665771484,0.009207665920257568,False,0.3404296875,0.40677386188991294,-0.0037731826305389404,0.29695624113082886,0.3007294237613678,0.018334388732910156,True,0.4067440257352941,0.3703386073986683,-0.005307644605636597,0.29646211862564087,0.30176976323127747,0.019868850708007812,True,0.5834788602941177,0.507160553439933,0.5834788602941177,8,False,0.3703386073986683,0.6050934755861012,2.0639905000007275,-0.026779789760586648,0.09300519851442646
000000180011.jpg,swap_att:354:positive,A man feeding four giraffes grass and leaves.,swap_att:354:negative,Four men feeding a giraffe grass and leaves.,dataset-defined SugarCrepe perturbation,0.30613094568252563,0.3059889078140259,0.00014203786849975586,0.5035508870141284,12,3.9898639947466563e-17,1.8948743000000832,0.00029039999935775995,0.00013720000060857274,0.6956639732159257,0.008267343044281006,0.30269598960876465,0.29442864656448364,-0.00812530517578125,False,0.17479960123697916,0.44548412571514284,-0.002189338207244873,0.30677878856658936,0.30896812677383423,0.002331376075744629,True,0.2511698404947917,0.500900029164012,3.600120544433594e-05,0.2960384488105774,0.29600244760513306,0.00010603666305541992,False,0.4208780924479167,0.500900029164012,3.600120544433594e-05,0.2960384488105774,0.29600244760513306,0.00010603666305541992,False,0.4208780924479167,0.4592857515815542,-0.0016321837902069092,0.3019872307777405,0.3036194145679474,0.001774221658706665,True,0.5420176188151041,0.455815989840159,0.8491160074869791,10,False,0.416111438926876,0.5292242024055333,0.5835271974940132,0.003372699022293091,0.309511661529541,0.3061389625072479,-0.003230661153793335,False,0.1131439208984375,0.28598328230871306,-0.009149730205535889,0.29842203855514526,0.30757176876068115,0.009291768074035645,True,0.23436482747395834,0.22021187919815433,-0.012644320726394653,0.2872236371040344,0.2998679578304291,0.01278635859489441,True,0.3555043538411458,0.20197430482943754,-0.013740003108978271,0.28471052646636963,0.2984505295753479,0.013882040977478027,True,0.4312337239583333,0.31604354247029615,-0.007720142602920532,0.2954784333705902,0.30319857597351074,0.007862180471420288,True,0.55609130859375,0.26199502462111623,0.6283365885416666,8,False,0.15585851626003389,0.34739773179916095,1.9421017999993637,0.19382096521904274,0.1818264706063723
000000183716.jpg,replace_att:58:positive,Two young girls in uniforms sitting closely together.,replace_att:58:negative,Two old girls in uniforms sitting closely together.,dataset-defined SugarCrepe perturbation,0.2919563949108124,0.2784058153629303,0.01355057954788208,0.7949553117816492,15,1.3877787807814457e-17,1.8248186000000715,0.0003827999989880482,0.00014229999942472205,0.8100643512753763,0.014504283666610718,0.27886658906936646,0.26436230540275574,-0.0009537041187286377,False,0.15790934844192633,0.6938298300533974,0.008180856704711914,0.265084445476532,0.25690358877182007,0.005369722843170166,False,0.22138243626062323,0.6847289969470326,0.007755905389785767,0.25984254479408264,0.2520866394042969,0.0057946741580963135,False,0.3168158640226629,0.5588919244691142,0.00236666202545166,0.24520280957221985,0.2428361475467682,0.01118391752243042,False,0.464028328611898,0.4741776752847554,-0.0010338127613067627,0.23270168900489807,0.23373550176620483,0.014584392309188843,True,0.516441926345609,0.4123829782217437,0.7423512747875354,10,False,0.0723570447897649,0.6948394094093527,0.6020156626306213,0.0041387081146240234,0.2745068073272705,0.2703680992126465,0.009411871433258057,False,0.14509915014164307,0.3705505933892255,-0.00529855489730835,0.2625606656074524,0.26785922050476074,0.01884913444519043,True,0.21980169971671387,0.39697226335579106,-0.004180967807769775,0.2549840807914734,0.25916504859924316,0.017731547355651855,True,0.30698583569405097,0.16716303075548378,-0.016058683395385742,0.23415210843086243,0.25021079182624817,0.029609262943267822,True,0.4731444759206799,0.11277100065930516,-0.02062743902206421,0.21669915318489075,0.23732659220695496,0.03417801856994629,True,0.5255580736543909,0.25739122653018065,0.5980679886685553,8,False,0.09178025563605663,0.4287600389977028,2.1469276000007085,0.15499175169156304,0.2660793704116499
000000497599.jpg,replace_rel:112:positive,A young man stands over a lap top computer screen.,replace_rel:112:negative,A young man sits next to a laptop computer screen.,dataset-defined SugarCrepe perturbation,0.27972614765167236,0.27910783886909485,0.0006183087825775146,0.5154527968005296,13,2.905661822261152e-17,1.8466914000000543,0.0004088000005140202,0.00013790000048174988,0.5599893093397265,0.002411186695098877,0.2646303176879883,0.2622191309928894,-0.0017928779125213623,False,0.1409733644005848,0.3394629256891211,-0.0066568851470947266,0.24334341287612915,0.2500002980232239,0.007275193929672241,True,0.25099940606725146,0.3319311904752056,-0.0069946348667144775,0.2433294951915741,0.2503241300582886,0.007612943649291992,True,0.3190047057748538,0.26888331089530537,-0.010002955794334412,0.24337686598300934,0.25337982177734375,0.010621264576911926,True,0.4043711165935672,0.5427799458069124,0.0017153918743133545,0.23500043153762817,0.23328503966331482,-0.0010970830917358398,False,0.5672400402046783,0.5326633165787261,0.7940652412280702,10,False,0.721980349564589,0.4228494848770701,0.5451360882576515,0.0018103718757629395,0.27152585983276367,0.26971548795700073,-0.0011920630931854248,False,0.12742712902046785,0.2395708572159156,-0.011550337076187134,0.27110978960990906,0.2826601266860962,0.012168645858764648,True,0.25953147843567254,0.08121710744423037,-0.024259239435195923,0.2385576069355011,0.262816846370697,0.024877548217773438,True,0.34489788925438597,0.04651670535104571,-0.03020310401916504,0.23908129334449768,0.2692843973636627,0.030821412801742554,True,0.4641869974415205,0.05674637356254879,-0.028107434511184692,0.22838559746742249,0.2564930319786072,0.028725743293762207,True,0.5423005756578947,0.16848689739346948,0.4641869974415205,7,False,0.04651670535104571,0.266917488736115,1.6793085999997857,0.3641764191852567,0.1559319961409551
000000123321.jpg,replace_rel:855:positive,This is a broccoli carrot soup with a lot of broth.,replace_rel:855:negative,This is a broccoli carrot soup without a lot of broth.,dataset-defined SugarCrepe perturbation,0.3309219479560852,0.33090561628341675,1.633167266845703e-05,0.5004082917259606,15,3.1604493327952454e-17,2.0733909999999014,0.0003023000008397503,0.0001429999992978992,0.6497714174370827,0.0061803460121154785,0.32406485080718994,0.31788450479507446,-0.0061640143394470215,False,0.1813201904296875,0.6481426615930187,0.0061088502407073975,0.31220734119415283,0.30609849095344543,-0.00609251856803894,False,0.24773406982421875,0.6070003189461235,0.00434720516204834,0.32187265157699585,0.3175254464149475,-0.004330873489379883,False,0.3185081481933594,0.6292936867581215,0.005291879177093506,0.31835049390792847,0.31305861473083496,-0.005275547504425049,False,0.4305458068847656,0.5972915106355882,0.003941923379898071,0.3123859167098999,0.30844399333000183,-0.003925591707229614,False,0.5,0.6301775816931094,0.7389564514160156,11,False,0.6474028442488914,0.607284871697523,0.5275674755735675,0.001103818416595459,0.33025848865509033,0.3291546702384949,-0.001087486743927002,False,0.140228271484375,0.5746382674268817,0.0030080080032348633,0.3263251781463623,0.32331717014312744,-0.0029916763305664062,False,0.21510696411132812,0.6109368346766801,0.004512518644332886,0.32000839710235596,0.31549587845802307,-0.004496186971664429,False,0.3279991149902344,0.5912476767996266,0.003691256046295166,0.3203809857368469,0.31668972969055176,-0.003674924373626709,False,0.4408226013183594,0.6182598728642987,0.004821687936782837,0.30787283182144165,0.3030511438846588,-0.00480535626411438,False,0.5145111083984375,0.5495971197639002,0.563934326171875,8,False,0.527486510392016,0.5687793297370198,3.153969599999982,0.0805804619292092,0.038505541960503153
000000163314.jpg,add_obj:1022:positive,A group of people walking on a sidewalk next to buildings.,add_obj:1022:negative,A group of people walking on a sidewalk next to buildings and a fountain.,dataset-defined SugarCrepe perturbation,0.3004569709300995,0.2763347327709198,0.024122238159179688,0.9177546937720151,13,7.025630077706069e-17,2.0489165999988472,0.0003082000002905261,0.0001367999993817648,0.862688185468393,0.018377989530563354,0.2590841054916382,0.24070611596107483,0.005744248628616333,False,0.14667069486404835,0.7246199453073573,0.009674951434135437,0.25527867674827576,0.24560372531414032,0.01444728672504425,False,0.2557824773413897,0.6749149023176615,0.0073049962520599365,0.25035250186920166,0.24304750561714172,0.01681724190711975,False,0.35058610271903323,0.4736701847346923,-0.0010541677474975586,0.24229437112808228,0.24334853887557983,0.025176405906677246,True,0.4190574018126888,0.23961212223558334,-0.011548072099685669,0.2389383316040039,0.2504864037036896,0.035670310258865356,True,0.5366465256797583,0.5029914419341929,0.9056978851963746,11,False,0.5076317820056299,0.6797147757579943,0.8880992823241332,0.020714715123176575,0.2584226429462433,0.2377079278230667,0.003407523036003113,False,0.16721450151057402,0.876378420631267,0.019585728645324707,0.26138997077941895,0.24180424213409424,0.0045365095138549805,False,0.20740181268882174,0.7853366974473766,0.012970417737960815,0.2661409378051758,0.25317052006721497,0.011151820421218872,False,0.39925075528700904,0.7289390403019284,0.009892463684082031,0.26912057399749756,0.2592281103134155,0.014229774475097656,False,0.46772205438066466,0.703804995006966,0.00865483283996582,0.2657706141471863,0.25711578130722046,0.015467405319213867,False,0.5218368580060423,0.5555306400521193,0.712380664652568,9,False,0.1785585437390931,0.8363628890009597,1.947237700000187,-0.0525391981179264,-0.15664811324296535
000000560266.jpg,add_obj:1230:positive,Two brown bears playing open mouthed in a pond.,add_obj:1230:negative,Two brown bears playing open mouthed among water lilies in a pond.,dataset-defined SugarCrepe perturbation,0.35306885838508606,0.32366544008255005,0.02940341830253601,0.9498050262229166,15,5.898059818321144e-17,1.7606449000013527,0.00030839999999443535,0.00014369999917107634,0.9297674259098085,0.025831222534179688,0.35076504945755005,0.32493382692337036,0.0035721957683563232,False,0.10967945772058824,0.9031139470146062,0.022323131561279297,0.34651505947113037,0.3241919279098511,0.007080286741256714,False,0.22921070772058824,0.8994056070500844,0.021906375885009766,0.3406152129173279,0.3187088370323181,0.007497042417526245,False,0.3002355238970588,0.744668081391989,0.010703742504119873,0.325600266456604,0.31489652395248413,0.018699675798416138,False,0.4482996323529412,0.7125057300454659,0.009075850248336792,0.28987035155296326,0.28079450130462646,0.02032756805419922,False,0.5240521599264706,0.781215135390467,0.6776022518382353,10,False,0.6565873662841392,0.8654421091006903,0.9473510581330864,0.028900235891342163,0.35431933403015137,0.3254190981388092,0.0005031824111938477,False,0.11910041360294117,0.9207113538541303,0.024520516395568848,0.3398159146308899,0.31529539823532104,0.004882901906967163,False,0.2041360294117647,0.8220796407146433,0.015305012464523315,0.34293821454048157,0.32763320207595825,0.014098405838012695,False,0.36799172794117646,0.756328563554942,0.01132655143737793,0.28388282656669617,0.27255627512931824,0.01807686686515808,False,0.42485638786764707,0.6033002325239444,0.004192352294921875,0.2605358064174652,0.25634345412254333,0.025211066007614136,False,0.5520852481617647,0.8151574706537887,0.42485638786764707,6,False,0.756328563554942,0.8450776566758889,1.9693974000001617,-0.03394233526332169,0.02036445242480145
000000157138.jpg,swap_att:69:positive,The remains of a piece of white cake sits on a red plate.,swap_att:69:negative,The remains of a piece of red cake sits on a white plate.,dataset-defined SugarCrepe perturbation,0.3422353267669678,0.30113962292671204,0.04109570384025574,0.98385026991179,13,5.551115123125783e-17,1.7897802000006777,0.0002905000001192093,0.00014209999972081278,0.9550946438478409,0.03057253360748291,0.3611753582954407,0.33060282468795776,0.010523170232772827,False,0.10504249291784702,0.9156776374897216,0.023850172758102417,0.3607870936393738,0.33693692088127136,0.01724553108215332,False,0.23202266288951842,0.6959358493351715,0.008280187845230103,0.3540443480014801,0.34576416015625,0.032815515995025635,False,0.39126912181303114,0.14487516685478993,-0.01775375008583069,0.3051900565624237,0.3229438066482544,0.058849453926086426,True,0.42939376770538246,0.16521629594033502,-0.016199171543121338,0.3077811598777771,0.32398033142089844,0.057294875383377075,True,0.6082889518413598,0.5375761049972411,0.7861473087818697,10,False,0.5080034750734985,0.6455779114328334,0.8252777148661172,0.015525221824645996,0.35815250873565674,0.34262728691101074,0.02557048201560974,False,0.15206798866855525,0.8084911904572902,0.0144023597240448,0.35773348808288574,0.34333112835884094,0.026693344116210938,False,0.21679886685552407,0.06800252081879553,-0.02617785334587097,0.3226502537727356,0.34882810711860657,0.06727355718612671,True,0.3366458923512748,0.06309809444658085,-0.026978880167007446,0.32578200101852417,0.3527608811855316,0.06807458400726318,True,0.44777337110481585,0.025887159403945238,-0.03627780079841614,0.2697595953941345,0.30603739619255066,0.07737350463867188,True,0.6011784702549575,0.23928016874994668,0.6587082152974504,10,False,0.03261653016110515,0.42760229450396753,1.9314606999996613,0.2982959362472944,0.21797561692886586
000000579818.jpg,replace_obj:1483:positive,The old fashioned train is going over the bridge.,replace_obj:1483:negative,The old fashioned boat is going under the bridge.,dataset-defined SugarCrepe perturbation,0.2709771394729614,0.22231444716453552,0.0486626923084259,0.9923568218021228,14,3.8163916471489756e-17,1.709336899999471,0.0003037999995285645,0.0001422000004822621,0.3624829674584075,-0.005646035075187683,0.20562919974327087,0.21127523481845856,0.054308727383613586,True,0.13503011067708334,0.41894389965412004,-0.0032711029052734375,0.21522337198257446,0.2184944748878479,0.05193379521369934,True,0.21038818359375,0.4328657331081656,-0.002701684832572937,0.21625521779060364,0.21895690262317657,0.05136437714099884,True,0.3134969075520833,0.47762409822091423,-0.0008956342935562134,0.21298286318778992,0.21387849748134613,0.04955832660198212,True,0.4677598741319444,0.487261519273898,-0.0005096495151519775,0.21070519089698792,0.2112148404121399,0.04917234182357788,True,0.5729505750868056,0.5283487024418848,0.6389702690972222,9,False,0.5120616395981813,0.49883172784543545,0.3624829674584075,-0.005646035075187683,0.20562919974327087,0.21127523481845856,0.054308727383613586,True,0.13503011067708334,0.3543127338401875,-0.0060013532638549805,0.2139299213886261,0.21993127465248108,0.054664045572280884,True,0.2105712890625,0.3882856465942217,-0.004545241594314575,0.20708751678466797,0.21163275837898254,0.05320793390274048,True,0.3519490559895833,0.3848852620755438,-0.004688635468482971,0.2083323448896408,0.21302098035812378,0.053351327776908875,True,0.4550577799479167,0.3848849092927035,-0.004688650369644165,0.20833232998847961,0.21302098035812378,0.05335134267807007,True,0.5309583875868056,0.44969063090926636,0.4550577799479167,7,False,0.3848852620755438,0.45222503321507757,1.4275471000000834,0.07865807153261845,0.04660669463035788
000000302165.jpg,replace_rel:1376:positive,A herd of cows laying on dry grass.,replace_rel:1376:negative,A herd of cows wandering on lush green grass.,dataset-defined SugarCrepe perturbation,0.27098798751831055,0.23848754167556763,0.03250044584274292,0.962674714695893,15,3.469446951953614e-17,1.8383067999984632,0.0003739000003406545,0.00014340000052470714,0.9187009050340239,0.024248257279396057,0.24830710887908936,0.2240588515996933,0.008252188563346863,False,0.158111572265625,0.8946745005819119,0.021394044160842896,0.24014165997505188,0.21874761581420898,0.011106401681900024,False,0.2027587890625,0.8301264429829259,0.015865236520767212,0.24686464667320251,0.2309994101524353,0.016635209321975708,False,0.338287353515625,0.6000164407672756,0.004055336117744446,0.24656878411769867,0.24251344799995422,0.028445109724998474,False,0.4023386637369792,0.534838622395371,0.0013958066701889038,0.23767417669296265,0.23627837002277374,0.031104639172554016,False,0.5302734375,0.6678730566883662,0.6222279866536459,9,False,0.5217468098582699,0.8005107452158432,0.882733310505881,0.020185723900794983,0.2411269247531891,0.2209412008523941,0.012314721941947937,False,0.15270487467447916,0.83336282316473,0.016096502542495728,0.2492217719554901,0.23312526941299438,0.016403943300247192,False,0.2144012451171875,0.8459642172564882,0.017032921314239502,0.2511419653892517,0.2341090440750122,0.015467524528503418,False,0.3063557942708333,0.8238379730770237,0.015425696969032288,0.2465137541294098,0.2310880571603775,0.017074748873710632,False,0.4214935302734375,0.6340291889604014,0.005495414137840271,0.24754951894283295,0.24205410480499268,0.02700503170490265,False,0.500732421875,0.7400340755596975,0.500732421875,7,False,0.6340291889604014,0.8486353684472682,2.165506400000595,-0.0721610188713313,-0.04812462323142497
000000389109.jpg,replace_obj:182:positive,A pizza with tomatoes on it sitting on a table in a restaurant.,replace_obj:182:negative,A burger with tomatoes on it sitting on a table in a restaurant.,dataset-defined SugarCrepe perturbation,0.3150656819343567,0.24205562472343445,0.07301005721092224,0.9993255954153547,13,4.163336342344337e-17,1.8479586000012205,0.0004501999992498895,0.00013860000035492703,0.9592289715082587,0.0315815806388855,0.29315218329429626,0.26157060265541077,0.04142847657203674,False,0.1433890716374269,0.4075853239969782,-0.00373956561088562,0.2566516697406769,0.2603912353515625,0.07674962282180786,True,0.26445997807017546,0.48576802109134,-0.0005694329738616943,0.24310195446014404,0.24367138743400574,0.07357949018478394,True,0.3164405153508772,0.5351681776016749,0.0014090538024902344,0.22318145632743835,0.22177240252494812,0.071601003408432,False,0.4910738760964912,0.3800362497500737,-0.004893943667411804,0.23558397591114044,0.24047791957855225,0.07790400087833405,True,0.5754694353070176,0.5201937320225973,0.6610185946637427,9,False,0.2992907578023882,0.6501496140862625,0.9986869176464074,0.06634064018726349,0.30889058113098145,0.24254994094371796,0.0066694170236587524,False,0.1110654239766082,0.3613037122709602,-0.005697101354598999,0.24726977944374084,0.25296688079833984,0.07870715856552124,True,0.3016778600146199,0.3613037122709602,-0.005697101354598999,0.24726977944374084,0.25296688079833984,0.07870715856552124,True,0.3016778600146199,0.4949173889926439,-0.00020331144332885742,0.2392559051513672,0.23945921659469604,0.0732133686542511,True,0.41882538377192985,0.5529092883320177,0.0021243244409561157,0.21291568875312805,0.21079136431217194,0.07088573276996613,False,0.5666004203216374,0.5603188450276216,1.0,13,False,0.35183728890039523,0.6497418769601587,1.9820089999993797,-0.040125113005024304,0.0004077371261037577
000000063965.jpg,swap_att:257:positive,A woman holding a plate of cake covered in frosting.,swap_att:257:negative,A woman covered in frosting holds a plate of cake.,dataset-defined SugarCrepe perturbation,0.29944631457328796,0.288920521736145,0.010525792837142944,0.7412698847775567,11,7.806255641895632e-17,1.7604085999992094,0.00028839999868068844,0.00013169999874662608,0.8182892470674594,0.015047997236251831,0.2738020122051239,0.25875401496887207,-0.004522204399108887,False,0.12573099415204678,0.6115076368963633,0.004536539316177368,0.26324737071990967,0.2587108314037323,0.005989253520965576,False,0.33291643823099415,0.6115076368963633,0.004536539316177368,0.26324737071990967,0.2587108314037323,0.005989253520965576,False,0.33291643823099415,0.7242769724794281,0.00965777039527893,0.230331689119339,0.22067391872406006,0.0008680224418640137,False,0.4131601790935672,0.40592984828995143,-0.0038081705570220947,0.22808128595352173,0.23188945651054382,0.014333963394165039,True,0.5005139802631579,0.5515537301639807,0.7693941885964912,8,False,0.4470634533639366,0.6975172182107385,0.7598944929440222,0.011521011590957642,0.2924070954322815,0.28088608384132385,-0.0009952187538146973,False,0.15808319627192982,0.7213829456988956,0.009513318538665771,0.2678458094596863,0.2583324909210205,0.0010124742984771729,False,0.2838141904239766,0.6881985147598202,0.00791710615158081,0.26948559284210205,0.26156848669052124,0.002608686685562134,False,0.3498378106725146,0.48425319174853254,-0.0006300806999206543,0.2641012668609619,0.26473134756088257,0.011155873537063599,True,0.557023254751462,0.48425319174853254,-0.0006300806999206543,0.2641012668609619,0.26473134756088257,0.011155873537063599,True,0.557023254751462,0.5543079055890776,0.6384548611111112,7,False,0.4122269526895335,0.6817775918556714,1.5829395999990084,-0.0027541754250969275,0.015739626355067093
000000462629.jpg,swap_att:89:positive,A bunch of old refrigerators in front of an open door.,swap_att:89:negative,A bunch of open refrigerators in front of an old door.,dataset-defined SugarCrepe perturbation,0.3447636365890503,0.3235322833061218,0.021231353282928467,0.8931315580810566,14,3.903127820947816e-17,1.827693499999441,0.00032189999910769984,0.00014150000060908496,0.8009057829753494,0.013919651508331299,0.2793399691581726,0.2654203176498413,0.007311701774597168,False,0.17054618768328444,0.8134185274390675,0.014723777770996094,0.27066701650619507,0.255943238735199,0.006507575511932373,False,0.30728784824046923,0.8134185274390675,0.014723777770996094,0.27066701650619507,0.255943238735199,0.006507575511932373,False,0.30728784824046923,0.834531586551428,0.01618090271949768,0.2861112058162689,0.26993030309677124,0.005050450563430786,False,0.418152034457478,0.707366318590426,0.008826270699501038,0.2329619824886322,0.22413571178913116,0.01240508258342743,False,0.5940421096041055,0.7569945953669122,0.8508980938416423,12,False,0.7149326227123071,0.8110201013813361,0.7324232131491119,0.010069519281387329,0.278970867395401,0.26890134811401367,0.011161834001541138,False,0.2078216642228739,0.7324232131491119,0.010069519281387329,0.278970867395401,0.26890134811401367,0.011161834001541138,False,0.2078216642228739,0.696569274745176,0.008310139179229736,0.2880105972290039,0.27970045804977417,0.01292121410369873,False,0.3420603464076246,0.6309371146407645,0.005362391471862793,0.28287220001220703,0.27750980854034424,0.015868961811065674,False,0.43398322947214074,0.5742608840328679,0.002992570400238037,0.25427454710006714,0.2512819766998291,0.01823878288269043,False,0.5525911840175953,0.622062360117087,0.7916914864369502,10,False,0.5481896911605477,0.718999753611613,2.307342799998878,0.13493223524982512,0.09202034776972312
000000239347.jpg,replace_att:619:positive,A photo of a man and his wife on a bed,replace_att:619:negative,A photo of a man and his husband on a bed.,dataset-defined SugarCrepe perturbation,0.30152952671051025,0.25788751244544983,0.043642014265060425,0.9874350735203845,14,3.2959746043559335e-17,1.8901141999995161,0.00029939999876660295,0.00014259999989008065,0.8835126378726623,0.02026122808456421,0.2873063087463379,0.2670450806617737,0.023380786180496216,False,0.13626607259114584,0.88800817693261,0.02070555090904236,0.2887001037597656,0.26799455285072327,0.022936463356018066,False,0.2520955403645833,0.9156670518267532,0.023848801851272583,0.28929296135902405,0.26544415950775146,0.019793212413787842,False,0.3149464925130208,0.950741225997663,0.02960154414176941,0.3135141134262085,0.2839125692844391,0.014040470123291016,False,0.5096842447916666,0.950741225997663,0.02960154414176941,0.3135141134262085,0.2839125692844391,0.014040470123291016,False,0.5096842447916666,0.7877711416840114,0.7323710123697916,11,False,0.6983178630067225,0.9191611058315426,0.7581009736934768,0.011422961950302124,0.30903080105781555,0.2976078391075134,0.0322190523147583,False,0.16968282063802084,0.7561417721326301,0.011316418647766113,0.28308647871017456,0.27177006006240845,0.03232559561729431,False,0.3011678059895833,0.7561417721326301,0.011316418647766113,0.28308647871017456,0.27177006006240845,0.03232559561729431,False,0.3011678059895833,0.7575162564824942,0.011391103267669678,0.2879571318626404,0.2765660285949707,0.03225091099739075,False,0.41241455078125,0.6871404388505942,0.00786784291267395,0.26388823986053467,0.2560203969478607,0.035774171352386475,False,0.5384318033854166,0.7198447163393744,0.5384318033854166,7,False,0.6871404388505942,0.7853630265392731,2.1681454999998095,0.067926425344637,0.1337980792922695
000000104198.jpg,swap_obj:177:positive,A street sign is pictured at the forefront with an ornate building in the background. ,swap_obj:177:negative,An ornate building is pictured at the forefront with a street sign in the background.,dataset-defined SugarCrepe perturbation,0.3014773428440094,0.28106334805488586,0.020413994789123535,0.8850756950753034,12,8.153200337090993e-17,1.8385109000009834,0.0002899999999499414,0.00013580000086221844,0.7965397361606802,0.013648062944412231,0.27136287093162537,0.25771480798721313,0.006765931844711304,False,0.17487466666666668,0.7402878520128768,0.01047465205192566,0.23037898540496826,0.2199043333530426,0.009939342737197876,False,0.30128533333333335,0.7402878520128768,0.01047465205192566,0.23037898540496826,0.2199043333530426,0.009939342737197876,False,0.30128533333333335,0.6504052760812422,0.006208211183547974,0.19283220171928406,0.18662399053573608,0.014205783605575562,False,0.44448,0.7014434148249112,0.008541807532310486,0.19181928038597107,0.18327747285366058,0.01187218725681305,False,0.5509066666666667,0.6898540304010743,0.8897546666666667,10,False,0.358142104472253,0.7545342770362439,0.5044083943039092,0.00017634034156799316,0.24724066257476807,0.24706432223320007,0.020237654447555542,False,0.148976,0.358045855766248,-0.005838558077812195,0.2244146317243576,0.2302531898021698,0.02625255286693573,True,0.236576,0.39120566248740535,-0.004422470927238464,0.22137878835201263,0.2258012592792511,0.024836465716362,True,0.387584,0.4063719159116275,-0.003789842128753662,0.21433547139167786,0.21812531352043152,0.024203836917877197,True,0.4874133333333333,0.35083751696542165,-0.006153598427772522,0.21605129539966583,0.22220489382743835,0.026567593216896057,True,0.53336,0.45504823718201914,0.4874133333333333,6,False,0.4063719159116275,0.47820105989987843,1.7901120000005903,0.23480579321905515,0.27633321713636544
000000417285.jpg,add_obj:526:positive,"Food items displayed such as coffee cake, a pastry and a beverage in a glass cup.",add_obj:526:negative,"Food items displayed such as coffee cake, a pastry, bananas, and a beverage in a glass cup.",dataset-defined SugarCrepe perturbation,0.30918699502944946,0.28536099195480347,0.023826003074645996,0.9154908306939797,17,4.5102810375396984e-17,1.6975320000001375,0.0003028999999514781,0.0001489000005676644,0.6378933222287695,0.005662322044372559,0.27220287919044495,0.2665405571460724,0.018163681030273438,False,0.21434783935546875,0.6378933222287695,0.005662322044372559,0.27220287919044495,0.2665405571460724,0.018163681030273438,False,0.21434783935546875,0.6170493309617989,0.004770427942276001,0.26165667176246643,0.25688624382019043,0.019055575132369995,False,0.341094970703125,0.45271653103129844,-0.0018970072269439697,0.25879836082458496,0.26069536805152893,0.025723010301589966,True,0.4334564208984375,0.46388484747056247,-0.0014471262693405151,0.23686590790748596,0.23831303417682648,0.02527312934398651,True,0.5201416015625,0.5481129861904264,0.6931304931640625,11,False,0.4709999073611274,0.644330119555607,0.7549142369660496,0.011249959468841553,0.29749029874801636,0.2862403392791748,0.012576043605804443,False,0.1342010498046875,0.7192220499421471,0.009406059980392456,0.29859939217567444,0.289193332195282,0.01441994309425354,False,0.20215606689453125,0.5976104669101626,0.003955185413360596,0.2652176022529602,0.2612624168395996,0.0198708176612854,False,0.33158111572265625,0.45271653103129844,-0.0018970072269439697,0.25879836082458496,0.26069536805152893,0.025723010301589966,True,0.4334564208984375,0.3437964387285265,-0.006464213132858276,0.23537367582321167,0.24183788895606995,0.030290216207504272,True,0.527435302734375,0.5006258280184015,0.6063385009765625,10,False,0.33978041704239226,0.6414378799147114,1.9321187000005011,0.04748715817202487,0.0028922396408956885
000000419096.jpg,add_obj:901:positive,A red and black BNSF train travels along it's tracks.,add_obj:901:negative,A red and black BNSF train travels along its tracks while a helicopter flies overhead.,dataset-defined SugarCrepe perturbation,0.2958833575248718,0.2864634394645691,0.009419918060302734,0.7195018173157686,14,4.7271214720367993e-17,2.069411200000104,0.0002984000002470566,0.00014169999849400483,0.6824199562492065,0.007649153470993042,0.2914566397666931,0.2838074862957001,0.0017707645893096924,False,0.1262664794921875,0.8491928393856029,0.017282843589782715,0.30348217487335205,0.28619933128356934,-0.00786292552947998,False,0.2582283020019531,0.8952681049897908,0.021457195281982422,0.3067629337310791,0.2853057384490967,-0.012037277221679688,False,0.3048744201660156,0.9400339365418922,0.027521371841430664,0.23904626071453094,0.21152488887310028,-0.01810145378112793,False,0.424163818359375,0.7690904201993609,0.01203182339668274,0.2426319271326065,0.23060010373592377,-0.002611905336380005,False,0.5568084716796875,0.7931161523335244,0.5568084716796875,7,False,0.7690904201993609,0.8136916049353335,0.7322175724035057,0.01005902886390686,0.3056353032588959,0.295576274394989,-0.000639110803604126,False,0.13196182250976562,0.8978183039086235,0.0217321515083313,0.3070094585418701,0.2852773070335388,-0.012312233448028564,False,0.24149322509765625,0.8835454528682217,0.020264416933059692,0.3048379421234131,0.2845735251903534,-0.010844498872756958,False,0.3000755310058594,0.8432024620619553,0.016822516918182373,0.27218541502952576,0.2553628981113434,-0.007402598857879639,False,0.5190658569335938,0.8432024620619553,0.016822516918182373,0.27218541502952576,0.2553628981113434,-0.007402598857879639,False,0.5190658569335938,0.8347158873188198,0.33594512939453125,5,False,0.8512158317038122,0.8212918708397431,2.534572599999592,-0.041599734985295456,-0.007600265904409542
000000579655.jpg,replace_obj:162:positive,A woman talking on the phone looks in the distance.,replace_obj:162:negative,A man talking on the phone looks in the distance.,dataset-defined SugarCrepe perturbation,0.27369484305381775,0.2509603500366211,0.022734493017196655,0.9066541202933895,13,1.1275702593849246e-17,1.7723767999996198,0.00030340000012074597,0.00013720000060857274,0.8138026826307784,0.014749109745025635,0.24534481763839722,0.23059570789337158,0.00798538327217102,False,0.16415433973354232,0.8180409587609427,0.015031307935714722,0.24904629588127136,0.23401498794555664,0.007703185081481934,False,0.250171434169279,0.6904616672719077,0.008022785186767578,0.24126270413398743,0.23323991894721985,0.014711707830429077,False,0.33808042711598746,0.719939777392205,0.00944162905216217,0.24535468220710754,0.23591305315494537,0.013292863965034485,False,0.4065132739028213,0.6850695557800323,0.007771685719490051,0.2332930862903595,0.22552140057086945,0.014962807297706604,False,0.5839109032131662,0.7116935287986861,0.7027943769592476,9,False,0.5982008554019592,0.7716596416657143,0.6989437695258909,0.00842273235321045,0.26849764585494995,0.2600749135017395,0.014311760663986206,False,0.16941369514106583,0.8788422192593945,0.019815117120742798,0.2789793908596039,0.2591642737388611,0.0029193758964538574,False,0.23466888714733541,0.8419953545064264,0.01673150062561035,0.2697681784629822,0.2530366778373718,0.006002992391586304,False,0.3516788303291536,0.8614173052031024,0.01827111840248108,0.27785640954971313,0.25958529114723206,0.004463374614715576,False,0.42011167711598746,0.8408233927757144,0.016643673181533813,0.2841394245624542,0.2674957513809204,0.006090819835662842,False,0.5967684659090909,0.8408656741099922,0.5967684659090909,8,False,0.8408233927757144,0.8324885743588621,1.702695700001641,-0.12917214531130616,-0.06082893269314782
000000074058.jpg,add_att:296:positive,A bunch of bikes that are sitting on the sidewalk.,add_att:296:negative,A bunch of bikes that are sitting on a cracked sidewalk.,dataset-defined SugarCrepe perturbation,0.26241597533226013,0.2567586302757263,0.0056573450565338135,0.6377783531724501,11,2.2551405187698492e-17,1.8030405999998038,0.0002901999996538507,0.00013189999845053535,0.30263197254543417,-0.008347958326339722,0.21863101422786713,0.22697897255420685,0.014005303382873535,True,0.16595280519005848,0.36140756573131594,-0.005692601203918457,0.19885322451591492,0.20454582571983337,0.01134994626045227,True,0.2953501918859649,0.3559299237648197,-0.005930736660957336,0.21284621953964233,0.21877695620059967,0.01158808171749115,True,0.42941908808479534,0.3559299237648197,-0.005930736660957336,0.21284621953964233,0.21877695620059967,0.01158808171749115,True,0.42941908808479534,0.29589501977847854,-0.008669227361679077,0.21488527953624725,0.22355450689792633,0.01432657241821289,True,0.539399442616959,0.339642496640975,0.7278474506578947,8,False,0.3138666383443487,0.3799126064280882,0.4851951823656401,-0.0005923658609390259,0.2402706742286682,0.24086304008960724,0.006249710917472839,True,0.12939738669590642,0.46796509478399506,-0.0012831538915634155,0.23970656096935272,0.24098971486091614,0.006940498948097229,True,0.21117735745614036,0.49999701976776134,-1.1920928955078125e-07,0.26312029361724854,0.2631204128265381,0.005657464265823364,True,0.35858689692982454,0.43878839248984375,-0.0024608075618743896,0.2624317705631256,0.264892578125,0.008118152618408203,True,0.492655793128655,0.4048853071275496,-0.0038515031337738037,0.2578957974910736,0.2617473006248474,0.009508848190307617,True,0.6026361476608187,0.3965927540184696,0.7652652138157895,7,False,0.22102460595300558,0.4850319457337007,1.6846760000007635,-0.056950257377494595,-0.10511933930561246
000000122606.jpg,replace_obj:1304:positive,A front shot of a Crosstown bus is parked on the side of the road. ,replace_obj:1304:negative,A front shot of a police car is parked on the side of the road.,dataset-defined SugarCrepe perturbation,0.35352933406829834,0.21168658137321472,0.14184275269508362,0.9999993084123642,11,8.326672684688674e-17,1.934624999999869,0.0002882000007957686,0.00013159999980416615,0.9964030365335249,0.056240618228912354,0.2753545939922333,0.21911397576332092,0.08560213446617126,False,0.24016825358072916,0.9964030365335249,0.056240618228912354,0.2753545939922333,0.21911397576332092,0.08560213446617126,False,0.24016825358072916,0.9975081360062921,0.059922292828559875,0.2764100730419159,0.21648778021335602,0.08192045986652374,False,0.3446502685546875,0.9922522399520471,0.04852573573589325,0.2606408894062042,0.21211515367031097,0.09331701695919037,False,0.459991455078125,0.9915115412423212,0.047605231404304504,0.2508752942085266,0.2032700628042221,0.09423752129077911,False,0.5477956136067709,0.9378640030083707,0.8159230550130209,9,False,0.8544280387487909,0.996251454641454,0.9964030365335249,0.056240618228912354,0.2753545939922333,0.21911397576332092,0.08560213446617126,False,0.24016825358072916,0.9964030365335249,0.056240618228912354,0.2753545939922333,0.21911397576332092,0.08560213446617126,False,0.24016825358072916,0.9944714170157806,0.05192279815673828,0.2681500315666199,0.2162272334098816,0.08991995453834534,False,0.3298899332682292,0.9834081642416987,0.0408211350440979,0.26434528827667236,0.22352415323257446,0.10102161765098572,False,0.4343719482421875,0.9873292547754356,0.04355707764625549,0.2627876102924347,0.2192305326461792,0.09828567504882812,False,0.5221761067708334,0.8594229987445029,0.8304595947265625,8,False,0.6208533448170673,0.9937153730094952,1.9432080000005953,0.0784410042638678,0.002536081631958842
000000011511.jpg,swap_obj:92:positive,A sculpture of two women stting on a bench with their purses on the ground while people standing in a line behind them. ,swap_obj:92:negative,A sculpture of people standing in a line on a bench with their purses on the ground while two women sit behind them.,dataset-defined SugarCrepe perturbation,0.3428129553794861,0.34142112731933594,0.0013918280601501465,0.5347396386693827,13,6.071532165918825e-17,1.902549700000236,0.00033460000122431666,0.00013840000065101776,0.6417564966238355,0.005829960107803345,0.3140373229980469,0.30820736289024353,-0.004438132047653198,False,0.1789504716981132,0.7120977604936461,0.009055942296981812,0.32628241181373596,0.31722646951675415,-0.007664114236831665,False,0.23462243092991913,0.7371696650296087,0.010313093662261963,0.32542163133621216,0.3151085376739502,-0.008921265602111816,False,0.304798054245283,0.6342452625028394,0.005504727363586426,0.3032000660896301,0.2976953387260437,-0.004112899303436279,False,0.42205399258760107,0.6433308530265708,0.005898505449295044,0.25567901134490967,0.24978050589561462,-0.0045066773891448975,False,0.5332189184636119,0.6213072283144031,0.8090043800539084,11,False,0.5763230397458808,0.6474242349316721,0.5964044521815217,0.003905057907104492,0.33434367179870605,0.33043861389160156,-0.0025132298469543457,False,0.14847435141509435,0.5558178364076642,0.002242058515548706,0.3308936059474945,0.3286515474319458,-0.0008502304553985596,False,0.20208789588948786,0.6716002257103063,0.007154315710067749,0.3381367623806,0.3309824466705322,-0.0057624876499176025,False,0.347129801212938,0.6797568634926148,0.0075265467166900635,0.3422055244445801,0.33467897772789,-0.006134718656539917,False,0.4106616408355795,0.6391349426007291,0.005716115236282349,0.3203321099281311,0.31461599469184875,-0.004324287176132202,False,0.5480489807951483,0.6277159259912364,0.5480489807951483,8,False,0.6391349426007291,0.6156392247427614,1.9872033999999985,-0.006408697676833275,0.03178501018891067
000000473015.jpg,add_obj:990:positive,A duck floating in the water near a bunch of grass and rocks,add_obj:990:negative,"A duck floating in the water near a bunch of flowers, grass, and rocks.",dataset-defined SugarCrepe perturbation,0.28766947984695435,0.27364492416381836,0.014024555683135986,0.8025732610417624,14,6.678685382510707e-17,1.7620483999999124,0.0003040999999939231,0.0001415999995515449,0.9094949301375795,0.023074835538864136,0.284444123506546,0.2613692879676819,-0.00905027985572815,False,0.15692959612573099,0.9275807188322114,0.0255010724067688,0.27797335386276245,0.25247228145599365,-0.011476516723632812,False,0.22705934758771928,0.8515163995312229,0.017465442419052124,0.26233217120170593,0.2448667287826538,-0.0034408867359161377,False,0.3005985014619883,0.8782806946158983,0.019762486219406128,0.251403272151947,0.2316407859325409,-0.005737930536270142,False,0.4422343293128655,0.8459688774032534,0.017033278942108154,0.2546628415584564,0.23762956261634827,-0.003008723258972168,False,0.5092459338450293,0.8487928078425331,0.5850294682017544,8,False,0.7995078327590784,0.8727483520311962,0.7879521500434059,0.013126254081726074,0.29313549399375916,0.2800092399120331,0.0008983016014099121,False,0.12380071271929824,0.9285875985373199,0.025651931762695312,0.29797154664993286,0.27231961488723755,-0.011627376079559326,False,0.26520810489766083,0.8726638962825087,0.019247204065322876,0.3055934011936188,0.2863461971282959,-0.00522264838218689,False,0.33533785635964913,0.7852588126410709,0.012965798377990723,0.29541534185409546,0.28244954347610474,0.0010587573051452637,False,0.4461462902046784,0.8183756427131416,0.015053808689117432,0.30863863229751587,0.29358482360839844,-0.0010292530059814453,False,0.5397535179093568,0.9230534479134953,0.19733986659356725,3,False,0.9467854386691815,0.8335142552424231,1.5842341000006854,-0.07426064007096222,0.0392340967887731
000000206027.jpg,replace_obj:688:positive,A piece of pizza with thousand island dressing and a Coke Zero on the side.,replace_obj:688:negative,A hamburger with thousand island dressing and a Coke Zero on the side.,dataset-defined SugarCrepe perturbation,0.30560749769210815,0.21316474676132202,0.09244275093078613,0.9999033458825796,12,7.632783294297951e-17,1.834664600000906,0.000323799999023322,0.0001419000000169035,0.9973386829774301,0.05926269292831421,0.29520106315612793,0.23593837022781372,0.033180058002471924,False,0.22896830240885416,0.9973386829774301,0.05926269292831421,0.29520106315612793,0.23593837022781372,0.033180058002471924,False,0.22896830240885416,0.98203045426837,0.04000943899154663,0.3065696954727173,0.26656025648117065,0.0524333119392395,False,0.395233154296875,0.9849499896168166,0.041812121868133545,0.31887727975845337,0.2770651578903198,0.05063062906265259,False,0.4548187255859375,0.9842023883788917,0.04131972789764404,0.31449681520462036,0.2731770873069763,0.05112302303314209,False,0.5665842692057291,0.9416767800567021,0.871185302734375,10,False,0.8744063260733871,0.9916368436411495,0.9973386829774301,0.05926269292831421,0.29520106315612793,0.23593837022781372,0.033180058002471924,False,0.22896830240885416,0.9973386829774301,0.05926269292831421,0.29520106315612793,0.23593837022781372,0.033180058002471924,False,0.22896830240885416,0.9964235660031339,0.056298062205314636,0.29182371497154236,0.23552565276622772,0.0361446887254715,False,0.3407338460286458,0.9518764618841108,0.029846638441085815,0.27771756052970886,0.24787092208862305,0.06259611248970032,False,0.4584147135416667,0.5539025362696499,0.002164512872695923,0.2551344037055969,0.252969890832901,0.09027823805809021,False,0.5689951578776041,0.80125855694326,0.848480224609375,10,False,0.6504523705939288,0.9454618125502956,2.2072658999986743,0.1404182231134421,0.04617503109085386
000000314182.jpg,add_obj:1757:positive,Four bowls of snacks of vegetables and crackers.,add_obj:1757:negative,"Four bowls of trail mix, vegetables, and crackers are on the table.",dataset-defined SugarCrepe perturbation,0.3340126872062683,0.3116135895252228,0.022399097681045532,0.9037766116082226,11,2.862293735361732e-17,1.8542445000002772,0.0003214999996998813,0.00013410000065050554,0.82520077934235,0.015519887208938599,0.30671030282974243,0.29119041562080383,0.006879210472106934,False,0.177952,0.7697212237721456,0.01206737756729126,0.285232275724411,0.27316489815711975,0.010331720113754272,False,0.26368,0.6109035402806993,0.004511117935180664,0.24080362915992737,0.2362925112247467,0.017887979745864868,False,0.33266666666666667,0.6239795529361115,0.005064740777015686,0.2287312000989914,0.2236664593219757,0.017334356904029846,False,0.46402133333333334,0.5865030178385431,0.0034952759742736816,0.2318039834499359,0.22830870747566223,0.01890382170677185,False,0.524176,0.5404727330587686,0.7044373333333334,7,False,0.25893393404136655,0.7389435906827575,0.7697212237721456,0.01206737756729126,0.285232275724411,0.27316489815711975,0.010331720113754272,False,0.26368,0.7697212237721456,0.01206737756729126,0.285232275724411,0.27316489815711975,0.010331720113754272,False,0.26368,0.7528150959736433,0.011136829853057861,0.28233614563941956,0.2711993157863617,0.011262267827987671,False,0.36961066666666664,0.6542659777351633,0.006378442049026489,0.27955883741378784,0.27318039536476135,0.016020655632019043,False,0.436464,0.437730034072189,-0.00250379741191864,0.23754562437534332,0.24004942178726196,0.024902895092964172,True,0.5054506666666667,0.5453007449325885,0.5656053333333333,6,False,0.3250641739613197,0.7636278596825236,1.6424301999995805,-0.004828011873819871,-0.024684268999766057
000000304812.jpg,swap_obj:204:positive,A person carrying a surfboard on the beach at sunset.,swap_obj:204:negative,A surfboard carrying a person on the beach at sunset.,dataset-defined SugarCrepe perturbation,0.3121187388896942,0.3114793300628662,0.0006394088268280029,0.5159797766831538,15,5.0090140368830305e-17,1.8413904999997612,0.0003324000008433359,0.00014430000010179356,0.30791265955592123,-0.008098959922790527,0.27701330184936523,0.28511226177215576,0.00873836874961853,True,0.13912874634502925,0.30917093403188217,-0.008039981126785278,0.2773476541042328,0.28538763523101807,0.008679389953613281,True,0.2218110380116959,0.31697709394413776,-0.007676988840103149,0.26770466566085815,0.2753816545009613,0.008316397666931152,True,0.33812477156432746,0.31490890469086286,-0.007772684097290039,0.2665421962738037,0.27431488037109375,0.008412092924118042,True,0.4128689236111111,0.3568250760692926,-0.005891710519790649,0.27086231112480164,0.2767540216445923,0.006531119346618652,True,0.558976379751462,0.32885611743316107,0.7872521472953217,12,False,0.30747810759445454,0.34335417607102064,0.3970735739433128,-0.004176735877990723,0.26851972937583923,0.27269646525382996,0.004816144704818726,True,0.14179573282163743,0.41427416136513945,-0.003463238477706909,0.26693642139434814,0.27039965987205505,0.004102647304534912,True,0.21498652229532164,0.370095406354705,-0.00531807541847229,0.254085898399353,0.2594039738178253,0.005957484245300293,True,0.35546303910818716,0.3343942098167903,-0.006883770227432251,0.274861216545105,0.28174498677253723,0.007523179054260254,True,0.4354783442982456,0.34186672219618836,-0.006549865007400513,0.272945374250412,0.2794952392578125,0.007189273834228516,True,0.5056709155701754,0.3489337385960334,0.5643389071637427,8,False,0.3102202809162324,0.398356112557122,2.1256407000000763,-0.020077621162872317,-0.055001936486101355
000000563349.jpg,swap_obj:231:positive,A snowboarder is flying in the air over snow.,swap_obj:231:negative,Snow is flying in the air over a snowboarder.,dataset-defined SugarCrepe perturbation,0.3218386769294739,0.29223066568374634,0.02960801124572754,0.9507715041363448,13,3.491130995403324e-17,1.8074192999993102,0.0003052000010939082,0.00014099999862082768,0.8001133683776109,0.013870030641555786,0.2838258147239685,0.2699557840824127,0.015737980604171753,False,0.13365200109649122,0.8177781957979248,0.015013664960861206,0.26935988664627075,0.25434622168540955,0.014594346284866333,False,0.20655153508771928,0.8083541056959456,0.014393508434295654,0.28278207778930664,0.268388569355011,0.015214502811431885,False,0.3515339455409357,0.7455668855191663,0.010751068592071533,0.2835589349269867,0.27280786633491516,0.018856942653656006,False,0.42638660453216376,0.7348464891258017,0.01019352674484253,0.2953501343727112,0.28515660762786865,0.01941448450088501,False,0.5706722861842105,0.7771288249983359,0.5706722861842105,7,False,0.7348464891258017,0.8039911713972765,0.8001133683776109,0.013870030641555786,0.2838258147239685,0.2699557840824127,0.015737980604171753,False,0.13365200109649122,0.8274121450436284,0.015673965215682983,0.28186336159706116,0.2661893963813782,0.013934046030044556,False,0.20609466374269006,0.6681044958131507,0.006996244192123413,0.2824536859989166,0.2754574418067932,0.022611767053604126,False,0.3538468567251462,0.6456313562999615,0.0059989094734191895,0.27822381258010864,0.27222490310668945,0.02360910177230835,False,0.42938482273391815,0.6223681672808373,0.004996120929718018,0.27122101187705994,0.2662248909473419,0.02461189031600952,False,0.5682908442982456,0.6506850265498256,0.7964067068713451,10,False,0.5152652193363131,0.7463142541925185,1.856711099999302,0.12644379844851028,0.05767691720475798
000000228144.jpg,replace_obj:268:positive,"A chair sitting in the middle of the room, in a black and white photo.",replace_obj:268:negative,"A chair sitting in the middle of a garden, in a black and white photo.",dataset-defined SugarCrepe perturbation,0.3164646625518799,0.2581118047237396,0.05835285782814026,0.99708592871413,14,3.9898639947466563e-17,1.8316935000002559,0.0003142000005027512,0.00014110000120126642,0.9967880576362332,0.05737662315368652,0.3085491359233856,0.2511725127696991,0.0009762346744537354,False,0.135040551686217,0.9943906459275512,0.0517769455909729,0.3063603639602661,0.2545834183692932,0.006575912237167358,False,0.30197832661290325,0.9943906459275512,0.0517769455909729,0.3063603639602661,0.2545834183692932,0.006575912237167358,False,0.30197832661290325,0.9807554118299562,0.03931093215942383,0.2999866008758545,0.26067566871643066,0.01904192566871643,False,0.44802167338709675,0.8176571458647499,0.015005543828010559,0.23373080790042877,0.2187252640724182,0.0433473140001297,False,0.5786633980938416,0.9066807958903362,0.684418530058651,9,False,0.8085993745396094,0.9721207942166291,0.9967880576362332,0.05737662315368652,0.3085491359233856,0.2511725127696991,0.0009762346744537354,False,0.135040551686217,0.9859904715870365,0.0425390899181366,0.3170486390590668,0.2745095491409302,0.015813767910003662,False,0.22100096224340177,0.959569106165519,0.031668901443481445,0.3254165053367615,0.29374760389328003,0.026683956384658813,False,0.3486356763196481,0.8753408522208284,0.019490301609039307,0.30774593353271484,0.28825563192367554,0.03886255621910095,False,0.4310334952346041,0.7175743069300752,0.009324610233306885,0.3113986849784851,0.3020740747451782,0.049028247594833374,False,0.5139181634897361,0.8798224629312972,0.7732484879032258,11,False,0.8802045305246601,0.9449326098501104,2.1526880000001256,0.026858332959039055,0.02718818436651871
000000330790.jpg,swap_att:7:positive,A large elephant standing next to a bunch of trees.,swap_att:7:negative,A bunch of elephants standing next to a large tree.,dataset-defined SugarCrepe perturbation,0.25854453444480896,0.21568775177001953,0.04285678267478943,0.9864226006705521,13,2.2551405187698492e-17,1.822726899999907,0.00030499999957100954,0.00013699999908567406,0.9886774353247427,0.04469570517539978,0.26822516322135925,0.22352945804595947,-0.0018389225006103516,False,0.14717169171554254,0.9903061117347844,0.04626518487930298,0.2812703549861908,0.23500517010688782,-0.00340840220451355,False,0.2535110428885631,0.9863894718285494,0.04283207654953003,0.2743869125843048,0.23155483603477478,2.4706125259399414e-05,False,0.34689447397360706,0.9747271428997536,0.03652426600456238,0.2756229043006897,0.23909863829612732,0.006332516670227051,False,0.43032899560117305,0.9558196180624199,0.030742883682250977,0.28525716066360474,0.25451427698135376,0.012113898992538452,False,0.5693960777126099,0.9567078131042153,0.7822236986803519,10,False,0.9131244585949889,0.9815782291721905,0.972847579377835,0.035787612199783325,0.2713584303855896,0.23557081818580627,0.0070691704750061035,False,0.18937866568914957,0.9824870678150556,0.04027147591114044,0.28395402431488037,0.24368254840373993,0.002585306763648987,False,0.2471132697947214,0.9647605857657353,0.033097147941589355,0.3084981441497803,0.2754009962081909,0.009759634733200073,False,0.3222713526392962,0.876706733484168,0.01961606740951538,0.3142172694206238,0.2946012020111084,0.023240715265274048,False,0.4422997617302053,0.848791274226482,0.017251521348953247,0.30604320764541626,0.288791686296463,0.02560526132583618,False,0.5088033815982405,0.926500865174749,0.7973790322580645,10,False,0.9039388619094268,0.949351100924435,2.0758791000007477,0.03020694792946621,0.03222712824775553
000000415238.jpg,replace_obj:1538:positive,a painting of some colorful flowers on a table ,replace_obj:1538:negative,A painting of some colorful couches on a table.,dataset-defined SugarCrepe perturbation,0.3253193795681,0.3019109070301056,0.023408472537994385,0.9122039636436975,13,2.7755575615628914e-17,1.8451696000010998,0.00033769999936339445,0.00014660000124422368,0.6873447812264577,0.007877349853515625,0.27446120977401733,0.2665838599205017,0.01553112268447876,False,0.10877205639841689,0.3987557555771426,-0.0041065216064453125,0.26246896386146545,0.26657548546791077,0.027514994144439697,True,0.2792608014511873,0.14515303388532313,-0.01773133873939514,0.23610493540763855,0.2538362741470337,0.041139811277389526,True,0.3737992661609499,0.021641202529792267,-0.03811277449131012,0.2371547669172287,0.2752675414085388,0.061521247029304504,True,0.42976995382585753,0.1046457203614305,-0.021466389298439026,0.22837920486927032,0.24984559416770935,0.04487486183643341,True,0.5749196075197889,0.26841006614105856,0.7770603149736148,10,False,0.09467774266287582,0.38113199759593575,0.6873447812264577,0.007877349853515625,0.27446120977401733,0.2665838599205017,0.01553112268447876,False,0.10877205639841689,0.06099105229544081,-0.027340978384017944,0.24475964903831482,0.27210062742233276,0.05074945092201233,True,0.2592812087730871,0.008027223350699737,-0.048168569803237915,0.2491663694381714,0.2973349392414093,0.0715770423412323,True,0.3615394129287599,0.00588950915593632,-0.05128675699234009,0.2467130422592163,0.2979997992515564,0.07469522953033447,True,0.42363745052770446,0.015336862395665854,-0.0416204035282135,0.25947269797325134,0.30109310150146484,0.06502887606620789,True,0.5687871042216359,0.16133833743191686,0.5687871042216359,7,False,0.015336862395665854,0.26162731473239903,2.0839489999998477,0.1070717287091417,0.11950468286353672
000000116206.jpg,swap_obj:228:positive,Vegetable pieces and knife are kept on cutting board.Cabbage is on the table.,swap_obj:228:negative,Vegetable pieces and knife are kept on table. Cabbage is on the cutting board.,dataset-defined SugarCrepe perturbation,0.30668216943740845,0.3002748489379883,0.006407320499420166,0.6549189227438657,13,7.24247051220317e-17,1.9316662000001088,0.0003077000001212582,0.00013670000043930486,0.6672977796662669,0.006959885358810425,0.30432596802711487,0.29736608266830444,-0.0005525648593902588,False,0.18931070963541666,0.6787478534688021,0.007480233907699585,0.2995564639568329,0.2920762300491333,-0.001072913408279419,False,0.3162027994791667,0.6787478534688021,0.007480233907699585,0.2995564639568329,0.2920762300491333,-0.001072913408279419,False,0.3162027994791667,0.6236337111195425,0.005050003528594971,0.2730194330215454,0.26796942949295044,0.0013573169708251953,False,0.4636433919270833,0.5996412356905549,0.0040397047996521,0.29656630754470825,0.29252660274505615,0.0023676156997680664,False,0.5515085856119791,0.6264814627043251,0.7651774088541666,9,False,0.5899974659726709,0.6533166881223552,0.6227841337651285,0.005013823509216309,0.3245605230331421,0.3195466995239258,0.0013934969902038574,False,0.12862141927083334,0.6069441534944513,0.004344850778579712,0.32591310143470764,0.32156825065612793,0.002062469720840454,False,0.21648661295572916,0.6346316400584266,0.0055213868618011475,0.316800981760025,0.3112795948982239,0.0008859336376190186,False,0.3433787027994792,0.6335176577765192,0.00547337532043457,0.3164277672767639,0.31095439195632935,0.0009339451789855957,False,0.4480183919270833,0.5821424709579793,0.003315746784210205,0.3149265646934509,0.3116108179092407,0.003091573715209961,False,0.5323384602864584,0.5828533620312915,0.7349700927734375,9,False,0.5163723834321214,0.6247338722338802,2.175102400000469,0.04362810067303369,0.028582815888475
000000046497.jpg,swap_att:382:positive,Two little girls sitting on the side of a white boat.,swap_att:382:negative,Two white girls sitting on the side of a little boat.,dataset-defined SugarCrepe perturbation,0.33519741892814636,0.29357460141181946,0.041622817516326904,0.9846667826965321,12,5.2909066017292616e-17,1.7926456999994116,0.0002976000014314195,0.0001339999998890562,0.9928578466193797,0.04934573173522949,0.3266206383705139,0.2772749066352844,-0.007722914218902588,False,0.15847590361445782,0.9744523726756298,0.03641331195831299,0.2958601117134094,0.25944679975509644,0.005209505558013916,False,0.26423493975903617,0.9493959594430466,0.0293179452419281,0.27323251962661743,0.24391457438468933,0.012304872274398804,False,0.38769879518072287,0.9557064662003986,0.030716121196746826,0.2809346914291382,0.25021857023239136,0.010906696319580078,False,0.47339156626506024,0.9641812548480222,0.03292807936668396,0.26906248927116394,0.23613440990447998,0.008694738149642944,False,0.5717228915662651,0.9698428894662867,0.8274578313253012,9,False,0.9788463455833148,0.9716378283542689,0.9852455134885927,0.04201343655586243,0.31094756722450256,0.26893413066864014,-0.00039061903953552246,False,0.12346385542168675,0.943478290878196,0.02814948558807373,0.30004310607910156,0.27189362049102783,0.013473331928253174,False,0.22922289156626505,0.9470859903760228,0.028847217559814453,0.3005240559577942,0.27167683839797974,0.012775599956512451,False,0.3275542168674699,0.9285350118492018,0.025644004344940186,0.2994937300682068,0.2738497257232666,0.01597881317138672,False,0.4796084337349398,0.9474590184642191,0.028921902179718018,0.2963850200176239,0.2674631178379059,0.012700915336608887,False,0.546012048192771,0.9521501016086881,0.546012048192771,6,False,0.9474590184642191,0.9549821283347043,1.643282300001374,0.017692787857598646,0.016655700019564623
000000151662.jpg,add_obj:707:positive,A giraffe behind a fences reaches for the hay in the basket.,add_obj:707:negative,A giraffe and a lion behind a fences reach for the hay in the basket.,dataset-defined SugarCrepe perturbation,0.33629482984542847,0.3261720538139343,0.01012277603149414,0.733465643213797,11,3.2959746043559335e-17,1.8796653999997943,0.00028900000143039506,0.0001328999987890711,0.8461482053820656,0.01704704761505127,0.3462061285972595,0.32915908098220825,-0.006924271583557129,False,0.10338846842447917,0.7647455672251375,0.011788755655288696,0.31929898262023926,0.30751022696495056,-0.0016659796237945557,False,0.2805989583333333,0.6868302632851635,0.007853418588638306,0.26292818784713745,0.25507476925849915,0.002269357442855835,False,0.3868916829427083,0.5843359765337821,0.0034059882164001465,0.23310509324073792,0.22969910502433777,0.006716787815093994,False,0.4781443277994792,0.4267693453897278,-0.00295044481754303,0.21766230463981628,0.22061274945735931,0.01307322084903717,True,0.5818532307942709,0.570889666924698,0.7329305013020834,7,False,0.37328199157469927,0.708023039766917,0.700239655103425,0.00848439335823059,0.34139126539230347,0.3329068720340729,0.0016383826732635498,False,0.17847696940104166,0.7592092344032373,0.011483490467071533,0.3170398473739624,0.30555635690689087,-0.0013607144355773926,False,0.2821858723958333,0.7051953627672912,0.008721619844436646,0.3017173111438751,0.2929956912994385,0.0014011561870574951,False,0.3581746419270833,0.6550765124025903,0.006414294242858887,0.328485906124115,0.3220716118812561,0.003708481788635254,False,0.4101511637369792,0.6224662227749963,0.005000293254852295,0.302090048789978,0.29708975553512573,0.005122482776641846,False,0.5622406005859375,0.7231103996357555,0.3581746419270833,4,False,0.7051953627672912,0.6967857519669673,1.560622400000284,-0.15222073271105752,0.011237287799949702
000000411665.jpg,replace_rel:25:positive,A kitten is looking into a mirror and touching the mirror with one paw.,replace_rel:25:negative,A kitten is sleeping next to a mirror and touching the mirror with one paw.,dataset-defined SugarCrepe perturbation,0.3559601306915283,0.33156639337539673,0.024393737316131592,0.9197808913848581,15,1.1275702593849246e-16,1.8100784000016574,0.0002920000006270129,0.00014369999917107634,0.9257173875119177,0.02522692084312439,0.3381950259208679,0.31296810507774353,-0.0008331835269927979,False,0.1505562408625731,0.8878762185843634,0.020692288875579834,0.33212435245513916,0.3114320635795593,0.003701448440551758,False,0.21791620979532164,0.8947306540423324,0.021400004625320435,0.32821083068847656,0.30681082606315613,0.0029937326908111572,False,0.3526532803362573,0.7666375155328418,0.011894211173057556,0.2616000771522522,0.24970586597919464,0.012499526143074036,False,0.4371516355994152,0.7494021106204268,0.01095426082611084,0.2722030282020569,0.26124876737594604,0.013439476490020752,False,0.5138831779970761,0.8180883082931139,0.7959041483918129,11,False,0.805674615238603,0.8726779697852514,0.9208357105504281,0.02453756332397461,0.3448653817176819,0.3203278183937073,-0.00014382600784301758,False,0.1484375,0.8790682940975767,0.019836366176605225,0.3357396125793457,0.3159032464027405,0.004557371139526367,False,0.21579746893274854,0.8582415004763099,0.018007606267929077,0.3385277986526489,0.32052019238471985,0.006386131048202515,False,0.32488692434210525,0.8595220026793714,0.018113255500793457,0.33549582958221436,0.3173825740814209,0.006280481815338135,False,0.40998492324561403,0.8942663153648516,0.02135080099105835,0.33441704511642456,0.3130662441253662,0.003042936325073242,False,0.5542306286549707,0.8583175163231707,0.6330809119152047,9,False,0.8127295918859406,0.8869365955298375,2.1718293000012636,-0.04022920803005681,-0.01425862574458614
000000235784.jpg,add_obj:132:positive,a man wlaks down a snowy tundra field,add_obj:132:negative,A man and a wolf walk down a snowy tundra field.,dataset-defined SugarCrepe perturbation,0.25369396805763245,0.24854257702827454,0.00515139102935791,0.6260104253076848,15,1.9949319973733282e-17,1.8797628000011173,0.0003397999989829259,0.0001432999997632578,0.7448284113787011,0.01071217656135559,0.24696983397006989,0.2362576574087143,-0.005560785531997681,False,0.14688351498637603,0.6963831060640174,0.008301332592964172,0.24454472959041595,0.23624339699745178,-0.003149941563606262,False,0.21338023671662126,0.6782397943603538,0.007456943392753601,0.2422657608985901,0.2348088175058365,-0.002305552363395691,False,0.35237142370572205,0.7265641772992512,0.00977259874343872,0.2434985339641571,0.23372593522071838,-0.0046212077140808105,False,0.422662636239782,0.3975338632940631,-0.004157513380050659,0.25036513805389404,0.2545226514339447,0.00930890440940857,True,0.5583436222752044,0.5309413920016639,0.5583436222752044,8,False,0.3975338632940631,0.6622391769336174,0.7719565038302908,0.012193918228149414,0.2636842131614685,0.2514902949333191,-0.007042527198791504,False,0.13568098603542234,0.7735218941263511,0.01228305697441101,0.27151238918304443,0.2592293322086334,-0.007131665945053101,False,0.20901630619891007,0.7403623330839723,0.01047852635383606,0.2654750347137451,0.25499650835990906,-0.005327135324478149,False,0.3483534145095368,0.6981285338329922,0.008384019136428833,0.2648269832134247,0.25644296407699585,-0.003232628107070923,False,0.42175259707084467,0.6083424672525002,0.004403501749038696,0.26687029004096985,0.26246678829193115,0.0007478892803192139,False,0.553543298705722,0.6812810508534051,0.672667958106267,10,False,0.6154586436753917,0.7151389245884447,2.16898989999936,-0.15033965885174116,-0.0528997476548273
000000107226.jpg,replace_obj:1257:positive,Men on bikes are getting pulled by a group of dogs.,replace_obj:1257:negative,Men on scooters are getting pulled by a group of dogs.,dataset-defined SugarCrepe perturbation,0.3069092035293579,0.24615263938903809,0.060756564140319824,0.9977071321633553,13,2.5153490401663703e-17,1.8712678000010783,0.0003059999999095453,0.000137400000312482,0.9551143238288722,0.030577123165130615,0.3092285990715027,0.27865147590637207,0.03017944097518921,False,0.141021728515625,0.8322398983091888,0.016015857458114624,0.2678218185901642,0.25180596113204956,0.0447407066822052,False,0.2518717447916667,0.9308851231761106,0.026003658771514893,0.24598228931427002,0.21997863054275513,0.03475290536880493,False,0.3436330159505208,0.8031482597548035,0.014060884714126587,0.2678755819797516,0.253814697265625,0.04669567942619324,False,0.4573720296223958,0.7815160514311076,0.01274523138999939,0.2371668517589569,0.22442162036895752,0.048011332750320435,False,0.5390625,0.751069259126602,1.0,13,False,0.5322923705388856,0.8922753063188391,0.6091452690801347,0.00443720817565918,0.2852715849876404,0.2808343768119812,0.056319355964660645,False,0.17424519856770834,0.5069710565280179,0.00027886033058166504,0.26791277527809143,0.26763391494750977,0.06047770380973816,False,0.28509521484375,0.42449946916515363,-0.0030432939529418945,0.2517986297607422,0.2548419237136841,0.06379985809326172,True,0.3768564860026042,0.6719297771994989,0.007169261574745178,0.23487040400505066,0.22770114243030548,0.053587302565574646,False,0.425323486328125,0.6107150886814011,0.004503190517425537,0.23979929089546204,0.2352961003780365,0.05625337362289429,False,0.5096588134765625,0.6856614044396689,0.8259429931640625,10,False,0.7293710432757569,0.6381658100351987,2.45876700000008,0.06540785468693311,0.25410949628364043
000000272566.jpg,add_obj:1402:positive,A man and young girl surrounded by various fruits.,add_obj:1402:negative,"A man, young girl, and monkey are surrounded by various fruits.",dataset-defined SugarCrepe perturbation,0.35660451650619507,0.35024264454841614,0.006361871957778931,0.6538910631937593,13,3.111660235033398e-17,1.8519553000005544,0.00032589999864285346,0.00013790000048174988,0.42432838182703886,-0.003050297498703003,0.33402544260025024,0.33707574009895325,0.009412169456481934,True,0.10822260214681441,0.7285891187681846,0.00987476110458374,0.30783212184906006,0.2979573607444763,-0.0035128891468048096,False,0.25444728185595566,0.753582380726931,0.01117810606956482,0.29897254705429077,0.28779444098472595,-0.004816234111785889,False,0.36600805055401664,0.6866424104437129,0.007844686508178711,0.2741644084453583,0.26631972193717957,-0.0014828145503997803,False,0.46432435941828254,0.5606912112914101,0.0024396777153015137,0.26689258217811584,0.26445290446281433,0.003922194242477417,False,0.518714291897507,0.6075932194185157,0.8593425380886427,11,False,0.6135433072073843,0.6362509046747512,0.38434388310674533,-0.004711508750915527,0.3268652558326721,0.33157676458358765,0.011073380708694458,True,0.16261253462603878,0.2283190488754878,-0.012178272008895874,0.3167412579059601,0.32891952991485596,0.018540143966674805,True,0.21867966585872575,0.164422890803576,-0.01625680923461914,0.31136631965637207,0.3276231288909912,0.02261868119239807,True,0.3169959747229917,0.15994193471982893,-0.016586601734161377,0.3135194182395935,0.3301060199737549,0.022948473691940308,True,0.4314296225761773,0.09958829250625242,-0.022018074989318848,0.314289927482605,0.33630800247192383,0.02837994694709778,True,0.5429903912742382,0.1855571526594509,0.5429903912742382,6,False,0.09958829250625242,0.28349014441738474,2.0267760999995517,0.4220360667590648,0.35276076025736647
000000240250.jpg,swap_obj:64:positive,A woman holding a fork and reaching for a slice of pizza.,swap_obj:64:negative,A woman holding a slice of pizza and reaching for a fork.,dataset-defined SugarCrepe perturbation,0.296957403421402,0.2956811189651489,0.0012762844562530518,0.5318638705417524,13,2.3852447794681098e-17,2.1289312000008067,0.0003157999999530148,0.00014100000043981709,0.47486803703156033,-0.0010061264038085938,0.3115975558757782,0.3126036822795868,0.0022824108600616455,True,0.18065643310546875,0.6190227459622466,0.004854023456573486,0.27097684144973755,0.26612281799316406,-0.0035777390003204346,False,0.2684974670410156,0.5280747746776715,0.0011241734027862549,0.28309157490730286,0.2819674015045166,0.00015211105346679688,False,0.3963432312011719,0.5443925677473795,0.001780390739440918,0.28391772508621216,0.28213733434677124,-0.0005041062831878662,False,0.5047607421875,0.5443925677473795,0.001780390739440918,0.28391772508621216,0.28213733434677124,-0.0005041062831878662,False,0.5047607421875,0.5499971742341394,0.7550239562988281,9,False,0.537366389609991,0.5357854193797005,0.6148617614950482,0.004677951335906982,0.3130532503128052,0.3083752989768982,-0.0034016668796539307,False,0.11808013916015625,0.6754201455715396,0.007328033447265625,0.3152238726615906,0.30789583921432495,-0.006051748991012573,False,0.26544189453125,0.6275601931200133,0.005217641592025757,0.27375954389572144,0.2685419023036957,-0.003941357135772705,False,0.3280181884765625,0.6403815690778948,0.005770206451416016,0.26777708530426025,0.26200687885284424,-0.004493921995162964,False,0.4586296081542969,0.6544580808900238,0.006386935710906982,0.27524271607398987,0.2688557803630829,-0.005110651254653931,False,0.5284652709960938,0.6309897565844851,0.4586296081542969,6,False,0.6403815690778948,0.6273951240410387,2.700623700000506,-0.08099258235034568,-0.09160970466133822
000000166521.jpg,add_att:518:positive,A room that has two televisions in it.,add_att:518:negative,A wooden room that has two televisions in it.,dataset-defined SugarCrepe perturbation,0.2879631817340851,0.28422975540161133,0.003733426332473755,0.5922664288701875,15,5.204170427930421e-17,1.959808499999781,0.00031680000029155053,0.00014349999946716707,0.5812425365213494,0.003278762102127075,0.2806299924850464,0.2773512303829193,0.0004546642303466797,False,0.11980503115835778,0.43881628056181243,-0.0024596750736236572,0.27102217078208923,0.2734818458557129,0.006193101406097412,True,0.21940295087976538,0.46701656516879747,-0.001321256160736084,0.2612077593803406,0.26252901554107666,0.005054682493209839,True,0.3637451887829912,0.47260708418808944,-0.0010968148708343506,0.25391504168510437,0.2550118565559387,0.0048302412033081055,True,0.45976333394428154,0.6369317792248743,0.005620718002319336,0.25288721919059753,0.2472665011882782,-0.001887291669845581,False,0.5272750183284457,0.6141077330900326,0.9036496517595308,13,False,0.7109688626505526,0.5102325098605142,0.5476231086344631,0.0019107162952423096,0.27793166041374207,0.27602094411849976,0.0018227100372314453,False,0.16706378299120234,0.5520770210496966,0.002090662717819214,0.2784267067909241,0.27633604407310486,0.001642763614654541,False,0.2456298112170088,0.6022826840236224,0.0041498541831970215,0.2820740342140198,0.27792418003082275,-0.0004164278507232666,False,0.31314149560117305,0.48151013371734935,-0.0007399320602416992,0.2844323515892029,0.2851722836494446,0.004473358392715454,True,0.45155562683284456,0.39755242140107994,-0.004156738519668579,0.28162363171577454,0.2857803702354431,0.007890164852142334,True,0.5271604655425219,0.44438631098995696,0.6275430718475073,10,False,0.3478883297652205,0.5418081961450927,2.1807270999997854,0.16972142210007568,-0.03157568628457852
000000577539.jpg,add_att:541:positive,"A bowl full of marshmallows, chocolate, and other delicious treats.",add_att:541:negative,"A bowl full of marshmallows, fizzy chocolate, and other delicious treats.",dataset-defined SugarCrepe perturbation,0.2992401123046875,0.2917523980140686,0.0074877142906188965,0.6789109408095255,12,7.936359902593892e-17,1.7651637000017217,0.00029090000134601723,0.00013889999900129624,0.6485673275036968,0.006127476692199707,0.282517671585083,0.2763901948928833,0.0013602375984191895,False,0.10440718562874252,0.6151073294568531,0.0046883225440979,0.2719666063785553,0.2672782838344574,0.002799391746520996,False,0.204874251497006,0.6774988918759383,0.00742301344871521,0.2562534213066101,0.2488304078578949,6.470084190368652e-05,False,0.31648502994011973,0.5553660259139959,0.002223759889602661,0.19833162426948547,0.1961078643798828,0.005263954401016235,False,0.44892215568862276,0.5011220555543208,4.488229751586914e-05,0.19511082768440247,0.1950659453868866,0.007442831993103027,False,0.5144790419161677,0.5600027154088333,0.6484550898203593,7,False,0.4872790167893279,0.6242838330902165,0.6665238655644288,0.006925046443939209,0.2872735261917114,0.2803484797477722,0.0005626678466796875,False,0.12594610778443113,0.6945675162291246,0.008215606212615967,0.2650635838508606,0.25684797763824463,-0.0007278919219970703,False,0.23755688622754492,0.6878178840470903,0.007899373769760132,0.27039527893066406,0.26249590516090393,-0.00041165947914123535,False,0.34264670658682633,0.6040638774645174,0.004224270582199097,0.25417038798332214,0.24994611740112305,0.0032634437084198,False,0.44705389221556885,0.6020270872502503,0.0041391849517822266,0.25821495056152344,0.2540757656097412,0.00334852933883667,False,0.5260838323353293,0.6321582234976627,0.5260838323353293,7,False,0.6020270872502503,0.6622883768244792,1.5364489000003232,-0.07215550808882942,-0.03800454373426265
000000533958.jpg,swap_att:378:positive,A plate of food with a fried egg and colorful vegetables.,swap_att:378:negative,A plate of food with a colorful egg and fried vegetables.,dataset-defined SugarCrepe perturbation,0.29945021867752075,0.29392629861831665,0.0055239200592041016,0.6346903763978208,13,4.7921736023859296e-17,2.1301707999991777,0.0003040999999939231,0.0001384999995934777,0.6179024927568875,0.004806548357009888,0.26758840680122375,0.26278185844421387,0.0007173717021942139,False,0.1094970703125,0.5604922657070384,0.0024316012859344482,0.28887027502059937,0.2864386737346649,0.0030923187732696533,False,0.2103729248046875,0.47538234108919286,-0.0009855031967163086,0.3013846278190613,0.3023701310157776,0.00650942325592041,True,0.317138671875,0.5252486401789703,0.001010805368423462,0.29158908128738403,0.29057827591896057,0.00451311469078064,False,0.4273719787597656,0.5220885061777589,0.0008841156959533691,0.2668890655040741,0.2660049498081207,0.004639804363250732,False,0.5818519592285156,0.5667303431629837,0.7993240356445312,9,False,0.6264031675816846,0.5488666212609337,0.5922513153546006,0.0037328004837036133,0.321530282497406,0.3177974820137024,0.0017911195755004883,False,0.15447998046875,0.5540004752487606,0.0021684765815734863,0.3194727897644043,0.3173043131828308,0.0033554434776306152,False,0.2381134033203125,0.534548336530572,0.001384139060974121,0.3310052752494812,0.3296211361885071,0.0041397809982299805,False,0.3422126770019531,0.5813172495684441,0.003281831741333008,0.29912805557250977,0.29584622383117676,0.0022420883178710938,False,0.4517097473144531,0.5433693499198532,0.0017391443252563477,0.28564155101776123,0.2839024066925049,0.003784775733947754,False,0.5780601501464844,0.5541280350272264,0.6455802917480469,9,False,0.5171460010067342,0.5734772127319693,2.9292702000002464,0.012602308135757245,-0.024610591471035614
000000506707.jpg,swap_obj:63:positive,A man in a white shirt and gray pants walks toward a grassy area as kids in baseball uniforms and an umpire are near him.,swap_obj:63:negative,Kids in a white shirt and gray pants walk toward a grassy area as a man in baseball uniforms and an umpire are near them.,dataset-defined SugarCrepe perturbation,0.2951487898826599,0.28673186898231506,0.008416920900344849,0.6988214699984612,14,3.5778671692021646e-17,1.9548503999994864,0.0003008999992744066,0.00014229999942472205,0.7529332015134276,0.01114317774772644,0.2998533248901367,0.2887101471424103,-0.002726256847381592,False,0.18173199926900585,0.6670284352471104,0.006947755813598633,0.2811678349971771,0.2742200791835785,0.0014691650867462158,False,0.2635576571637427,0.6027244920211596,0.004168301820755005,0.2860499620437622,0.2818816602230072,0.004248619079589844,False,0.3159722222222222,0.6354887920853136,0.005558371543884277,0.2922120690345764,0.28665369749069214,0.0028585493564605713,False,0.42243466739766083,0.5110772005191672,0.0004431605339050293,0.286650687456131,0.28620752692222595,0.00797376036643982,False,0.5486567982456141,0.5608932244953669,0.7158545778508771,10,False,0.4393164965695629,0.6589896820388957,0.5589308643644942,0.002368241548538208,0.2980385720729828,0.2956703305244446,0.006048679351806641,False,0.1483861019736842,0.5531255042286244,0.0021330714225769043,0.291323184967041,0.2891901135444641,0.006283849477767944,False,0.21980080409356725,0.5943597491755737,0.003820180892944336,0.2850722670555115,0.28125208616256714,0.004596740007400513,False,0.3078684667397661,0.6799845351460884,0.0075370073318481445,0.28913766145706177,0.2816006541252136,0.0008799135684967041,False,0.42290296052631576,0.676810227787991,0.007391512393951416,0.30556148290634155,0.29816997051239014,0.0010254085063934326,False,0.5252021655701754,0.6032550821325554,0.7028908534356725,10,False,0.5635608715964154,0.6211884705773129,2.0585606999993615,-0.04236185763718847,0.037801211461582884
000000229858.jpg,add_obj:1116:positive,An adult and baby moose step out of a busy thicket in the wild.,add_obj:1116:negative,"An adult moose and a baby moose step out of a busy thicket in the wild, while a hawk flies overhead.",dataset-defined SugarCrepe perturbation,0.37303397059440613,0.3499365448951721,0.02309742569923401,0.9096807066301063,14,6.591949208711867e-17,1.9725545000001148,0.00030169999990903307,0.00013939999917056412,0.7700100481173902,0.012083679437637329,0.29165640473365784,0.2795727252960205,0.01101374626159668,False,0.1367627393018018,0.7273834391043593,0.009813874959945679,0.29419803619384766,0.284384161233902,0.01328355073928833,False,0.2704814189189189,0.7108681100800952,0.008996039628982544,0.2777326703071594,0.2687366306781769,0.014101386070251465,False,0.3190895974099099,0.7317311141562928,0.010034233331680298,0.26952555775642395,0.25949132442474365,0.013063192367553711,False,0.4150390625,0.6703211660054713,0.007096379995346069,0.269071102142334,0.2619747221469879,0.01600104570388794,False,0.5302822353603603,0.7103272541585793,0.904516821509009,12,False,0.525921895182819,0.754176644668002,0.8033969231181858,0.01407662034034729,0.31764841079711914,0.30357179045677185,0.009020805358886719,False,0.14455764358108109,0.7456844585108323,0.010757267475128174,0.3208320736885071,0.3100748062133789,0.012340158224105835,False,0.27827632319819817,0.7270860796747931,0.009798884391784668,0.3174419701099396,0.3076430857181549,0.01329854130744934,False,0.318896044481982,0.7596323038299241,0.011506646871566772,0.25344419479370117,0.2419375479221344,0.011590778827667236,False,0.45565878378378377,0.8278944323345674,0.015707775950431824,0.23425380885601044,0.2185460329055786,0.007389649748802185,False,0.5045792863175675,0.71069635703117,0.6788561021959459,9,False,0.6208435233449483,0.7883730239884935,3.010084800000186,-0.0003691028725906209,-0.034196379320491466
000000081394.jpg,swap_att:582:positive,A tan utility truck with a blue interior.,swap_att:582:negative,A blue utility truck with a tan interior.,dataset-defined SugarCrepe perturbation,0.27242082357406616,0.2659648656845093,0.006455957889556885,0.6560172986052535,13,2.42861286636753e-17,2.04989039999964,0.00033380000058969017,0.0001382000009471085,0.6573174418535708,0.006513625383377075,0.26187822222709656,0.2553645968437195,-5.766749382019043e-05,False,0.163604736328125,0.6113901020843177,0.004531592130661011,0.2600499391555786,0.2555183470249176,0.001924365758895874,False,0.2500356038411458,0.5201585337326304,0.0008067786693572998,0.25678882002830505,0.25598204135894775,0.005649179220199585,False,0.300750732421875,0.36286287078439167,-0.005629599094390869,0.24043923616409302,0.2460688352584839,0.012085556983947754,True,0.4717051188151042,0.344621872592226,-0.006427645683288574,0.20821663737297058,0.21464428305625916,0.012883603572845459,True,0.5506184895833334,0.4628351057712684,0.7070109049479166,9,False,0.3715844773111338,0.5345773085287454,0.6573174418535708,0.006513625383377075,0.26187822222709656,0.2553645968437195,-5.766749382019043e-05,False,0.163604736328125,0.6576362387578653,0.0065277814865112305,0.2639099955558777,0.25738221406936646,-7.18235969543457e-05,False,0.21848551432291666,0.6244755399780821,0.005085885524749756,0.2584099769592285,0.25332409143447876,0.001370072364807129,False,0.3449605305989583,0.4907936131245207,-0.00036829710006713867,0.25199687480926514,0.2523651719093323,0.0068242549896240234,True,0.4372304280598958,0.35150603798754476,-0.006124258041381836,0.24140280485153198,0.24752706289291382,0.01258021593093872,True,0.5236612955729166,0.4221664336092057,0.6251729329427084,8,False,0.2124487255394263,0.5966595567195,2.007824199999959,0.04066867216206271,-0.062082248190754585
000000404805.jpg,add_obj:1063:positive,A woman on a boogie board riding a wave.,add_obj:1063:negative,A woman on a boogie board riding a wave with a dolphin.,dataset-defined SugarCrepe perturbation,0.3829571604728699,0.3632999658584595,0.0196571946144104,0.8771505975197408,15,1.5265566588595902e-16,1.8496020000002318,0.00031350000062957406,0.00014910000027157366,0.8065879721897452,0.01427990198135376,0.3203967213630676,0.30611681938171387,0.005377292633056641,False,0.11470897295321637,0.7517565585302199,0.011080026626586914,0.3152848184108734,0.3042047917842865,0.008577167987823486,False,0.2639345760233918,0.861991233903217,0.018319278955459595,0.2871900796890259,0.2688708007335663,0.0013379156589508057,False,0.34549753289473684,0.8325309594961656,0.01603671908378601,0.2730686664581299,0.25703194737434387,0.0036204755306243896,False,0.40196112024853803,0.8122817119581767,0.014649048447608948,0.25027143955230713,0.23562239110469818,0.005008146166801453,False,0.5120385599415205,0.7776624327723005,0.819889894005848,12,False,0.7111914243604032,0.8144332290812732,0.7618049212080249,0.011626005172729492,0.3169451951980591,0.3053191900253296,0.008031189441680908,False,0.12203033625730994,0.8186952498798062,0.015075325965881348,0.30823254585266113,0.2931572198867798,0.004581868648529053,False,0.23403805738304093,0.8651661320334556,0.018588781356811523,0.30452829599380493,0.2859395146369934,0.001068413257598877,False,0.36218475877192985,0.8585273383994804,0.01803112030029297,0.3005654811859131,0.2825343608856201,0.0016260743141174316,False,0.42595257675438597,0.5309518075286992,0.0012396574020385742,0.29311907291412354,0.29187941551208496,0.018417537212371826,False,0.5347050895467836,0.7989208177558305,0.6534402412280702,10,False,0.7974568370483887,0.7984189171903828,2.19458719999966,-0.021258384983529943,0.01601431189089042
000000473118.jpg,add_obj:1891:positive,A person kicking up on their skateboard at the top of a ramp.,add_obj:1891:negative,A person with a camera is capturing someone kicking up on their skateboard at the top of a ramp.,dataset-defined SugarCrepe perturbation,0.3271137475967407,0.3078324794769287,0.01928126811981201,0.8730419413030936,13,2.862293735361732e-17,1.8112219000013283,0.00030390000029001385,0.00013899999976274557,0.8682774482592871,0.018858134746551514,0.3325321078300476,0.3136739730834961,0.00042313337326049805,False,0.11759537572254335,0.8013843667701301,0.013949692249298096,0.29571282863616943,0.28176313638687134,0.005331575870513916,False,0.20160115606936416,0.8069902809341419,0.014305710792541504,0.2798583209514618,0.2655526101589203,0.004975557327270508,False,0.3342601156069364,0.8405276057178553,0.01662158966064453,0.2813960909843445,0.26477450132369995,0.0026596784591674805,False,0.42294797687861274,0.500897048941398,3.5881996154785156e-05,0.23182973265647888,0.2317938506603241,0.019245386123657227,False,0.5006416184971099,0.6516131060678222,0.8522832369942197,11,False,0.39059364578279043,0.8076961973771764,0.7362644223957077,0.010266423225402832,0.30891233682632446,0.29864591360092163,0.00901484489440918,False,0.11413872832369942,0.29849012044536766,-0.008544981479644775,0.2272520661354065,0.23579704761505127,0.027826249599456787,True,0.30126589595375725,0.29849012044536766,-0.008544981479644775,0.2272520661354065,0.23579704761505127,0.027826249599456787,True,0.30126589595375725,0.4376372482403853,-0.0025075674057006836,0.21916987001895905,0.22167743742465973,0.021788835525512695,True,0.4339248554913295,0.4438665396471888,-0.0022548437118530273,0.22021964192390442,0.22247448563575745,0.02153611183166504,True,0.5226127167630058,0.5098672797165855,0.5705375722543352,7,False,0.46932059014996785,0.5292135336121739,1.8508560999998735,0.14174582635123667,0.2784826637650024
000000456303.jpg,add_att:9:positive,A man doing a trick upside down on his snow board. ,add_att:9:negative,A man doing a trick upside down on his sparkly snow board.,dataset-defined SugarCrepe perturbation,0.3364674746990204,0.33183491230010986,0.0046325623989105225,0.6137863619042718,13,8.326672684688674e-17,1.702406799999153,0.0003039999992324738,0.0001365000007353956,0.4928278180379904,-0.0002869069576263428,0.31937524676322937,0.3196621537208557,0.004919469356536865,True,0.16710903426791276,0.42083131756406605,-0.0031936168670654297,0.31935715675354004,0.32255077362060547,0.007826179265975952,True,0.23792523364485982,0.3343789535296335,-0.006884455680847168,0.3116072118282318,0.318491667509079,0.01151701807975769,True,0.33201869158878505,0.3561994917161725,-0.005918979644775391,0.3093574345111847,0.3152764141559601,0.010551542043685913,True,0.40444236760124613,0.24736684961140976,-0.011127054691314697,0.2780590057373047,0.2891860604286194,0.01575961709022522,True,0.567221183800623,0.2907473583788215,0.8535451713395639,11,False,0.10423665412764911,0.41337444529598905,0.5042109685891775,0.0001684427261352539,0.3338780999183655,0.3337096571922302,0.0044641196727752686,False,0.13909657320872273,0.13335971131403332,-0.018715739250183105,0.3194446563720703,0.3381603956222534,0.023348301649093628,True,0.20963239875389408,0.11516126908925053,-0.020390719175338745,0.28923675417900085,0.3096274733543396,0.025023281574249268,True,0.34194392523364486,0.11355310618181937,-0.020549505949020386,0.28177428245544434,0.3023237884044647,0.025182068347930908,True,0.41436760124610594,0.06849107695432333,-0.026101022958755493,0.2609286606311798,0.2870296835899353,0.030733585357666016,True,0.5731277258566978,0.16772931154276788,0.5731277258566978,8,False,0.06849107695432333,0.2432521081181994,1.6953745999999228,0.12301804683605361,0.17012233717778966
000000415727.jpg,replace_obj:1353:positive,a boy reaching for a baseball bat in a dugout.,replace_obj:1353:negative,A boy reaching for a baseball glove in a dugout.,dataset-defined SugarCrepe perturbation,0.32257768511772156,0.31899118423461914,0.003586500883102417,0.5887136192721579,12,2.168404344971009e-17,1.8793478999996296,0.00031370000033348333,0.00013649999891640618,0.5414039598396397,0.0016599595546722412,0.3057723939418793,0.30411243438720703,0.0019265413284301758,False,0.11454264322916667,0.6513601435784386,0.006250232458114624,0.2749825716018677,0.26873233914375305,-0.002663731575012207,False,0.2284088134765625,0.41681542041791897,-0.003358602523803711,0.26540806889533997,0.2687666714191437,0.006945103406906128,True,0.3599904378255208,0.3189418317246287,-0.007586389780044556,0.2564051151275635,0.26399150490760803,0.011172890663146973,True,0.4804840087890625,0.19311371936921823,-0.01429903507232666,0.2425488531589508,0.25684788823127747,0.017885535955429077,True,0.5515848795572916,0.45602725288583684,0.7892506917317709,9,False,0.5153403997124205,0.4812278625186812,0.5537920737530984,0.0021600425243377686,0.29567402601242065,0.2935139834880829,0.0014264583587646484,False,0.20108540852864584,0.5537920737530984,0.0021600425243377686,0.29567402601242065,0.2935139834880829,0.0014264583587646484,False,0.20108540852864584,0.570202650649588,0.002826780080795288,0.3047129213809967,0.3018861413002014,0.0007597208023071289,False,0.3506266276041667,0.4295870154059793,-0.0028353631496429443,0.2741623520851135,0.27699771523475647,0.006421864032745361,True,0.482208251953125,0.5234112196895863,0.0009371340274810791,0.267476350069046,0.26653921604156494,0.002649366855621338,False,0.5638631184895834,0.478377724567279,0.482208251953125,6,False,0.4295870154059793,0.5384246968834503,1.7892428999984986,-0.022350471681442163,-0.05719683436476908
000000519491.jpg,swap_obj:139:positive,Clock tower with a bronze statue on top on a sunny day. ,swap_obj:139:negative,A bronze statue with a clock tower on top on a sunny day.,dataset-defined SugarCrepe perturbation,0.33231183886528015,0.32257261872291565,0.009739220142364502,0.7259005478124562,14,6.678685382510707e-17,1.8892717999988236,0.0003434999998717103,0.00014089999967836775,0.5076489143396722,0.0003059804439544678,0.2671750783920288,0.26686909794807434,0.009433239698410034,False,0.116668701171875,0.3990887637719797,-0.0040926337242126465,0.2594911456108093,0.263583779335022,0.013831853866577148,True,0.2658182779947917,0.6168147960624139,0.0047605037689208984,0.24669480323791504,0.24193429946899414,0.0049787163734436035,False,0.3371683756510417,0.6393912901224497,0.005727231502532959,0.2507161498069763,0.24498891830444336,0.004011988639831543,False,0.4125620524088542,0.6163899593916405,0.004742532968521118,0.21628674864768982,0.2115442156791687,0.004996687173843384,False,0.5623931884765625,0.6136229900218462,0.9014333089192709,12,False,0.7216613932100476,0.5641125396209349,0.7995169092186426,0.013832777738571167,0.2971285283565521,0.28329575061798096,-0.004093557596206665,False,0.15361531575520834,0.4991483994612407,-3.406405448913574e-05,0.2587306797504425,0.25876474380493164,0.009773284196853638,True,0.2702840169270833,0.5088756892697969,0.00035506486892700195,0.2589682340621948,0.2586131691932678,0.0093841552734375,False,0.343017578125,0.49860227472089597,-5.5909156799316406e-05,0.2572282552719116,0.25728416442871094,0.009795129299163818,True,0.4179840087890625,0.4867246959880807,-0.0005311369895935059,0.25877708196640015,0.25930821895599365,0.010270357131958008,True,0.5435841878255209,0.5488119241514242,0.6144866943359375,8,False,0.47334550841600054,0.6056490848135287,2.4115265000000363,0.06481106587042196,-0.041536545192593866
000000102356.jpg,add_obj:1206:positive,a woman sits on a motor bike with a cart extended ,add_obj:1206:negative,A woman and a dog sit on a motor bike with a cart extended.,dataset-defined SugarCrepe perturbation,0.3049825131893158,0.3020060658454895,0.002976447343826294,0.5738666518539628,14,3.2959746043559335e-17,1.8349115999990318,0.00030359999982465524,0.00014000000010128133,0.632763127956109,0.005440890789031982,0.2820209860801697,0.2765800952911377,-0.0024644434452056885,False,0.1650561951754386,0.6770787483313954,0.0074037909507751465,0.27831852436065674,0.2709147334098816,-0.0044273436069488525,False,0.24228458516081872,0.45041856266399916,-0.001989796757698059,0.24577096104621887,0.24776075780391693,0.004966244101524353,True,0.31468727156432746,0.08851736668935009,-0.023318737745285034,0.19648750126361847,0.2198062390089035,0.026295185089111328,True,0.4398471765350877,0.09115923447931382,-0.02299562096595764,0.19524651765823364,0.21824213862419128,0.025972068309783936,True,0.5124440332602339,0.2963806896819628,0.7822779605263158,11,False,0.1286509691998734,0.45121967480397124,0.5203288723440014,0.000813603401184082,0.27686578035354614,0.27605217695236206,0.002162843942642212,False,0.14987093384502925,0.32491772746538833,-0.0073126256465911865,0.2780385911464691,0.2853512167930603,0.01028907299041748,True,0.21294773391812866,0.5204062298057089,0.0008167028427124023,0.2787569463253021,0.2779402434825897,0.0021597445011138916,False,0.3205637792397661,0.42795195813861653,-0.002902120351791382,0.28306475281715393,0.2859668731689453,0.005878567695617676,True,0.40435398391812866,0.475105858937143,-0.0009965896606445312,0.2316369265317917,0.23263351619243622,0.003973037004470825,True,0.5629682931286549,0.4188464799726711,0.4919419316520468,7,False,0.37226498577858635,0.47158516926809085,1.9450916000005236,-0.12246579029070831,-0.020365494464119616
000000233567.jpg,swap_att:495:positive,a black goat standing next to two white goats ,swap_att:495:negative,a white goat standing next to two black goats,dataset-defined SugarCrepe perturbation,0.27027052640914917,0.2668874263763428,0.0033831000328063965,0.5837799442068092,15,3.0791341698588326e-17,1.8276674000007915,0.0003116999996564118,0.00014599999849451706,0.6230046487287085,0.005023211240768433,0.2746697962284088,0.2696465849876404,-0.0016401112079620361,False,0.13530985514322916,0.6137891877884029,0.004632681608200073,0.2791728675365448,0.2745401859283447,-0.0012495815753936768,False,0.23415629069010416,0.7305893733888512,0.00997614860534668,0.262803316116333,0.25282716751098633,-0.006593048572540283,False,0.3636627197265625,0.7340615268065536,0.010153278708457947,0.2538154125213623,0.24366213381290436,-0.00677017867565155,False,0.427093505859375,0.7492543252102082,0.010946393013000488,0.2519901990890503,0.2410438060760498,-0.007563292980194092,False,0.5573933919270834,0.7309662587424808,0.6357065836588541,9,False,0.7994753460653508,0.6690319913801451,0.565744018427036,0.0026450753211975098,0.2674068212509155,0.264761745929718,0.0007380247116088867,False,0.16380818684895834,0.5731588390925374,0.002947509288787842,0.27439576387405396,0.2714482545852661,0.0004355907440185547,False,0.24357096354166666,0.6362933597581921,0.00559312105178833,0.28341585397720337,0.27782273292541504,-0.0022100210189819336,False,0.3611907958984375,0.6377570098755583,0.005656421184539795,0.2891666293144226,0.2835102081298828,-0.0022733211517333984,False,0.4395039876302083,0.6298913929935452,0.005317509174346924,0.29019999504089355,0.28488248586654663,-0.0019344091415405273,False,0.5029347737630209,0.6340490657039479,0.5754801432291666,8,False,0.6697499055897043,0.5980715315584497,2.2596880000000965,0.09691719303853286,0.07096045982169541
000000349837.jpg,add_obj:1170:positive,Several refrigerators are lined up by a wall.,add_obj:1170:negative,A row of vending machines and several refrigerators are lined up by a wall.,dataset-defined SugarCrepe perturbation,0.3534272313117981,0.34224551916122437,0.01118171215057373,0.753649338076682,14,3.469446951953614e-17,1.7697167999995145,0.0003071000010095304,0.00014120000014372636,0.9236546807313273,0.024930715560913086,0.3375049829483032,0.31257426738739014,-0.013749003410339355,False,0.15221621621621623,0.9500338540685374,0.02945151925086975,0.28923743963241577,0.259785920381546,-0.01826980710029602,False,0.2898858858858859,0.9832319009235204,0.04071366786956787,0.3089284300804138,0.26821476221084595,-0.02953195571899414,False,0.3575135135135135,0.9839103449681759,0.0411335825920105,0.3075547218322754,0.2664211392402649,-0.029951870441436768,False,0.45674474474474475,0.949831873273298,0.029409050941467285,0.28797417879104614,0.25856512784957886,-0.018227338790893555,False,0.50796996996997,0.9420884659532077,1.0,14,False,0.9779287805123589,0.9235422491609266,0.8677574588678623,0.018812745809555054,0.32934337854385376,0.3105306327342987,-0.007631033658981323,False,0.12055855855855856,0.9398960315182335,0.027496933937072754,0.34476447105407715,0.3172675371170044,-0.016315221786499023,False,0.2640780780780781,0.9309983568590647,0.02602127194404602,0.3447020649909973,0.3186807930469513,-0.01483955979347229,False,0.3436276276276276,0.9613736265204855,0.03214427828788757,0.343707412481308,0.3115631341934204,-0.020962566137313843,False,0.43803003003003005,0.9732572127860891,0.035943835973739624,0.34598129987716675,0.3100374639034271,-0.024762123823165894,False,0.5372612612612613,0.8771213984564517,0.19645045045045045,3,False,0.8964043967097645,0.9067814529097318,1.8578382000014244,0.06496706749675607,0.016760796251194865
000000127182.jpg,add_obj:1513:positive,A kitchen filled with metal appliances and a window.,add_obj:1513:negative,"A kitchen filled with metal appliances, a window, and a painting.",dataset-defined SugarCrepe perturbation,0.2993752360343933,0.2990909814834595,0.0002842545509338379,0.5071058853129974,14,4.662069341687669e-17,1.7475095999998302,0.000287499999103602,0.00014010000086273067,0.3527502394496593,-0.0060697197914123535,0.29681509733200073,0.3028848171234131,0.006353974342346191,True,0.1954609831871345,0.23532628754484847,-0.011784762144088745,0.2984480559825897,0.31023281812667847,0.012069016695022583,True,0.2930715460526316,0.23200856026326996,-0.011970043182373047,0.29816171526908875,0.3101317584514618,0.012254297733306885,True,0.35794156615497075,0.20281575248337286,-0.013687878847122192,0.28699761629104614,0.30068549513816833,0.01397213339805603,True,0.4293220029239766,0.20633452128523422,-0.013471633195877075,0.2803727090358734,0.2938443422317505,0.013755887746810913,True,0.5042945906432749,0.2621817587607677,0.7307086074561403,9,False,0.2221230800827468,0.3147959896540576,0.4343306650856476,-0.002642035484313965,0.28731849789619446,0.2899605333805084,0.0029262900352478027,True,0.1407563505116959,0.3078948771864954,-0.008099794387817383,0.2916787266731262,0.2997785210609436,0.00838404893875122,True,0.21213678728070176,0.1705681154574319,-0.015816062688827515,0.2833797335624695,0.299195796251297,0.016100317239761353,True,0.3615451388888889,0.16185191148063538,-0.016445130109786987,0.2815110385417938,0.2979561686515808,0.016729384660720825,True,0.4284939236111111,0.1423778314303932,-0.017956793308258057,0.28460055589675903,0.3025573492050171,0.018241047859191895,True,0.5034665113304093,0.23316882804865768,0.4284939236111111,6,False,0.16185191148063538,0.2999642723080813,1.8221128000004683,0.02901293071211003,0.01483171734597627
000000417876.jpg,swap_att:523:positive,Two giraffes with the backs turned to the camera next to a wall.,swap_att:523:negative,A giraffe with the back turned to the camera next to two walls.,dataset-defined SugarCrepe perturbation,0.32236140966415405,0.31304651498794556,0.009314894676208496,0.717377368454915,14,1.1449174941446927e-16,1.8231617999990704,0.0003125000002910383,0.00014100000043981709,0.06492552469745637,-0.026673853397369385,0.28383398056030273,0.3105078339576721,0.03598874807357788,True,0.18891733333333333,0.0443759881036938,-0.03069666028022766,0.2618708908557892,0.29256755113601685,0.04001155495643616,True,0.2705493333333333,0.08221606733630447,-0.024126112461090088,0.2680380940437317,0.2921642065048218,0.033441007137298584,True,0.34985066666666664,0.10859817686310591,-0.021051406860351562,0.25881505012512207,0.27986645698547363,0.03036630153656006,True,0.45242133333333334,0.22312779670423133,-0.012475311756134033,0.24556636810302734,0.2580416798591614,0.02179020643234253,True,0.5222453333333333,0.13506480731250722,0.7722986666666667,10,False,0.08476337621894342,0.2005631851130078,0.3380496742969651,-0.0067199766635894775,0.3366003632545471,0.3433203399181366,0.016034871339797974,True,0.11117866666666666,0.2611034718952905,-0.010402411222457886,0.33062124252319336,0.34102365374565125,0.019717305898666382,True,0.2626346666666667,0.13292974902270388,-0.018752992153167725,0.2622663378715515,0.28101933002471924,0.02806788682937622,True,0.34037333333333336,0.2415928302458957,-0.011439666152000427,0.2444629818201065,0.25590264797210693,0.020754560828208923,True,0.4984906666666667,0.1415722335617578,-0.018022924661636353,0.2460433840751648,0.26406630873680115,0.02733781933784485,True,0.5543093333333333,0.20535444220245092,0.6147306666666666,8,False,0.12730944705790315,0.28803790842302796,2.2352467000000615,-0.07028963488994369,-0.08747472331002015
000000205776.jpg,replace_rel:696:positive,A bear sleeps in a hammock made of heavy canvas.,replace_rel:696:negative,A bear sleeps next to a hammock made of heavy canvas.,dataset-defined SugarCrepe perturbation,0.29438188672065735,0.29334327578544617,0.0010386109352111816,0.5259419576396929,13,2.0816681711721685e-17,1.7945347000004404,0.00029720000020461157,0.0001384999995934777,0.7059185090864609,0.008756428956985474,0.2993357181549072,0.29057928919792175,-0.007717818021774292,False,0.11896829044117647,0.7755946415948913,0.012401759624481201,0.2767104506492615,0.2643086910247803,-0.01136314868927002,False,0.2042049632352941,0.7578073677091768,0.011406958103179932,0.25523170828819275,0.24382475018501282,-0.01036834716796875,False,0.31730238970588237,0.6220819981485047,0.004983946681022644,0.24454960227012634,0.2395656555891037,-0.003945335745811462,False,0.46872127757352944,0.6329843627775191,0.005450412631034851,0.24545012414455414,0.2399997115135193,-0.004411801695823669,False,0.5385282628676471,0.708317800015047,0.6241670496323529,8,False,0.7530182916200878,0.689665863267639,0.5679743456357372,0.002735912799835205,0.29031234979629517,0.28757643699645996,-0.0016973018646240234,False,0.15792738970588235,0.6020506501771513,0.0041401684284210205,0.2933480143547058,0.2892078459262848,-0.003101557493209839,False,0.23527688419117648,0.5982395359876497,0.003981351852416992,0.3041870594024658,0.30020570755004883,-0.0029427409172058105,False,0.3322495404411765,0.47481452867002066,-0.0010082721710205078,0.30102670192718506,0.30203497409820557,0.0020468831062316895,True,0.41396484375,0.5018902032927653,7.560849189758301e-05,0.3008219599723816,0.300746351480484,0.0009630024433135986,False,0.5031020220588235,0.5247819068052665,0.5031020220588235,6,False,0.5018902032927653,0.5509828363013164,1.6890127999995457,0.18353589320978048,0.13868302696632262
000000374727.jpg,swap_obj:191:positive,A pole with multiple street signs in front of a tall building.,swap_obj:191:negative,A tall building with multiple street signs in front of a pole.,dataset-defined SugarCrepe perturbation,0.2939988970756531,0.28397059440612793,0.010028302669525146,0.7316146788500254,9,2.949029909160572e-17,1.7957310999991023,0.0003226000007998664,0.00012770000103046186,0.5209417544262148,0.000838160514831543,0.27071213722229004,0.2698739767074585,0.009190142154693604,False,0.2718223057184751,0.5209417544262148,0.000838160514831543,0.27071213722229004,0.2698739767074585,0.009190142154693604,False,0.2718223057184751,0.6901934480157371,0.008010238409042358,0.25561606884002686,0.2476058304309845,0.002018064260482788,False,0.41079774560117305,0.6901934480157371,0.008010238409042358,0.25561606884002686,0.2476058304309845,0.002018064260482788,False,0.41079774560117305,0.7167512652727256,0.009284034371376038,0.2482144683599472,0.23893043398857117,0.0007442682981491089,False,0.5081275201612904,0.6915101495760548,0.6348744501466276,5,False,0.7492212894836744,0.635399984644007,0.5209417544262148,0.000838160514831543,0.27071213722229004,0.2698739767074585,0.009190142154693604,False,0.2718223057184751,0.5209417544262148,0.000838160514831543,0.27071213722229004,0.2698739767074585,0.009190142154693604,False,0.2718223057184751,0.5976548992142424,0.003957033157348633,0.2697056531906128,0.26574862003326416,0.006071269512176514,False,0.3258511271994135,0.6617375541555726,0.006710469722747803,0.269676148891449,0.26296567916870117,0.0033178329467773438,False,0.4958646444281525,0.6208842116560213,0.004933029413223267,0.2456148862838745,0.24068185687065125,0.00509527325630188,False,0.6348400843108505,0.6227595341643298,0.6348400843108505,5,False,0.6208842116560213,0.624784036897287,1.2930857000010292,0.068750615411725,0.010615947746720034
000000146825.jpg,swap_att:91:positive,a train covered in black dirt sitting in a fancy train station,swap_att:91:negative,a train covered in fancy dirt sitting in a black train station.,dataset-defined SugarCrepe perturbation,0.2645528018474579,0.2635332942008972,0.001019507646560669,0.5254656375859615,17,3.122502256758253e-17,1.6109465999998065,0.0003037999995285645,0.00015159999929892365,0.5822671569820036,0.0033208727836608887,0.2597537636756897,0.2564328908920288,-0.0023013651371002197,False,0.1274196609311741,0.6250407655018869,0.005109995603561401,0.2476162314414978,0.2425062358379364,-0.004090487957000732,False,0.23240606022267207,0.5814485323898814,0.0032872259616851807,0.26349693536758423,0.26020970940589905,-0.0022677183151245117,False,0.3485497849190283,0.513992261331172,0.0005598366260528564,0.26195386052131653,0.26139402389526367,0.0004596710205078125,False,0.501233552631579,0.513992261331172,0.0005598366260528564,0.26195386052131653,0.26139402389526367,0.0004596710205078125,False,0.501233552631579,0.5351379061580631,0.6722624620445344,10,False,0.5122567293662812,0.5738642537379386,0.5240297127687934,0.0009619295597076416,0.2646019756793976,0.26364004611968994,5.7578086853027344e-05,False,0.1521935096153846,0.5240297127687934,0.0009619295597076416,0.2646019756793976,0.26364004611968994,5.7578086853027344e-05,False,0.21204453441295545,0.5964647089940663,0.003907561302185059,0.2779950499534607,0.27408748865127563,-0.0028880536556243896,False,0.34999683704453444,0.6569655937848742,0.006498008966445923,0.2689692974090576,0.2624712884426117,-0.005478501319885254,False,0.4316564397773279,0.7389729920837576,0.01040637493133545,0.255915105342865,0.24550873041152954,-0.00938686728477478,False,0.576883539979757,0.5414103404997817,0.257567370951417,5,False,0.5467052420870019,0.5912036686115291,1.6070576000001893,-0.006272434341718536,-0.017339414873590475
000000523811.jpg,add_obj:274:positive,a bird sitting on a brick of bird food on a pole,add_obj:274:negative,A bird and a squirrel sitting on a brick of bird food on a pole.,dataset-defined SugarCrepe perturbation,0.30712491273880005,0.28842636942863464,0.018698543310165405,0.8664414214520797,15,3.5128150388530344e-17,1.809657399999196,0.0003167000013490906,0.00014390000069397502,0.8742627396934624,0.01939186453819275,0.32936394214630127,0.3099720776081085,-0.0006933212280273438,False,0.12378946940104167,0.7911239753859022,0.013317137956619263,0.2633199691772461,0.25000283122062683,0.005381405353546143,False,0.2887929280598958,0.640158482595181,0.005760520696640015,0.233024001121521,0.22726348042488098,0.01293802261352539,False,0.37310791015625,0.6551943456428522,0.006419509649276733,0.23867467045783997,0.23225516080856323,0.012279033660888672,False,0.4300282796223958,0.6060255548955986,0.004306361079216003,0.20456305146217346,0.20025669038295746,0.014392182230949402,False,0.569122314453125,0.6909463526063443,0.6899261474609375,10,False,0.6277273534385062,0.7556495957095068,0.9135415339546828,0.02357664704322815,0.3257165551185608,0.30213990807533264,-0.004878103733062744,False,0.13574727376302084,0.8351586356466405,0.016226381063461304,0.29937711358070374,0.28315073251724243,0.0024721622467041016,False,0.20250956217447916,0.7471139369656694,0.010832786560058594,0.289450466632843,0.2786176800727844,0.007865756750106812,False,0.3243967692057292,0.5001460313755475,5.841255187988281e-06,0.25299549102783203,0.25298964977264404,0.018692702054977417,False,0.4777119954427083,0.47702667530535725,-0.0009195804595947266,0.22615228593349457,0.2270718663930893,0.019618123769760132,True,0.5759531656901041,0.5645535454998869,0.62969970703125,9,False,0.32972691383943403,0.7278859008467659,2.324708100000862,0.1263928071064574,0.027763694862740995
000000407574.jpg,swap_att:369:positive,A green stand holding several bananas for sale. ,swap_att:369:negative,Several stands holding green bananas for sale.,dataset-defined SugarCrepe perturbation,0.35119345784187317,0.3333895206451416,0.017803937196731567,0.8557454755040396,13,7.28583859910259e-17,1.868344900000011,0.0003048999988095602,0.00013799999942420982,0.7880482380534326,0.0131320059299469,0.34645000100135803,0.33331799507141113,0.004671931266784668,False,0.10232432100785341,0.7053756269942645,0.008730292320251465,0.31550538539886475,0.3067750930786133,0.009073644876480103,False,0.25008691917539266,0.7778877334207047,0.012533992528915405,0.3013213276863098,0.2887873351573944,0.005269944667816162,False,0.32274623691099474,0.7406206175662066,0.01049196720123291,0.27398890256881714,0.26349693536758423,0.007311969995498657,False,0.4181425883507853,0.7868815861198754,0.01306229829788208,0.2820562720298767,0.26899397373199463,0.004741638898849487,False,0.5064575834424084,0.6997897045288106,0.786265747709424,10,False,0.48075683663531577,0.7665071085818219,0.7355369340749632,0.010228991508483887,0.3383548855781555,0.32812589406967163,0.007574945688247681,False,0.1749836387434555,0.6823198356777922,0.007644534111022949,0.3288480043411255,0.32120347023010254,0.010159403085708618,False,0.23828636289267016,0.7731760812059084,0.012263327836990356,0.30487439036369324,0.2926110625267029,0.005540609359741211,False,0.37499488710732987,0.7969538264289283,0.013673633337020874,0.30172401666641235,0.2880503833293915,0.004130303859710693,False,0.5170924001963351,0.7969538264289283,0.013673633337020874,0.30172401666641235,0.2880503833293915,0.004130303859710693,False,0.5170924001963351,0.728783435369434,0.7576642261125655,9,False,0.6624063296805471,0.7641698426378822,2.1668852000002516,-0.0289937308406234,0.0023372659439396815
000000341681.jpg,add_obj:465:positive,A tennis player trying to hit a tennis ball.,add_obj:465:negative,A child and a tennis player are trying to hit a tennis ball.,dataset-defined SugarCrepe perturbation,0.32953280210494995,0.2794390320777893,0.050093770027160645,0.9933692004329038,13,1.1102230246251565e-16,1.803351599999587,0.000299299999824143,0.0001387999982398469,0.9289017787401123,0.02569940686225891,0.3390250504016876,0.3133256435394287,0.024394363164901733,False,0.13234991776315788,0.9113806289673264,0.02330610156059265,0.3025189936161041,0.2792128920555115,0.026787668466567993,False,0.20215414839181287,0.5692879885716933,0.0027894675731658936,0.24691256880760193,0.24412310123443604,0.04730430245399475,False,0.32088358918128657,0.49806509387776027,-7.739663124084473e-05,0.2518399953842163,0.25191739201545715,0.05017116665840149,True,0.41233209978070173,0.5283024091516114,0.0011333078145980835,0.24818803369998932,0.24705472588539124,0.04896046221256256,False,0.5250137061403509,0.6138515538519188,0.7762643914473685,10,False,0.4763111184723144,0.7351536161614809,0.9289017787401123,0.02569940686225891,0.3390250504016876,0.3133256435394287,0.024394363164901733,False,0.13234991776315788,0.5434676954157056,0.0017431080341339111,0.2609930634498596,0.2592499554157257,0.04835066199302673,False,0.24870362755847952,0.5315893090044461,0.0012652575969696045,0.25776079297065735,0.25649553537368774,0.04882851243019104,False,0.36138523391812866,0.4193393369533863,-0.0032548606395721436,0.2577909231185913,0.26104578375816345,0.05334863066673279,True,0.4528337445175439,0.5575498955964963,0.0023122429847717285,0.245245099067688,0.24293285608291626,0.047781527042388916,False,0.5230434484649122,0.5957803669984248,0.8120088633040936,10,False,0.4407921690230474,0.6714693788184476,2.0470371000010346,0.01807118685349396,0.0636842373430333
000000193348.jpg,add_obj:1659:positive,A small child that is holding a toothbrush and brushing their teeth.,add_obj:1659:negative,A small child that is holding a toothbrush and brushing their teeth with a teddy bear next to them.,dataset-defined SugarCrepe perturbation,0.3478352129459381,0.31584668159484863,0.03198853135108948,0.9607910958313788,14,3.469446951953614e-17,1.7940720000005967,0.00030169999990903307,0.0001461000010749558,0.9669766912919397,0.03376960754394531,0.3419247269630432,0.3081551194190979,-0.001781076192855835,False,0.12301250916422288,0.9282147689727558,0.02559584379196167,0.2816527485847473,0.25605690479278564,0.006392687559127808,False,0.2707168713343108,0.8751872764350684,0.019476234912872314,0.26925474405288696,0.24977850914001465,0.012512296438217163,False,0.3560758797653959,0.8647145865676807,0.018550127744674683,0.2631855607032776,0.2446354329586029,0.013438403606414795,False,0.4286049761730205,0.9329065492472646,0.02632218599319458,0.27518507838249207,0.24886289238929749,0.0056663453578948975,False,0.5196801686217009,0.9162400737108792,0.8628860428885631,12,False,0.8867888785911529,0.9245267259393793,0.9145602340059101,0.02370631694793701,0.29961955547332764,0.2759132385253906,0.008282214403152466,False,0.1610898552052786,0.8326049078348888,0.01604202389717102,0.2853567600250244,0.2693147361278534,0.015946507453918457,False,0.20467719024926687,0.8438943016400015,0.01687493920326233,0.2603611648082733,0.243486225605011,0.015113592147827148,False,0.3883568548387097,0.8636794714087059,0.0184619277715683,0.23404689133167267,0.21558496356010437,0.01352660357952118,False,0.4737158632697947,0.730530123205783,0.009973138570785522,0.23329582810401917,0.22332268953323364,0.022015392780303955,False,0.558439103739003,0.8083770493678479,0.558439103739003,8,False,0.730530123205783,0.8658209637689355,1.955406099999891,0.1078630243430313,0.058705762170443876
000000312278.jpg,replace_obj:283:positive,Suitcases on top of a carrier onto of a vehicle.,replace_obj:283:negative,Potted plants on top of a carrier onto of a vehicle.,dataset-defined SugarCrepe perturbation,0.25767552852630615,0.22398161888122559,0.033693909645080566,0.9667341105902257,10,5.551115123125783e-17,1.5961800000004587,0.00027429999863670673,0.00012720000086119398,0.9459369166319894,0.028620243072509766,0.23415768146514893,0.20553743839263916,0.005073666572570801,False,0.28072415865384615,0.9459369166319894,0.028620243072509766,0.23415768146514893,0.20553743839263916,0.005073666572570801,False,0.28072415865384615,0.8994763646479449,0.021914198994636536,0.2248944640159607,0.20298026502132416,0.01177971065044403,False,0.3165731837606838,0.8813309089986325,0.02005094289779663,0.20451253652572632,0.1844615936279297,0.013642966747283936,False,0.4168502938034188,0.5706755011806199,0.002846077084541321,0.20724409818649292,0.2043980211019516,0.030847832560539246,False,0.6366686698717948,0.706784933615517,0.8679220085470085,8,False,0.19557539439192387,0.8645321987056087,0.9059970289966732,0.02265709638595581,0.26488351821899414,0.24222642183303833,0.011036813259124756,False,0.11479200053418803,0.43535969585866174,-0.002600163221359253,0.25742924213409424,0.2600294053554535,0.03629407286643982,True,0.26140157585470086,0.3084476669807244,-0.008073866367340088,0.2164694368839264,0.22454330325126648,0.041767776012420654,True,0.5421257345085471,0.3084476669807244,-0.008073866367340088,0.2164694368839264,0.22454330325126648,0.041767776012420654,True,0.5421257345085471,0.3084476669807244,-0.008073866367340088,0.2164694368839264,0.22454330325126648,0.041767776012420654,True,0.5421257345085471,0.45152590892973854,0.6782518696581197,6,False,0.29975158708903504,0.5722242557404786,1.126166000000012,0.25525902468577844,0.2923079429651301
000000464089.jpg,add_obj:1898:positive,A catcher is ready to catch the ball after it crosses the plate.,add_obj:1898:negative,"A catcher is ready to catch the ball after it crosses the plate, and a bat is lying on the ground nearby.",dataset-defined SugarCrepe perturbation,0.2862236797809601,0.27263548970222473,0.013588190078735352,0.7955676885073831,10,8.673617379884035e-17,1.8202481000007538,0.00028340000062598847,0.000128400000903639,0.5852969419201766,0.003445565700531006,0.29043787717819214,0.28699231147766113,0.010142624378204346,False,0.19759623209635416,0.6710866693340426,0.007131040096282959,0.28883248567581177,0.2817014455795288,0.006457149982452393,False,0.3025156656901042,0.6710866693340426,0.007131040096282959,0.28883248567581177,0.2817014455795288,0.006457149982452393,False,0.3025156656901042,0.7948075946140626,0.01354151964187622,0.27035853266716003,0.2568170130252838,4.667043685913086e-05,False,0.5177663167317709,0.7948075946140626,0.01354151964187622,0.27035853266716003,0.2568170130252838,4.667043685913086e-05,False,0.5177663167317709,0.7380109066094211,0.6339569091796875,6,False,0.777585328576839,0.6954946433132417,0.5852969419201766,0.003445565700531006,0.29043787717819214,0.28699231147766113,0.010142624378204346,False,0.19759623209635416,0.6605744953675904,0.0066585540771484375,0.28210344910621643,0.275444895029068,0.006929636001586914,False,0.2882181803385417,0.6259371601327213,0.005148261785507202,0.28238651156425476,0.27723824977874756,0.00843992829322815,False,0.336669921875,0.6058003249063971,0.004296928644180298,0.2880571782588959,0.2837602496147156,0.009291261434555054,False,0.4527130126953125,0.6377749107419587,0.005657196044921875,0.28687798976898193,0.28122079372406006,0.007930994033813477,False,0.5374043782552084,0.627059284712744,0.4527130126953125,4,False,0.6058003249063971,0.6478784068687682,1.4608763000014733,0.11095162189667718,0.04761623644447355
000000427160.jpg,swap_obj:21:positive,A boy in a blue baseball uniform running to tag out a boy in a red uniform.,swap_obj:21:negative,A boy in a red baseball uniform running to tag out a boy in a blue uniform.,dataset-defined SugarCrepe perturbation,0.32604843378067017,0.32286980748176575,0.003178626298904419,0.5788032705426984,13,6.418476861114186e-17,1.931886400001531,0.00029709999944316223,0.000137400000312482,0.47613977087198683,-0.0009551346302032471,0.29240596294403076,0.293361097574234,0.004133760929107666,True,0.20034775152439024,0.47613977087198683,-0.0009551346302032471,0.29240596294403076,0.293361097574234,0.004133760929107666,True,0.20034775152439024,0.519687660818843,0.0007879137992858887,0.25801002979278564,0.25722211599349976,0.0023907124996185303,False,0.3299828506097561,0.5336658432671977,0.0013486742973327637,0.2443230152130127,0.24297434091567993,0.0018299520015716553,False,0.4688548018292683,0.5387771248079116,0.0015542060136795044,0.24779357016086578,0.24623936414718628,0.0016244202852249146,False,0.5440882240853658,0.5091009695594739,0.7220274390243903,9,False,0.4742092558996937,0.5214360834273363,0.45847765064657653,-0.0016647279262542725,0.2897944450378418,0.29145917296409607,0.004843354225158691,True,0.10825552591463415,0.45674230959094697,-0.0017346441745758057,0.290336936712265,0.2920715808868408,0.004913270473480225,True,0.2452124618902439,0.4580633243527367,-0.0016814172267913818,0.29453784227371216,0.29621925950050354,0.004860043525695801,True,0.3389386432926829,0.47360851680177746,-0.0010566413402557373,0.29253634810447693,0.29359298944473267,0.004235267639160156,True,0.4068502286585366,0.47492451870592717,-0.001003861427307129,0.303369402885437,0.30437326431274414,0.004182487726211548,True,0.538305068597561,0.47361476262663116,0.4068502286585366,5,False,0.47360851680177746,0.47495272838749625,2.0322605000001204,0.03548620693284277,0.046483355039840024
000000061171.jpg,add_obj:109:positive,Several cows and a horse are eating hay.,add_obj:109:negative,"Several cows, a horse, and a rabbit are eating hay.",dataset-defined SugarCrepe perturbation,0.3464122414588928,0.3379722833633423,0.008439958095550537,0.6993061117048505,14,2.862293735361732e-17,1.8940605999996478,0.00031459999991056975,0.00014030000056663994,0.7988774616221651,0.013792932033538818,0.3297726511955261,0.3159797191619873,-0.005352973937988281,False,0.1297454833984375,0.7795418648774756,0.012629985809326172,0.33533328771591187,0.3227033019065857,-0.004190027713775635,False,0.23046875,0.8118093341655184,0.014618098735809326,0.32454633712768555,0.3099282383918762,-0.006178140640258789,False,0.3195088704427083,0.6039291533462653,0.004218637943267822,0.3180326819419861,0.31381404399871826,0.004221320152282715,False,0.4666544596354167,0.4335224850943411,-0.0026749372482299805,0.3057748079299927,0.30844974517822266,0.011114895343780518,True,0.5273183186848959,0.622796409599552,0.7619476318359375,10,False,0.5347084971556801,0.7266158520401007,0.6612063405337797,0.006686747074127197,0.3267415761947632,0.320054829120636,0.0017532110214233398,False,0.1746673583984375,0.6376867797096202,0.00565338134765625,0.31816792488098145,0.3125145435333252,0.002786576747894287,False,0.22303263346354166,0.5487502450012276,0.0019562244415283203,0.31088787317276,0.3089316487312317,0.006483733654022217,False,0.3488108317057292,0.4522373565991246,-0.001916348934173584,0.2856965661048889,0.2876129150390625,0.010356307029724121,True,0.4120076497395833,0.47222454713092255,-0.0011121630668640137,0.2849177122116089,0.2860298752784729,0.00955212116241455,True,0.5429789225260416,0.523686586238892,0.5429789225260416,8,False,0.47222454713092255,0.5838380714433601,2.2092381000002206,0.09910982336065999,0.14277778059674062
000000252219.jpg,add_obj:145:positive,City dwellers walk by as a homeless man begs for cash.,add_obj:145:negative,Street performers and a homeless man beg for cash as city dwellers walk by.,dataset-defined SugarCrepe perturbation,0.3073774576187134,0.2983519434928894,0.009025514125823975,0.7114735363655394,12,5.334274688628682e-17,1.8458444000007148,0.0003524000003380934,0.00013519999993150122,0.7608529130796998,0.011573612689971924,0.251056969165802,0.23948335647583008,-0.0025480985641479492,False,0.16580432200292397,0.5033191848980784,0.00013276934623718262,0.2394450455904007,0.2393122762441635,0.008892744779586792,False,0.265921966374269,0.5339814147192393,0.001361355185508728,0.20555523037910461,0.2041938751935959,0.007664158940315247,False,0.3196214820906433,0.5647128307070529,0.0026031136512756348,0.19064149260520935,0.18803837895393372,0.00642240047454834,False,0.5264242964181286,0.5647128307070529,0.0026031136512756348,0.19064149260520935,0.18803837895393372,0.00642240047454834,False,0.5264242964181286,0.7163164634094019,0.6400139345760234,8,False,0.8128737913776087,0.6207916575899641,0.5677125256179457,0.00272524356842041,0.2735241651535034,0.270798921585083,0.0063002705574035645,False,0.14147592288011696,0.5428391135124172,0.0017177760601043701,0.27667155861854553,0.27495378255844116,0.0073077380657196045,False,0.29891378837719296,0.5065349046351667,0.00026141107082366943,0.25002020597457886,0.2497587949037552,0.008764103055000305,False,0.37260713633040937,0.508920378595754,0.00035685300827026367,0.24715259671211243,0.24679574370384216,0.008668661117553711,False,0.4352327759502924,0.5769880166857116,0.0031042098999023438,0.24458077549934387,0.24147656559944153,0.005921304225921631,False,0.50199310124269,0.575745777645154,0.50199310124269,6,False,0.5769880166857116,0.5669778387503542,1.5300251000007847,0.14057068576424792,0.053813818839609895
000000561009.jpg,add_att:315:positive,A bird perched on top of a tree branch.,add_att:315:negative,A fluffy bird perched on top of a tree branch.,dataset-defined SugarCrepe perturbation,0.29219233989715576,0.2843148708343506,0.007877469062805176,0.6873473430514112,15,4.336808689942018e-17,1.804530800000066,0.00043590000132098794,0.00014560000090568792,0.864597052750588,0.01854008436203003,0.26130858063697815,0.24276849627494812,-0.010662615299224854,False,0.12683319627192982,0.82384813702013,0.015426397323608398,0.26091235876083374,0.24548596143722534,-0.007548928260803223,False,0.2778577302631579,0.812878777880541,0.014688253402709961,0.26130086183547974,0.24661260843276978,-0.006810784339904785,False,0.340312043128655,0.774179317697736,0.0123206228017807,0.25459256768226624,0.24227194488048553,-0.004443153738975525,False,0.41788308662280704,0.8096655610266378,0.01447838544845581,0.22655344009399414,0.21207505464553833,-0.006600916385650635,False,0.501359192251462,0.7957779411125082,0.6791849415204678,10,False,0.7651951184966386,0.8071840891659694,0.6176252242389947,0.004794806241989136,0.28342780470848083,0.2786329984664917,0.00308266282081604,False,0.15358872441520469,0.539597948279951,0.0015872418880462646,0.2871406078338623,0.28555336594581604,0.006290227174758911,False,0.2074481451023392,0.4171842047166382,-0.003343433141708374,0.2719672918319702,0.2753107249736786,0.01122090220451355,True,0.3449093110380117,0.4307573185383099,-0.0027876198291778564,0.27875396609306335,0.2815415859222412,0.010665088891983032,True,0.4045538651315789,0.43002816159119556,-0.0028173625469207764,0.27501723170280457,0.27783459424972534,0.010694831609725952,True,0.5448019462719298,0.49854558594122284,0.6827713815789473,10,False,0.4971017566080611,0.5190651775069306,2.161192999999912,0.2972323551712854,0.2881189116590388
000000051326.jpg,swap_obj:144:positive,"Three Jack-O-Laturns of various shapes, one of which has flowers in it.",swap_obj:144:negative,"Flowers of various shapes, one of which has Three Jack-O-Lanterns in it.",dataset-defined SugarCrepe perturbation,0.29924580454826355,0.29886072874069214,0.00038507580757141113,0.5096257057752102,11,2.949029909160572e-17,1.8015580999999656,0.0004046000012749573,0.00013209999997343402,0.38086410344607613,-0.004858821630477905,0.2863215208053589,0.2911803424358368,0.005243897438049316,True,0.11446340460526316,0.3687402509802059,-0.005376249551773071,0.2921854257583618,0.2975616753101349,0.005761325359344482,True,0.26842904788011696,0.25374965803981536,-0.010787129402160645,0.25358378887176514,0.2643709182739258,0.011172205209732056,True,0.38149328399122806,0.31043682875704326,-0.007980778813362122,0.2306843250989914,0.23866510391235352,0.008365854620933533,True,0.48403805738304095,0.2978240712811929,-0.008576810359954834,0.22843515872955322,0.23701196908950806,0.008961886167526245,True,0.5347679093567251,0.4063518851408276,0.6462502284356725,7,False,0.45471907420475893,0.35196064711820396,0.38086410344607613,-0.004858821630477905,0.2863215208053589,0.2911803424358368,0.005243897438049316,True,0.11446340460526316,0.4298674663019441,-0.0028239190578460693,0.3131859004497528,0.3160098195075989,0.0032089948654174805,True,0.26230697185672514,0.35415729808374236,-0.006008148193359375,0.31155380606651306,0.31756195425987244,0.006393224000930786,True,0.3670904148391813,0.2891876343348857,-0.008993327617645264,0.30828702449798584,0.3172803521156311,0.009378403425216675,True,0.4801546509502924,0.33112739637224436,-0.007030904293060303,0.2971513867378235,0.3041822910308838,0.007415980100631714,True,0.5567091557017544,0.3525805024832195,0.5567091557017544,6,False,0.33112739637224436,0.38096191327353063,1.5308582999987266,0.05377138265760811,-0.029001266155326666
000000300659.jpg,add_obj:1559:positive,A sky view of several planes flying in formation in the sky.,add_obj:1559:negative,A view of clouds with several planes flying in formation in the sky.,dataset-defined SugarCrepe perturbation,0.3008192479610443,0.27622437477111816,0.024594873189926147,0.9212524777252719,15,6.765421556309548e-17,1.7603864000011527,0.0003063000003749039,0.00014320000082079787,0.6639248243972261,0.006808340549468994,0.2982572317123413,0.2914488911628723,0.017786532640457153,False,0.13344319661458334,0.6558430962393557,0.006448239088058472,0.3039747178554535,0.297526478767395,0.018146634101867676,False,0.22779676649305555,0.7175724949922495,0.009324520826339722,0.3090319037437439,0.2997073829174042,0.015270352363586426,False,0.3342827690972222,0.6556802901259625,0.006441026926040649,0.3118138909339905,0.30537286400794983,0.018153846263885498,False,0.4770982530381944,0.6511990523512383,0.0062431395053863525,0.3124238848686218,0.3061807453632355,0.018351733684539795,False,0.51434326171875,0.7111109649748637,0.6885511610243056,11,False,0.791665179713559,0.7068256016896024,0.758530829691473,0.01144641637802124,0.3036571741104126,0.29221075773239136,0.013148456811904907,False,0.12813313802083334,0.8442226310314226,0.01689988374710083,0.2950919270515442,0.27819204330444336,0.007694989442825317,False,0.2415093315972222,0.8089950363723714,0.01443493366241455,0.2907378673553467,0.27630293369293213,0.010159939527511597,False,0.3585069444444444,0.7599118927634231,0.011521965265274048,0.2802904546260834,0.2687684893608093,0.0130729079246521,False,0.4073689778645833,0.7188662292571156,0.009388446807861328,0.2909064292907715,0.28151798248291016,0.01520642638206482,False,0.5667995876736112,0.5791292305693281,0.6611531575520834,10,False,0.24952650578035127,0.7963970103361641,1.8013974000004964,0.13198173440553562,-0.08957140864656166
000000174018.jpg,swap_att:356:positive,"Two teddy bears a pink one, and a tan one. The tan bear is wearing a pink shirt that says the harvey girls.",swap_att:356:negative,"Two teddy bears a tan one, and a pink one. The pink bear is wearing a tan shirt that says the harvey girls.",dataset-defined SugarCrepe perturbation,0.39661461114883423,0.3865618109703064,0.010052800178527832,0.7320954257920561,12,4.163336342344337e-17,1.776298200000383,0.0004274000002624234,0.00013620000027003698,0.49131051777380214,-0.0003476142883300781,0.3071112036705017,0.3074588179588318,0.01040041446685791,True,0.20705982905982906,0.49131051777380214,-0.0003476142883300781,0.3071112036705017,0.3074588179588318,0.01040041446685791,True,0.20705982905982906,0.4468479766344047,-0.0021341443061828613,0.2989959716796875,0.30113011598587036,0.012186944484710693,True,0.30776638176638177,0.3540761837594044,-0.006011694669723511,0.2984299957752228,0.3044416904449463,0.016064494848251343,True,0.5027008547008547,0.3540761837594044,-0.006011694669723511,0.2984299957752228,0.3044416904449463,0.016064494848251343,True,0.5027008547008547,0.41834710772898825,1.0,12,False,0.49929256784437814,0.5012172326387546,0.36983907433264646,-0.00532907247543335,0.31171324849128723,0.3170423209667206,0.015381872653961182,True,0.17866096866096867,0.3682055610861013,-0.005399227142333984,0.3212206959724426,0.3266199231147766,0.015452027320861816,True,0.27936752136752135,0.3891956406445356,-0.004506945610046387,0.3251982033252716,0.329705148935318,0.014559745788574219,True,0.327002849002849,0.44251112583925034,-0.00230976939201355,0.3072832226753235,0.30959299206733704,0.012362569570541382,True,0.43503703703703706,0.42267887202778714,-0.003117859363555908,0.30550557374954224,0.30862343311309814,0.01317065954208374,True,0.5487578347578348,0.4263660112793013,0.5487578347578348,7,False,0.42267887202778714,0.4514929000707738,1.875683600001139,-0.008018903550313039,0.04972433256798081
000000002149.jpg,swap_att:412:positive,A large white bowl of many green apples. ,swap_att:412:negative,A green bowl of many large white apples.,dataset-defined SugarCrepe perturbation,0.32825133204460144,0.3223564028739929,0.0058949291706085205,0.6432487888653472,12,2.233456475320139e-17,1.7566826999991463,0.0003536000003805384,0.0001353999996354105,0.5711270534364229,0.0028645098209381104,0.31618979573249817,0.31332528591156006,0.00303041934967041,False,0.19456437317251463,0.5892871730855269,0.0036101937294006348,0.3217030167579651,0.31809282302856445,0.0022847354412078857,False,0.2872235928362573,0.5060689448853234,0.00024276971817016602,0.3120769262313843,0.3118341565132141,0.0056521594524383545,False,0.3765190972222222,0.5137235019879615,0.0005490779876708984,0.2889808118343353,0.28843173384666443,0.005345851182937622,False,0.45191429093567254,0.5125158504499765,0.0005007386207580566,0.2801210880279541,0.27962034940719604,0.005394190549850464,False,0.5370008680555556,0.5410788922663965,0.6338347496345029,7,False,0.5133155086994249,0.5640720594957184,0.6565087398700739,0.00647774338722229,0.3275115489959717,0.3210338056087494,-0.0005828142166137695,False,0.1595280519005848,0.62766188595015,0.00522199273109436,0.3273097276687622,0.32208773493766785,0.0006729364395141602,False,0.23214775219298245,0.6049580726292393,0.004261672496795654,0.3279547393321991,0.32369306683540344,0.0016332566738128662,False,0.4069410179093567,0.6049580726292393,0.004261672496795654,0.3279547393321991,0.32369306683540344,0.0016332566738128662,False,0.4069410179093567,0.6088166954616884,0.004423409700393677,0.32645148038864136,0.3220280706882477,0.0014715194702148438,False,0.5052540204678363,0.6129656064766642,0.5759263066520468,7,False,0.5886984655184052,0.6287801349045455,1.5767273000001296,-0.07188671421026771,-0.06470807540882717
000000411817.jpg,replace_rel:1192:positive,Group of people play video games at bestbuy,replace_rel:1192:negative,Group of people play video games away from bestbuy.,dataset-defined SugarCrepe perturbation,0.33586323261260986,0.3269936442375183,0.008869588375091553,0.708262184928522,10,3.8163916471489756e-17,1.8696247999996558,0.00028559999918797985,0.00012719999904220458,0.6733364273411009,0.007233142852783203,0.3217921853065491,0.31455904245376587,0.0016364455223083496,False,0.21039326985677084,0.6733364273411009,0.007233142852783203,0.3217921853065491,0.31455904245376587,0.0016364455223083496,False,0.21039326985677084,0.6750005543793515,0.007308900356292725,0.2894015312194824,0.2820926308631897,0.0015606880187988281,False,0.3213907877604167,0.5873729471116539,0.003531157970428467,0.27262216806411743,0.26909101009368896,0.005338430404663086,False,0.415130615234375,0.556021636058665,0.0022503137588500977,0.22133061289787292,0.21908029913902283,0.006619274616241455,False,0.5029754638671875,0.6003084599795551,0.7688852945963541,7,False,0.5137093565381697,0.6552179515771834,0.6733364273411009,0.007233142852783203,0.3217921853065491,0.31455904245376587,0.0016364455223083496,False,0.21039326985677084,0.6733364273411009,0.007233142852783203,0.3217921853065491,0.31455904245376587,0.0016364455223083496,False,0.21039326985677084,0.6386000001901523,0.005692929029464722,0.32998546957969666,0.32429254055023193,0.003176659345626831,False,0.3041330973307292,0.6792675015812203,0.007504075765609741,0.31890255212783813,0.3113984763622284,0.0013655126094818115,False,0.4734039306640625,0.49821782866849496,-7.128715515136719e-05,0.30444759130477905,0.3045188784599304,0.00894087553024292,True,0.5398000081380209,0.5816765144290982,0.5398000081380209,5,False,0.49821782866849496,0.6622051414597565,1.6017835999991803,0.018631945550456885,-0.006987189882573075
000000307658.jpg,add_obj:941:positive,a brown white and black bear and some trees,add_obj:941:negative,"A brown, white, and black bear and an otter are playing near some trees.",dataset-defined SugarCrepe perturbation,0.26424121856689453,0.2402345836162567,0.024006634950637817,0.9168778843309042,15,3.642919299551295e-17,2.0734188000005815,0.000311100000544684,0.00014310000005934853,0.8806350105203862,0.019984573125839233,0.2843220829963684,0.2643375098705292,0.004022061824798584,False,0.16664593285562632,0.7876342854027298,0.013107240200042725,0.2756662368774414,0.2625589966773987,0.010899394750595093,False,0.24195113455414013,0.8433907128304663,0.01683676242828369,0.2747812867164612,0.2579445242881775,0.007169872522354126,False,0.32818305467091297,0.8553454810810968,0.01777157187461853,0.27661967277526855,0.25884810090065,0.006235063076019287,False,0.42674744559447986,0.8512879080997354,0.01744738221168518,0.26693809032440186,0.24949070811271667,0.006559252738952637,False,0.5511212845010616,0.8674344563617453,0.48323878715498936,7,False,0.8785248479831462,0.8578142937473534,0.8257996541498752,0.015561461448669434,0.27071815729141235,0.2551566958427429,0.008445173501968384,False,0.15134023354564755,0.8491363447777343,0.017278432846069336,0.27914899587631226,0.2618705630302429,0.0067282021045684814,False,0.22875199044585987,0.8905112070916882,0.02095973491668701,0.2854423522949219,0.26448261737823486,0.0030469000339508057,False,0.33133874071125263,0.8978262324762826,0.021733015775680542,0.29424503445625305,0.2725120186805725,0.0022736191749572754,False,0.414000298566879,0.786666100774178,0.013049453496932983,0.28896617889404297,0.27591672539711,0.010957181453704834,False,0.5566862393842887,0.7768684989270352,0.6499676552547771,10,False,0.6465322463495682,0.8622827520866015,2.7071728999999323,0.09056595743471008,-0.004468458339248138
000000509260.jpg,swap_obj:124:positive,a small television in front of a bookshelf,swap_obj:124:negative,A bookshelf in front of a small television.,dataset-defined SugarCrepe perturbation,0.3567541837692261,0.3514665365219116,0.005287647247314453,0.629194957569714,11,4.087442190270352e-17,1.8434634000004735,0.00029320000066945795,0.0001322999996773433,0.7133571986926707,0.009117454290390015,0.34358757734298706,0.33447012305259705,-0.0038298070430755615,False,0.183712,0.6577986027082106,0.006534993648529053,0.3474488854408264,0.34091389179229736,-0.0012473464012145996,False,0.306144,0.6577986027082106,0.006534993648529053,0.3474488854408264,0.34091389179229736,-0.0012473464012145996,False,0.306144,0.6219450131644216,0.00497812032699585,0.31354600191116333,0.3085678815841675,0.0003095269203186035,False,0.4597866666666667,0.7957910464084673,0.013601928949356079,0.29433244466781616,0.2807305157184601,-0.008314281702041626,False,0.5461066666666666,0.6479332930261613,0.8122346666666667,8,False,0.6345791194681534,0.6715890246682881,0.743201090655806,0.010626733303070068,0.361186683177948,0.35055994987487793,-0.005339086055755615,False,0.13029333333333334,0.7414618876722151,0.01053580641746521,0.3476599454879761,0.33712413907051086,-0.005248159170150757,False,0.2599626666666667,0.7247112213121243,0.009679526090621948,0.3424971103668213,0.33281758427619934,-0.004391878843307495,False,0.3061066666666667,0.6214782073190476,0.0049582719802856445,0.32950884103775024,0.3245505690574646,0.0003293752670288086,False,0.45974933333333334,0.3670263687618743,-0.005449950695037842,0.32357490062713623,0.3290248513221741,0.010737597942352295,True,0.5346133333333334,0.5325224781393288,0.5346133333333334,6,False,0.3670263687618743,0.6732154827595064,1.6492964000008214,0.11541081488683247,-0.001626458091218308
000000329542.jpg,replace_obj:167:positive,"A camera is shown viewing 3 cupcakes, one of which is being touched.",replace_obj:167:negative,"A camera is shown viewing 3 muffins, one of which is being touched.",dataset-defined SugarCrepe perturbation,0.32092946767807007,0.28999239206314087,0.0309370756149292,0.9566324406317553,14,1.1102230246251565e-16,2.081218799999988,0.00029010000071139075,0.00014179999925545417,0.9842098005539753,0.041324496269226074,0.3299916386604309,0.28866714239120483,-0.010387420654296875,False,0.14359283447265625,0.9938497650140256,0.05085095763206482,0.33461225032806396,0.28376129269599915,-0.01991388201713562,False,0.24354934692382812,0.3804832816821941,-0.004874974489212036,0.2382652312517166,0.24314020574092865,0.035812050104141235,True,0.3765716552734375,0.35088333393418014,-0.0061515867710113525,0.24821731448173523,0.2543689012527466,0.03708866238594055,True,0.4528236389160156,0.279829837781403,-0.009453058242797852,0.2560882866382599,0.26554134488105774,0.04039013385772705,True,0.5295982360839844,0.5138677462416039,0.7831535339355469,10,False,0.22609146770414348,0.7207528098340392,0.964498650245965,0.03302037715911865,0.34153202176094055,0.3085116446018219,-0.002083301544189453,False,0.13302230834960938,0.9853631476446068,0.042094677686691284,0.3462795615196228,0.3041848838329315,-0.011157602071762085,False,0.21489715576171875,0.4298817091516441,-0.0028233379125595093,0.24687208235263824,0.24969542026519775,0.03376041352748871,True,0.3148536682128906,0.35088333393418014,-0.0061515867710113525,0.24821731448173523,0.2543689012527466,0.03708866238594055,True,0.4528236389160156,0.25043561618051197,-0.010962903499603271,0.21289923787117004,0.22386214137077332,0.04189997911453247,True,0.529144287109375,0.4719845704364998,0.7144813537597656,9,False,0.2568896413496686,0.6711553626723976,3.204857400000037,0.041883175805104145,0.049597447161641606
000000382088.jpg,replace_obj:188:positive,A white horse standing in a corral looking on.,replace_obj:188:negative,A brown cow standing in a corral looking on.,dataset-defined SugarCrepe perturbation,0.32048138976097107,0.23667486011981964,0.08380652964115143,0.9997707923503025,15,3.5561831257524545e-17,1.9115805000001274,0.00030300000071292743,0.00014239999836718198,0.9994605955015888,0.07524505257606506,0.3042230010032654,0.22897794842720032,0.008561477065086365,False,0.1637302969208211,0.9999238029063271,0.09482111036777496,0.3100263476371765,0.21520523726940155,-0.011014580726623535,False,0.2322328629032258,0.9526465143336342,0.030016034841537476,0.2809041440486908,0.2508881092071533,0.05379049479961395,False,0.34946045637829914,0.9895582499931668,0.045514464378356934,0.2777830958366394,0.23226863145828247,0.038292065262794495,False,0.41162252565982405,0.9941217868398604,0.051306068897247314,0.24395887553691864,0.19265280663967133,0.032500460743904114,False,0.525482267228739,0.9876864387594039,0.6096327437683284,9,False,0.9945756783247057,0.9893631603928585,0.9917281654116709,0.04786592721939087,0.27510157227516174,0.22723564505577087,0.03594060242176056,False,0.12598515395894427,0.9159269714830801,0.023882508277893066,0.27594131231307983,0.25205880403518677,0.05992402136325836,False,0.2784262738269795,0.8436224255725715,0.016854315996170044,0.2832203805446625,0.26636606454849243,0.06695221364498138,False,0.3404451521260997,0.7553539863973826,0.011273741722106934,0.29174119234085083,0.2804674506187439,0.0725327879190445,False,0.41525384897360706,0.87351487706723,0.019324004650115967,0.2984731197357178,0.2791491150856018,0.06448252499103546,False,0.5584505590175953,0.8814037491603856,0.5584505590175953,8,False,0.87351487706723,0.8986432692327417,1.9762114999994083,0.10628268959901832,0.0907198911601168
000000311303.jpg,replace_obj:893:positive,A table with a plate of food next to a cup of pepsi.,replace_obj:893:negative,A table with a book next to a cup of pepsi.,dataset-defined SugarCrepe perturbation,0.353995144367218,0.32567542791366577,0.028319716453552246,0.9443792576206543,12,4.683753385137379e-17,1.8223640000014711,0.0002919999988080235,0.00013380000018514693,0.880387302948376,0.019961029291152954,0.324116587638855,0.304155558347702,0.008358687162399292,False,0.1082328216374269,0.8643652207584157,0.0185202956199646,0.2934567928314209,0.2749364972114563,0.009799420833587646,False,0.27111316703216376,0.8939228824415981,0.021314531564712524,0.28178995847702026,0.26047542691230774,0.007005184888839722,False,0.3559427540204678,0.9735505897859748,0.036057159304618835,0.26787269115448,0.23181553184986115,-0.007737442851066589,False,0.4467002467105263,0.9846598968062622,0.04161825776100159,0.25971001386642456,0.21809175610542297,-0.01329854130744934,False,0.5526772660818714,0.93717941265856,0.8173999451754386,9,False,0.965397398342411,0.9117915314221058,0.9498645259405035,0.029415905475616455,0.3588618040084839,0.32944589853286743,-0.001096189022064209,False,0.15809461805555555,0.841494740763729,0.016693919897079468,0.3462268114089966,0.3295328915119171,0.011625796556472778,False,0.25403188961988304,0.15037105943131643,-0.01731693744659424,0.34436991810798645,0.3616868555545807,0.045636653900146484,True,0.4169122350146199,0.15037105943131643,-0.01731693744659424,0.34436991810798645,0.3616868555545807,0.045636653900146484,True,0.4169122350146199,0.18339405060182537,-0.014935195446014404,0.3183087706565857,0.3332439661026001,0.04325491189956665,True,0.5076697277046783,0.4217185412031774,0.5076697277046783,5,False,0.18339405060182537,0.6531559401411638,1.7521647000012308,0.5154608714553826,0.25863559128094193
000000263463.jpg,add_att:350:positive,a reflection of a dog looking out a window in a side view mirror ,add_att:350:negative,A reflection of a dog looking out a smudged window in a side view mirror.,dataset-defined SugarCrepe perturbation,0.33675888180732727,0.3361004590988159,0.0006584227085113525,0.5164546236288713,14,5.2475385148298415e-17,1.7918112999996083,0.0003113000002485933,0.00014030000056663994,0.3152375493831083,-0.007757455110549927,0.291104257106781,0.29886171221733093,0.00841587781906128,True,0.13394325657894737,0.36829708038694353,-0.005395293235778809,0.26505059003829956,0.27044588327407837,0.006053715944290161,True,0.21926398026315788,0.5459252118402064,0.001842200756072998,0.29425331950187683,0.29241111874580383,-0.0011837780475616455,False,0.3325794956140351,0.5602330934213371,0.002421081066131592,0.27343156933784485,0.27101048827171326,-0.0017626583576202393,False,0.42030450475146197,0.4388140788578667,-0.0024597644805908203,0.27836960554122925,0.28082937002182007,0.003118187189102173,True,0.5129465917397661,0.45280304752577005,0.6501450566520468,9,False,0.4615002331740253,0.4512227661897508,0.48085913118175794,-0.0007660090923309326,0.34008151292800903,0.34084752202033997,0.0014244318008422852,True,0.16419956140350878,0.45477301790375024,-0.001814037561416626,0.3411564528942108,0.34297049045562744,0.0024724602699279785,True,0.2710903234649123,0.2969404494624354,-0.008619099855422974,0.2817130386829376,0.2903321385383606,0.009277522563934326,True,0.40503358004385964,0.2969404494624354,-0.008619099855422974,0.2817130386829376,0.2903321385383606,0.009277522563934326,True,0.40503358004385964,0.43047014956848917,-0.0027993321418762207,0.275337278842926,0.27813661098480225,0.0034577548503875732,True,0.5477373446637427,0.4431805795894129,0.6341545595760234,8,False,0.46188242630903237,0.4274494881970781,2.045246700001371,0.009622467936357126,0.023773277992672703
000000325991.jpg,swap_att:346:positive,A man in a red shirt tossing a white frisbee.,swap_att:346:negative,A man in a white shirt tossing a red frisbee.,dataset-defined SugarCrepe perturbation,0.3702404499053955,0.36112263798713684,0.009117811918258667,0.7133645113652453,11,6.678685382510707e-17,1.7962544999991223,0.00028510000083770137,0.00013039999976172112,0.55849881145353,0.002350717782974243,0.25773516297340393,0.2553844451904297,0.006767094135284424,False,0.1538622754491018,0.6912680997274799,0.008060544729232788,0.24633178114891052,0.23827123641967773,0.001057267189025879,False,0.229688622754491,0.6739762149813906,0.007262244820594788,0.24253782629966736,0.23527558147907257,0.0018555670976638794,False,0.3360299401197605,0.6813112325783078,0.0075980424880981445,0.2372179627418518,0.22961992025375366,0.0015197694301605225,False,0.4294431137724551,0.6745276876266632,0.007287353277206421,0.22999969124794006,0.22271233797073364,0.001830458641052246,False,0.5622874251497006,0.5499449801254195,0.8743832335329341,9,False,0.32480562750157566,0.6601215676327818,0.6912680997274799,0.008060544729232788,0.24633178114891052,0.23827123641967773,0.001057267189025879,False,0.229688622754491,0.6912680997274799,0.008060544729232788,0.24633178114891052,0.23827123641967773,0.001057267189025879,False,0.229688622754491,0.5384145920265797,0.0015396177768707275,0.21403712034225464,0.2124975025653839,0.0075781941413879395,False,0.30047305389221557,0.3814222508188027,-0.004835158586502075,0.18623977899551392,0.191074937582016,0.013952970504760742,True,0.4333173652694611,0.3754364050238812,-0.0050896406173706055,0.19113647937774658,0.1962261199951172,0.014207452535629272,True,0.5370718562874252,0.4315674819899913,0.7560898203592814,8,False,0.2633795428435564,0.5682601770736779,1.7397254999996221,0.1183774981354282,0.09186139055910392
000000231747.jpg,add_obj:1358:positive,Several museum displays of baseball uniforms and bats.,add_obj:1358:negative,"Several museum displays of football helmets, baseball uniforms, and bats.",dataset-defined SugarCrepe perturbation,0.3849171996116638,0.33917880058288574,0.045738399028778076,0.9897871167851761,10,6.938893903907228e-17,1.7671343999991223,0.00028360000032989774,0.00012760000026901253,0.987104049850072,0.043378621339797974,0.3740174174308777,0.3306387960910797,0.0023597776889801025,False,0.412030029296875,0.987104049850072,0.043378621339797974,0.3740174174308777,0.3306387960910797,0.0023597776889801025,False,0.412030029296875,0.987104049850072,0.043378621339797974,0.3740174174308777,0.3306387960910797,0.0023597776889801025,False,0.412030029296875,0.987104049850072,0.043378621339797974,0.3740174174308777,0.3306387960910797,0.0023597776889801025,False,0.412030029296875,0.9180621272117905,0.024163037538528442,0.31150585412979126,0.2873428165912628,0.021575361490249634,False,0.5396484375,0.7803692465145262,0.9453857421875,9,False,0.6725522751881184,0.9799646646660796,0.987104049850072,0.043378621339797974,0.3740174174308777,0.3306387960910797,0.0023597776889801025,False,0.412030029296875,0.987104049850072,0.043378621339797974,0.3740174174308777,0.3306387960910797,0.0023597776889801025,False,0.412030029296875,0.987104049850072,0.043378621339797974,0.3740174174308777,0.3306387960910797,0.0023597776889801025,False,0.412030029296875,0.987104049850072,0.043378621339797974,0.3740174174308777,0.3306387960910797,0.0023597776889801025,False,0.412030029296875,0.9510821910522818,0.02967458963394165,0.32938092947006226,0.2997063398361206,0.016063809394836426,False,0.54537353515625,0.7447575676591707,0.820977783203125,7,False,0.27976167571187077,0.9837139176256205,1.7775461000001087,0.035611678855355544,-0.003749252959540983
000000357742.jpg,swap_obj:74:positive,Person skiing on snowy slopes with wires above,swap_obj:74:negative,Snowy slopes with a person skiing above wires.,dataset-defined SugarCrepe perturbation,0.3098067045211792,0.29993775486946106,0.00986894965171814,0.7284741837574804,12,3.122502256758253e-17,1.873290999999881,0.0004714999995485414,0.00013480000052368268,0.8734704181487772,0.019319981336593628,0.30444806814193726,0.28512808680534363,-0.009451031684875488,False,0.13858076712827988,0.70496606816883,0.008710592985153198,0.31356218457221985,0.30485159158706665,0.0011583566665649414,False,0.23800223214285715,0.6560495786067858,0.006457388401031494,0.300375759601593,0.2939183712005615,0.0034115612506866455,False,0.3210926111516035,0.5636495647366787,0.002559870481491089,0.2797803282737732,0.2772204577922821,0.007309079170227051,False,0.428520180393586,0.4709746606786123,-0.0011623203754425049,0.27000361680984497,0.2711659371852875,0.011031270027160645,True,0.5082452623906706,0.5379486492681813,0.8048526330174927,9,False,0.3435094059059097,0.6940854674408728,0.6432316911065761,0.005894184112548828,0.31838858127593994,0.3124943971633911,0.0039747655391693115,False,0.18175450983965014,0.5471608925213284,0.0018920600414276123,0.31017547845840454,0.30828341841697693,0.007976889610290527,False,0.2614795918367347,0.4794613721959655,-0.0008220076560974121,0.3080703318119049,0.3088923394680023,0.010690957307815552,True,0.30783072157434405,0.5028468360826678,0.00011387467384338379,0.28358545899391174,0.28347158432006836,0.009755074977874756,False,0.5295018677113703,0.5028468360826678,0.00011387467384338379,0.28358545899391174,0.28347158432006836,0.009755074977874756,False,0.5295018677113703,0.5257938085256585,0.5295018677113703,6,False,0.5028468360826678,0.5755903808947176,1.683557699998346,0.012154840742522821,0.11849508654615526
000000277020.jpg,swap_obj:111:positive,A man sitting at a bar being served by a woman,swap_obj:111:negative,A woman sitting at a bar being served by a man.,dataset-defined SugarCrepe perturbation,0.29424595832824707,0.28516122698783875,0.009084731340408325,0.7126876171638535,11,1.5395670849294163e-17,1.7454967000012402,0.00028759999986505136,0.00013240000043879263,0.7856575670734898,0.012989461421966553,0.27543190121650696,0.2624424397945404,-0.0039047300815582275,False,0.1736111111111111,0.7685734577123199,0.012002736330032349,0.2673754096031189,0.25537267327308655,-0.0029180049896240234,False,0.2557915581597222,0.7857268170488446,0.012993574142456055,0.2518659830093384,0.23887240886688232,-0.0039088428020477295,False,0.3693033854166667,0.6608691160732959,0.006671696901321411,0.2157624363899231,0.20909073948860168,0.002413034439086914,False,0.5154554578993056,0.6608691160732959,0.006671696901321411,0.2157624363899231,0.20909073948860168,0.002413034439086914,False,0.5154554578993056,0.7135539828646064,0.8360663519965278,9,False,0.6762509793223259,0.7524522427440766,0.6320169576051146,0.005408793687820435,0.29077666997909546,0.285367876291275,0.0036759376525878906,False,0.22001817491319445,0.6320169576051146,0.005408793687820435,0.29077666997909546,0.285367876291275,0.0036759376525878906,False,0.22001817491319445,0.6796472132600869,0.007521510124206543,0.2908616065979004,0.28334009647369385,0.0015632212162017822,False,0.3768446180555556,0.6917283958674857,0.00808212161064148,0.2938176393508911,0.28573551774024963,0.0010026097297668457,False,0.4556138780381944,0.6584041219294458,0.006561905145645142,0.2524840533733368,0.24592214822769165,0.0025228261947631836,False,0.5691257052951388,0.6523814164825104,0.6456366644965278,7,False,0.6276866109243675,0.6701870226367013,1.4084299000005558,0.061172566382096005,0.08226522010737536
000000002431.jpg,replace_obj:1126:positive,"A table with a plate, wine-filled glass, and bread, among other items",replace_obj:1126:negative,"A table with a bowl, wine-filled glass, and bread, among other items.",dataset-defined SugarCrepe perturbation,0.3008788228034973,0.30055487155914307,0.00032395124435424805,0.5080980729150147,13,6.938893903907228e-17,1.7926127999999153,0.0003034999990632059,0.00013729999955103267,0.5319952080325543,0.0012815594673156738,0.2663646638393402,0.26508310437202454,-0.0009576082229614258,False,0.10628522028688525,0.5391396165753458,0.0015687942504882812,0.2652079463005066,0.2636391520500183,-0.0012448430061340332,False,0.26401874146174864,0.5343347779542404,0.0013755559921264648,0.24948102235794067,0.2481054663658142,-0.0010516047477722168,False,0.43054132513661203,0.5343347779542404,0.0013755559921264648,0.24948102235794067,0.2481054663658142,-0.0010516047477722168,False,0.43054132513661203,0.5307788705303985,0.0012327134609222412,0.2534562051296234,0.25222349166870117,-0.0009087622165679932,False,0.5189282359972678,0.4938538107235131,0.7614519296448088,9,False,0.4174820530010583,0.5322510970637467,0.54631747138243,0.0018580257892608643,0.29913005232810974,0.2972720265388489,-0.0015340745449066162,False,0.13472827015027322,0.498935313641881,-4.25875186920166e-05,0.2921731472015381,0.2922157347202301,0.00036653876304626465,True,0.22311518101092895,0.4987289336882379,-5.08427619934082e-05,0.28424835205078125,0.28429919481277466,0.00037479400634765625,True,0.38963776468579236,0.4813769520187355,-0.0007452666759490967,0.28210291266441345,0.28284817934036255,0.0010692179203033447,True,0.4404243510928962,0.4749326937382962,-0.0010035336017608643,0.2837403118610382,0.2847438454627991,0.0013274848461151123,True,0.5704672558060109,0.5307570821576649,0.6767524760928961,8,False,0.5715890692111135,0.5037251355688814,2.0760282999999617,-0.03690327143415184,0.028525961494865304
000000559956.jpg,add_att:139:positive,Two women have stopped to pet the sheep.,add_att:139:negative,Two elderly women have stopped to pet the sheep.,dataset-defined SugarCrepe perturbation,0.29343271255493164,0.2684595286846161,0.024973183870315552,0.9239536149947393,12,3.469446951953614e-17,1.9044193000008818,0.00029119999999238644,0.00013349999971978832,0.820879494998511,0.015223175287246704,0.2878609001636505,0.2726377248764038,0.009750008583068848,False,0.15680948893229166,0.845525259130941,0.016999274492263794,0.28007516264915466,0.26307588815689087,0.007973909378051758,False,0.21671549479166666,0.8522113958746621,0.017520517110824585,0.2701587677001953,0.2526382505893707,0.007452666759490967,False,0.3692881266276042,0.7972430266801864,0.013691514730453491,0.27847206592559814,0.26478055119514465,0.01128166913986206,False,0.5586700439453125,0.7972430266801864,0.013691514730453491,0.27847206592559814,0.26478055119514465,0.01128166913986206,False,0.5586700439453125,0.8043980116806518,0.7486724853515625,9,False,0.7631246232974206,0.8456145466766763,0.9087730896066689,0.022987455129623413,0.29743117094039917,0.27444371581077576,0.0019857287406921387,False,0.15601603190104166,0.8645701857591089,0.018537789583206177,0.2869553864002228,0.2684175968170166,0.006435394287109375,False,0.21177164713541666,0.8331769159775851,0.016083121299743652,0.28473928570747375,0.2686561644077301,0.0088900625705719,False,0.359527587890625,0.7752453620307267,0.012381702661514282,0.2895474433898926,0.2771657407283783,0.01259148120880127,False,0.4099222819010417,0.6416701605362817,0.005826205015182495,0.2717544138431549,0.2659282088279724,0.019146978855133057,False,0.5453440348307291,0.7154787374723329,0.8326416015625,10,False,0.5136490520061056,0.8330502287178913,1.9750717999995686,0.08891927420831891,0.012564317958785098
000000476415.jpg,add_obj:1137:positive,A man wearing a white shirt and tie standing in  a room.,add_obj:1137:negative,A man wearing a white shirt and tie standing in a room with a painting on the wall.,dataset-defined SugarCrepe perturbation,0.2866296172142029,0.2789932191371918,0.007636398077011108,0.6821434532755072,14,2.0816681711721685e-17,1.842132900001161,0.00030500000138999894,0.00014060000103199854,0.5324381610080757,0.001299351453781128,0.2886900305747986,0.28739067912101746,0.0063370466232299805,False,0.1778661107038123,0.44770705492577656,-0.0020993947982788086,0.27974456548690796,0.28184396028518677,0.009735792875289917,True,0.2589236620234604,0.383951870754855,-0.004728078842163086,0.2816099226474762,0.2863380014896393,0.012364476919174194,True,0.3515567723607038,0.4081359379531668,-0.003716766834259033,0.28270161151885986,0.2864183783531189,0.011353164911270142,True,0.4092856488269795,0.3590558363399155,-0.005794644355773926,0.2577744126319885,0.26356905698776245,0.013431042432785034,True,0.5511077254398827,0.39542493918934585,0.7476230296920822,10,False,0.29340942491655514,0.4781744816415172,0.4201160010855718,-0.0032229721546173096,0.268656849861145,0.27187982201576233,0.010859370231628418,True,0.14273849890029325,0.4538280494855796,-0.0018521547317504883,0.2722077965736389,0.2740599513053894,0.009488552808761597,True,0.2121460318914956,0.456998921081592,-0.0017243027687072754,0.25434932112693787,0.25607362389564514,0.009360700845718384,True,0.33810827529325516,0.38500274548986124,-0.00468367338180542,0.24730008840560913,0.25198376178741455,0.012320071458816528,True,0.41916582661290325,0.6338656286355205,0.005488365888595581,0.2701675593852997,0.2646791934967041,0.0021480321884155273,False,0.5637314424486803,0.41415717691701637,0.41916582661290325,6,False,0.38500274548986124,0.4862837647293354,1.8845572999998694,-0.01873223772767052,-0.008109283087818164
000000363666.jpg,replace_obj:745:positive,Three men sitting at a table eating breakfast. ,replace_obj:745:negative,Three women sitting at a table eating breakfast.,dataset-defined SugarCrepe perturbation,0.30434879660606384,0.2550499439239502,0.04929885268211365,0.9928245270895402,10,4.336808689942018e-17,1.7673319000004994,0.0002716999988479074,0.00012509999942267314,0.9921197440999971,0.04835483431816101,0.31089362502098083,0.2625387907028198,0.0009440183639526367,False,0.16606226679104477,0.9895974699534575,0.04555249214172363,0.3070814609527588,0.26152896881103516,0.0037463605403900146,False,0.23369286380597015,0.9784463015176253,0.03815418481826782,0.3012743592262268,0.263120174407959,0.011144667863845825,False,0.4189074160447761,0.9784463015176253,0.03815418481826782,0.3012743592262268,0.263120174407959,0.011144667863845825,False,0.4189074160447761,0.9585560372036499,0.031410858035087585,0.2799803614616394,0.24856950342655182,0.017887994647026062,False,0.5610191231343283,0.7481888145507346,0.8513526119402985,8,False,0.1915519577840713,0.9834157810661158,0.9767613197812502,0.037384241819381714,0.29828330874443054,0.26089906692504883,0.011914610862731934,False,0.16343283582089552,0.9431316296469324,0.028084665536880493,0.2854231894016266,0.2573385238647461,0.021214187145233154,False,0.23683535447761195,0.524935760714545,0.0009982585906982422,0.30777934193611145,0.3067810833454132,0.048300594091415405,False,0.36491371268656714,0.5863013539578613,0.0034869611263275146,0.28092440962791443,0.2774374485015869,0.04581189155578613,False,0.4468983208955224,0.14411698622825916,-0.017815083265304565,0.2563604712486267,0.2741755545139313,0.06711393594741821,True,0.5890100279850746,0.46370629162869553,0.8217350746268657,8,False,0.08634201961337706,0.7179444627317638,1.5536420999997063,0.28448252292203907,0.265471318334352
000000480842.jpg,swap_att:112:positive,two giraffes and some green trees and yellow flowers,swap_att:112:negative,two giraffes and some yellow trees and green flowers,dataset-defined SugarCrepe perturbation,0.29449760913848877,0.29111525416374207,0.003382354974746704,0.5837618406044628,14,2.7430314963883262e-17,2.0360108999993827,0.00030610000067099463,0.0001407999989169184,0.5731340492635215,0.00294649600982666,0.304104745388031,0.30115824937820435,0.00043585896492004395,False,0.1173488810911017,0.5822236630508849,0.003319084644317627,0.30112701654434204,0.2978079319000244,6.327033042907715e-05,False,0.2806086136122881,0.5527306280675862,0.0021170973777770996,0.29237258434295654,0.29025548696517944,0.0012652575969696045,False,0.3428686109639831,0.5609950978670684,0.0024520158767700195,0.3239976763725281,0.32154566049575806,0.0009303390979766846,False,0.4684603416313559,0.553862033964451,0.0021628737449645996,0.3224462866783142,0.3202834129333496,0.0012194812297821045,False,0.538234904661017,0.5567243037072631,0.7191472457627118,10,False,0.5406816830580137,0.5691840920850493,0.5602367646465469,0.0024212300777435303,0.3039027452468872,0.3014815151691437,0.0009611248970031738,False,0.158203125,0.5563342883839947,0.002262979745864868,0.297279417514801,0.29501643776893616,0.001119375228881836,False,0.22703836731991525,0.5727636163641553,0.002931356430053711,0.32150954008102417,0.31857818365097046,0.00045099854469299316,False,0.3293250132415254,0.5911209077501487,0.0036860108375549316,0.31949931383132935,0.3158133029937744,-0.00030365586280822754,False,0.4646947828389831,0.5594113081714192,0.0023877322673797607,0.323910117149353,0.32152238488197327,0.0009946227073669434,False,0.5521923000529662,0.5770676534697481,0.734081203654661,10,False,0.5872371467753972,0.5718648404890632,2.802054899999348,-0.020343349762484975,-0.0026807484040138885
000000300233.jpg,swap_att:623:positive,A close up of a bowl of uncooked rice and a jar of oil.,swap_att:623:negative,A close up of a jar of cooked rice and a bowl of oil.,dataset-defined SugarCrepe perturbation,0.25318458676338196,0.23605892062187195,0.01712566614151001,0.8471688896098318,13,2.688821387764051e-17,1.8493345999995654,0.0003105000014329562,0.0001382000009471085,0.8024844693694551,0.0140189528465271,0.22140157222747803,0.20738261938095093,0.00310671329498291,False,0.12061920556265984,0.830735372925094,0.015908479690551758,0.22714748978614807,0.2112390100955963,0.001217186450958252,False,0.27406689578005117,0.8312736046692308,0.015946805477142334,0.22804740071296692,0.21210059523582458,0.0011788606643676758,False,0.377013067455243,0.8472410318215353,0.01713123917579651,0.22322015464305878,0.20608891546726227,-5.5730342864990234e-06,False,0.41895780051150894,0.869789218341519,0.01899096369743347,0.22072407603263855,0.20173311233520508,-0.001865297555923462,False,0.5502317774936062,0.8505426379699689,0.5502317774936062,8,False,0.869789218341519,0.8328284796955959,0.8813740716526117,0.020055070519447327,0.2554468512535095,0.2353917807340622,-0.002929404377937317,False,0.13572969948849106,0.783439549639774,0.01285824179649353,0.25280582904815674,0.2399475872516632,0.0042674243450164795,False,0.21773597346547316,0.7832900980212846,0.012849435210227966,0.24116912484169006,0.2283196896314621,0.0042762309312820435,False,0.32068214514066495,0.7977238634140278,0.013721287250518799,0.24873873591423035,0.23501744866371155,0.003404378890991211,False,0.47020360453964194,0.7596080877077577,0.01150532066822052,0.24864740669727325,0.23714208602905273,0.00562034547328949,False,0.5391474184782609,0.7910447153422363,0.637742766943734,9,False,0.7755505488256632,0.8125723011954317,1.948896900001273,0.05949792262773257,0.020256178500164257
000000067406.jpg,replace_rel:620:positive,two people standing on a field with a kite flying above ,replace_rel:620:negative,Two people are running across a field with a kite flying above.,dataset-defined SugarCrepe perturbation,0.37116071581840515,0.3504418134689331,0.020718902349472046,0.8881408877764261,14,1.7780915628762273e-17,1.869579899999735,0.00030440000045928173,0.0001415999995515449,0.5376353242940346,0.001508265733718872,0.32657912373542786,0.325070858001709,0.019210636615753174,False,0.12633066666666667,0.4217751718777556,-0.0031549036502838135,0.2961791157722473,0.29933401942253113,0.02387380599975586,True,0.296128,0.383707996680855,-0.0047383904457092285,0.2991613745689392,0.30389976501464844,0.025457292795181274,True,0.3466613333333333,0.15758363561579672,-0.01676318049430847,0.27298182249069214,0.2897450029850006,0.03748208284378052,True,0.43234666666666666,0.19470500680934882,-0.014197230339050293,0.27659720182418823,0.2907944321632385,0.03491613268852234,True,0.5130986666666667,0.34242743738726655,0.849264,12,False,0.22688350730384285,0.4468508191976813,0.4584376952431115,-0.001666337251663208,0.33655646443367004,0.33822280168533325,0.022385239601135254,True,0.13893333333333333,0.4524381709049921,-0.0019082427024841309,0.3215962052345276,0.3235044479370117,0.022627145051956177,True,0.2586773333333333,0.4490065786006113,-0.0020468533039093018,0.32253897190093994,0.32458582520484924,0.022765755653381348,True,0.336112,0.47892585935931664,-0.0008434653282165527,0.28593891859054565,0.2867823839187622,0.0215623676776886,True,0.46447466666666665,0.40232575173512547,-0.003957837820053101,0.27637502551078796,0.28033286333084106,0.024676740169525146,True,0.5452266666666666,0.4028600747244905,0.661792,9,False,0.2689298900455803,0.510094599984782,2.157521600000109,-0.06043263733722393,-0.06324378078710069
000000562121.jpg,replace_att:244:positive,Two zebras fighting in a open area with green bushes.,replace_att:244:negative,Two zebras fighting in an enclosed area with green bushes.,dataset-defined SugarCrepe perturbation,0.3229195773601532,0.3215916156768799,0.0013279616832733154,0.5331503396984523,15,3.5778671692021646e-17,1.8745897000007972,0.0003171999996993691,0.00014489999921352137,0.3679019514219425,-0.005412280559539795,0.2988039553165436,0.3042162358760834,0.00674024224281311,True,0.14197550792011018,0.3171177703872537,-0.007670491933822632,0.2779492437839508,0.28561973571777344,0.008998453617095947,True,0.20512116907713498,0.3823768872366666,-0.004794716835021973,0.267241895198822,0.272036612033844,0.006122678518295288,True,0.3520844094352617,0.39209644706561236,-0.004385083913803101,0.2693658471107483,0.2737509310245514,0.005713045597076416,True,0.4270887138429752,0.36547271320075436,-0.0055168867111206055,0.2735162377357483,0.2790331244468689,0.006844848394393921,True,0.555198648415978,0.3744869766450948,0.6180483815426997,9,False,0.3560095205224903,0.386460190360231,0.3679019514219425,-0.005412280559539795,0.2988039553165436,0.3042162358760834,0.00674024224281311,True,0.14197550792011018,0.3792006745051046,-0.0049294233322143555,0.30123066902160645,0.3061600923538208,0.006257385015487671,True,0.21793216253443526,0.34376887324389876,-0.006465435028076172,0.26288866996765137,0.26935410499572754,0.007793396711349487,True,0.3512611914600551,0.36246127371734377,-0.0056469738483428955,0.2669079899787903,0.2725549638271332,0.006974935531616211,True,0.46141636535812675,0.3687575939316982,-0.005375504493713379,0.2741415500640869,0.2795170545578003,0.006703466176986694,True,0.5364206697658402,0.3704609337403181,0.5364206697658402,8,False,0.3687575939316982,0.38561812683928026,2.0506320000004052,0.0040260429047767055,0.000842063520950731
000000180101.jpg,swap_obj:206:positive,A boy getting ready to blow out birthday candles with a girl watching.,swap_obj:206:negative,A girl getting ready to blow out birthday candles with a boy watching.,dataset-defined SugarCrepe perturbation,0.31495118141174316,0.2919529378414154,0.02299824357032776,0.9088624912659263,15,3.9898639947466563e-17,1.9005753999990702,0.0003316000002087094,0.00014729999929841142,0.7419557536770669,0.010561585426330566,0.2922574281692505,0.2816958427429199,0.012436658143997192,False,0.1540374755859375,0.6712826713093288,0.007139921188354492,0.31845706701278687,0.3113171458244324,0.015858322381973267,False,0.2230224609375,0.8132637892498619,0.014713585376739502,0.31039804220199585,0.29568445682525635,0.008284658193588257,False,0.3265787760416667,0.8313337882293758,0.015951097011566162,0.3084721565246582,0.29252105951309204,0.007047146558761597,False,0.428253173828125,0.7596186994721708,0.01150590181350708,0.2681002616882324,0.25659435987472534,0.011492341756820679,False,0.5443572998046875,0.7311344482300242,0.6599884033203125,10,False,0.6754795975632518,0.7875745258292329,0.7029313667992441,0.008612960577011108,0.3004418909549713,0.2918289303779602,0.01438528299331665,False,0.12094624837239583,0.4644003702587746,-0.001426398754119873,0.29991745948791504,0.3013438582420349,0.024424642324447632,True,0.2423095703125,0.5237851490897637,0.0009521245956420898,0.3278566300868988,0.3269045054912567,0.02204611897468567,False,0.3112945556640625,0.48628394298287414,-0.0005487799644470215,0.3177969753742218,0.3183457553386688,0.02354702353477478,True,0.43017578125,0.46674507036433344,-0.0013321638107299805,0.3060983121395111,0.3074304759502411,0.02433040738105774,True,0.5724385579427084,0.5423046837697936,0.43017578125,7,False,0.48628394298287414,0.5768657940758999,2.1867990999999165,0.1888297644602306,0.21070873175333305
000000297698.jpg,replace_rel:571:positive,The skier is leaning forward while jumping through the air. ,replace_rel:571:negative,The skier is leaning back while jumping through the air.,dataset-defined SugarCrepe perturbation,0.3325677216053009,0.3288276791572571,0.0037400424480438232,0.5924261896397818,14,4.672911363412524e-17,1.8265267000006133,0.00030530000003636815,0.00014030000056663994,0.46060122161396505,-0.0015792250633239746,0.21938809752464294,0.22096732258796692,0.005319267511367798,True,0.17902354815864022,0.4931697326221933,-0.0002732276916503906,0.21324069797992706,0.21351392567157745,0.004013270139694214,True,0.24201597910764872,0.4871420158033864,-0.0005144327878952026,0.21302653849124908,0.2135409712791443,0.004254475235939026,True,0.3081787800991501,0.5291114739433197,0.0011657774448394775,0.21369609236717224,0.21253031492233276,0.0025742650032043457,False,0.450220210694051,0.4855223545924218,-0.0005792677402496338,0.20163875818252563,0.20221802592277527,0.004319310188293457,True,0.5424818519830028,0.501903499913626,0.6824760977337111,9,False,0.5002186745265775,0.5082373773524106,0.5017426837449857,6.970763206481934e-05,0.2500826120376587,0.25001290440559387,0.003670334815979004,False,0.12714124468838528,0.5419803245147582,0.0016831755638122559,0.254524827003479,0.25284165143966675,0.0020568668842315674,False,0.26468440155807366,0.5334741139471828,0.0013409703969955444,0.23949222266674042,0.23815125226974487,0.002399072051048279,False,0.3386099061614731,0.5597612862870598,0.0024019330739974976,0.2342330366373062,0.23183110356330872,0.0013381093740463257,False,0.43087154745042494,0.5759977258942413,0.0030636489391326904,0.2216057926416397,0.21854214370250702,0.0006763935089111328,False,0.5690067280453258,0.5379487445020393,0.26468440155807366,4,False,0.5419803245147582,0.5447443764739007,1.7621705000001384,-0.036045244588413294,-0.036506999121490136
000000459887.jpg,replace_rel:774:positive,A bunch of bananas in a metal bowl.,replace_rel:774:negative,A bunch of bananas next to a metal bowl.,dataset-defined SugarCrepe perturbation,0.31308043003082275,0.3124992847442627,0.0005811452865600586,0.5145245445839307,13,2.949029909160572e-17,1.8356308000002173,0.0003121999998256797,0.00013669999862031545,0.5198468540372813,0.0007942914962768555,0.31552278995513916,0.3147284984588623,-0.00021314620971679688,False,0.10201517740885417,0.5008657566001418,3.463029861450195e-05,0.3175351023674011,0.3175004720687866,0.0005465149879455566,False,0.2677256266276042,0.4493391274656324,-0.002033412456512451,0.3147258162498474,0.31675922870635986,0.0026145577430725098,True,0.3421529134114583,0.5042705689461341,0.00017082691192626953,0.3161160349845886,0.31594520807266235,0.00041031837463378906,False,0.4168548583984375,0.5539062182619142,0.0021646618843078613,0.27786439657211304,0.2756997346878052,-0.0015835165977478027,False,0.5431111653645834,0.5737107209616676,0.7179514567057291,9,False,0.6833012564190075,0.5065477620589639,0.5037021258425747,0.000148087739944458,0.3207798898220062,0.32063180208206177,0.0004330575466156006,False,0.10559590657552083,0.5103473789017624,0.0004139542579650879,0.32479989528656006,0.32438594102859497,0.0001671910285949707,False,0.2518717447916667,0.5308909464263958,0.0012372136116027832,0.3256615400314331,0.3244243264198303,-0.0006560683250427246,False,0.3262990315755208,0.5048099464505692,0.00019240379333496094,0.31750965118408203,0.31731724739074707,0.00038874149322509766,False,0.4427591959635417,0.409791321214624,-0.0036482810974121094,0.30858486890792847,0.3122331500053406,0.004229426383972168,True,0.5077260335286459,0.5082623436767181,0.4427591959635417,5,False,0.5048099464505692,0.5055725602430572,1.9342933999996603,0.06544837728494957,0.0009752018159067122
000000080671.jpg,replace_rel:1159:positive,A woman touching her skis going down a ski hill.,replace_rel:1159:negative,A woman holding her skis going down a ski hill.,dataset-defined SugarCrepe perturbation,0.3146321177482605,0.30976685881614685,0.0048652589321136475,0.6192876807538938,14,3.599551212651875e-17,1.8232088000004296,0.00031320000016421545,0.00013949999993201345,0.7590904440865792,0.011476993560791016,0.3236631453037262,0.3121861517429352,-0.006611734628677368,False,0.15226379751461988,0.7565514874069406,0.011338651180267334,0.32170140743255615,0.3103627562522888,-0.0064733922481536865,False,0.23579701206140352,0.7451041599376853,0.010726690292358398,0.32044124603271484,0.30971455574035645,-0.005861431360244751,False,0.3020776224415205,0.7420995156108111,0.010569095611572266,0.31789711117744446,0.3073280155658722,-0.005703836679458618,False,0.4719652320906433,0.6429662871310796,0.005882620811462402,0.3005271553993225,0.2946445345878601,-0.0010173618793487549,False,0.5398620248538012,0.7266913469387756,0.6777914839181286,9,False,0.7223271760516374,0.7249196558231559,0.7590904440865792,0.011476993560791016,0.3236631453037262,0.3121861517429352,-0.006611734628677368,False,0.15226379751461988,0.7565514874069406,0.011338651180267334,0.32170140743255615,0.3103627562522888,-0.0064733922481536865,False,0.23579701206140352,0.7542729460978799,0.01121532917022705,0.3122590184211731,0.30104368925094604,-0.006350070238113403,False,0.33927266081871343,0.7439432229822671,0.010665655136108398,0.3072778880596161,0.2966122329235077,-0.005800396203994751,False,0.41892817982456143,0.6236518980579411,0.005050778388977051,0.28683143854141235,0.2817806601524353,-0.00018551945686340332,False,0.5531055829678363,0.7453787132023605,0.41892817982456143,6,False,0.7439432229822671,0.7192646771963936,1.760652900000423,-0.018687366263584915,0.00565497862676223
000000551815.jpg,swap_att:293:positive,An orange cat laying on a white and brown cat in a bed.,swap_att:293:negative,A white and brown cat laying on an orange cat in a bed.,dataset-defined SugarCrepe perturbation,0.327007532119751,0.32138288021087646,0.005624651908874512,0.63702274578983,15,5.204170427930421e-17,1.8699863000001642,0.00030449999940174166,0.0001436000002286164,0.8006109858238456,0.013901174068450928,0.30321913957595825,0.2893179655075073,-0.008276522159576416,False,0.1536102294921875,0.798126551089213,0.013746261596679688,0.3021257519721985,0.2883794903755188,-0.008121609687805176,False,0.21326192220052084,0.7816854580707233,0.012755155563354492,0.2944248616695404,0.2816697061061859,-0.0071305036544799805,False,0.347991943359375,0.7594494172661014,0.011496633291244507,0.27892306447029114,0.26742643117904663,-0.005871981382369995,False,0.4639689127604167,0.7115848673571009,0.009030938148498535,0.2675606608390808,0.2585297226905823,-0.0034062862396240234,False,0.5360565185546875,0.6997509591536738,0.9285329182942709,14,False,0.57532651281328,0.7590899624045877,0.6607642426988821,0.006667017936706543,0.2899233102798462,0.28325629234313965,-0.0010423660278320312,False,0.1317901611328125,0.6794979532535137,0.007514655590057373,0.29358386993408203,0.28606921434402466,-0.0018900036811828613,False,0.20383199055989584,0.7231560854491514,0.009601712226867676,0.2841983437538147,0.274596631526947,-0.003977060317993164,False,0.3070882161458333,0.6993343113042138,0.008441299200057983,0.29691779613494873,0.28847649693489075,-0.0028166472911834717,False,0.4410654703776042,0.633578545445741,0.0054759979248046875,0.2955580949783325,0.29008209705352783,0.00014865398406982422,False,0.5145823160807291,0.5712082149057272,0.7201283772786459,11,False,0.4029343171756453,0.6811312234447016,2.65871689999949,0.12854274424794665,0.07795873895988614
000000409475.jpg,add_obj:62:positive,A smiling pair of skiers with a huge snow covered mountain behind them.,add_obj:62:negative,A smiling pair of skiers and a snowboarder with a huge snow covered mountain behind them.,dataset-defined SugarCrepe perturbation,0.3426016867160797,0.33346182107925415,0.009139865636825562,0.7138152437924573,15,4.3151246464923076e-17,1.8360942999988765,0.0003025999994861195,0.00014379999993252568,0.7996143423338602,0.013838857412338257,0.3270929455757141,0.31325408816337585,-0.004698991775512695,False,0.12800089518229166,0.5779595156702974,0.0031440258026123047,0.31743019819259644,0.31428617238998413,0.005995839834213257,False,0.278106689453125,0.19205019867653048,-0.014367431402206421,0.27310910820961,0.2874765396118164,0.023507297039031982,True,0.340057373046875,0.3144866337082338,-0.007792264223098755,0.270827054977417,0.27861931920051575,0.016932129859924316,True,0.4071044921875,0.39667694350296673,-0.004193305969238281,0.25331801176071167,0.25751131772994995,0.013333171606063843,True,0.512298583984375,0.4601141636511811,0.8553975423177084,12,False,0.3342403361896087,0.543605670116737,0.4945486261940674,-0.0002180635929107666,0.32825079560279846,0.32846885919570923,0.009357929229736328,True,0.14323933919270834,0.5442972112669925,0.0017765462398529053,0.32259702682495117,0.32082048058509827,0.007363319396972656,False,0.21645609537760416,0.4808063097968616,-0.000768125057220459,0.31689709424972534,0.3176652193069458,0.00990799069404602,True,0.3225250244140625,0.6144982417992343,0.004662603139877319,0.3231285512447357,0.3184659481048584,0.004477262496948242,False,0.4270426432291667,0.594644252481073,0.0038319826126098633,0.3347802758216858,0.3309482932090759,0.005307883024215698,False,0.5551706949869791,0.5752111222433247,0.5551706949869791,9,False,0.594644252481073,0.5649447085653886,2.4529536999998527,-0.11509695859214364,-0.021339038448651593
000000109916.jpg,add_obj:1968:positive,Two cake pans with cake on top of a stove.  ,add_obj:1968:negative,Two cake pans with cake on top of a stove and a coffee pot next to it.,dataset-defined SugarCrepe perturbation,0.30257293581962585,0.2826327681541443,0.019940167665481567,0.8801674441675275,10,6.245004513516506e-17,1.9047204999988026,0.00027939999927184545,0.0001267000006919261,0.8477929386599452,0.017173945903778076,0.3037872314453125,0.2866132855415344,0.002766221761703491,False,0.19898478190104166,0.8099859287461517,0.014499187469482422,0.30130535364151,0.2868061661720276,0.0054409801959991455,False,0.2942962646484375,0.7082609533349201,0.008869528770446777,0.28716015815734863,0.27829062938690186,0.01107063889503479,False,0.4462025960286458,0.7082609533349201,0.008869528770446777,0.28716015815734863,0.27829062938690186,0.01107063889503479,False,0.4462025960286458,0.6964199669070853,0.008303076028823853,0.2770707309246063,0.26876765489578247,0.011637091636657715,False,0.54931640625,0.7564129232626696,0.8144022623697916,8,False,0.7875238482228574,0.7985529720814755,0.813674849327399,0.014740675687789917,0.30234095454216003,0.2876002788543701,0.00519949197769165,False,0.294464111328125,0.813674849327399,0.014740675687789917,0.30234095454216003,0.2876002788543701,0.00519949197769165,False,0.294464111328125,0.7861204294344726,0.013016968965530396,0.28958895802497864,0.27657198905944824,0.006923198699951172,False,0.3823750813802083,0.6290746602375251,0.005282491445541382,0.27374958992004395,0.26846709847450256,0.014657676219940186,False,0.5342814127604166,0.6290746602375251,0.005282491445541382,0.27374958992004395,0.26846709847450256,0.014657676219940186,False,0.5342814127604166,0.6202311588626949,0.7275136311848959,6,False,0.3456463900162585,0.7995715313861779,1.8153958999992028,0.13618176439997476,-0.0010185593047024044
000000177934.jpg,replace_obj:739:positive,A group of women operating a car wash.,replace_obj:739:negative,A group of women operating a hair salon.,dataset-defined SugarCrepe perturbation,0.2895832657814026,0.17787212133407593,0.11171114444732666,0.9999859252552569,11,4.163336342344337e-17,1.9166968999998062,0.0002903000004153,0.00013130000115779694,0.9998596614426467,0.08871312439441681,0.26992130279541016,0.18120817840099335,0.02299802005290985,False,0.11894734700520833,0.9996785568276149,0.08042368292808533,0.24049299955368042,0.1600693166255951,0.03128746151924133,False,0.2503153483072917,0.9997000624654464,0.08111636340618134,0.23112289607524872,0.15000653266906738,0.030594781041145325,False,0.3597513834635417,0.9984464856927685,0.0646568089723587,0.20060154795646667,0.13594473898410797,0.04705433547496796,False,0.4171803792317708,0.9985137788923709,0.06510031223297119,0.20033422112464905,0.13523390889167786,0.04661083221435547,False,0.545745849609375,0.9982751150529834,0.773162841796875,9,False,0.9972139966927104,0.999409726406289,0.9999630121618658,0.1020488440990448,0.25874823331832886,0.15669938921928406,0.00966230034828186,False,0.13136800130208334,0.9996785568276149,0.08042368292808533,0.24049299955368042,0.1600693166255951,0.03128746151924133,False,0.2503153483072917,0.9999719785964237,0.10482513904571533,0.2655738890171051,0.16074874997138977,0.006886005401611328,False,0.3404286702473958,0.9999727495926835,0.10510414838790894,0.26286518573760986,0.15776103734970093,0.006606996059417725,False,0.4498647054036458,0.9999447534703438,0.0980364978313446,0.262695848941803,0.16465935111045837,0.013674646615982056,False,0.5334726969401041,0.956258658036781,1.0,11,False,0.34746791325724025,0.9999121042626304,1.9473997000004601,0.04201645701620238,-0.0005023778563414405
000000117908.jpg,add_att:418:positive,A cat standing next to an open refrigerator door.,add_att:418:negative,A cat standing next to a cracked open refrigerator door.,dataset-defined SugarCrepe perturbation,0.2839386463165283,0.273510217666626,0.010428428649902344,0.7393981662219368,13,6.331740687315346e-17,1.7464182999992772,0.00030109999897831585,0.0001404999984515598,0.5593716427011904,0.002386122941970825,0.2532142698764801,0.2508281469345093,0.008042305707931519,False,0.15855625,0.3748708832775638,-0.005113765597343445,0.20963172614574432,0.21474549174308777,0.015542194247245789,True,0.25015625,0.47834242867126503,-0.0008668452501296997,0.1984114795923233,0.199278324842453,0.011295273900032043,True,0.33179375,0.43234306115828913,-0.0027229785919189453,0.19000005722045898,0.19272303581237793,0.013151407241821289,True,0.43518125,0.4360854796178234,-0.0025706440210342407,0.19405381381511688,0.19662445783615112,0.012999072670936584,True,0.510275,0.47142982750502205,0.621175,8,False,0.44864311281937147,0.5100445244854277,0.25760171819888794,-0.010584712028503418,0.2555673122406006,0.266152024269104,0.02101314067840576,True,0.14171875,0.14725752147291685,-0.01756274700164795,0.24795395135879517,0.2655166983604431,0.027991175651550293,True,0.21916875,0.19387877759552669,-0.014250010251998901,0.24984565377235413,0.264095664024353,0.024678438901901245,True,0.3759,0.2199407655633865,-0.012660115957260132,0.25211596488952637,0.2647760808467865,0.023088544607162476,True,0.44789375,0.26231934823018105,-0.010339483618736267,0.21369829773902893,0.2240377813577652,0.02076791226863861,True,0.5384375,0.26931837904529066,0.71838125,9,False,0.26825864808861744,0.27818892997776845,1.7008912000001146,0.2021114484597314,0.23185559450765925
000000370677.jpg,replace_obj:127:positive,Three people in work uniforms and visors standing together in front of various types of donuts.,replace_obj:127:negative,A group of kids in casual clothes standing together in front of various types of donuts.,dataset-defined SugarCrepe perturbation,0.3361204266548157,0.2865333557128906,0.04958707094192505,0.9930269639129855,8,3.9898639947466563e-17,1.7788603000008152,0.0002781000002869405,0.00012310000056459103,0.994672712010424,0.05229571461677551,0.35030293464660645,0.29800722002983093,-0.002708643674850464,False,0.1810542168674699,0.9996284053523355,0.07897335290908813,0.3000866174697876,0.22111326456069946,-0.029386281967163086,False,0.33686144578313254,0.9996284053523355,0.07897335290908813,0.3000866174697876,0.22111326456069946,-0.029386281967163086,False,0.33686144578313254,0.9995701561243675,0.0775165855884552,0.24848642945289612,0.17096984386444092,-0.02792951464653015,False,0.5308614457831325,0.9995701561243675,0.0775165855884552,0.24848642945289612,0.17096984386444092,-0.02792951464653015,False,0.5308614457831325,0.971324208273104,0.9197469879518072,7,False,0.7820996724453702,0.9969196936846467,0.994672712010424,0.05229571461677551,0.35030293464660645,0.29800722002983093,-0.002708643674850464,False,0.1810542168674699,0.9976303942795718,0.06042659282684326,0.3146342635154724,0.25420767068862915,-0.010839521884918213,False,0.37505421686746987,0.9976303942795718,0.06042659282684326,0.3146342635154724,0.25420767068862915,-0.010839521884918213,False,0.37505421686746987,0.9988271388282778,0.06747135519981384,0.34738850593566895,0.2799171507358551,-0.017884284257888794,False,0.42157831325301204,0.99688488933559,0.057683706283569336,0.34227749705314636,0.284593790769577,-0.008096635341644287,False,0.5204819277108433,0.9238253705951743,1.0,8,False,0.5371578206012635,0.9958604432952973,1.390883699999904,0.04749883767792962,0.0010592503893493976
000000241326.jpg,swap_obj:38:positive,A cat sitting on a couch with a dog on the floor.,swap_obj:38:negative,A dog sitting on a couch with a cat on the floor.,dataset-defined SugarCrepe perturbation,0.3305431008338928,0.32484114170074463,0.005701959133148193,0.6388083798947478,14,4.683753385137379e-17,1.7982394000009663,0.00031320000016421545,0.00013969999963592272,0.4444338121698809,-0.0022318661212921143,0.2958955764770508,0.2981274425983429,0.007933825254440308,True,0.144528,0.4538649849723598,-0.0018506646156311035,0.29947739839553833,0.30132806301116943,0.007552623748779297,True,0.23351466666666668,0.4468214577998875,-0.0021352171897888184,0.2872212529182434,0.2893564701080322,0.007837176322937012,True,0.33742933333333336,0.44661521053900094,-0.002143561840057373,0.29054057598114014,0.2926841378211975,0.007845520973205566,True,0.41472533333333333,0.47938848014624363,-0.0008249282836914062,0.292763888835907,0.2935888171195984,0.0065268874168396,True,0.546496,0.5096307552584816,0.9217493333333333,13,False,0.5792304234053227,0.4768279905143458,0.6499768863697895,0.00618937611579895,0.3220716416835785,0.31588226556777954,-0.00048741698265075684,False,0.156656,0.5111784782256874,0.00044721364974975586,0.29746609926223755,0.2970188856124878,0.0052547454833984375,False,0.21714133333333333,0.4793074073668553,-0.000828176736831665,0.2930152714252472,0.29384344816207886,0.006530135869979858,True,0.36654933333333334,0.4446244071144787,-0.002224147319793701,0.28363388776779175,0.28585803508758545,0.007926106452941895,True,0.41858666666666666,0.4279621724000817,-0.002901703119277954,0.2745104432106018,0.27741214632987976,0.008603662252426147,True,0.5757226666666667,0.49636904192532405,0.6648586666666667,9,False,0.4635494840087963,0.5256949888881077,2.3246011000010185,0.01326171333315751,-0.048866998373761905
000000034071.jpg,replace_obj:419:positive,The photo of the double parking meter has a blurry city in the background.,replace_obj:419:negative,The photo of the bus stop has a blurry city in the background.,dataset-defined SugarCrepe perturbation,0.2781248688697815,0.19691219925880432,0.08121266961097717,0.9997029363311486,13,3.209238430557093e-17,1.8029296999993676,0.0002973000009660609,0.00013770000077784061,0.9964325185083432,0.05632321536540985,0.2533412575721741,0.19701804220676422,0.024889454245567322,False,0.10406547837243402,0.9788578512897911,0.03835117816925049,0.24600878357887268,0.2076576054096222,0.042861491441726685,False,0.26644978005865105,0.9641926262772104,0.0329313725233078,0.2502667307853699,0.21733535826206207,0.04828129708766937,False,0.31536381964809385,0.721480272057057,0.009518161416053772,0.2279994785785675,0.21848131716251373,0.0716945081949234,False,0.45492920637829914,0.8032217531778353,0.014065533876419067,0.22801336646080017,0.2139478325843811,0.0671471357345581,False,0.575043530058651,0.7892943104821595,0.7340599798387096,9,False,0.5754575741493166,0.9059553532762596,0.9964325185083432,0.05632321536540985,0.2533412575721741,0.19701804220676422,0.024889454245567322,False,0.10406547837243402,0.8258725245325201,0.015566527843475342,0.2257327139377594,0.21016618609428406,0.06564614176750183,False,0.26107725439882695,0.7947444019953599,0.01353764533996582,0.23041394352912903,0.2168762981891632,0.06767502427101135,False,0.3099912939882698,0.721480272057057,0.009518161416053772,0.2279994785785675,0.21848131716251373,0.0716945081949234,False,0.45492920637829914,0.6884664031764972,0.007929593324661255,0.2282576858997345,0.22032809257507324,0.07328307628631592,False,0.5488395802785924,0.7300604919708921,0.8010733596041055,10,False,0.5659717114817311,0.8429513417469281,1.903459600000133,0.05923381851126741,0.06300401152933155
000000351810.jpg,replace_att:725:positive,an image of a large number of suitcases in a pile,replace_att:725:negative,An image of a small number of suitcases in a pile.,dataset-defined SugarCrepe perturbation,0.34801584482192993,0.3407570719718933,0.007258772850036621,0.6738999199741205,13,4.0766001685454967e-17,1.8553439999996044,0.0003049000006285496,0.0001384999995934777,0.727286509183147,0.009808987379074097,0.30769822001457214,0.29788923263549805,-0.0025502145290374756,False,0.10669333333333333,0.841348999963844,0.016682997345924377,0.22468820214271545,0.20800520479679108,-0.009424224495887756,False,0.27841066666666664,0.8063681990536561,0.014265820384025574,0.23472265899181366,0.22045683860778809,-0.007007047533988953,False,0.33991466666666664,0.8084591184079803,0.014400288462638855,0.21374785900115967,0.1993475705385208,-0.007141515612602234,False,0.4243306666666667,0.7911670635836878,0.013319745659828186,0.20235304534435272,0.18903329968452454,-0.006060972809791565,False,0.5670826666666666,0.771709120228686,0.7610986666666667,10,False,0.7542649366166615,0.780192648739459,0.6526597868223567,0.006307512521743774,0.3478231132030487,0.34151560068130493,0.0009512603282928467,False,0.16114666666666666,0.6776063244396014,0.00742793083190918,0.3434469699859619,0.33601903915405273,-0.0001691579818725586,False,0.22290133333333334,0.6836555358352736,0.0077062249183654785,0.33512547612190247,0.327419251203537,-0.0004474520683288574,False,0.30389866666666665,0.6143549163784694,0.004656553268432617,0.3283764719963074,0.32371991872787476,0.002602219581604004,False,0.441184,0.6064428050706197,0.004323840141296387,0.3340277671813965,0.3297039270401001,0.0029349327087402344,False,0.5160106666666666,0.6424119475409165,0.5927733333333334,8,False,0.6274995899693049,0.6547591563870359,2.0008168000003934,0.12929717268776952,0.12543349235242318
000000134882.jpg,add_obj:976:positive,a cat in a bedroom laying on a striped covered bed.,add_obj:976:negative,A cat in a bedroom laying on a striped covered bed next to a lamp.,dataset-defined SugarCrepe perturbation,0.30411332845687866,0.29503893852233887,0.009074389934539795,0.712475815857402,14,1.9081958235744878e-17,2.080262200001016,0.00029519999952754006,0.00013969999963592272,0.6157971458606099,0.004717469215393066,0.2717260718345642,0.26700860261917114,0.0043569207191467285,False,0.11641924535225048,0.6942759771578554,0.00820186734199524,0.2756878137588501,0.26748594641685486,0.0008725225925445557,False,0.20236821183953033,0.7360826707758528,0.010257065296173096,0.28579235076904297,0.2755352854728699,-0.0011826753616333008,False,0.32072529354207435,0.6373727376990743,0.005639791488647461,0.26911628246307373,0.26347649097442627,0.003434598445892334,False,0.4104696673189824,0.2750943966073017,-0.009689271450042725,0.2593379616737366,0.2690272331237793,0.01876366138458252,True,0.5579363380626223,0.48348820573902374,0.7600790423189824,10,False,0.2913334021162019,0.6222461065566479,0.5286681592686617,0.0011479854583740234,0.3137839734554291,0.31263598799705505,0.007926404476165771,False,0.15913955479452055,0.4048056009268704,-0.003854811191558838,0.2993561029434204,0.30321091413497925,0.012929201126098633,True,0.2306827910958904,0.5080116686100979,0.0003204941749572754,0.29293107986450195,0.2926105856895447,0.00875389575958252,False,0.3074088796477495,0.4387935297372121,-0.0024605989456176758,0.314650297164917,0.31711089611053467,0.01153498888015747,True,0.43395685543052837,0.5503740035308001,0.0020218193531036377,0.3030022382736206,0.30098041892051697,0.007052570581436157,False,0.5379884723581213,0.5316374184902433,0.5379884723581213,7,False,0.5503740035308001,0.5177217913855412,3.0014343000002555,-0.04814921275121953,0.10452431517110672
000000176634.jpg,add_obj:597:positive,A couple of zebra standing on top of a rock.,add_obj:597:negative,A couple of zebra standing on top of a rock and near a waterfall.,dataset-defined SugarCrepe perturbation,0.2866054177284241,0.2680632770061493,0.01854214072227478,0.8646211245472505,12,7.979727989493313e-17,2.0584925999992265,0.00029089999952702783,0.00013770000077784061,0.6272501693361058,0.005204379558563232,0.2687767744064331,0.2635723948478699,0.013337761163711548,False,0.10660298665364583,0.7423281718733392,0.010581046342849731,0.27347832918167114,0.2628972828388214,0.007961094379425049,False,0.2598978678385417,0.6854536113945181,0.007789492607116699,0.266818642616272,0.2590291500091553,0.010752648115158081,False,0.3474273681640625,0.6534808657941972,0.006343752145767212,0.25049450993537903,0.24415075778961182,0.012198388576507568,False,0.5310211181640625,0.6534808657941972,0.006343752145767212,0.25049450993537903,0.24415075778961182,0.012198388576507568,False,0.5310211181640625,0.6058028090200177,0.7070566813151041,8,False,0.4745206146137594,0.6965639285799888,0.6259490225053028,0.005148768424987793,0.2917766571044922,0.2866278886795044,0.013393372297286987,False,0.11796061197916667,0.7514744746749402,0.011064916849136353,0.2835332751274109,0.27246835827827454,0.007477223873138428,False,0.20771280924479166,0.6433964982986387,0.005901366472244263,0.2774779200553894,0.27157655358314514,0.012640774250030518,False,0.3604634602864583,0.6334678374207555,0.005471229553222656,0.28337353467941284,0.2779023051261902,0.013070911169052124,False,0.4414723714192708,0.31238821012606516,-0.007889777421951294,0.2744859457015991,0.2823757231235504,0.026431918144226074,True,0.6250661214192709,0.4965318370149321,0.7459259033203125,9,False,0.22583709489226333,0.6316239375280965,1.9866789000006975,0.10927097200508562,0.0649399910518923
000000399462.jpg,replace_obj:73:positive,A little girl laughs and runs with a kite in a grassy park.,replace_obj:73:negative,A little boy laughs and runs with a kite in a grassy park.,dataset-defined SugarCrepe perturbation,0.37478408217430115,0.3555775284767151,0.01920655369758606,0.8722114980975815,15,9.020562075079397e-17,1.6657297000001563,0.00029859999995096587,0.00014250000094762072,0.28604961930812284,-0.00914648175239563,0.3454006612300873,0.3545471429824829,0.02835303544998169,True,0.1042350332594235,0.06899723988974323,-0.026021957397460938,0.30082833766937256,0.3268502950668335,0.045228511095047,True,0.21133037694013304,0.08974211027692373,-0.02316787838935852,0.2803795337677002,0.3035474121570587,0.04237443208694458,True,0.31568366592756836,0.3940359963823464,-0.004303783178329468,0.2634907066822052,0.26779448986053467,0.023510336875915527,True,0.4573170731707317,0.3283905721522001,-0.007154732942581177,0.2546238303184509,0.2617785632610321,0.026361286640167236,True,0.521869918699187,0.27270011428463903,0.7936954915003696,12,False,0.2562117924738101,0.2783012075021967,0.1063897956928068,-0.02128159999847412,0.32485806941986084,0.34613966941833496,0.04048815369606018,True,0.15172209903917222,0.06899723988974323,-0.026021957397460938,0.30082833766937256,0.3268502950668335,0.045228511095047,True,0.21133037694013304,0.06050455705901586,-0.02742624282836914,0.30169397592544556,0.3291202187538147,0.0466327965259552,True,0.35643015521064303,0.05896465965849671,-0.027700424194335938,0.2973064184188843,0.3250068426132202,0.046906977891922,True,0.42787878787878786,0.060823317951104065,-0.027370303869247437,0.2835140526294708,0.31088435649871826,0.046576857566833496,True,0.5636807095343681,0.10821838791621667,0.21133037694013304,3,False,0.06899723988974323,0.17964424709049506,1.5320425999998406,0.16448172636842234,0.09865696041170166
000000433980.jpg,replace_obj:344:positive,A photo of a woman that she took of herself.,replace_obj:344:negative,A photo of a man that he took of himself.,dataset-defined SugarCrepe perturbation,0.26766619086265564,0.2233235239982605,0.04434266686439514,0.9882753360528275,15,3.122502256758253e-17,1.7844826000000467,0.0003060000017285347,0.00014319999900180846,0.8135948626597406,0.014735400676727295,0.2772710919380188,0.2625356912612915,0.029607266187667847,False,0.122736,0.7406154649633434,0.010491698980331421,0.26909929513931274,0.2586075961589813,0.03385096788406372,False,0.24461333333333332,0.2498754730598086,-0.010992765426635742,0.2524489164352417,0.26344168186187744,0.055335432291030884,True,0.32245866666666667,0.1537222569927318,-0.01705700159072876,0.23409098386764526,0.251147985458374,0.0613996684551239,True,0.412976,0.18327223619416422,-0.014943331480026245,0.2307281792163849,0.24567151069641113,0.05928599834442139,True,0.5271093333333333,0.415182627197459,0.592704,9,False,0.3109764863365196,0.5337387403491358,0.34278527455892377,-0.006509065628051758,0.26300400495529175,0.2695130705833435,0.0508517324924469,True,0.16029333333333334,0.35372864607578963,-0.006026893854141235,0.25690585374832153,0.26293274760246277,0.05036956071853638,True,0.225888,0.24377580793027648,-0.011320888996124268,0.24617162346839905,0.2574925124645233,0.05566355586051941,True,0.30373333333333336,0.5057903323684743,0.00023162364959716797,0.24694117903709412,0.24670955538749695,0.044111043214797974,False,0.459696,0.5174972463411293,0.0007001757621765137,0.2384740710258484,0.23777389526367188,0.04364249110221863,False,0.5056693333333333,0.4382887373193908,0.705088,11,False,0.3988715117714657,0.46424502938272294,2.264897799999744,-0.023106110121931756,0.06949371096641288
000000487583.jpg,replace_rel:1250:positive,A cup and a plate with food on it on a table next to a toilet.,replace_rel:1250:negative,A cup and a plate with food on it on a table far from a toilet.,dataset-defined SugarCrepe perturbation,0.31928008794784546,0.302980899810791,0.016299188137054443,0.8361585167647237,14,4.185020385794047e-17,1.7834404000004724,0.000305800000205636,0.0001413000009051757,0.8560399094077353,0.01782780885696411,0.2812967896461487,0.26346898078918457,-0.001528620719909668,False,0.13180443548387097,0.8176222630096432,0.015003204345703125,0.28002023696899414,0.265017032623291,0.0012959837913513184,False,0.2188931909824047,0.6684021367033075,0.00700967013835907,0.23578111827373505,0.22877144813537598,0.009289517998695374,False,0.35434613269794724,0.5125017032068366,0.0005001723766326904,0.22247517108917236,0.22197499871253967,0.015799015760421753,False,0.42733344024926684,0.45261684959372744,-0.0019010305404663086,0.21108120679855347,0.21298223733901978,0.018200218677520752,True,0.5604609604105572,0.5828443164487189,0.6930787206744868,10,False,0.40506915315871556,0.7001001650360592,0.6746173176591975,0.007291436195373535,0.30194568634033203,0.2946542501449585,0.009007751941680908,False,0.13732015212609971,0.4625787844700167,-0.0014996528625488281,0.2903170585632324,0.29181671142578125,0.01779884099960327,True,0.2312133431085044,0.5077896967484353,0.0003116130828857422,0.294638991355896,0.29432737827301025,0.0159875750541687,False,0.30221888746334313,0.5120973815117839,0.0004839897155761719,0.2969263792037964,0.2964423894882202,0.01581519842147827,False,0.4403867302052786,0.33843057496893,-0.0067029595375061035,0.2710571885108948,0.2777601480484009,0.023002147674560547,True,0.5126466275659824,0.4593318538539335,0.7138471407624634,10,False,0.3419753569917908,0.5710669974638835,2.0449720000015077,0.12351246259478543,0.12903316757217576
000000468124.jpg,replace_rel:580:positive,A Northumbria bus is parked in a field.,replace_rel:580:negative,A Northumbria bus is moving towards a field.,dataset-defined SugarCrepe perturbation,0.36199599504470825,0.33922475576400757,0.022771239280700684,0.9069646484654451,13,4.85722573273506e-17,1.8434150000011869,0.0003362000006745802,0.00014010000086273067,0.9459579453371392,0.028624355792999268,0.35008561611175537,0.3214612603187561,-0.005853116512298584,False,0.16436052452316077,0.7899796304637212,0.013248026371002197,0.32859480381011963,0.31534677743911743,0.009523212909698486,False,0.29877490633514986,0.8411119641694598,0.016665250062942505,0.28383588790893555,0.26717063784599304,0.006105989217758179,False,0.41229031846049047,0.8411119641694598,0.016665250062942505,0.28383588790893555,0.26717063784599304,0.006105989217758179,False,0.41229031846049047,0.6281820141154604,0.005244255065917969,0.23298783600330353,0.22774358093738556,0.017526984214782715,False,0.5617762261580381,0.5433332965088102,0.7741506301089919,9,False,0.11212496817390893,0.8390129737048703,0.8878159767460083,0.020686239004135132,0.35938921570777893,0.3387029767036438,0.0020850002765655518,False,0.12824633855585832,0.8783322980503846,0.019767314195632935,0.3305104374885559,0.310743123292923,0.003003925085067749,False,0.26266072036784743,0.7352875784752031,0.010216176509857178,0.3056947588920593,0.29547858238220215,0.012555062770843506,False,0.3618815991144414,0.612991278335912,0.004599034786224365,0.2981759309768677,0.2935768961906433,0.01817220449447632,False,0.42572803133514986,0.12324463171604115,-0.019620567560195923,0.23333406448364258,0.2529546320438385,0.042391806840896606,True,0.6430198399182562,0.4928119611443102,0.7780675238419619,10,False,0.08491447323228489,0.6794000178496572,2.1410938999997597,0.05052133536450004,0.15961295585521307
000000360661.jpg,add_obj:1978:positive,three people riding horses on a beach ,add_obj:1978:negative,Three people riding horses on a beach and a boat sailing in the distance.,dataset-defined SugarCrepe perturbation,0.2945026755332947,0.287302166223526,0.007200509309768677,0.6726182323175006,14,2.688821387764051e-17,1.8877128000003722,0.0006081999999878462,0.00034109999978682026,0.5757516953797183,0.0030535757541656494,0.28643229603767395,0.2833787202835083,0.004146933555603027,False,0.1736907958984375,0.3987471814942363,-0.004106879234313965,0.2712997794151306,0.2754066586494446,0.011307388544082642,True,0.2769063313802083,0.3807797760144397,-0.004862397909164429,0.27201804518699646,0.2768804430961609,0.012062907218933105,True,0.350372314453125,0.4087940980246902,-0.0036895275115966797,0.28165316581726074,0.2853426933288574,0.010890036821365356,True,0.436798095703125,0.14752230297958718,-0.01754167675971985,0.2748183608055115,0.2923600375652313,0.024742186069488525,True,0.5592702229817709,0.3204673530063198,0.8054606119791666,11,False,0.12695161743904454,0.4568947844659535,0.5355277247339556,0.0014235079288482666,0.2872597575187683,0.28583624958992004,0.00577700138092041,False,0.1543731689453125,0.19373023705051035,-0.014259517192840576,0.2559960186481476,0.27025553584098816,0.021460026502609253,True,0.2407989501953125,0.1809895568583503,-0.015096575021743774,0.25526782870292664,0.2703644037246704,0.02229708433151245,True,0.3012542724609375,0.0848561342739255,-0.023781239986419678,0.24722397327423096,0.27100521326065063,0.030981749296188354,True,0.4469655354817708,0.1311689714329009,-0.018906623125076294,0.24863874912261963,0.2675453722476959,0.02610713243484497,True,0.52288818359375,0.19513574268274309,0.4469655354817708,6,False,0.0848561342739255,0.3129959087776465,2.1814340999990236,0.1253316103235767,0.143898875688307
000000378454.jpg,add_obj:75:positive,A person jumps in the air and catches a Frisbee at the beach.,add_obj:75:negative,A person jumps in the air and catches a kite and a Frisbee at the beach.,dataset-defined SugarCrepe perturbation,0.35892242193222046,0.33078533411026,0.02813708782196045,0.9434121409423116,15,5.2909066017292616e-17,1.799727300000086,0.0003073999996558996,0.0001441000003978843,0.3172132945502775,-0.007666081190109253,0.25213080644607544,0.2597968876361847,0.0358031690120697,True,0.14602179276315788,0.22225699270921953,-0.012525618076324463,0.2607789635658264,0.2733045816421509,0.04066270589828491,True,0.21948099415204678,0.1287666064393615,-0.019119083881378174,0.2380530834197998,0.257172167301178,0.04725617170333862,True,0.36843818530701755,0.18891567032404252,-0.01457071304321289,0.23608630895614624,0.25065702199935913,0.04270780086517334,True,0.4342847679093567,0.17577460994457564,-0.015452414751052856,0.22505682706832886,0.2405092418193817,0.043589502573013306,True,0.5110619974415205,0.34347742404896225,0.8151955409356725,12,False,0.5794425029025165,0.317880741659504,0.6454813345785356,0.0059923529624938965,0.3296564221382141,0.3236640691757202,0.022144734859466553,False,0.14694124634502925,0.5213366730677025,0.0008539855480194092,0.32418230175971985,0.32332831621170044,0.02728310227394104,False,0.21278782894736842,0.34973365288053554,-0.006202101707458496,0.3076869249343872,0.3138890266418457,0.034339189529418945,True,0.3472108004385965,0.16281195300853848,-0.016374528408050537,0.23808851838111877,0.2544630467891693,0.044511616230010986,True,0.41975054824561403,0.20861833160598692,-0.013332739472389221,0.21014109253883362,0.22347383201122284,0.04146982729434967,True,0.5536995157163743,0.357195953286969,0.6905324835526315,10,False,0.19897876493202601,0.46444817542735733,2.216192600000795,-0.01371852923800676,-0.14656743376785336
000000297343.jpg,add_obj:1365:positive,A red stop sign sitting on the floor next to a wall.,add_obj:1365:negative,A red stop sign and a trash can are sitting on the floor next to a wall.,dataset-defined SugarCrepe perturbation,0.3150902986526489,0.28574612736701965,0.029344171285629272,0.9495218095396715,15,4.2500725161431774e-17,1.8301417000002402,0.00033880000046337955,0.00014819999887549784,0.668752460263216,0.007025480270385742,0.26503726840019226,0.2580117881298065,0.02231869101524353,False,0.15794910585260116,0.5295376662005343,0.0011828839778900146,0.23354461789131165,0.23236173391342163,0.028161287307739258,False,0.22956557080924855,0.5183209672797376,0.0007331669330596924,0.2570997178554535,0.2563665509223938,0.02861100435256958,False,0.37854497832369943,0.5649981482139442,0.002614721655845642,0.2486683428287506,0.24605362117290497,0.02672944962978363,False,0.4457471549855491,0.5388767308362822,0.0015582144260406494,0.22178557515144348,0.22022736072540283,0.027785956859588623,False,0.5262599349710982,0.684775707953345,0.8767555545520231,13,False,0.7983015188101322,0.6263150861460998,0.668752460263216,0.007025480270385742,0.26503726840019226,0.2580117881298065,0.02231869101524353,False,0.15794910585260116,0.6921724366187304,0.008102953433990479,0.26166224479675293,0.25355929136276245,0.021241217851638794,False,0.23703373374277456,0.7597938833308931,0.011515498161315918,0.24471548199653625,0.23319998383522034,0.017828673124313354,False,0.37115019869942195,0.8073685470460821,0.01433001458644867,0.24001885950565338,0.2256888449192047,0.015014156699180603,False,0.4411409411127168,0.8059339102135553,0.014238029718399048,0.23291108012199402,0.21867305040359497,0.015106141567230225,False,0.5106067106213873,0.7827006977658533,0.4411409411127168,6,False,0.8073685470460821,0.763524984564894,2.1617145000000164,-0.0979249898125083,-0.13720989841879427
000000567640.jpg,add_att:662:positive,two soccer teams going after the soccer ball,add_att:662:negative,Two soccer teams going after the spiky soccer ball.,dataset-defined SugarCrepe perturbation,0.2922208905220032,0.2872922420501709,0.004928648471832275,0.6207810845278458,12,3.469446951953614e-17,1.7906573000000208,0.00029569999969680794,0.00013480000052368268,0.324150098314909,-0.0073476433753967285,0.28929591178894043,0.29664355516433716,0.012276291847229004,True,0.17198414522058825,0.46131359713188025,-0.0015505552291870117,0.2929115891456604,0.2944621443748474,0.006479203701019287,True,0.28631663602941176,0.4793304646521045,-0.0008272528648376465,0.28831034898757935,0.289137601852417,0.005755901336669922,True,0.36801470588235297,0.4911779381085345,-0.0003529191017150879,0.2828746438026428,0.2832275629043579,0.005281567573547363,True,0.41452205882352944,0.672974479688488,0.007216691970825195,0.2796240448951721,0.2724073529243469,-0.00228804349899292,False,0.5944048713235294,0.6031252505829645,0.7925264246323529,9,False,0.7689691972933619,0.49100606577470957,0.6919463314826323,0.008092343807220459,0.29152798652648926,0.2834356427192688,-0.0031636953353881836,False,0.14092371323529412,0.6961584209058366,0.008290708065032959,0.29397132992744446,0.2856806218624115,-0.0033620595932006836,False,0.2217141544117647,0.7537942781336531,0.011189520359039307,0.30641865730285645,0.29522913694381714,-0.006260871887207031,False,0.32641314338235294,0.7596513490465622,0.011507689952850342,0.3043298125267029,0.29282212257385254,-0.006579041481018066,False,0.4983972886029412,0.6094978610868615,0.004452019929885864,0.2875247299671173,0.28307271003723145,0.00047662854194641113,False,0.5800953584558823,0.6719937662239963,0.5800953584558823,7,False,0.6094978610868615,0.7077233831363706,1.753764899998714,-0.0688685156410318,-0.21671731736166105
000000087476.jpg,swap_att:644:positive,A person helping a child stand on a skateboard.,swap_att:644:negative,A person on a skateboard stands helping a child.,dataset-defined SugarCrepe perturbation,0.30840355157852173,0.2955050468444824,0.012898504734039307,0.7841218791744667,12,5.551115123125783e-17,1.8102420999985043,0.00029829999948560726,0.0001357000001007691,0.8544126547064218,0.017696380615234375,0.3259861469268799,0.3082897663116455,-0.004797875881195068,False,0.1496310763888889,0.8687668236084957,0.01890099048614502,0.32376229763031006,0.30486130714416504,-0.006002485752105713,False,0.21965232090643275,0.8733775052947896,0.019311577081680298,0.2882331907749176,0.2689216136932373,-0.006413072347640991,False,0.38434872989766083,0.8645146929391136,0.018533051013946533,0.28823545575141907,0.26970240473747253,-0.0056345462799072266,False,0.48978321454678364,0.8362201583562735,0.016303688287734985,0.2889590263366699,0.27265533804893494,-0.0034051835536956787,False,0.5528086165935673,0.6643910551887152,0.8216431377923976,10,False,0.2670403735812521,0.853082794190872,0.7212163943666864,0.009505033493041992,0.31247007846832275,0.30296504497528076,0.0033934712409973145,False,0.11187065972222222,0.7773729029995056,0.012504220008850098,0.31730979681015015,0.30480557680130005,0.000394284725189209,False,0.21730514437134502,0.7804097915608219,0.01268056035041809,0.2971634864807129,0.2844829261302948,0.00021794438362121582,False,0.3074744152046784,0.5034570143092619,0.00013828277587890625,0.28079739212989807,0.28065910935401917,0.0127602219581604,False,0.4296532346491228,0.3519280255789909,-0.006105750799179077,0.2826465666294098,0.28875231742858887,0.019004255533218384,True,0.5202336896929824,0.48573342819174425,0.7896792763157895,10,False,0.25341571448245576,0.6739402084375511,1.9115091000003304,0.17865762699697096,0.17914258575332087
000000227686.jpg,replace_obj:886:positive,A brown horse walking through a leaf covered forest.,replace_obj:886:negative,A brown deer walking through a leaf covered forest.,dataset-defined SugarCrepe perturbation,0.318493127822876,0.2773212492465973,0.041171878576278687,0.983970858274681,13,3.9898639947466563e-17,1.8019287000006443,0.0003223000003345078,0.00014379999993252568,0.9876768616557149,0.04383876919746399,0.31704947352409363,0.27321070432662964,-0.0026668906211853027,False,0.10753609283625731,0.9921885981094346,0.04844328761100769,0.2998523712158203,0.2514090836048126,-0.007271409034729004,False,0.2474358095760234,0.995476923854776,0.0539402961730957,0.3181377053260803,0.2641974091529846,-0.012768417596817017,False,0.3243215460526316,0.9930370478451174,0.04960164427757263,0.31448858976364136,0.2648869454860687,-0.008429765701293945,False,0.4346788194444444,0.985360525465986,0.042092859745025635,0.31510990858078003,0.2730170488357544,-0.0009209811687469482,False,0.5074412920321637,0.9804488625349517,0.6693450749269005,8,False,0.9689960936929057,0.990488093675347,0.9085796929227716,0.022964149713516235,0.3124663829803467,0.28950223326683044,0.01820772886276245,False,0.1610642817982456,0.93836539900615,0.02722916007041931,0.3055570125579834,0.2783278524875641,0.013942718505859375,False,0.2246265076754386,0.5093158728351271,0.0003726780414581299,0.2703520655632019,0.2699793875217438,0.04079920053482056,False,0.30325406615497075,0.26685316950078963,-0.010106474161148071,0.2626960277557373,0.2728025019168854,0.05127835273742676,True,0.42795709978070173,0.26150672808906716,-0.010381519794464111,0.25475847721099854,0.26513999700546265,0.0515533983707428,True,0.5383143731725146,0.5333658862889157,0.3768560398391813,5,False,0.36967794921137304,0.6419528314402289,1.6559166000006371,0.447082976246036,0.3485352622351181
000000125211.jpg,replace_rel:553:positive,A zebra standing on top of a grass covered field.,replace_rel:553:negative,A zebra walking on a grass covered field.,dataset-defined SugarCrepe perturbation,0.32755786180496216,0.3137170076370239,0.013840854167938232,0.7996463346835382,11,4.5102810375396984e-17,1.8500898000002053,0.0002807000000757398,0.0001329000006080605,0.49610491526012973,-0.0001558065414428711,0.3169325888156891,0.31708839535713196,0.013996660709381104,True,0.23694356282552084,0.49610491526012973,-0.0001558065414428711,0.3169325888156891,0.31708839535713196,0.013996660709381104,True,0.23694356282552084,0.5650116988103548,0.0026152729988098145,0.3292146921157837,0.3265994191169739,0.011225581169128418,False,0.361358642578125,0.6512464357123984,0.006245225667953491,0.2883617877960205,0.282116562128067,0.007595628499984741,False,0.466156005859375,0.6608651084637105,0.006671518087387085,0.2663770020008087,0.25970548391342163,0.0071693360805511475,False,0.559326171875,0.6073054256051276,0.559326171875,5,False,0.6608651084637105,0.6156954175093148,0.531256841340314,0.001251906156539917,0.3084065318107605,0.3071546256542206,0.012588948011398315,False,0.1555938720703125,0.548520724334754,0.001946955919265747,0.29570257663726807,0.2937556207180023,0.011893898248672485,False,0.2487640380859375,0.5577182469287345,0.0023190677165985107,0.2980721890926361,0.2957531213760376,0.011521786451339722,False,0.31292724609375,0.5533067122984496,0.0021404027938842773,0.30930280685424805,0.30716240406036377,0.011700451374053955,False,0.437530517578125,0.45216057876446125,-0.0019194483757019043,0.2956846356391907,0.2976040840148926,0.015760302543640137,True,0.542327880859375,0.5022594262911919,0.542327880859375,7,False,0.45216057876446125,0.57388801345112,1.5581027999996877,0.10504599931393566,0.04180740405819483
000000113235.jpg,replace_obj:1331:positive,Someone feeding a goat a piece of carrot. ,replace_obj:1331:negative,Someone feeding a bird a piece of carrot.,dataset-defined SugarCrepe perturbation,0.330681174993515,0.2671026587486267,0.0635785162448883,0.9982699123559635,13,3.903127820947816e-17,1.900327200000902,0.00029990000075486023,0.00013749999925494194,0.9963459581421358,0.05608260631561279,0.2924954295158386,0.23641282320022583,0.007495909929275513,False,0.106964111328125,0.9945236361724765,0.05201822519302368,0.276584267616272,0.2245660424232483,0.011560291051864624,False,0.24723307291666666,0.9972052353699468,0.05877208709716797,0.27648043632507324,0.21770834922790527,0.004806429147720337,False,0.3551737467447917,0.9970381676337073,0.05818980932235718,0.25637659430503845,0.19818678498268127,0.005388706922531128,False,0.4619191487630208,0.9930695925309847,0.049648821353912354,0.2434316873550415,0.19378286600112915,0.013929694890975952,False,0.5092824300130209,0.6988230660388824,0.6525777180989584,8,False,0.2868841820948591,0.9962374202376336,0.9971859748558957,0.058703213930130005,0.3394944667816162,0.2807912528514862,0.004875302314758301,False,0.18976338704427084,0.982589356031624,0.040331095457077026,0.31747204065322876,0.27714094519615173,0.02324742078781128,False,0.23881022135416666,0.7377881918315763,0.010345041751861572,0.3024386167526245,0.29209357500076294,0.05323347449302673,False,0.3300323486328125,0.03730173352334128,-0.03250700235366821,0.1966625452041626,0.2291695475578308,0.09608551859855652,True,0.4378916422526042,0.2205477782586576,-0.012624770402908325,0.2055962234735489,0.21822099387645721,0.07620328664779663,True,0.5458323160807291,0.4503578133633049,0.5458323160807291,7,False,0.2205477782586576,0.6816523683957326,1.78810650000014,0.24846525267557756,0.314585051841901
000000488736.jpg,replace_obj:1042:positive,A clock suspended on the outside of a brown stone building.,replace_obj:1042:negative,A clock suspended on the outside of a skyscraper.,dataset-defined SugarCrepe perturbation,0.3356565833091736,0.2914806306362152,0.044175952672958374,0.9880805801990902,8,1.734723475976807e-17,1.8800673999994615,0.00027119999867863953,0.00012170000081823673,0.9831852081385928,0.04068538546562195,0.3236798048019409,0.28299441933631897,0.0034905672073364258,False,0.18802897135416666,0.9846404378562459,0.0416053831577301,0.28452742099761963,0.24292203783988953,0.0025705695152282715,False,0.3940531412760417,0.9846404378562459,0.0416053831577301,0.28452742099761963,0.24292203783988953,0.0025705695152282715,False,0.3940531412760417,0.9582509923316768,0.03133434057235718,0.2449909746646881,0.21365663409233093,0.012841612100601196,False,0.6171315511067709,0.9582509923316768,0.03133434057235718,0.2449909746646881,0.21365663409233093,0.012841612100601196,False,0.6171315511067709,0.7491783348530611,0.848236083984375,6,False,0.22950211607099397,0.9799303343548189,0.9831852081385928,0.04068538546562195,0.3236798048019409,0.28299441933631897,0.0034905672073364258,False,0.18802897135416666,0.977376264923734,0.03765872120857239,0.2987753748893738,0.2611166536808014,0.006517231464385986,False,0.4111073811848958,0.977376264923734,0.03765872120857239,0.2987753748893738,0.2611166536808014,0.006517231464385986,False,0.4111073811848958,0.977376264923734,0.03765872120857239,0.2987753748893738,0.2611166536808014,0.006517231464385986,False,0.4111073811848958,0.9704908160649356,0.0349310040473938,0.28855156898498535,0.25362056493759155,0.009244948625564575,False,0.5348917643229166,0.7176665848604243,0.7949269612630209,5,False,0.18567133953666423,0.9806933002754237,1.4813234000012017,0.03151174999263673,-0.0007629659206047634
000000017627.jpg,replace_obj:1314:positive,Cars are parked on the street near an old building.,replace_obj:1314:negative,Bicycles are parked on the street near an old building.,dataset-defined SugarCrepe perturbation,0.2654973268508911,0.20307156443595886,0.06242576241493225,0.9980589363664492,13,2.7755575615628914e-17,1.9001844999984314,0.0003118999993603211,0.00013729999955103267,0.9987066950561616,0.06649260222911835,0.24439755082130432,0.17790494859218597,-0.004066839814186096,False,0.1286773681640625,0.9984002394532857,0.06436300277709961,0.23759889602661133,0.17323589324951172,-0.0019372403621673584,False,0.21952311197916666,0.9979486862316451,0.0618722140789032,0.23788252472877502,0.17601031064987183,0.0005535483360290527,False,0.3145701090494792,0.9993408822595119,0.07323949038982391,0.2503771483898163,0.17713765799999237,-0.010813727974891663,False,0.4398345947265625,0.9972769118744849,0.0590326189994812,0.23894506692886353,0.17991244792938232,0.00339314341545105,False,0.5860137939453125,0.9928356187864481,0.771453857421875,10,False,0.9793535654867569,0.9984130362241004,0.9964205591473809,0.05628962814807892,0.2317950278520584,0.1755053997039795,0.0061361342668533325,False,0.1612396240234375,0.9849649363853745,0.04182220995426178,0.22509250044822693,0.18327029049396515,0.02060355246067047,False,0.2899169921875,0.9935076782964757,0.05030621588230133,0.247350811958313,0.19704459607601166,0.01211954653263092,False,0.4173634847005208,0.9935076782964757,0.05030621588230133,0.247350811958313,0.19704459607601166,0.01211954653263092,False,0.4173634847005208,0.9876181426647933,0.04379063844680786,0.24678511917591095,0.2029944807291031,0.01863512396812439,False,0.508209228515625,0.9879913044700355,0.7121124267578125,8,False,0.9901393125466945,0.9923814664677009,2.275704699999551,0.0048443143164126345,0.006031569756399513
000000128476.jpg,replace_obj:936:positive,"Two women are looking at many colorful, heart shaped cakes. ",replace_obj:936:negative,"Two women are looking at many colorful, heart shaped flowers.",dataset-defined SugarCrepe perturbation,0.3239784836769104,0.27920329570770264,0.044775187969207764,0.9887660665358666,14,5.551115123125783e-17,1.8352160999984335,0.00030250000054365955,0.00014080000073590782,0.986398511230262,0.04283881187438965,0.33293417096138,0.29009535908699036,0.0019363760948181152,False,0.1609843293128655,0.9731458324332095,0.03590112924575806,0.32721519470214844,0.2913140654563904,0.008874058723449707,False,0.23268457602339182,0.9478006698796337,0.028990745544433594,0.30228424072265625,0.27329349517822266,0.01578444242477417,False,0.3825212445175439,0.5849352084216904,0.003430664539337158,0.29079675674438477,0.2873660922050476,0.041344523429870605,False,0.48432360197368424,0.14190323220769774,-0.017995715141296387,0.2662302851676941,0.2842260003089905,0.06277090311050415,True,0.5381944444444444,0.6123808458736761,0.5887643914473685,8,False,0.31496805993314464,0.8746746799426082,0.9806320643124046,0.039245784282684326,0.3248850107192993,0.285639226436615,0.0055294036865234375,False,0.10180235745614036,0.8631605611268947,0.018417924642562866,0.33634838461875916,0.3179304599761963,0.026357263326644897,False,0.24924616228070176,0.9469572509346595,0.028821557760238647,0.3382943570613861,0.30947279930114746,0.015953630208969116,False,0.35100283260233917,0.9749052950175885,0.036596834659576416,0.3268181085586548,0.29022127389907837,0.008178353309631348,False,0.4126233552631579,0.9546229488230166,0.030463099479675293,0.3242318034172058,0.2937687039375305,0.01431208848953247,False,0.5783305921052632,0.8701520349673307,0.6859980354532164,9,False,0.7256763467384243,0.9464307414657622,2.016345600000932,-0.2577711890936546,-0.07175606152315406
000000269314.jpg,replace_obj:1602:positive,A cat sitting on top of a banana tree.,replace_obj:1602:negative,A monkey sitting on top of a banana tree.,dataset-defined SugarCrepe perturbation,0.3951604962348938,0.34007805585861206,0.05508244037628174,0.9959631438228015,12,7.45931094670027e-17,1.883221300000514,0.00029659999927389435,0.0001353999996354105,0.6253319786790015,0.00512242317199707,0.2919803857803345,0.2868579626083374,0.04996001720428467,False,0.2796376546223958,0.6253319786790015,0.00512242317199707,0.2919803857803345,0.2868579626083374,0.04996001720428467,False,0.2796376546223958,0.3367291598207028,-0.00677904486656189,0.27703219652175903,0.2838112413883209,0.06186148524284363,True,0.3542226155598958,0.21210337644996283,-0.013122931122779846,0.20074746012687683,0.21387039124965668,0.06820537149906158,True,0.471771240234375,0.1842809868286574,-0.01487608253955841,0.194517120718956,0.2093932032585144,0.06995852291584015,True,0.5627950032552084,0.4001900624430858,0.8047332763671875,9,False,0.43950956967492266,0.5559087771620959,0.37044980693839513,-0.005302876234054565,0.2931790053844452,0.29848188161849976,0.060385316610336304,True,0.15949503580729166,0.45339963508429604,-0.0018694400787353516,0.27374011278152466,0.27560955286026,0.05695188045501709,True,0.2770436604817708,0.4150944577926587,-0.0034294426441192627,0.2641269266605377,0.267556369304657,0.058511883020401,True,0.3283233642578125,0.3821953165691045,-0.004802405834197998,0.26925021409988403,0.27405261993408203,0.059884846210479736,True,0.4568328857421875,0.2998854724086716,-0.008478432893753052,0.2605302035808563,0.2690086364746094,0.06356087327003479,True,0.5478566487630209,0.4284427078593789,0.4568328857421875,6,False,0.3821953165691045,0.47809902447945957,1.9363102999996045,-0.028252645416293076,0.07780975268263629
000000405972.jpg,swap_att:251:positive,An adult and two baby elephants standing near a fence.,swap_att:251:negative,Two adults and a baby elephant standing near a fence.,dataset-defined SugarCrepe perturbation,0.31686484813690186,0.3069624900817871,0.009902358055114746,0.7291344958368813,13,6.071532165918825e-17,1.8317530000003899,0.0002981999987241579,0.000137400000312482,0.513645329491086,0.0005459487438201904,0.3048931956291199,0.3043472468852997,0.009356409311294556,False,0.11744524376832845,0.47380169613979095,-0.0010488927364349365,0.31508320569992065,0.3161320984363556,0.010951250791549683,True,0.24993699596774194,0.49854937602788274,-5.8025121688842773e-05,0.31170395016670227,0.3117619752883911,0.009960383176803589,True,0.30628551136363635,0.4321711865113885,-0.0027299821376800537,0.30649763345718384,0.3092276155948639,0.0126323401927948,True,0.4600153500733138,0.5693771378840267,0.0027931034564971924,0.2879163920879364,0.2851232886314392,0.007109254598617554,False,0.5496987261730205,0.413106465756371,0.9203743585043989,12,False,0.21228496993460383,0.5134443975137094,0.47989056036342503,-0.0008048117160797119,0.3224344253540039,0.3232392370700836,0.010707169771194458,True,0.1511352181085044,0.48544642272074656,-0.0005823075771331787,0.32471340894699097,0.32529571652412415,0.010484665632247925,True,0.26453102089442815,0.5029347499947114,0.00011739134788513184,0.32505002617836,0.32493263483047485,0.009784966707229614,False,0.31717948130498536,0.5149652353475588,0.0005987882614135742,0.31523779034614563,0.31463900208473206,0.009303569793701172,False,0.4056886913489736,0.43017060838012644,-0.0028115510940551758,0.28822505474090576,0.29103660583496094,0.012713909149169922,True,0.5749977089442815,0.4403099027989575,0.7783919079912024,10,False,0.2933266381400496,0.5168209458249969,2.0501686000006885,-0.027203437042586487,-0.0033765483112875305
000000226903.jpg,replace_att:509:positive,A bunch of different foods on display on  a counter.,replace_att:509:negative,A bunch of similar foods on display on a counter.,dataset-defined SugarCrepe perturbation,0.2617684006690979,0.24754752218723297,0.01422087848186493,0.8056655164903039,11,1.6046192152785466e-17,1.8972709999998187,0.0002852000015991507,0.00013209999997343402,0.5761592994138639,0.003070265054702759,0.25922825932502747,0.2561579942703247,0.01115061342716217,False,0.24674479166666666,0.5761592994138639,0.003070265054702759,0.25922825932502747,0.2561579942703247,0.01115061342716217,False,0.24674479166666666,0.5244006247049611,0.0009768009185791016,0.228781059384346,0.2278042584657669,0.013244077563285828,False,0.3708902994791667,0.5839580715930652,0.0033904314041137695,0.229242742061615,0.22585231065750122,0.01083044707775116,False,0.4618377685546875,0.547098863704874,0.001889556646347046,0.19141875207424164,0.1895291954278946,0.012331321835517883,False,0.5311635335286459,0.6025568304692723,0.9486948649088541,10,False,0.6190631583721,0.6182667022897952,0.721976162101134,0.009542852640151978,0.257390558719635,0.24784770607948303,0.004678025841712952,False,0.1241455078125,0.5265408202745512,0.001062631607055664,0.2719457745552063,0.27088314294815063,0.013158246874809265,False,0.2595876057942708,0.48776188590938735,-0.0004896223545074463,0.21560874581336975,0.2160983681678772,0.014710500836372375,True,0.440216064453125,0.48776188590938735,-0.0004896223545074463,0.21560874581336975,0.2160983681678772,0.014710500836372375,True,0.440216064453125,0.5454283418492106,0.001822158694267273,0.1919666975736618,0.19014453887939453,0.012398719787597656,False,0.5824686686197916,0.5821463307565665,0.666412353515625,7,False,0.5686802655082024,0.5913945105110315,1.9827863999998954,0.02041049971270581,0.026872191778763654
000000512836.jpg,add_obj:81:positive,A person with an umbrella and two dogs walking in the snow.,add_obj:81:negative,A person with an umbrella and two dogs walking with a sled in the snow.,dataset-defined SugarCrepe perturbation,0.36952826380729675,0.3525533974170685,0.01697486639022827,0.8452061903759345,14,1.1796119636642288e-16,1.878850400000374,0.00030469999910565093,0.0001416000013705343,0.7767900533149547,0.01247057318687439,0.3447224795818329,0.3322519063949585,0.004504293203353882,False,0.13678995768229166,0.7403543127119617,0.010478109121322632,0.3396748900413513,0.3291967809200287,0.00649675726890564,False,0.2924855550130208,0.6669820996488016,0.006945669651031494,0.32182252407073975,0.31487685441970825,0.010029196739196777,False,0.3607381184895833,0.6840498601278225,0.007724463939666748,0.3148442208766937,0.307119756937027,0.009250402450561523,False,0.42425537109375,0.8040363268583902,0.014117151498794556,0.3253849446773529,0.31126779317855835,0.002857714891433716,False,0.5332743326822916,0.7661119137550239,0.75128173828125,10,False,0.7838485790357407,0.7521300141602673,0.8722048544998908,0.019205957651138306,0.3351898491382599,0.3159838914871216,-0.002231091260910034,False,0.1007537841796875,0.7493942749712349,0.010953843593597412,0.3297617733478546,0.3188079297542572,0.006021022796630859,False,0.23754374186197916,0.8170260106912763,0.014963269233703613,0.3411294221878052,0.32616615295410156,0.002011597156524658,False,0.3608907063802083,0.7481171321794186,0.010885953903198242,0.3231496810913086,0.31226372718811035,0.006088912487030029,False,0.5165863037109375,0.7481171321794186,0.010885953903198242,0.3231496810913086,0.31226372718811035,0.006088912487030029,False,0.5165863037109375,0.7974129861555834,0.5603383382161459,7,False,0.7881368298639163,0.8050476909858617,2.2940366999991966,-0.03130107240055957,-0.05291767682559445
000000312340.jpg,swap_att:652:positive,Black and White cat laying down in dead leaves.,swap_att:652:negative,Dead cat laying down in black and white leaves.,dataset-defined SugarCrepe perturbation,0.2910040020942688,0.2689651846885681,0.022038817405700684,0.9005975512856207,15,2.0816681711721685e-17,1.8809779999992315,0.0003156000002491055,0.00014259999989008065,0.6362581844507876,0.005591601133346558,0.27580589056015015,0.2702142894268036,0.016447216272354126,False,0.13898207720588235,0.34914185743024595,-0.006228134036064148,0.2240920215845108,0.23032015562057495,0.02826695144176483,True,0.26734260110294117,0.28003258232742556,-0.009442999958992004,0.2303004413843155,0.2397434413433075,0.03148181736469269,True,0.3479836856617647,0.19784522020246686,-0.013998165726661682,0.19548070430755615,0.20947887003421783,0.036036983132362366,True,0.4080020680147059,0.15483104985851995,-0.016972020268440247,0.1792084127664566,0.19618043303489685,0.03901083767414093,True,0.575247012867647,0.3269480624691722,0.6934053308823529,10,False,0.23699957479128778,0.4158943398623136,0.6362581844507876,0.005591601133346558,0.27580589056015015,0.2702142894268036,0.016447216272354126,False,0.13898207720588235,0.5634912336367569,0.0025534331798553467,0.2715047001838684,0.26895126700401306,0.019485384225845337,False,0.2151654411764706,0.47650774764178666,-0.0009403824806213379,0.27543163299560547,0.2763720154762268,0.02297919988632202,True,0.3062270220588235,0.3729149871803508,-0.005197316408157349,0.2817845642566681,0.28698188066482544,0.027236133813858032,True,0.4488683363970588,0.3787749152235974,-0.0049475133419036865,0.2793954312801361,0.2843429446220398,0.02698633074760437,True,0.5113970588235294,0.4152250688169739,0.7630974264705882,11,False,0.22330064668693952,0.5552097682666844,2.147496899999169,-0.08827700634780172,-0.13931542840437083
000000106389.jpg,swap_att:481:positive,A cat is sitting on a bright orange chair.,swap_att:481:negative,A bright orange cat is sitting on a chair.,dataset-defined SugarCrepe perturbation,0.34001338481903076,0.32072198390960693,0.019291400909423828,0.8731542104025033,14,4.5102810375396984e-17,1.8508954999997513,0.0003031999985978473,0.00014120000014372636,0.8716464059926604,0.019155949354171753,0.31567978858947754,0.2965238392353058,0.0001354515552520752,False,0.10027567545572917,0.6263885212127625,0.005167543888092041,0.31478387117385864,0.3096163272857666,0.014123857021331787,False,0.2122955322265625,0.6684454007046782,0.007011622190475464,0.3116815686225891,0.30466994643211365,0.012279778718948364,False,0.3311208089192708,0.6393232592423612,0.005724281072616577,0.29370206594467163,0.28797778487205505,0.013567119836807251,False,0.4045155843098958,0.500060349702542,2.4139881134033203e-06,0.26300302147865295,0.26300060749053955,0.019288986921310425,False,0.54705810546875,0.6045026415680385,0.6525115966796875,9,False,0.4876460994478505,0.6900763457015641,0.8648003284168517,0.018557459115982056,0.33403512835502625,0.3154776692390442,0.0007339417934417725,False,0.11201985677083333,0.8941532630794153,0.021338850259780884,0.32949724793434143,0.30815839767456055,-0.0020474493503570557,False,0.20698038736979166,0.6724219816239524,0.007191598415374756,0.31548017263412476,0.30828857421875,0.012099802494049072,False,0.3072560628255208,0.7356673508740639,0.010235697031021118,0.3115711808204651,0.30133548378944397,0.00905570387840271,False,0.4496002197265625,0.7515573973128683,0.01106935739517212,0.30834001302719116,0.29727065563201904,0.008222043514251709,False,0.5338541666666666,0.675500062485899,0.7272237141927084,10,False,0.4863226569292604,0.7909873822338305,2.255181399999856,-0.07099742091786054,-0.10091103653226641
000000348881.jpg,replace_rel:430:positive,The plane is parked at the gate at the airport terminal.,replace_rel:430:negative,The plane is departing from the gate at the airport terminal.,dataset-defined SugarCrepe perturbation,0.3206917643547058,0.30313748121261597,0.017554283142089844,0.8526361637856753,14,5.074066167232161e-17,1.842902200000026,0.00030530000003636815,0.00014009999904374126,0.8069355003722686,0.014302194118499756,0.31099575757980347,0.2966935634613037,0.003252089023590088,False,0.17169024493243243,0.8100579316487839,0.01450386643409729,0.31721121072769165,0.30270734429359436,0.0030504167079925537,False,0.25612858952702705,0.8132683151610897,0.014713883399963379,0.31681811809539795,0.30210423469543457,0.002840399742126465,False,0.3129750844594595,0.8170741228437357,0.014966487884521484,0.2691112756729126,0.2541447877883911,0.0025877952575683594,False,0.4625633445945946,0.6177321998581085,0.004799336194992065,0.23002657294273376,0.2252272367477417,0.012754946947097778,False,0.5713682432432432,0.6751444569746886,0.8959987331081081,12,False,0.3998405185768409,0.7996095140380293,0.8491481795484799,0.017279356718063354,0.3088514506816864,0.29157209396362305,0.00027492642402648926,False,0.19162267736486485,0.7918798984550025,0.01336294412612915,0.3070599436759949,0.2936969995498657,0.004191339015960693,False,0.2597233952702703,0.8311092666053254,0.01593509316444397,0.30465927720069885,0.2887241840362549,0.001619189977645874,False,0.3442303631756757,0.8431437437358628,0.016818076372146606,0.308039128780365,0.2912210524082184,0.0007362067699432373,False,0.4286687077702703,0.8776801400171841,0.019706428050994873,0.3036440312862396,0.28393760323524475,-0.0021521449089050293,False,0.5582506334459459,0.746513335091664,0.7437552787162162,10,False,0.5070820482543972,0.8413500358230548,2.4260763000002044,-0.07136887811697534,-0.04174052178502552
000000156643.jpg,replace_obj:737:positive,A man cuting a piece of cake while a person in costume stands behind him.,replace_obj:737:negative,A woman cutting a piece of cake while a person in costume stands behind her.,dataset-defined SugarCrepe perturbation,0.2907865345478058,0.2535133361816406,0.03727319836616516,0.9765079273133968,12,1.7997756063259374e-17,1.9088357000000542,0.000289100000372855,0.00014080000073590782,0.9783341747663451,0.03810115158557892,0.24368232488632202,0.2055811733007431,-0.0008279532194137573,False,0.16756184895833334,0.9869986737149127,0.043296173214912415,0.21775297820568085,0.17445680499076843,-0.006022974848747253,False,0.2243804931640625,0.9893393920772138,0.04530481994152069,0.20783501863479614,0.16253019869327545,-0.00803162157535553,False,0.3187357584635417,0.9902592368579349,0.04621647298336029,0.18617741763591766,0.13996094465255737,-0.00894327461719513,False,0.4031321207682292,0.9890739033283744,0.04505614936351776,0.18389351665973663,0.13883736729621887,-0.0077829509973526,False,0.5134328206380209,0.9879093587124455,0.5588785807291666,7,False,0.9895435202365959,0.9846421192124923,0.8334323404688089,0.01610150933265686,0.29085293412208557,0.2747514247894287,0.0211716890335083,False,0.11316935221354167,0.8880375154973652,0.02070850133895874,0.2754591107368469,0.2547506093978882,0.01656469702720642,False,0.22966512044270834,0.8216402622361608,0.015275001525878906,0.2994374930858612,0.2841624915599823,0.021998196840286255,False,0.3247833251953125,0.763683362497107,0.011729806661605835,0.2985580861568451,0.28682827949523926,0.025543391704559326,False,0.4350840250651042,0.6262511130442849,0.005161672830581665,0.3123316168785095,0.30716994404792786,0.032111525535583496,False,0.5021413167317709,0.7920607674915617,0.5903879801432291,6,False,0.763434249319244,0.832497467268176,1.764662199999293,0.19584859122088372,0.15214465194431637
000000239537.jpg,replace_rel:860:positive,A tennis player hitting a ball in a low position.,replace_rel:860:negative,A tennis player hitting a ball from an above position.,dataset-defined SugarCrepe perturbation,0.3611370921134949,0.35219356417655945,0.008943527936935425,0.7097876189578112,15,1.474514954580286e-16,1.843264300001465,0.0003057999983866466,0.0001441000003978843,0.7925328762439839,0.013402611017227173,0.3305390477180481,0.3171364367008209,-0.004459083080291748,False,0.14287473137535817,0.6953105193341061,0.008250653743743896,0.32741594314575195,0.31916528940200806,0.0006928741931915283,False,0.2143568678366762,0.6020942046452525,0.00414198637008667,0.33772730827331543,0.33358532190322876,0.004801541566848755,False,0.3099144878223496,0.3814345560892014,-0.0048346370458602905,0.244285449385643,0.2491200864315033,0.013778164982795715,True,0.4374776146131805,0.4460311887749454,-0.0021671950817108154,0.25295811891555786,0.2551253139972687,0.01111072301864624,True,0.5118306769340975,0.5387225350374858,0.5785559186962751,9,False,0.45923320366513704,0.6173539551193691,0.6682373111370574,0.00700223445892334,0.34877562522888184,0.3417733907699585,0.001941293478012085,False,0.14051307306590258,0.6228772462891323,0.005017787218093872,0.3261231780052185,0.32110539078712463,0.003925740718841553,False,0.20093682843839542,0.3884307687114908,-0.004539132118225098,0.3158356845378876,0.32037481665611267,0.013482660055160522,True,0.3200998388252149,0.43704176270701844,-0.002531766891479492,0.30943357944488525,0.31196534633636475,0.011475294828414917,True,0.40904257700573066,0.3988936639370464,-0.004100769758224487,0.3116832673549652,0.3157840371131897,0.013044297695159912,True,0.5473898638968482,0.4674247460275057,0.6726528921919771,10,False,0.4042399032486381,0.5309051548310181,2.0674445999993623,0.07129778900998007,0.086448800288351
000000087875.jpg,add_att:253:positive,a fire hydrant near a tall bush in a field ,add_att:253:negative,A fire hydrant near a tall bush in a hilly field.,dataset-defined SugarCrepe perturbation,0.3518109619617462,0.34298259019851685,0.00882837176322937,0.7074098085486271,13,1.5439038936193583e-16,1.8837347999997291,0.0003015000002051238,0.0001449999999749707,0.816064388900484,0.014899075031280518,0.32917481660842896,0.31427574157714844,-0.0060707032680511475,False,0.18122996794871796,0.7416794929318422,0.010547161102294922,0.31201449036598206,0.30146732926368713,-0.0017187893390655518,False,0.28767027243589743,0.7344642193859385,0.010173916816711426,0.2892875671386719,0.27911365032196045,-0.0013455450534820557,False,0.3557792467948718,0.7542337255796948,0.011213213205337524,0.28700944781303406,0.27579623460769653,-0.0023848414421081543,False,0.43062399839743587,0.6657245147526949,0.0068891048431396484,0.2553121745586395,0.24842306971549988,0.0019392669200897217,False,0.5790014022435898,0.6165025153892887,0.9243790064102564,12,False,0.34120018903866367,0.7465918814226264,0.7000563331290719,0.008475661277770996,0.3342992663383484,0.3258236050605774,0.000352710485458374,False,0.10644030448717949,0.4983854647962119,-6.458163261413574e-05,0.3179599642753601,0.31802454590797424,0.008892953395843506,True,0.2705428685897436,0.48681999667336034,-0.0005273222923278809,0.3020297884941101,0.302557110786438,0.009355694055557251,True,0.38341846955128206,0.5594965129124747,0.0023911893367767334,0.24761193990707397,0.24522075057029724,0.006437182426452637,False,0.45177283653846156,0.4418418233378558,-0.0023369044065475464,0.2457953542470932,0.24813225865364075,0.011165276169776917,True,0.5207832532051282,0.5166828969778452,0.5774288862179487,7,False,0.4459597612492134,0.5744301779909742,2.3125417999999627,0.09981961841144349,0.17216170343165227
000000138954.jpg,swap_obj:129:positive,A white plate on top of a table topped with fruits and vegetables.,swap_obj:129:negative,Fruits and vegetables on top of a table topped with a white plate.,dataset-defined SugarCrepe perturbation,0.2559497654438019,0.2541782557964325,0.0017715096473693848,0.5441722819720826,14,3.404394821604484e-17,2.1004424000002473,0.00033549999898241367,0.00014030000056663994,0.6621656984859702,0.006729602813720703,0.28227728605270386,0.27554768323898315,-0.004958093166351318,False,0.19424057006835938,0.6195932865025581,0.004878222942352295,0.2822321057319641,0.2773538827896118,-0.00310671329498291,False,0.2549400329589844,0.7634767674115891,0.01171836256980896,0.27196434140205383,0.2602459788322449,-0.009946852922439575,False,0.3711395263671875,0.8644160499066103,0.01852463185787201,0.25052228569984436,0.23199765384197235,-0.016753122210502625,False,0.45540618896484375,0.741347611415364,0.010529845952987671,0.2201254963874817,0.20959565043449402,-0.008758336305618286,False,0.5818061828613281,0.7145786337697392,0.7575721740722656,10,False,0.7149052896825103,0.6986686754946089,0.57253387777477,0.002921968698501587,0.2560841739177704,0.2531622052192688,-0.0011504590511322021,False,0.12591552734375,0.6351877468323486,0.005545377731323242,0.275160551071167,0.26961517333984375,-0.0037738680839538574,False,0.2404022216796875,0.5574682882245768,0.0023089349269866943,0.2744552195072174,0.2721462845802307,-0.0005374252796173096,False,0.3576087951660156,0.5661305676414842,0.002660810947418213,0.28038594126701355,0.27772513031959534,-0.0008893013000488281,False,0.45146942138671875,0.46328269904229924,-0.0014713406562805176,0.281454861164093,0.28292620182037354,0.0032428503036499023,True,0.5224113464355469,0.5725352779008499,0.45146942138671875,7,False,0.5661305676414842,0.5715381985909138,2.782503700000234,0.14204335586888928,0.12713047690369506
000000078170.jpg,swap_att:595:positive,"PASSENGER TRAIN IN THE NIGHT HOURS WITH NO SMOKING SIGN, AND TWO WOMEN",swap_att:595:negative,"PASSENGER TRAIN IN THE NIGHT HOURS WITH TWO SMOKING SIGNS, AND NO WOMEN.",dataset-defined SugarCrepe perturbation,0.3317909836769104,0.3029741048812866,0.02881687879562378,0.9469337439467252,15,3.729655473350135e-17,2.2719971999995323,0.00029069999982311856,0.00014480000027106144,0.9658717521836405,0.03342905640602112,0.33491942286491394,0.3014903664588928,-0.004612177610397339,False,0.14650344848632812,0.9456698844438427,0.028568148612976074,0.3152296841144562,0.2866615355014801,0.0002487301826477051,False,0.2561683654785156,0.9573444079505005,0.031110048294067383,0.3176867961883545,0.2865767478942871,-0.0022931694984436035,False,0.3236427307128906,0.9756442294058133,0.03690329194068909,0.32895416021347046,0.29205086827278137,-0.008086413145065308,False,0.4506721496582031,0.9701298857548664,0.03480571508407593,0.3192965090274811,0.28449079394340515,-0.0059888362884521484,False,0.5261764526367188,0.9640890290928872,0.6544723510742188,10,False,0.9681114143976723,0.960444993757396,0.9393524745551981,0.027401119470596313,0.3425254821777344,0.31512436270713806,0.0014157593250274658,False,0.10932540893554688,0.9141534581930563,0.02365437150001526,0.3250012695789337,0.30134689807891846,0.0051625072956085205,False,0.24181747436523438,0.9676645836006206,0.033987224102020264,0.32785338163375854,0.2938661575317383,-0.005170345306396484,False,0.33412933349609375,0.8607181600552322,0.01821267604827881,0.3141257166862488,0.29591304063796997,0.01060420274734497,False,0.4614982604980469,0.8443264649551749,0.01690778136253357,0.31404802203178406,0.2971402406692505,0.01190909743309021,False,0.5172348022460938,0.8813472677417655,0.5847091674804688,9,False,0.8356008558120961,0.9216514419558098,2.8804144999994605,0.08274176135112166,0.03879355180158617
000000063154.jpg,add_att:458:positive,A man laying flat on a surfboard paddling through the water,add_att:458:negative,A bearded man laying flat on a surfboard paddling through the water.,dataset-defined SugarCrepe perturbation,0.2982030510902405,0.2954738140106201,0.0027292370796203613,0.5678105297271614,14,3.0140820395097023e-17,1.8172365999998874,0.00030390000029001385,0.00014349999946716707,0.43732408247023535,-0.0025202929973602295,0.2821727395057678,0.28469303250312805,0.005249530076980591,True,0.16352410190615835,0.4236958805033902,-0.00307619571685791,0.2767043113708496,0.2797805070877075,0.0058054327964782715,True,0.2334929435483871,0.43588724482484476,-0.0025787055492401123,0.2789343595504761,0.2815130650997162,0.005307942628860474,True,0.31810735887096775,0.39312765708848846,-0.004341840744018555,0.2825397849082947,0.28688162565231323,0.007071077823638916,True,0.4003104380498534,0.3978872316465962,-0.00414276123046875,0.2736738920211792,0.27781665325164795,0.006871998310089111,True,0.5561595032991202,0.4597293260769395,0.7087953629032258,9,False,0.5264754394508054,0.4394134537807917,0.3881794722274106,-0.0045497119426727295,0.2770855724811554,0.2816352844238281,0.007278949022293091,True,0.12699894611436952,0.4125013771896113,-0.0035363435745239258,0.2819115221500397,0.2854478657245636,0.006265580654144287,True,0.2002382697947214,0.3739965520791452,-0.005151093006134033,0.2898210287094116,0.29497212171554565,0.007880330085754395,True,0.3608240927419355,0.37585648735821375,-0.005071729421615601,0.28736791014671326,0.29243963956832886,0.007800966501235962,True,0.43548387096774194,0.31597912529578454,-0.007723122835159302,0.24669978022575378,0.2544229030609131,0.010452359914779663,True,0.5164154142228738,0.36259508416272584,0.5164154142228738,7,False,0.31597912529578454,0.4050292049511395,1.846368700000312,0.09713424191421366,0.03438424882965224
000000131131.jpg,replace_att:202:positive,A cat sitting in front of a monitor that is displaying a picture of another cat.,replace_att:202:negative,A cat standing in front of a monitor that is displaying a picture of another cat.,dataset-defined SugarCrepe perturbation,0.3047082722187042,0.2945878505706787,0.010120421648025513,0.7334196139483806,14,4.401860820291148e-17,1.8881994000003033,0.0003089000001637032,0.00014000000010128133,0.6145024777165811,0.0046627819538116455,0.3183560073375702,0.31369322538375854,0.005457639694213867,False,0.1777801513671875,0.634930808070355,0.0055342912673950195,0.3240126669406891,0.31847837567329407,0.004586130380630493,False,0.2965189615885417,0.5925089409171773,0.003743469715118408,0.33660566806793213,0.3328621983528137,0.0063769519329071045,False,0.3847757975260417,0.5442062869468168,0.0017728805541992188,0.29424336552619934,0.2924704849720001,0.008347541093826294,False,0.447662353515625,0.5539504017075845,0.002166450023651123,0.2905251383781433,0.2883586883544922,0.00795397162437439,False,0.5217793782552084,0.567609913102971,0.7888692220052084,10,False,0.49218572232212093,0.6220983457561239,0.5474813513653555,0.001904994249343872,0.31530439853668213,0.31339940428733826,0.00821542739868164,False,0.24637349446614584,0.5474813513653555,0.001904994249343872,0.31530439853668213,0.31339940428733826,0.00821542739868164,False,0.24637349446614584,0.3700259324414395,-0.00532105565071106,0.28120818734169006,0.2865292429924011,0.015441477298736572,True,0.3014475504557292,0.28669277422321726,-0.009115010499954224,0.29268890619277954,0.30180391669273376,0.019235432147979736,True,0.4201863606770833,0.2545416751717921,-0.010745346546173096,0.2805730700492859,0.291318416595459,0.02086576819419861,True,0.5084431966145834,0.33101830330037085,0.74981689453125,9,False,0.21296651969218755,0.4836887734628499,2.585356200001115,0.2365916098026002,0.138409572293274
000000331817.jpg,add_obj:1640:positive,"A woman getting food off of a table, with a purple sweater on.",add_obj:1640:negative,"A woman and a boy are getting food off of a table, with a purple sweater on.",dataset-defined SugarCrepe perturbation,0.3217603266239166,0.300467848777771,0.02129247784614563,0.8937135768299747,10,2.2551405187698492e-17,1.9979595999993762,0.00027740000041376334,0.00012720000086119398,0.4129644111667469,-0.003517240285873413,0.2659350037574768,0.2694522440433502,0.024809718132019043,True,0.14765421549479166,0.2947792352957316,-0.008722841739654541,0.257842481136322,0.26656532287597656,0.03001531958580017,True,0.20023091634114584,0.6018928409521038,0.00413358211517334,0.25899553298950195,0.2548619508743286,0.01715889573097229,False,0.4223836263020833,0.6018928409521038,0.00413358211517334,0.25899553298950195,0.2548619508743286,0.01715889573097229,False,0.4223836263020833,0.6281653077790138,0.005243539810180664,0.2530149817466736,0.24777144193649292,0.016048938035964966,False,0.5120849609375,0.5870926738386201,0.6988881429036459,8,False,0.6254094805777862,0.5269470592487394,0.4129644111667469,-0.003517240285873413,0.2659350037574768,0.2694522440433502,0.024809718132019043,True,0.14765421549479166,0.2947792352957316,-0.008722841739654541,0.257842481136322,0.26656532287597656,0.03001531958580017,True,0.20023091634114584,0.29443983906416005,-0.008739173412322998,0.2592109143733978,0.2679500877857208,0.030031651258468628,True,0.3375752766927083,0.2888710173448251,-0.009008735418319702,0.24392792582511902,0.2529366612434387,0.030301213264465332,True,0.4163970947265625,0.3214750814299717,-0.0074700117111206055,0.2504768669605255,0.2579468786716461,0.028762489557266235,True,0.626129150390625,0.3678506869550027,0.7767842610677084,8,False,0.3047437815071797,0.3873482171480415,1.6054146999995282,0.21924198688361735,0.1395988421006979
000000500663.jpg,replace_rel:581:positive,A herd of cattle grazing on a lush green field.,replace_rel:581:negative,A herd of cattle resting on a lush green field.,dataset-defined SugarCrepe perturbation,0.2961682379245758,0.29478615522384644,0.0013820827007293701,0.5344971726057455,14,3.0574501264091225e-17,1.8931016999995336,0.00030640000113635324,0.0001419000000169035,0.637374804148422,0.005639880895614624,0.24903357028961182,0.2433936893939972,-0.004257798194885254,False,0.12252298990885417,0.6583749642171781,0.006560608744621277,0.2360219955444336,0.22946138679981232,-0.005178526043891907,False,0.2651011149088542,0.7078666863994633,0.008850455284118652,0.22623611986637115,0.2173856645822525,-0.007468372583389282,False,0.3324432373046875,0.7342549259910928,0.010163187980651855,0.1996627300977707,0.18949954211711884,-0.008781105279922485,False,0.4767964680989583,0.7425834716583177,0.010594397783279419,0.2001195251941681,0.18952512741088867,-0.009212315082550049,False,0.5248362223307291,0.7057833776480289,0.4767964680989583,7,False,0.7342549259910928,0.6663548371213186,0.6622250308776755,0.006732255220413208,0.28857436776161194,0.28184211254119873,-0.005350172519683838,False,0.15936279296875,0.6849052505032687,0.007764071226119995,0.28871244192123413,0.28094837069511414,-0.006381988525390625,False,0.23325602213541666,0.7685771683133774,0.012002944946289062,0.2663058042526245,0.25430285930633545,-0.010620862245559692,False,0.3370259602864583,0.7675950631618605,0.011947810649871826,0.2767714262008667,0.2648236155509949,-0.010565727949142456,False,0.4205678304036458,0.7369103204477893,0.010299712419509888,0.27208003401756287,0.261780321598053,-0.008917629718780518,False,0.5447133382161459,0.678743756196386,0.7162679036458334,9,False,0.6634658369502526,0.6941236912146563,2.0397734999987733,0.027039621451642848,-0.027768854093337736
000000270474.jpg,swap_att:372:positive,A little girl holding a baseball bat on grass.,swap_att:372:negative,A baseball girl holding a little bat on grass.,dataset-defined SugarCrepe perturbation,0.3508903384208679,0.33908626437187195,0.011804074048995972,0.7650210483418225,14,2.7755575615628914e-17,1.846654999999373,0.0003068999994866317,0.00014349999946716707,0.984718217855119,0.041656941175460815,0.2989843785762787,0.25732743740081787,-0.029852867126464844,False,0.12229866666666667,0.9729958925536967,0.03584390878677368,0.2995585799217224,0.26371467113494873,-0.02403983473777771,False,0.242464,0.9465449840175083,0.02873978018760681,0.2803782820701599,0.2516385018825531,-0.01693570613861084,False,0.32199466666666665,0.9315239424978694,0.02610337734222412,0.2553216218948364,0.2292182445526123,-0.01429930329322815,False,0.4455733333333333,0.8371949525834611,0.016375035047531128,0.2733296751976013,0.2569546401500702,-0.004570960998535156,False,0.582384,0.8585600240407584,0.759808,11,False,0.7607582740559562,0.923764542428487,0.984718217855119,0.041656941175460815,0.2989843785762787,0.25732743740081787,-0.029852867126464844,False,0.12229866666666667,0.9467951977279639,0.02878934144973755,0.28917115926742554,0.260381817817688,-0.016985267400741577,False,0.27112,0.9454746335171939,0.028530210256576538,0.29142704606056213,0.2628968358039856,-0.016726136207580566,False,0.32768,0.9083722856914688,0.022939205169677734,0.28153276443481445,0.2585935592651367,-0.011135131120681763,False,0.4626346666666667,0.8742666709510801,0.0193922221660614,0.27393004298210144,0.25453782081604004,-0.00758814811706543,False,0.513056,0.9013657712422618,0.513056,7,False,0.8742666709510801,0.9243983978965362,2.109751800000595,-0.04280574720150343,-0.0006338554680491715
000000173033.jpg,add_obj:1399:positive,A bear and cub on a marble display.,add_obj:1399:negative,A bear and cub on a marble display with a vase.,dataset-defined SugarCrepe perturbation,0.30913084745407104,0.2916833758354187,0.017447471618652344,0.8512890399598249,14,4.423544863740858e-17,1.9138638999993418,0.0003027000002475688,0.00014180000107444357,0.7468108856792528,0.010816752910614014,0.2883806824684143,0.2775639295578003,0.00663071870803833,False,0.14951578776041666,0.7227639174350232,0.00958213210105896,0.26631423830986023,0.25673210620880127,0.007865339517593384,False,0.20227559407552084,0.6997258164620798,0.008459925651550293,0.28212493658065796,0.27366501092910767,0.00898754596710205,False,0.3232167561848958,0.6535911962659461,0.0063486248254776,0.23374095559120178,0.22739233076572418,0.011098846793174744,False,0.429229736328125,0.6675210474976888,0.006969943642616272,0.23696286976337433,0.22999292612075806,0.010477527976036072,False,0.5728352864583334,0.6226790163151017,0.8434397379557291,12,False,0.43637095893391864,0.717223128845134,0.7468108856792528,0.010816752910614014,0.2883806824684143,0.2775639295578003,0.00663071870803833,False,0.14951578776041666,0.7266535720799471,0.009777098894119263,0.29050683975219727,0.280729740858078,0.007670372724533081,False,0.2589518229166667,0.582626657741141,0.0033356547355651855,0.2852315306663513,0.28189587593078613,0.014111816883087158,False,0.3472646077473958,0.679372027122666,0.00750887393951416,0.2659711241722107,0.25846225023269653,0.009938597679138184,False,0.4248199462890625,0.6141797924001727,0.004649162292480469,0.259881854057312,0.25523269176483154,0.012798309326171875,False,0.543212890625,0.6428796178316858,0.7156168619791666,9,False,0.5498263522249142,0.7058370831809611,2.438971199999287,-0.020200601516584094,0.011386045664172895
000000530836.jpg,swap_att:73:positive,An old advertisement shows a large kitchen with white cabinets and appliances and yellow walls.,swap_att:73:negative,An old advertisement shows a large kitchen with yellow cabinets and appliances and white walls.,dataset-defined SugarCrepe perturbation,0.4010455310344696,0.39634570479393005,0.004699826240539551,0.6153796437295409,15,1.6653345369377348e-16,1.907567599999311,0.00032420000025012996,0.00014249999912863132,0.6633586954399905,0.006782978773117065,0.34688064455986023,0.34009766578674316,-0.0020831525325775146,False,0.13292305424528303,0.6583176507416385,0.006558060646057129,0.27782946825027466,0.27127140760421753,-0.0018582344055175781,False,0.29904923349056606,0.6803965259465765,0.007555946707725525,0.253366082906723,0.2458101361989975,-0.002856120467185974,False,0.4021700219002695,0.6803965259465765,0.007555946707725525,0.253366082906723,0.2458101361989975,-0.002856120467185974,False,0.4021700219002695,0.6744000900022087,0.00728154182434082,0.2423473298549652,0.2350657880306244,-0.0025817155838012695,False,0.5162725320080862,0.6492901326563243,0.8684457126010782,12,False,0.6457138560377462,0.6606721845923792,0.6576771686897971,0.00652959942817688,0.3050595223903656,0.2985299229621887,-0.001829773187637329,False,0.16237786388140163,0.6500202786322538,0.006191283464431763,0.2947385013103485,0.28854721784591675,-0.001491457223892212,False,0.23515414420485176,0.631336747627303,0.0053795576095581055,0.30319324135780334,0.29781368374824524,-0.0006797313690185547,False,0.31905955188679247,0.5625314420901192,0.0025144219398498535,0.3288164436817169,0.32630202174186707,0.0021854043006896973,False,0.41475741239892183,0.5370811320973383,0.001485973596572876,0.34665799140930176,0.3451720178127289,0.003213852643966675,False,0.5221161135444744,0.5903845647821213,0.41475741239892183,8,False,0.5625314420901192,0.614520389287108,2.2906354000006104,0.05890556787420298,0.04615179530527125
000000219485.jpg,swap_att:584:positive,A gray cat is sitting in a tall window.,swap_att:584:negative,A tall cat is sitting in a gray window.,dataset-defined SugarCrepe perturbation,0.2841966152191162,0.2710096538066864,0.01318696141242981,0.7889646966095455,15,2.862293735361732e-17,1.8220812999988993,0.00031090000084077474,0.00014430000010179356,0.7624872626416264,0.011663645505905151,0.29450660943984985,0.2828429639339447,0.0015233159065246582,False,0.11042090421597633,0.7373901805301007,0.010324478149414062,0.2873452305793762,0.27702075242996216,0.002862483263015747,False,0.25355954142011833,0.666151484206698,0.006908297538757324,0.2832172214984894,0.27630892395973206,0.006278663873672485,False,0.3101192677514793,0.7152662622463398,0.00921100378036499,0.28109031915664673,0.27187931537628174,0.003975957632064819,False,0.41639122596153844,0.6682386325480999,0.007002294063568115,0.26723623275756836,0.26023393869400024,0.006184667348861694,False,0.5448351978550295,0.6992650744442099,0.7869533561390533,12,False,0.6737007891909967,0.7248943439980586,0.3098581718054318,-0.008007824420928955,0.31410202383995056,0.3221098482608795,0.021194785833358765,True,0.12198363535502958,0.4139422714694358,-0.0034769177436828613,0.2910521626472473,0.2945290803909302,0.01666387915611267,True,0.23240453957100593,0.7217308287370617,0.009530633687973022,0.29190415143966675,0.2823735177516937,0.003656327724456787,False,0.31180080436390534,0.7155235413172979,0.009223639965057373,0.28967195749282837,0.280448317527771,0.0039633214473724365,False,0.43442007211538464,0.7486536313287859,0.010914444923400879,0.2648422420024872,0.2539277970790863,0.0022725164890289307,False,0.5721616124260355,0.6672974229188977,0.5721616124260355,8,False,0.7486536313287859,0.5960225156365391,2.1851478000007774,0.031967651525312224,0.12887182836151956
000000515445.jpg,replace_rel:1366:positive,A group of people walking on top of a beach.,replace_rel:1366:negative,A group of people sunbathing on the beach.,dataset-defined SugarCrepe perturbation,0.29543596506118774,0.2678467631340027,0.02758920192718506,0.9404151563399652,13,2.5695591487906455e-17,1.8711610999998811,0.00032900000041991007,0.0001396000006934628,0.7662427327401293,0.011872157454490662,0.2379511594772339,0.22607900202274323,0.015717044472694397,False,0.1619415283203125,0.8150838097286539,0.014833882451057434,0.2359214872121811,0.22108760476112366,0.012755319476127625,False,0.21954345703125,0.6429847588071743,0.00588342547416687,0.22077929973602295,0.21489587426185608,0.02170577645301819,False,0.354339599609375,0.621004512833656,0.004938140511512756,0.21630603075027466,0.2113678902387619,0.022651061415672302,False,0.4382273356119792,0.765301926509853,0.011819705367088318,0.22406138479709625,0.21224167943000793,0.01576949656009674,False,0.5699106852213541,0.6882535313978198,0.7648671468098959,10,False,0.5475751187561917,0.7480075038554216,0.38827821404323876,-0.004545554518699646,0.24470548331737518,0.24925103783607483,0.032134756445884705,True,0.14193216959635416,0.2829871265650395,-0.009296923875808716,0.22237680852413177,0.2316737323999405,0.036886125802993774,True,0.23859151204427084,0.47130510689981386,-0.0011490583419799805,0.22522372007369995,0.22637277841567993,0.02873826026916504,True,0.3702748616536458,0.43020640451998476,-0.0028100907802581787,0.22587017714977264,0.22868026793003082,0.030399292707443237,True,0.4107259114583333,0.45562923829272856,-0.001779511570930481,0.22345365583896637,0.22523316740989685,0.02936871349811554,True,0.5580952962239584,0.5232332802542313,0.7838999430338541,10,False,0.6765666987947943,0.46569848496730626,2.15426110000044,0.16502025114358843,0.2823090188881153
000000026941.jpg,swap_att:204:positive,A green cart with old luggage on it standing by.,swap_att:204:negative,An old cart with green luggage on it standing by.,dataset-defined SugarCrepe perturbation,0.30970221757888794,0.3076514005661011,0.0020508170127868652,0.5510914814432997,14,2.0816681711721685e-17,1.8034246000006533,0.00030929999957152177,0.00014150000060908496,0.46854352629058416,-0.001259922981262207,0.3206446170806885,0.3219045400619507,0.0033107399940490723,True,0.13630756578947367,0.5502043736921756,0.0020149648189544678,0.2900124192237854,0.28799745440483093,3.585219383239746e-05,False,0.29590414839181284,0.42117711270604496,-0.0031794309616088867,0.2930107116699219,0.29619014263153076,0.005230247974395752,True,0.37717584978070173,0.3710599109510137,-0.005276724696159363,0.22752544283866882,0.23280216753482819,0.007327541708946228,True,0.45364469115497075,0.3801601903329962,-0.004888683557510376,0.19913429021835327,0.20402297377586365,0.006939500570297241,True,0.5699013157894737,0.48003552721792275,0.6755699470029239,8,False,0.5106899539154462,0.46361906996076946,0.4907779722188257,-0.0003689229488372803,0.31902462244033813,0.3193935453891754,0.0024197399616241455,True,0.1921315332602339,0.47090931701377786,-0.001164942979812622,0.3211918771266937,0.32235682010650635,0.0032157599925994873,True,0.30838815789473684,0.47090931701377786,-0.001164942979812622,0.3211918771266937,0.32235682010650635,0.0032157599925994873,True,0.30838815789473684,0.4539344250620158,-0.0018478631973266602,0.31792017817497253,0.3197680413722992,0.0038986802101135254,True,0.45661435489766083,0.4531551743078726,-0.0018793046474456787,0.31363633275032043,0.3155156373977661,0.003930121660232544,True,0.5404331140350878,0.4702518724268717,0.5404331140350878,8,False,0.4531551743078726,0.485810061881774,1.9812426999997115,0.009783654791051033,-0.022190991921004544
000000361268.jpg,replace_att:205:positive,A brown and white cow standing in front of an iron fence.,replace_att:205:negative,A brown and black cow standing in front of an iron fence.,dataset-defined SugarCrepe perturbation,0.35613346099853516,0.3408028483390808,0.015330612659454346,0.8224537725234028,14,7.806255641895632e-17,1.872271299998829,0.0003333000004204223,0.0001405000002705492,0.44901026514578896,-0.0020467042922973633,0.29834631085395813,0.3003930151462555,0.01737731695175171,True,0.15416971842447916,0.3038630125866301,-0.008289694786071777,0.26726970076560974,0.2755593955516815,0.023620307445526123,True,0.21887715657552084,0.3204494770744582,-0.007517069578170776,0.26745492219924927,0.27497199177742004,0.022847682237625122,True,0.3696695963541667,0.37524425011093715,-0.005097836256027222,0.26164188981056213,0.26673972606658936,0.020428448915481567,True,0.4852498372395833,0.3181916879947936,-0.007620945572853088,0.219492569565773,0.2271135151386261,0.022951558232307434,True,0.5490620930989584,0.4567430162975701,0.8142649332682291,11,False,0.5611040895272159,0.422117573886616,0.44901026514578896,-0.0020467042922973633,0.29834631085395813,0.3003930151462555,0.01737731695175171,True,0.15416971842447916,0.3038630125866301,-0.008289694786071777,0.26726970076560974,0.2755593955516815,0.023620307445526123,True,0.21887715657552084,0.37816500933188696,-0.0049734413623809814,0.24811258912086487,0.25308603048324585,0.020304054021835327,True,0.3474985758463542,0.41165011719868805,-0.0035714805126190186,0.25190991163253784,0.25548139214515686,0.018902093172073364,True,0.4229990641276042,0.3628194642691766,-0.005631476640701294,0.24976664781570435,0.25539812445640564,0.02096208930015564,True,0.5688934326171875,0.4132449063751527,0.4800771077473958,7,False,0.37918383699245173,0.4439173623207282,2.178844099998969,0.04349810992241737,-0.021799788434112177
000000396205.jpg,swap_obj:120:positive,Two cows in a meadow with a historic structure in the background.,swap_obj:120:negative,A historic structure in a meadow with two cows in the background.,dataset-defined SugarCrepe perturbation,0.35076719522476196,0.3178517520427704,0.03291544318199158,0.9641375892143111,15,4.206704429243757e-17,1.8378317999995488,0.00030639999931736384,0.00014449999980570283,0.9076696279649775,0.02285507321357727,0.3045377731323242,0.28168269991874695,0.010060369968414307,False,0.1622127757352941,0.935465631690211,0.026738464832305908,0.2946341335773468,0.2678956687450409,0.006176978349685669,False,0.22899241727941178,0.7893958254325252,0.01321287453174591,0.24894076585769653,0.23572789132595062,0.019702568650245667,False,0.3644646139705882,0.8247144805984172,0.015486210584640503,0.25239890813827515,0.23691269755363464,0.017429232597351074,False,0.42769416360294116,0.7327953896666108,0.010088518261909485,0.2325829565525055,0.222494438290596,0.022826924920082092,False,0.5132410386029411,0.7703510821884534,0.7111328125,10,False,0.6941352111600196,0.8725776286417551,0.7355264989509565,0.010228455066680908,0.29006722569465637,0.27983877062797546,0.02268698811531067,False,0.1486328125,0.9037921609405843,0.022400885820388794,0.2839730381965637,0.2615721523761749,0.010514557361602783,False,0.24424977022058825,0.9342161547180095,0.0265333354473114,0.29727181792259216,0.27073848247528076,0.006382107734680176,False,0.3074793198529412,0.8461192993312229,0.017044827342033386,0.2653718888759613,0.24832706153392792,0.01587061583995819,False,0.4408547794117647,0.7327953896666108,0.010088518261909485,0.2325829565525055,0.222494438290596,0.022826924920082092,False,0.5132410386029411,0.7473725970815258,0.6545323988970588,9,False,0.6536178485519962,0.8546995232509583,2.071317399999316,0.02297848510692757,0.017878105390796817
000000492758.jpg,swap_att:188:positive,A person sits in a chair in a living room next to some windows.,swap_att:188:negative,Some people sit in chairs in a living room next to a window.,dataset-defined SugarCrepe perturbation,0.3083258271217346,0.2709180414676666,0.03740778565406799,0.9768147011492297,12,8.153200337090993e-17,1.8384428999997908,0.00030809999952907674,0.00013439999929687474,0.8387628714585564,0.016490519046783447,0.30672574043273926,0.2902352213859558,0.020917266607284546,False,0.22263340643274854,0.8387628714585564,0.016490519046783447,0.30672574043273926,0.2902352213859558,0.020917266607284546,False,0.22263340643274854,0.8867186975706046,0.020576536655426025,0.2901592254638672,0.26958268880844116,0.016831248998641968,False,0.34857570358187134,0.9049568489270389,0.02253556251525879,0.2885436415672302,0.26600807905197144,0.014872223138809204,False,0.44904742324561403,0.8463066247012546,0.017059221863746643,0.25798851251602173,0.24092929065227509,0.02034856379032135,False,0.5315127010233918,0.8610930461331932,0.7282243695175439,8,False,0.8092808505766501,0.8898663026811412,0.9154841438447173,0.023825138807296753,0.29818254709243774,0.274357408285141,0.01358264684677124,False,0.1259422971491228,0.8498416577086886,0.01733359694480896,0.29506582021713257,0.2777322232723236,0.020074188709259033,False,0.22250205592105263,0.7980160878824291,0.013739407062530518,0.2928200960159302,0.27908068895339966,0.023668378591537476,False,0.3049673336988304,0.8689943081897725,0.018920958042144775,0.2955096364021301,0.27658867835998535,0.018486827611923218,False,0.44425027412280704,0.8383561877646597,0.01646047830581665,0.288185715675354,0.27172523736953735,0.020947307348251343,False,0.5121185124269005,0.855020692144749,0.5121185124269005,6,False,0.8383561877646597,0.8716067688035531,1.6849146999993536,0.00607235398844419,0.018259533877588052
000000367680.jpg,replace_att:476:positive,A horse and cart are stopped on a busy street.,replace_att:476:negative,A horse and cart are stopped on a quiet street.,dataset-defined SugarCrepe perturbation,0.23820507526397705,0.22879664599895477,0.009408429265022278,0.7192698931918393,12,1.5612511283791264e-17,2.1011837999994896,0.00029429999995045364,0.00013190000026952475,0.7581329440593197,0.011424705386161804,0.24767102301120758,0.23624631762504578,-0.0020162761211395264,False,0.11720578566732413,0.7786401482323303,0.012577593326568604,0.23144784569740295,0.21887025237083435,-0.0031691640615463257,False,0.3563773833004602,0.7786401482323303,0.012577593326568604,0.23144784569740295,0.21887025237083435,-0.0031691640615463257,False,0.3563773833004602,0.7405278605393686,0.010487139225006104,0.2291782796382904,0.2186911404132843,-0.0010787099599838257,False,0.41007889546351084,0.18257157562547235,-0.01499021053314209,0.22850719094276428,0.24349740147590637,0.024398639798164368,True,0.6307495069033531,0.46616799851524915,0.7511571334648258,8,False,0.17703307527786538,0.6547727451460126,0.7412864601153842,0.010526657104492188,0.2327473759651184,0.22222071886062622,-0.0011182278394699097,False,0.15838921761998684,0.4517671281746082,-0.001935333013534546,0.23933222889900208,0.24126756191253662,0.011343762278556824,True,0.37905982905982905,0.4517671281746082,-0.001935333013534546,0.23933222889900208,0.24126756191253662,0.011343762278556824,True,0.37905982905982905,0.24984810227059473,-0.01099422574043274,0.21790122985839844,0.22889545559883118,0.020402655005455017,True,0.4293491124260355,0.20361945502804535,-0.013638243079185486,0.20262771844863892,0.2162659615278244,0.023046672344207764,True,0.5402958579881657,0.40179357184402914,0.6158514135437212,6,False,0.24453918774644826,0.5369305642072764,1.5110301000004256,0.06437442667122001,0.11784218093873622
000000556873.jpg,swap_att:75:positive,A white frosted cake sitting in front of some white flowers.,swap_att:75:negative,Some white frosted flowers sitting in front of a white cake.,dataset-defined SugarCrepe perturbation,0.34927576780319214,0.32225677371025085,0.027018994092941284,0.9371386307474493,14,2.6020852139652106e-17,1.676133299999492,0.00024510000002919696,0.00011079999967478216,0.85592087280042,0.017818152904510498,0.2751815915107727,0.2573634386062622,0.009200841188430786,False,0.18912760416666666,0.7372377950995013,0.010316610336303711,0.25469326972961426,0.24437665939331055,0.016702383756637573,False,0.2472873263888889,0.7342921413977327,0.010165095329284668,0.25683683156967163,0.24667173624038696,0.016853898763656616,False,0.3147729349415205,0.6823637616182999,0.0076465606689453125,0.24881908297538757,0.24117252230644226,0.01937243342399597,False,0.4064955683479532,0.6118732570969652,0.004551932215690613,0.2235083431005478,0.21895641088485718,0.02246706187725067,False,0.5302448830409356,0.672967425039734,0.6723889802631579,9,False,0.5530061643733402,0.7743423720993289,0.8634197844149947,0.018439888954162598,0.26805225014686584,0.24961236119270325,0.008579105138778687,False,0.1412531980994152,0.6226763079407561,0.0050092339515686035,0.2711786925792694,0.2661694586277008,0.02200976014137268,False,0.20646016081871346,0.7777764908523553,0.012527555227279663,0.28020375967025757,0.2676762044429779,0.014491438865661621,False,0.3318998994883041,0.7643866782098814,0.011768817901611328,0.27961790561676025,0.2678490877151489,0.015250176191329956,False,0.4068325109649123,0.6649667055146664,0.0068550705909729,0.27670592069625854,0.26985085010528564,0.020163923501968384,False,0.5875022843567251,0.7089828103534788,0.6549878929093568,9,False,0.6336601835793704,0.7665588454683008,1.8926018000001932,-0.03601538531374482,0.007783526631028104
000000499775.jpg,swap_att:570:positive,A yellow bus traveling through a city with small buildings.,swap_att:570:negative,A small bus traveling through a city with yellow buildings.,dataset-defined SugarCrepe perturbation,0.3057064116001129,0.2935556173324585,0.012150794267654419,0.7711964609074118,15,3.2959746043559335e-17,1.9165355999994063,0.00030950000109442044,0.00014229999942472205,0.8672817043454787,0.018771350383758545,0.28977125883102417,0.2709999084472656,-0.006620556116104126,False,0.1724090576171875,0.7808094263336635,0.012703895568847656,0.28436750173568726,0.2716636061668396,-0.0005531013011932373,False,0.2639312744140625,0.648794172665472,0.006137430667877197,0.28750914335250854,0.28137171268463135,0.006013363599777222,False,0.349212646484375,0.5867032074036814,0.0035035312175750732,0.26914849877357483,0.26564496755599976,0.008647263050079346,False,0.4560902913411458,0.5857475331657631,0.00346413254737854,0.2693709135055542,0.26590678095817566,0.008686661720275879,False,0.5084330240885416,0.6978922191305007,0.7960561116536459,11,False,0.6953196741729901,0.7362428059464071,0.6903196098452474,0.008016139268875122,0.2776988744735718,0.26968273520469666,0.004134654998779297,False,0.14317830403645834,0.6131362052432542,0.004605144262313843,0.2824758291244507,0.27787068486213684,0.007545650005340576,False,0.2500559488932292,0.6095042449996466,0.0044522881507873535,0.2813986837863922,0.27694639563560486,0.007698506116867065,False,0.302398681640625,0.652838800215083,0.006315410137176514,0.2733771800994873,0.2670617699623108,0.005835384130477905,False,0.402923583984375,0.6183140315254888,0.0048239827156066895,0.2834668755531311,0.2786428928375244,0.0073268115520477295,False,0.5665130615234375,0.6350805072998966,0.5665130615234375,8,False,0.6183140315254888,0.6596566011280546,2.2869831999996677,0.06281171183060408,0.07658620481835254
000000110638.jpg,replace_rel:370:positive,A couple of large elephants standing next to a baby elephant.,replace_rel:370:negative,A couple of large elephants sleeping next to a baby elephant.,dataset-defined SugarCrepe perturbation,0.30073127150535583,0.29198724031448364,0.008744031190872192,0.7056610687878436,15,6.158268339717665e-17,1.8181485000004614,0.0005256999993434874,0.00029580000045825727,0.7285331286022381,0.00987192988395691,0.29640522599220276,0.28653329610824585,-0.0011278986930847168,False,0.10483484100877193,0.7958220405354713,0.013603836297988892,0.299956351518631,0.2863525152206421,-0.004859805107116699,False,0.24366662097953215,0.6721954635721795,0.007181316614151001,0.2991715371608734,0.2919902205467224,0.0015627145767211914,False,0.3360060307017544,0.6879746450753813,0.007906675338745117,0.2974032163619995,0.2894965410232544,0.0008373558521270752,False,0.4153017635233918,0.7992449596902876,0.013815820217132568,0.2915225028991699,0.27770668268203735,-0.005071789026260376,False,0.5437454312865497,0.7335049706995151,0.8064635873538012,11,False,0.6817814796316054,0.7323445057161919,0.7202908652071255,0.009459048509597778,0.3006928861141205,0.2912338376045227,-0.0007150173187255859,False,0.1574093110380117,0.9205151082061238,0.024493664503097534,0.31110814213752747,0.28661447763442993,-0.015749633312225342,False,0.23830980445906433,0.9353521920978073,0.02671968936920166,0.31003475189208984,0.2833150625228882,-0.017975658178329468,False,0.31760553728070173,0.9417407757578247,0.02782827615737915,0.2991625666618347,0.27133429050445557,-0.019084244966506958,False,0.45592904788011696,0.8326123843041485,0.016042560338974,0.2956097722053528,0.2795672118663788,-0.007298529148101807,False,0.5068987573099415,0.8936967555078412,0.45592904788011696,7,False,0.9417407757578247,0.8428180417349023,2.080891799998426,-0.16019178480832608,-0.11047353601871035
000000470924.jpg,swap_att:93:positive,Three men and one woman sit at a table eating pizza. ,swap_att:93:negative,One man and three women sit at a table eating pizza.,dataset-defined SugarCrepe perturbation,0.3021049499511719,0.27876073122024536,0.023344218730926514,0.9116880036656665,8,1.5829351718288365e-17,1.8699907999998686,0.0002815000007103663,0.00012140000035287812,0.8786373917462167,0.019795894622802734,0.31772738695144653,0.2979314923286438,0.0035483241081237793,False,0.19549560546875,0.9425636175291165,0.027979254722595215,0.3202146887779236,0.29223543405532837,-0.004635035991668701,False,0.3117879231770833,0.9425636175291165,0.027979254722595215,0.3202146887779236,0.29223543405532837,-0.004635035991668701,False,0.3117879231770833,0.9414487152050266,0.027775168418884277,0.2974008321762085,0.2696256637573242,-0.004430949687957764,False,0.4279581705729167,0.8990028641823228,0.021861940622329712,0.2877351641654968,0.2658732235431671,0.0014822781085968018,False,0.5171101888020834,0.7571594070390368,0.8683980305989584,7,False,0.2814844410412885,0.91347898914738,0.8786373917462167,0.019795894622802734,0.31772738695144653,0.2979314923286438,0.0035483241081237793,False,0.19549560546875,0.7833824077443314,0.01285487413406372,0.3189074993133545,0.30605262517929077,0.010489344596862793,False,0.2849273681640625,0.7542536125670224,0.011214286088943481,0.31063491106033325,0.29942062497138977,0.012129932641983032,False,0.4165293375651042,0.7542536125670224,0.011214286088943481,0.31063491106033325,0.29942062497138977,0.012129932641983032,False,0.4165293375651042,0.7146133354548345,0.009178966283798218,0.30699703097343445,0.29781806468963623,0.014165252447128296,False,0.5326995849609375,0.7697554446021384,0.5326995849609375,4,False,0.7146133354548345,0.818127794080417,1.3332198000007338,-0.01259603756310157,0.09535119506696299
000000099242.jpg,replace_att:283:positive,A man skiing down a snowy hill alone.,replace_att:283:negative,A man skiing down a snowy hill crowded with people.,dataset-defined SugarCrepe perturbation,0.30172988772392273,0.2755082845687866,0.02622160315513611,0.9322742339983228,15,8.673617379884035e-17,1.705996500000765,0.00026280000020051375,0.0001095000006898772,0.9678235704910647,0.034038156270980835,0.30237194895744324,0.2683337926864624,-0.007816553115844727,False,0.14060781708211142,0.9323443872591317,0.02623271942138672,0.30161216855049133,0.2753794491291046,-1.1116266250610352e-05,False,0.26500641495601174,0.9601661329048116,0.031823888421058655,0.2702834904193878,0.23845960199832916,-0.005602285265922546,False,0.3175116843841642,0.9509891391127103,0.0296546071767807,0.26600849628448486,0.23635388910770416,-0.0034330040216445923,False,0.46594345674486803,0.9482185636755661,0.029075533151626587,0.2680146098136902,0.2389390766620636,-0.0028539299964904785,False,0.5375618585043989,0.939705787908983,0.7421073130498533,11,False,0.927206665424466,0.9511537856944192,0.9358145066141653,0.026796400547027588,0.30330973863601685,0.27651333808898926,-0.0005747973918914795,False,0.12793827895894427,0.9178558650059525,0.02413564920425415,0.2998753786087036,0.27573972940444946,0.002085953950881958,False,0.2628871884164223,0.9003788322952201,0.02201440930366516,0.29610514640808105,0.2740907371044159,0.004207193851470947,False,0.33065661656891493,0.9146745061862307,0.02372094988822937,0.301195353269577,0.27747440338134766,0.0025006532669067383,False,0.40227501832844575,0.894222911374939,0.021346211433410645,0.2987867593765259,0.27744054794311523,0.004875391721725464,False,0.5445152126099707,0.9133267627208714,0.6145069648093842,9,False,0.903657065980016,0.9179364464139161,1.9027168000011443,0.026379025188111527,0.03321733928050308
000000516916.jpg,swap_att:592:positive,A very big work station with a bunch of computers.,swap_att:592:negative,A bunch of work stations with a very big computer.,dataset-defined SugarCrepe perturbation,0.29052624106407166,0.28291475772857666,0.007611483335494995,0.6816029974936136,13,5.898059818321144e-17,1.8801385999995546,0.00032129999999597203,0.00013930000022810418,0.4618246500424607,-0.001529991626739502,0.26712048053741455,0.26865047216415405,0.009141474962234497,True,0.12739054361979166,0.4150629826827162,-0.0034307390451431274,0.24712054431438446,0.2505512833595276,0.011042222380638123,True,0.21419779459635416,0.3482579107500326,-0.006267055869102478,0.2376520037651062,0.24391905963420868,0.013878539204597473,True,0.313140869140625,0.38120464848360824,-0.004844382405281067,0.22946399450302124,0.2343083769083023,0.012455865740776062,True,0.4279632568359375,0.2690283382343823,-0.009995579719543457,0.23140394687652588,0.24139952659606934,0.017607063055038452,True,0.5751291910807291,0.36089308503696516,0.7024332682291666,9,False,0.28673513339599105,0.41447919496022173,0.41905635290020654,-0.0032664835453033447,0.2539469599723816,0.25721344351768494,0.01087796688079834,True,0.2263336181640625,0.41905635290020654,-0.0032664835453033447,0.2539469599723816,0.25721344351768494,0.01087796688079834,True,0.2263336181640625,0.3482579107500326,-0.006267055869102478,0.2376520037651062,0.24391905963420868,0.013878539204597473,True,0.313140869140625,0.3693103177040181,-0.00535176694393158,0.23071742057800293,0.2360691875219345,0.012963250279426575,True,0.4300740559895833,0.38100747656948913,-0.004852741956710815,0.24519068002700806,0.25004342198371887,0.01246422529220581,True,0.5827585856119791,0.41475013253383475,0.667388916015625,8,False,0.3805458050682174,0.44117249142198683,2.2426383000001806,-0.05385704749686959,-0.026693296461765104
000000033638.jpg,replace_att:460:positive,A man preparing food on a large old oven.,replace_att:460:negative,A man preparing food on a small old oven.,dataset-defined SugarCrepe perturbation,0.29641154408454895,0.27462348341941833,0.021788060665130615,0.8983300782457898,15,3.8163916471489756e-17,1.84668320000128,0.00032139999893843196,0.0001481000017520273,0.8792588902026941,0.019854307174682617,0.28535783290863037,0.26550352573394775,0.001933753490447998,False,0.17396599264705884,0.8937605608045394,0.021297425031661987,0.2715735137462616,0.2502760887145996,0.0004906356334686279,False,0.2237994025735294,0.8645991460935937,0.018540263175964355,0.26579976081848145,0.2472594976425171,0.0032477974891662598,False,0.32360983455882353,0.7788737806080025,0.012591153383255005,0.19950023293495178,0.18690907955169678,0.00919690728187561,False,0.4618393841911765,0.7522645463764108,0.011107265949249268,0.20839393138885498,0.1972866654396057,0.010680794715881348,False,0.5654584099264706,0.7784557508915313,0.8658260569852941,13,False,0.68306516698482,0.8479225384400978,0.8599600810156753,0.018149584531784058,0.2825089395046234,0.26435935497283936,0.0036384761333465576,False,0.1341739430147059,0.8654443611052742,0.018612653017044067,0.2918834686279297,0.2732708156108856,0.003175407648086548,False,0.21947380514705883,0.8260961291327509,0.015582084655761719,0.27596938610076904,0.2603873014450073,0.0062059760093688965,False,0.31928423713235293,0.7848313374522785,0.012940466403961182,0.259204626083374,0.24626415967941284,0.008847594261169434,False,0.42290326286764707,0.787541550908465,0.013101696968078613,0.2678658664226532,0.2547641694545746,0.008686363697052002,False,0.5226849724264706,0.7285695345272152,0.6388269761029411,9,False,0.5660357680176088,0.8377356413516831,2.1209202999998524,0.049886216364316116,0.010186897088414693
000000099039.jpg,replace_att:113:positive,Plates of food and two glasses of red wine are on a table.,replace_att:113:negative,Plates of food and two glasses of white wine are on a table.,dataset-defined SugarCrepe perturbation,0.2798348069190979,0.278231143951416,0.0016036629676818848,0.5400058738329873,12,3.209238430557093e-17,1.913760800000091,0.0003054999997402774,0.00013339999895833898,0.6463796723305997,0.006031632423400879,0.2650335431098938,0.2590019106864929,-0.004427969455718994,False,0.1256103515625,0.42012144639414606,-0.003222748637199402,0.24933482706546783,0.25255757570266724,0.004826411604881287,True,0.2485809326171875,0.44607426727784943,-0.0021654516458511353,0.21282710134983063,0.21499255299568176,0.00376911461353302,True,0.3863779703776042,0.5483303024514056,0.0019392669200897217,0.18549349904060364,0.18355423212051392,-0.0003356039524078369,False,0.4670613606770833,0.5212258605261841,0.0008495450019836426,0.17130398750305176,0.17045444250106812,0.0007541179656982422,False,0.5169830322265625,0.476351950411513,0.6132558186848959,6,False,0.42467785608044273,0.5156414248866427,0.6056437404442794,0.004290372133255005,0.2616675794124603,0.2573772072792053,-0.00268670916557312,False,0.17553202311197916,0.6432604151328484,0.005895435810089111,0.2596743702888489,0.25377893447875977,-0.0042917728424072266,False,0.2562154134114583,0.578360737842272,0.0031604766845703125,0.2579473853111267,0.2547869086265564,-0.0015568137168884277,False,0.3524881998697917,0.45199706433461345,-0.0019260495901107788,0.19592155516147614,0.19784760475158691,0.0035297125577926636,True,0.4754587809244792,0.4566103152076042,-0.0017399638891220093,0.20183128118515015,0.20357124507427216,0.003343626856803894,True,0.5251973470052084,0.5098032121330058,0.5251973470052084,6,False,0.4566103152076042,0.5629973357489478,1.7523538999994344,-0.03345126172149282,-0.04735591086230517
000000118367.jpg,replace_obj:1516:positive,The hotdog bun is filled with carrots and greens.,replace_obj:1516:negative,The taco shell is filled with carrots and greens.,dataset-defined SugarCrepe perturbation,0.31795966625213623,0.2603062093257904,0.057653456926345825,0.9968754815466244,14,5.551115123125783e-17,1.8899239000002126,0.00031090000084077474,0.00014430000010179356,0.0033532285433052287,-0.05694472789764404,0.2466646432876587,0.30360937118530273,0.11459818482398987,True,0.17284585160818713,0.04131540073855301,-0.031443268060684204,0.25218936800956726,0.28363263607025146,0.08909672498703003,True,0.23689921418128654,0.04251427788772455,-0.031144708395004272,0.18664893507957458,0.21779364347457886,0.0887981653213501,True,0.3390956231725146,0.04595468513063513,-0.030330553650856018,0.19216258823871613,0.22249314188957214,0.08798401057720184,True,0.4531706871345029,0.12740417432375958,-0.019241079688072205,0.20604927837848663,0.22529035806655884,0.07689453661441803,True,0.5211645650584795,0.22692793017275947,0.5776224415204678,8,False,0.1747678414940709,0.19781956486872448,0.0033532285433052287,-0.05694472789764404,0.2466646432876587,0.30360937118530273,0.11459818482398987,True,0.17284585160818713,0.031666592610808154,-0.034203141927719116,0.2613048851490021,0.2955080270767212,0.09185659885406494,True,0.24083972953216373,0.15116244947508883,-0.017255127429962158,0.20392322540283203,0.2211783528327942,0.07490858435630798,True,0.3430361385233918,0.14290558006798934,-0.017913639545440674,0.19674715399742126,0.21466079354286194,0.0755670964717865,True,0.4452097039473684,0.12847751246400912,-0.019144877791404724,0.1959649622440338,0.21510984003543854,0.07679833471775055,True,0.5060935215643275,0.24390108551914652,0.8605914199561403,12,False,0.2111884238860408,0.23762387357343603,1.7790556999989349,-0.016973155346387048,-0.03980430870471155
