image_id,positive_caption_id,positive_caption,negative_caption_id,negative_caption,negative_caption_source_image_id,original_positive_cosine,original_negative_cosine,original_margin,original_preference,num_superpixels,max_abs_linearity_error,shared_inference_runtime_seconds,point_regression_runtime_seconds,cr_regression_runtime_seconds,point_preference10,point_margin10,point_positive_cosine10,point_negative_cosine10,point_margin_drop10,point_rankflip10,point_actual_area10,point_preference20,point_margin20,point_positive_cosine20,point_negative_cosine20,point_margin_drop20,point_rankflip20,point_actual_area20,point_preference30,point_margin30,point_positive_cosine30,point_negative_cosine30,point_margin_drop30,point_rankflip30,point_actual_area30,point_preference40,point_margin40,point_positive_cosine40,point_negative_cosine40,point_margin_drop40,point_rankflip40,point_actual_area40,point_preference50,point_margin50,point_positive_cosine50,point_negative_cosine50,point_margin_drop50,point_rankflip50,point_actual_area50,point_positive_pdauc,point_positive_area_fraction,point_num_positive_regions,point_no_positive_attribution,point_final_positive_preference,point_matched_pdauc50,cr_preference10,cr_margin10,cr_positive_cosine10,cr_negative_cosine10,cr_margin_drop10,cr_rankflip10,cr_actual_area10,cr_preference20,cr_margin20,cr_positive_cosine20,cr_negative_cosine20,cr_margin_drop20,cr_rankflip20,cr_actual_area20,cr_preference30,cr_margin30,cr_positive_cosine30,cr_negative_cosine30,cr_margin_drop30,cr_rankflip30,cr_actual_area30,cr_preference40,cr_margin40,cr_positive_cosine40,cr_negative_cosine40,cr_margin_drop40,cr_rankflip40,cr_actual_area40,cr_preference50,cr_margin50,cr_positive_cosine50,cr_negative_cosine50,cr_margin_drop50,cr_rankflip50,cr_actual_area50,cr_positive_pdauc,cr_positive_area_fraction,cr_num_positive_regions,cr_no_positive_attribution,cr_final_positive_preference,cr_matched_pdauc50,evaluation_runtime_seconds,positive_pdauc_difference,matched_pdauc_difference
411175971,89110,A brown dog is shown standing in the water near a muddy beach.,15040,A reddish brown dog walking in water carrying a stick in his mouth.,2052202553,0.3733196258544922,0.345741331577301,0.027578294277191162,0.9403540065097729,15,6.245004513516506e-17,0.8931765000002088,0.0003878999996231869,0.000125699999898643,0.9399746905370289,0.027510866522789,0.21125096082687378,0.18374009430408478,6.742775440216064e-05,False,0.13486933333333334,0.9758377647658915,0.03698505461215973,0.1981850564479828,0.16120000183582306,-0.009406760334968567,False,0.2652,0.976877288128029,0.03743545711040497,0.20154109597206116,0.1641056388616562,-0.009857162833213806,False,0.338784,0.9735259833276115,0.03604760766029358,0.18887898325920105,0.15283137559890747,-0.008469313383102417,False,0.4092266666666667,0.9165988821853305,0.02397008240222931,0.21588729321956635,0.19191721081733704,0.003608211874961853,False,0.539472,0.950342165210883,0.7493013333333334,11,False,0.9495798435902784,0.9551449634507422,0.804095955524315,0.014120936393737793,0.33896639943122864,0.32484546303749084,0.01345735788345337,False,0.14117333333333335,0.8726983338010262,0.019250303506851196,0.32614317536354065,0.30689287185668945,0.008327990770339966,False,0.20366933333333334,0.8525192941301456,0.017544984817504883,0.3270037770271301,0.30945879220962524,0.01003330945968628,False,0.330768,0.8477498618888328,0.017170608043670654,0.3253338038921356,0.30816319584846497,0.010407686233520508,False,0.40335466666666664,0.8096793389061451,0.014479279518127441,0.31388983130455017,0.29941055178642273,0.01309901475906372,False,0.548464,0.6662941220658409,0.7366986666666666,11,False,0.29067609085305157,0.8517067017573076,1.8420216999998047,0.28404804314504206,0.10343826169343462
4953536921,124232,A woman and a dog sit on a white bench near a beach.,8615,A man sits on a bench holding his dog and looking at the water.,1489286545,0.3415188789367676,0.31617820262908936,0.025340676307678223,0.9264958453340533,16,4.5319650809894085e-17,1.0626268000000891,0.00026610000031723757,0.0001222000000780099,0.9354251388403109,0.026731759309768677,0.27661046385765076,0.24987870454788208,-0.001391083002090454,False,0.135728,0.8942866027513203,0.021352946758270264,0.26365894079208374,0.24230599403381348,0.003987729549407959,False,0.204024,0.9515348414877189,0.029772311449050903,0.25615936517715454,0.22638705372810364,-0.004431635141372681,False,0.324284,0.9731364070459861,0.035897523164749146,0.26015883684158325,0.2242613136768341,-0.010556846857070923,False,0.461276,0.9537202495677738,0.030256658792495728,0.23402704298496246,0.20377038419246674,-0.004915982484817505,False,0.53512,0.9212630176524993,0.693812,11,False,0.887274315247739,0.9396085531825225,0.8918349668610693,0.021096229553222656,0.3297630846500397,0.308666855096817,0.004244446754455566,False,0.140916,0.8663468975558114,0.018690377473831177,0.3158576786518097,0.2971673011779785,0.006650298833847046,False,0.21476,0.8782800574186594,0.019762426614761353,0.2567358613014221,0.23697343468666077,0.00557824969291687,False,0.324192,0.846651117527917,0.017085731029510498,0.27296826243400574,0.25588253140449524,0.008254945278167725,False,0.439844,0.8958011843018324,0.021514177322387695,0.2480848878622055,0.2265707105398178,0.0038264989852905273,False,0.553384,0.8996836948105831,0.666164,11,False,0.9087674067259801,0.8803207879688657,2.4191836999998486,0.021579322841916215,0.05928776521365675
6278649113,138669,A girl bowling at a bowling alley.,134730,A woman in a white top and khaki pants exercising on a piece of exercise equipment.,581630745,0.32539674639701843,0.2869251072406769,0.03847163915634155,0.9791057144455919,10,4.466912950640278e-17,1.38988130000007,0.00027039999986300245,0.0001067000002876739,0.9999944225654518,0.12096776068210602,0.328156977891922,0.20718921720981598,-0.08249612152576447,False,0.23988266666666666,0.9999944225654518,0.12096776068210602,0.328156977891922,0.20718921720981598,-0.08249612152576447,False,0.23988266666666666,0.9964338054472833,0.056326836347579956,0.30840691924095154,0.2520800828933716,-0.017855197191238403,False,0.318896,0.9870609199954239,0.04334479570388794,0.28296536207199097,0.23962056636810303,-0.004873156547546387,False,0.4157226666666667,0.4469072767890267,-0.002131745219230652,0.2153325229883194,0.21746426820755005,0.040603384375572205,True,0.509232,0.8379184359460359,0.9308586666666666,9,False,0.9818563969737739,0.9412614095742898,0.9890896250197838,0.04507070779800415,0.32343319058418274,0.2783624827861786,-0.006599068641662598,False,0.17584,0.9906088316394233,0.04658550024032593,0.31934118270874023,0.2727556824684143,-0.008113861083984375,False,0.25098133333333333,0.9887703361007246,0.044779032468795776,0.32157328724861145,0.2767942547798157,-0.006307393312454224,False,0.350928,0.9932506532672575,0.0499153733253479,0.3287363350391388,0.2788209617137909,-0.011443734169006348,False,0.42006933333333335,0.9994107934355674,0.07436144351959229,0.34762266278266907,0.2732612192630768,-0.03588980436325073,False,0.584112,0.9902498370754369,0.42006933333333335,5,False,0.9932506532672575,0.9900482025609124,1.3000196000002688,-0.15233140112940102,-0.048786792986622585
566945636,133413,A man throws a fishing net into the bay.,144830,A man who wearing blue color jacket and light green color trouser is cleaning his fishing nets after went for fishing.,7037413229,0.3462759852409363,0.30519917607307434,0.04107680916786194,0.9838202208624812,14,7.632783294297951e-17,1.2812843999995494,0.0002672000000529806,0.00011670000003505265,0.9952171897668588,0.053379327058792114,0.31209245324134827,0.25871312618255615,-0.012302517890930176,False,0.13831466666666667,0.9898350259346853,0.04578590393066406,0.30235493183135986,0.2565690279006958,-0.004709094762802124,False,0.21128,0.9928589877245333,0.04934734106063843,0.25648415088653564,0.20713680982589722,-0.00827053189277649,False,0.36787733333333333,0.9922009227551156,0.04845920205116272,0.25837451219558716,0.20991531014442444,-0.007382392883300781,False,0.457536,0.9813780153362165,0.039646148681640625,0.25643348693847656,0.21678733825683594,0.0014306604862213135,False,0.5275413333333333,0.9807330964694665,0.777712,11,False,0.9748237608242214,0.9906269916078427,0.894009609321251,0.021323680877685547,0.3223717510700226,0.30104807019233704,0.01975312829017639,False,0.13849066666666668,0.8470071433836488,0.017113178968429565,0.30985477566719055,0.292741596698761,0.023963630199432373,False,0.211456,0.8846875623236903,0.020375892519950867,0.2627711296081543,0.24239523708820343,0.020700916647911072,False,0.352304,0.711588537174562,0.009031116962432861,0.24996434152126312,0.24093322455883026,0.03204569220542908,False,0.4243093333333333,0.6621630317417537,0.006729483604431152,0.22968047857284546,0.2229509949684143,0.034347325563430786,False,0.5535093333333333,0.6957580278488444,0.4860373333333333,7,False,0.5985560977285662,0.8341599214393758,1.6382402999997794,0.28497506862062205,0.15646707016846695
6848969863,142350,A woman presents a bar code for a smartphone so that a man can use his phone to find the location associated with the code.,146250,A group of people surrounding a man in a black and red striped shirt asking for his autograph.,7249763658,0.29913949966430664,0.274321973323822,0.02481752634048462,0.922852670241476,12,5.204170427930421e-17,1.2430239000000256,0.00025539999978718697,0.0001067000002876739,0.16678911977673508,-0.016085565090179443,0.25882813334465027,0.2749136984348297,0.04090309143066406,True,0.13275075075075074,0.5160646260851179,0.0006428062915802002,0.250718355178833,0.2500755488872528,0.02417472004890442,False,0.2452072072072072,0.4446008578210112,-0.0022251009941101074,0.246877983212471,0.24910308420658112,0.027042627334594727,True,0.30084084084084084,0.6845288782901764,0.007746636867523193,0.22603724896907806,0.21829061210155487,0.017070889472961426,False,0.43365165165165165,0.5268357655976968,0.001074463129043579,0.20297041535377502,0.20189595222473145,0.02374306321144104,False,0.532,0.6135866737321977,0.7559159159159159,9,False,0.809604469905313,0.5112629112082173,0.0804923101345716,-0.024356767535209656,0.24933992326259613,0.2736966907978058,0.049174293875694275,True,0.18838438438438437,0.4446008578210112,-0.0022251009941101074,0.246877983212471,0.24910308420658112,0.027042627334594727,True,0.30084084084084084,0.4446008578210112,-0.0022251009941101074,0.246877983212471,0.24910308420658112,0.027042627334594727,True,0.30084084084084084,0.4990567576153767,-3.7729740142822266e-05,0.23800890147686005,0.23804663121700287,0.02485525608062744,True,0.44177777777777777,0.375878510143,-0.005070790648460388,0.23485268652439117,0.23992347717285156,0.029888316988945007,True,0.5384084084084084,0.449509230121134,0.44177777777777777,5,False,0.4990567576153767,0.4323914677788513,1.302744999999959,0.1640774436110637,0.07887144342936603
4434125934,95355,"A man, dressed in bright blue jeans and a plaid shirt, mows a shaggy green lawn in his cozy suburban front yard.",3077,A man in black pants cutting bushes.,121178216,0.34312641620635986,0.29806676506996155,0.045059651136398315,0.9890776869472244,13,3.65376132127615e-17,0.9734608000003391,0.0003828999997494975,0.0001281999998354877,0.9111729249932893,0.023280411958694458,0.3234303593635559,0.30014994740486145,0.021779239177703857,False,0.1718079331941545,0.6414467404198771,0.0058164894580841064,0.2917782962322235,0.2859618067741394,0.03924316167831421,False,0.22502296450939457,0.8368420595824883,0.01634916663169861,0.28111857175827026,0.26476940512657166,0.028710484504699707,False,0.3040292275574113,0.6984286661940254,0.008398264646530151,0.26164019107818604,0.2532419264316559,0.036661386489868164,False,0.43047181628392484,0.388973913112361,-0.004516273736953735,0.22741356492042542,0.23192983865737915,0.04957592487335205,True,0.5928935281837161,0.562053580439216,0.8059582463465553,10,False,0.17636475324935327,0.7561528831855815,0.9111729249932893,0.023280411958694458,0.3234303593635559,0.30014994740486145,0.021779239177703857,False,0.1718079331941545,0.9528418773552217,0.03005942702293396,0.31280311942100525,0.2827436923980713,0.015000224113464355,False,0.2508141962421712,0.8368420595824883,0.01634916663169861,0.28111857175827026,0.26476940512657166,0.028710484504699707,False,0.3040292275574113,0.7738866300779133,0.01230388879776001,0.3004473149776459,0.28814342617988586,0.032755762338638306,False,0.4132567849686848,0.8637347262564578,0.01846662163734436,0.28286561369895935,0.264398992061615,0.026593029499053955,False,0.5396993736951984,0.7739739782644416,0.5789478079331941,7,False,0.6251203867357202,0.8819596160463097,1.9150358000001688,-0.21192039782522554,-0.1258067328607282
5519356488,132202,A clown takes the time to greet children attending a performance.,86735,A man in a striped blue shirt and a balloon hat is making other balloon animals,3999247601,0.3434396982192993,0.2848879098892212,0.058551788330078125,0.9971431617133716,12,6.591949208711867e-17,0.8234717999998793,0.00025379999988217605,0.00011050000011891825,0.6933592418602723,0.008158713579177856,0.280258446931839,0.27209973335266113,0.05039307475090027,False,0.18189333333333332,0.4877656089685963,-0.0004894733428955078,0.2562575340270996,0.2567470073699951,0.05904126167297363,True,0.28940266666666664,0.11914884382732968,-0.020005151629447937,0.23343531787395477,0.2534404695034027,0.07855693995952606,True,0.499824,0.11914884382732968,-0.020005151629447937,0.23343531787395477,0.2534404695034027,0.07855693995952606,True,0.499824,0.14759240293354514,-0.01753610372543335,0.23888495564460754,0.2564210593700409,0.07608789205551147,True,0.5400426666666667,0.31450661009763026,0.9231093333333333,11,False,0.07709960291005602,0.5304291896903043,0.9796001458200797,0.03871616721153259,0.3298455476760864,0.29112938046455383,0.019835621118545532,False,0.10750933333333333,0.6655487418669185,0.006881207227706909,0.27465733885765076,0.26777613162994385,0.051670581102371216,False,0.225392,0.7648367043987487,0.011793822050094604,0.2806372046470642,0.2688433825969696,0.04675796627998352,False,0.326848,0.07053344993258151,-0.025785237550735474,0.2429661750793457,0.2687514126300812,0.0843370258808136,True,0.5372693333333334,0.07053344993258151,-0.025785237550735474,0.2429661750793457,0.2687514126300812,0.0843370258808136,True,0.5372693333333334,0.38034816156803536,0.818576,9,False,0.010348993123226685,0.6768986572649106,1.595088399999895,-0.0658415514704051,-0.14646946757460633
3243094580,60266,A streetlight lit bridge with a cyclist and some cars.,70589,A blurred picture on a bicyclist.,3487979741,0.3535766005516052,0.31001824140548706,0.043558359146118164,0.9873308578569491,14,1.1796119636642288e-16,0.8332926999996744,0.0002715999999054475,0.00011730000005627517,0.4016408484614613,-0.003986328840255737,0.31828615069389343,0.32227247953414917,0.0475446879863739,True,0.10627627627627628,0.5166369629613197,0.0006657242774963379,0.27394938468933105,0.2732836604118347,0.042892634868621826,False,0.24830030030030031,0.8889551584059806,0.020801126956939697,0.25453755259513855,0.23373642563819885,0.022757232189178467,False,0.31786786786786786,0.46604565438948986,-0.0013602674007415771,0.2229691445827484,0.22432941198349,0.04491862654685974,True,0.4581801801801802,0.485390963101584,-0.000584527850151062,0.2220292091369629,0.22261373698711395,0.044142886996269226,True,0.5231951951951952,0.4214256983630048,0.651993993993994,9,False,0.2019337178044447,0.5999642624706404,0.9557048261168091,0.030715733766555786,0.35141369700431824,0.32069796323776245,0.012842625379562378,False,0.1624024024024024,0.5517343027068455,0.0020768046379089355,0.3350255787372589,0.33294877409935,0.04148155450820923,False,0.21756756756756757,0.8634120523957345,0.01843923330307007,0.34397703409194946,0.3255378007888794,0.025119125843048096,False,0.3006846846846847,0.24485865784475255,-0.011262238025665283,0.306226521730423,0.31748875975608826,0.05482059717178345,True,0.435021021021021,0.18699138241033383,-0.014696791768074036,0.20502912998199463,0.21972592175006866,0.0582551509141922,True,0.5412972972972973,0.4725494584465689,0.7303423423423423,10,False,0.23608678569624583,0.6568581826521925,1.3919160000000375,-0.05112376008356412,-0.05689392018155215
3884010975,84355,"A woman in a white shirt stands behind a counter, in the kitchen of an empty restaurant with brick walls.",88655,A woman sits at a restaurant with her back against a brick wall.,409327234,0.3040004074573517,0.28744828701019287,0.016552120447158813,0.8395942295242128,10,8.326672684688674e-17,1.2430967000000237,0.0002641000000949134,0.00010040000006483751,0.9399757835122885,0.02751106023788452,0.28060004115104675,0.25308898091316223,-0.010958939790725708,False,0.11432222222222223,0.9194177590064894,0.02434462308883667,0.28246864676475525,0.2581240236759186,-0.0077925026416778564,False,0.20013333333333333,0.8273870343190615,0.01567220687866211,0.2792717516422272,0.26359954476356506,0.0008799135684967041,False,0.31135,0.7675418937001524,0.011944830417633057,0.2743343114852905,0.26238948106765747,0.004607290029525757,False,0.40052777777777776,0.847162715717551,0.017125189304351807,0.2807597517967224,0.2636345624923706,-0.0005730688571929932,False,0.5188388888888888,0.8759956525059557,0.9213833333333333,9,False,0.92084429153577,0.8582091318131201,0.7721704857846853,0.012206077575683594,0.2559755742549896,0.24376949667930603,0.00434604287147522,False,0.16442777777777778,0.4132238064149111,-0.0035065412521362305,0.24939468502998352,0.25290122628211975,0.020058661699295044,True,0.3018166666666667,0.4132238064149111,-0.0035065412521362305,0.24939468502998352,0.25290122628211975,0.020058661699295044,True,0.3018166666666667,0.10910220092939349,-0.020999446511268616,0.2436162680387497,0.2646157145500183,0.03755156695842743,True,0.49389444444444447,0.21002383074737346,-0.013247817754745483,0.2604673206806183,0.27371513843536377,0.029799938201904297,True,0.6122055555555556,0.2868702871562085,0.7265277777777778,7,False,0.014814109016328065,0.462232222626768,1.3086499999999432,0.5891253653497472,0.3959769091863521
4418969015,94991,"An African group of men, women, and babies pose in a field with large hills in the background.",71157,A black mother and five children in a rural area,3501083764,0.3225168287754059,0.2869114577770233,0.03560537099838257,0.9723620154286997,13,4.85722573273506e-17,1.2940475000000333,0.00039620000006834744,0.00011109999968539341,0.507745004053038,0.00030982494354248047,0.29268455505371094,0.29237473011016846,0.03529554605484009,False,0.15954133333333334,0.2450444104811041,-0.01125219464302063,0.2874273955821991,0.2986795902252197,0.0468575656414032,True,0.22946133333333332,0.3044136406372734,-0.00826367735862732,0.28090816736221313,0.28917184472084045,0.04386904835700989,True,0.308288,0.2459939471923867,-0.011200934648513794,0.27517324686050415,0.28637418150901794,0.04680630564689636,True,0.43958933333333333,0.06705456794518538,-0.026328399777412415,0.24746327102184296,0.27379167079925537,0.06193377077579498,True,0.5352746666666667,0.22078124909832625,0.7837973333333333,10,False,0.005099016945569839,0.4056876390723293,0.507745004053038,0.00030982494354248047,0.29268455505371094,0.29237473011016846,0.03529554605484009,False,0.15954133333333334,0.2921573493554282,-0.008849292993545532,0.28800103068351746,0.296850323677063,0.0444546639919281,True,0.22844266666666665,0.6736765485985462,0.007248610258102417,0.29187706112861633,0.2846284508705139,0.02835676074028015,False,0.42688,0.6736765485985462,0.007248610258102417,0.29187706112861633,0.2846284508705139,0.02835676074028015,False,0.42688,0.744906003175827,0.010716259479522705,0.2909604012966156,0.2802441418170929,0.024889111518859863,False,0.5243093333333333,0.3794035238456509,0.7883573333333334,11,False,0.00035941061274337617,0.5923236551524211,1.8369404000000031,-0.15862227474732465,-0.18663601608009184
1675332284,10807,A muscular African-american man pan-handling using paint buckets as a musical instrument.,99551,An African American man surrounded by empty overturned white buckets and dark colored crates expresses himself through a message handwritten on cardboard.,4525821347,0.401180237531662,0.346341609954834,0.054838627576828,0.9958639225344745,13,6.938893903907228e-17,1.3278011000002152,0.0002844000000550295,0.00010999999994965037,0.9364351842807289,0.02690020203590393,0.29901376366615295,0.272113561630249,0.027938425540924072,False,0.10147872340425532,0.9844581469265666,0.04148554801940918,0.29878267645835876,0.2572971284389496,0.013353079557418823,False,0.22143617021276596,0.9457856793754759,0.02859070897102356,0.27968040108680725,0.2510896921157837,0.026247918605804443,False,0.3298776595744681,0.9428552717779146,0.02803325653076172,0.2904128134250641,0.26237955689430237,0.026805371046066284,False,0.4583829787234043,0.8586879783948707,0.018044352531433105,0.27277863025665283,0.2547342777252197,0.0367942750453949,False,0.5262127659574468,0.6104829691406408,0.804281914893617,10,False,0.20195989453720492,0.9508795584523352,0.9364351842807289,0.02690020203590393,0.29901376366615295,0.272113561630249,0.027938425540924072,False,0.10147872340425532,0.9060868412728147,0.022667646408081055,0.2977457046508789,0.27507805824279785,0.03217098116874695,False,0.24753723404255318,0.8408915881335705,0.01664876937866211,0.294922411441803,0.27827364206314087,0.038189858198165894,False,0.3559787234042553,0.47281730759548224,-0.0010883808135986328,0.2638745903968811,0.26496297121047974,0.055927008390426636,True,0.47593617021276596,0.3053405010721299,-0.008219942450523376,0.24377219378948212,0.2519921362400055,0.06305857002735138,True,0.5375585106382978,0.5830194941842121,0.5848723404255319,7,False,0.32123850010119337,0.8000889815542053,1.695348499999909,0.027463474956428757,0.1507905768981299
4789309483,113890,A man in a black hat and blue shirt taking a picture on the side of an urban street.,142353,A man is photographing a piece of paper with his smartphone.,6848969863,0.3658100366592407,0.33797043561935425,0.027839601039886475,0.9418028787495972,7,2.42861286636753e-17,1.3601457999998274,0.0003862000003209687,0.0001799000001483364,0.03465206498584901,-0.03327131271362305,0.24198812246322632,0.27525943517684937,0.06111091375350952,True,0.21627027027027027,0.03465206498584901,-0.03327131271362305,0.24198812246322632,0.27525943517684937,0.06111091375350952,True,0.21627027027027027,0.0009774690654254,-0.06929565966129303,0.2054894119501114,0.2747850716114044,0.0971352607011795,True,0.3235195195195195,0.0003089634506700309,-0.08081978559494019,0.1839635968208313,0.2647833824157715,0.10865938663482666,True,0.5128408408408408,0.0003089634506700309,-0.08081978559494019,0.1839635968208313,0.2647833824157715,0.10865938663482666,True,0.5128408408408408,0.05962334890066569,1.0,7,False,0.026066436112654655,0.2098535718385233,0.03669674857712062,-0.03267680108547211,0.2363540381193161,0.2690308392047882,0.06051640212535858,True,0.19512312312312313,0.03564689903655692,-0.03297795355319977,0.23165158927440643,0.2646295428276062,0.06081755459308624,True,0.3844444444444444,0.03564689903655692,-0.03297795355319977,0.23165158927440643,0.2646295428276062,0.06081755459308624,True,0.3844444444444444,0.0003089634506700309,-0.08081978559494019,0.1839635968208313,0.2647833824157715,0.10865938663482666,True,0.5128408408408408,0.0003089634506700309,-0.08081978559494019,0.1839635968208313,0.2647833824157715,0.10865938663482666,True,0.5128408408408408,0.0662051879949,0.699009009009009,5,False,0.011447109262849735,0.2040015973024353,0.7631784000000152,-0.006581839094234307,0.005851974536087989
16437914,10516,A dark-skinned girl with goggles and black hair in water.,154715,A young girl wades out into the water wearing safety floatation devices on her arms.,97234558,0.37546098232269287,0.31992581486701965,0.05553516745567322,0.9961411384403613,15,5.724587470723463e-17,1.2713837999999669,0.0002715999999054475,0.00011450000010881922,0.6681078000014474,0.0069963932037353516,0.2982758581638336,0.29127946496009827,0.048538774251937866,False,0.19546198830409356,0.7129847143299057,0.009099245071411133,0.287323921918869,0.2782246768474579,0.046435922384262085,False,0.2820409356725146,0.33624044199635583,-0.006800934672355652,0.2404051423072815,0.24720607697963715,0.06233610212802887,True,0.3478654970760234,0.4848925872605297,-0.000604480504989624,0.25454065203666687,0.2551451325416565,0.05613964796066284,True,0.42767251461988304,0.6457264688700344,0.006003066897392273,0.22757303714752197,0.2215699702501297,0.049532100558280945,False,0.5524502923976609,0.6644269333155502,0.8856900584795322,13,False,0.7052793082191174,0.6521347256967346,0.919019642533309,0.024291008710861206,0.2982417345046997,0.2739507257938385,0.03124415874481201,False,0.17858479532163743,0.1268705475430333,-0.01928916573524475,0.2675270736217499,0.28681623935699463,0.07482433319091797,True,0.23958479532163743,0.09863194693598257,-0.022125184535980225,0.2537060081958771,0.2758311927318573,0.07766035199165344,True,0.38945614035087717,0.0847333247828479,-0.023797065019607544,0.25008708238601685,0.2738841474056244,0.07933223247528076,True,0.4512690058479532,0.07949285115752049,-0.024492576718330383,0.24831776320934296,0.27281033992767334,0.0800277441740036,True,0.5310760233918128,0.270054682623858,0.6948304093567251,10,False,0.11636135953257229,0.4369007200194615,1.8565588999999818,0.39437225069169224,0.21523400567727308
4351734575,93656,"Three men are standing on a stage, one is wearing clown makeup and holding a guitar.",9919,A band performs in a dimly lit setting.,1579198375,0.3191586434841156,0.3137319087982178,0.005426734685897827,0.6324341152133018,14,3.469446951953614e-17,1.0376922000000377,0.0002537000000302214,0.00011059999997087289,0.20112205953760354,-0.013792961835861206,0.288958340883255,0.3027513027191162,0.019219696521759033,True,0.11713066666666666,0.04997194652962069,-0.029450297355651855,0.26491326093673706,0.2943635582923889,0.03487703204154968,True,0.21535466666666667,0.013969160131105269,-0.042568355798721313,0.24330666661262512,0.28587502241134644,0.04799509048461914,True,0.31576,0.015224461306114547,-0.04169510304927826,0.2365042120218277,0.27819931507110596,0.047121837735176086,True,0.4422933333333333,0.021836820184266737,-0.0380207896232605,0.2396945357322693,0.2777153253555298,0.043447524309158325,True,0.5675786666666667,0.08236444188094068,0.719968,10,False,0.03554775891856639,0.12073716430827969,0.20112205953760354,-0.013792961835861206,0.288958340883255,0.3027513027191162,0.019219696521759033,True,0.11713066666666666,0.04997194652962069,-0.029450297355651855,0.26491326093673706,0.2943635582923889,0.03487703204154968,True,0.21535466666666667,0.021994545230881603,-0.03794720768928528,0.26204484701156616,0.29999205470085144,0.043373942375183105,True,0.33808533333333335,0.016480942916798257,-0.04088932275772095,0.25706377625465393,0.2979530990123749,0.046316057443618774,True,0.409424,0.014963645359675842,-0.04187054932117462,0.24727244675159454,0.28914299607276917,0.04729728400707245,True,0.5348533333333333,0.08138744622898457,0.59336,8,False,0.025195409496788747,0.12883887861874466,1.6390151999999034,0.0009769956519561085,-0.00810171431046497
42348693,91251,"Two men are sitting at a table in a restaurant, one smoking and one reading a newspaper.",85286,A man clinks bottles with another person while smiling in a restaurant.,39341489,0.33822333812713623,0.32407236099243164,0.01415097713470459,0.8045687419898908,9,5.204170427930421e-17,1.2045027999997728,0.00024299999995491817,0.00010229999998045969,0.5239784222492221,0.0009598731994628906,0.2948487401008606,0.2938888669013977,0.0131911039352417,False,0.30934534534534536,0.5239784222492221,0.0009598731994628906,0.2948487401008606,0.2938888669013977,0.0131911039352417,False,0.30934534534534536,0.5239784222492221,0.0009598731994628906,0.2948487401008606,0.2938888669013977,0.0131911039352417,False,0.30934534534534536,0.35960264556064536,-0.005770891904830933,0.25788629055023193,0.26365718245506287,0.019921869039535522,True,0.4793753753753754,0.39696655597984853,-0.004181206226348877,0.2569962441921234,0.2611774504184723,0.018332183361053467,True,0.5959099099099099,0.6395666129372355,0.9478018018018018,8,False,0.9259608920188147,0.5448656128790217,0.21023306451325693,-0.013235211372375488,0.3033488988876343,0.31658411026000977,0.027386188507080078,True,0.24215615615615615,0.21023306451325693,-0.013235211372375488,0.3033488988876343,0.31658411026000977,0.027386188507080078,True,0.24215615615615615,0.48217831357711893,-0.0007131695747375488,0.32400766015052795,0.3247208297252655,0.014864146709442139,True,0.3586906906906907,0.6490100885591827,0.006146907806396484,0.32496652007102966,0.3188196122646332,0.008004069328308105,False,0.42222822822822825,0.7408249504974993,0.010502606630325317,0.3122260570526123,0.301723450422287,0.0036483705043792725,False,0.5187747747747747,0.5274450210115744,0.42222822822822825,4,False,0.6490100885591827,0.5132160111866958,1.0575724999998783,0.11212159192566107,0.03164960169232589
1404832008,6716,A man on a zip line being propelled through the water.,6533,A man hangs upside in the air over the water.,1396064003,0.36517220735549927,0.35116517543792725,0.014007031917572021,0.8022954507596847,16,3.469446951953614e-17,1.1188634999998612,0.00026269999989381176,0.0001140000003942987,0.8389115399457338,0.016501516103744507,0.3331478536128998,0.3166463375091553,-0.0024944841861724854,False,0.15085542168674698,0.8839376899116064,0.02030259370803833,0.31510046124458313,0.2947978675365448,-0.006295561790466309,False,0.2227409638554217,0.1412126025524982,-0.01805254817008972,0.2626677453517914,0.2807202935218811,0.03205958008766174,True,0.3418253012048193,0.14346864732311934,-0.017867743968963623,0.2626737952232361,0.2805415391921997,0.031874775886535645,True,0.4070120481927711,0.10215162510200318,-0.021735429763793945,0.25856074690818787,0.2802961766719818,0.03574246168136597,True,0.5590301204819277,0.306030923387383,0.8110963855421687,12,False,0.07313380697200852,0.4913943021051692,0.8719894423882903,0.01918664574623108,0.3637077510356903,0.34452110528945923,-0.005179613828659058,False,0.13756626506024097,0.8698195929373426,0.018993645906448364,0.3573435842990875,0.33834993839263916,-0.004986613988876343,False,0.27862048192771083,0.8931730815461035,0.02123570442199707,0.334247350692749,0.31301164627075195,-0.007228672504425049,False,0.3708433734939759,0.7755157890101467,0.012397229671478271,0.33272019028663635,0.3203229606151581,0.00160980224609375,False,0.43521084337349397,0.5185404607579747,0.0007419586181640625,0.3240867257118225,0.32334476709365845,0.013265073299407959,False,0.5227530120481928,0.5424727559094308,0.5783132530120482,9,False,0.22996514702173476,0.8218954863573746,1.7036425999999665,-0.23644183252204776,-0.3305011842522054
2924489177,47532,An Asian woman in a white shirt working with machinery giving the peace sign.,120219,A craftsperson making metal objects.,4889181219,0.4107367992401123,0.33863288164138794,0.07210391759872437,0.9992616778822568,12,1.1102230246251565e-16,1.171840500000144,0.0002497999998922751,0.0001059999999597494,0.19561689245336716,-0.014139175415039062,0.28579506278038025,0.2999342381954193,0.08624309301376343,True,0.17306906906906908,0.09179851629662752,-0.022918701171875,0.25833410024642944,0.28125280141830444,0.09502261877059937,True,0.2618918918918919,0.04346459688300503,-0.030913710594177246,0.2340351641178131,0.26494887471199036,0.10301762819290161,True,0.3864924924924925,0.014164599407213587,-0.042427435517311096,0.22784362733364105,0.27027106285095215,0.11453135311603546,True,0.46183783783783783,0.05487309097245366,-0.028462961316108704,0.2391418069601059,0.2676047682762146,0.10056687891483307,True,0.5863183183183183,0.14406601251011475,0.9008408408408408,10,False,0.03721375506633418,0.22352650707365884,0.19561689245336716,-0.014139175415039062,0.28579506278038025,0.2999342381954193,0.08624309301376343,True,0.17306906906906908,0.2111613675102621,-0.013179391622543335,0.2756993770599365,0.28887876868247986,0.0852833092212677,True,0.2976696696696697,0.04346459688300503,-0.030913710594177246,0.2340351641178131,0.26494887471199036,0.10301762819290161,True,0.3864924924924925,0.014164599407213587,-0.042427435517311096,0.22784362733364105,0.27027106285095215,0.11453135311603546,True,0.46183783783783783,0.00284874206667963,-0.058580249547958374,0.1908496767282486,0.24942992627620697,0.13068416714668274,True,0.5384924924924925,0.14862893312857986,0.8291411411411411,9,False,0.014065088314475995,0.26531862722147753,1.5906591000002663,-0.0045629206184651105,-0.04179212014781869
1229536824,3308,A tribal performance of dance and song of three individuals.,61526,"A woman sitting, a woman sweeping, and a woman holding a shovel.",327142149,0.3194974660873413,0.30224964022636414,0.017247825860977173,0.8487438385027887,15,5.898059818321144e-17,1.143096400000104,0.0002561999999670661,0.00011349999977028347,0.28842430730804125,-0.00903049111366272,0.3008531332015991,0.30988362431526184,0.026278316974639893,True,0.10829213483146068,0.6894626826883172,0.00797608494758606,0.2901630699634552,0.28218698501586914,0.009271740913391113,False,0.27360449438202245,0.7394268780243152,0.010429918766021729,0.2864198386669159,0.27598991990089417,0.006817907094955444,False,0.33672808988764047,0.9520702183987825,0.029889017343521118,0.27393585443496704,0.24404683709144592,-0.012641191482543945,False,0.48154157303370787,0.8741668827390305,0.019383147358894348,0.2653115689754486,0.24592842161655426,-0.0021353214979171753,False,0.5408044943820225,0.8036244256829161,0.8697752808988765,13,False,0.9365351624434006,0.6732373325591453,0.28842430730804125,-0.00903049111366272,0.3008531332015991,0.30988362431526184,0.026278316974639893,True,0.10829213483146068,0.5480579302909993,0.0019282698631286621,0.281215101480484,0.27928683161735535,0.01531955599784851,False,0.2578561797752809,0.22306477799890317,-0.012478947639465332,0.27214500308036804,0.2846239507198334,0.029726773500442505,True,0.3171191011235955,0.6423564836653435,0.005856066942214966,0.27101463079452515,0.2651585638523102,0.011391758918762207,False,0.4651910112359551,0.8211352623361491,0.015240579843521118,0.2791200876235962,0.2638795077800751,0.0020072460174560547,False,0.5310112359550562,0.5468226151596026,0.4651910112359551,7,False,0.6423564836653435,0.4881487596894862,1.9894232000001466,0.2568018105233135,0.18508857286965913
4525821347,99551,An African American man surrounded by empty overturned white buckets and dark colored crates expresses himself through a message handwritten on cardboard.,10807,A muscular African-american man pan-handling using paint buckets as a musical instrument.,1675332284,0.37531718611717224,0.3056902587413788,0.06962692737579346,0.9990543507546313,13,6.938893903907228e-17,1.1779437000000144,0.0002598000000944012,0.00010950000023512985,0.8187410302413015,0.015078410506248474,0.247393399477005,0.23231498897075653,0.05454851686954498,False,0.17155483870967742,0.924205246256407,0.025009050965309143,0.1763213872909546,0.15131233632564545,0.044617876410484314,False,0.2802387096774194,0.9500110016778295,0.029446706175804138,0.1620922088623047,0.13264550268650055,0.04018022119998932,False,0.3421741935483871,0.9401840328873737,0.027548030018806458,0.1707160323858261,0.14316800236701965,0.042078897356987,False,0.4114322580645161,0.6891378070059245,0.007960915565490723,0.19787611067295074,0.18991519510746002,0.061666011810302734,False,0.5067612903225807,0.7457975924666715,0.906683870967742,11,False,0.3639687657699659,0.8915392443628911,0.613339069252302,0.004613697528839111,0.2774493396282196,0.2728356420993805,0.06501322984695435,False,0.14116129032258065,0.0725900337025469,-0.025475680828094482,0.2588179409503937,0.28429362177848816,0.09510260820388794,True,0.23649032258064517,0.23576203090988448,-0.011760562658309937,0.2556594908237457,0.26742005348205566,0.0813874900341034,True,0.3057483870967742,0.6891378070059245,0.007960915565490723,0.19787611067295074,0.18991519510746002,0.061666011810302734,False,0.5067612903225807,0.6891378070059245,0.007960915565490723,0.19787611067295074,0.18991519510746002,0.061666011810302734,False,0.5067612903225807,0.3811921079936871,0.7719096774193548,10,False,0.09266722418898951,0.4935944907481403,1.47495760000038,0.36460548447298446,0.3979447536147508
3155657768,56416,A group of children play together in a fenced yard as an adult watches.,48047,A small child jumping rope as other children clap their hands over their heads nearby.,2937461473,0.3128018379211426,0.31257715821266174,0.00022467970848083496,0.5056167564312415,14,5.984795992119984e-17,1.095017800000278,0.0002652999996826111,0.0001119000003200199,0.2182784344418676,-0.012757271528244019,0.2974742650985718,0.3102315366268158,0.012981951236724854,True,0.23393239436619717,0.2182784344418676,-0.012757271528244019,0.2974742650985718,0.3102315366268158,0.012981951236724854,True,0.23393239436619717,0.2769644533440486,-0.009595692157745361,0.2931080460548401,0.30270373821258545,0.009820371866226196,True,0.38576338028169016,0.8870819113318266,0.020612746477127075,0.29982680082321167,0.2792140543460846,-0.02038806676864624,False,0.42505915492957747,0.5355462570937232,0.001424252986907959,0.27696555852890015,0.2755413055419922,-0.001199573278427124,False,0.5762985915492957,0.5093405889142995,0.7579549295774648,10,False,0.5197560995166836,0.4385186298742468,0.5490129505886711,0.00196683406829834,0.31526562571525574,0.3132987916469574,-0.0017421543598175049,False,0.1540225352112676,0.13444704949113995,-0.018621981143951416,0.2951968312263489,0.3138188123703003,0.01884666085243225,True,0.2953521126760563,0.2038546670165503,-0.013623744249343872,0.29961296916007996,0.31323671340942383,0.013848423957824707,True,0.36946478873239436,0.6370668472614507,0.005626559257507324,0.2973451316356659,0.29171857237815857,-0.005401879549026489,False,0.4087605633802817,0.9387649302602394,0.027298450469970703,0.3091326951980591,0.2818342447280884,-0.027073770761489868,False,0.5746535211267606,0.6828045285338065,0.5746535211267606,7,False,0.9387649302602394,0.5034045170433179,1.6106364000002031,-0.173463939619507,-0.06488588716907112
8220955383,152473,Dirt biker makes a sloping turn in a forest during the fall.,80240,A mountain biker travels along a dirt trail inside a heavily wooded area.,3721082512,0.37024611234664917,0.3371286690235138,0.033117443323135376,0.9648295201419093,9,3.469446951953614e-17,0.9458420000000842,0.00024620000021968735,9.719999980006833e-05,0.9394430748035755,0.027417033910751343,0.28793805837631226,0.2605210244655609,0.005700409412384033,False,0.1892072072072072,0.9878114478703378,0.04394994676113129,0.2570268213748932,0.2130768746137619,-0.01083250343799591,False,0.42701501501501504,0.9878114478703378,0.04394994676113129,0.2570268213748932,0.2130768746137619,-0.01083250343799591,False,0.42701501501501504,0.9878114478703378,0.04394994676113129,0.2570268213748932,0.2130768746137619,-0.01083250343799591,False,0.42701501501501504,0.9932752724654982,0.04995216429233551,0.24071729183197021,0.1907651275396347,-0.016834720969200134,False,0.5637057057057057,0.9525377621956208,0.9302402402402402,8,False,0.8617650620918423,0.9662971065129105,0.9753032006465322,0.03676074743270874,0.3562343120574951,0.3194735646247864,-0.0036433041095733643,False,0.1522942942942943,0.9739724622129029,0.03622227907180786,0.35310599207878113,0.31688371300697327,-0.0031048357486724854,False,0.21626426426426426,0.9906142364779462,0.04659131169319153,0.35827580094337463,0.3116844892501831,-0.013473868370056152,False,0.347957957957958,0.9834533269045965,0.04084885120391846,0.3469697833061218,0.30612093210220337,-0.007731407880783081,False,0.4206786786786787,0.7950548791299155,0.013556689023971558,0.2677764296531677,0.25421974062919617,0.01956075429916382,False,0.6584864864864864,0.874658497537454,0.817051051051051,7,False,0.7182333837569135,0.9456448289083845,1.0604189999999107,0.07787926465816686,0.020652277604525926
2549933281,33307,A bride poses on a boardwalk while her bridal party stands behind her.,622,A photographer takes a picture of a group of one girl in a pink dress and 10 boys in suits and hats.,1039637574,0.40798255801200867,0.28467947244644165,0.12330308556556702,0.9999955841621677,13,2.3592239273284576e-16,1.4794428000000153,0.0002951999999822874,0.00010320000001229346,0.9999791098687982,0.10776212811470032,0.39664995670318604,0.2888878285884857,0.0155409574508667,False,0.122784140969163,0.999940703651954,0.0973290354013443,0.3434225916862488,0.24609355628490448,0.025974050164222717,False,0.2530660792951542,0.9999606478038572,0.10142919421195984,0.33463165163993835,0.23320245742797852,0.021873891353607178,False,0.3424581497797357,0.9994295124601424,0.07468448579311371,0.2971300780773163,0.22244559228420258,0.04861859977245331,False,0.41179735682819385,0.9972536012498563,0.05894714593887329,0.27197423577308655,0.21302708983421326,0.06435593962669373,False,0.5124140969162996,0.8110973303776169,0.8531277533039647,11,False,0.08472720009954682,0.9996112592226777,0.9999791098687982,0.10776212811470032,0.39664995670318604,0.2888878285884857,0.0155409574508667,False,0.122784140969163,0.999988270250806,0.11353370547294617,0.3901097774505615,0.27657607197761536,0.00976938009262085,False,0.2121762114537445,0.9997961162590989,0.08497756719589233,0.3541828393936157,0.2692052721977234,0.03832551836967468,False,0.34976211453744493,0.9996015675267972,0.07827574014663696,0.3329358696937561,0.25466012954711914,0.045027345418930054,False,0.42616740088105726,0.9978846066439013,0.061563968658447266,0.31616613268852234,0.2546021640300751,0.06173911690711975,False,0.5141894273127753,0.9324286354891405,0.821942731277533,11,False,0.7561420468971116,0.9997053802768255,2.2719271999999364,-0.12133130511152357,-9.412105414785543e-05
4459992117,96741,A woman with pink hair bent down on the sidewalk holding to pink dogs.,148161,The woman wearing the pink jacket has thrown a Frisbee for the dog to catch.,756521713,0.3950320780277252,0.29671382904052734,0.09831824898719788,0.9999462882413916,12,4.163336342344337e-17,1.2999967999999171,0.0002792000000226835,0.00010750000001280569,0.9998072427994646,0.08553886413574219,0.3590962588787079,0.2735573947429657,0.012779384851455688,False,0.14149333333333333,0.9992931406176166,0.07253971695899963,0.3310641944408417,0.25852447748184204,0.025778532028198242,False,0.213776,0.9994505636581283,0.07506068050861359,0.30967479944229126,0.23461411893367767,0.02325756847858429,False,0.463936,0.9994505636581283,0.07506068050861359,0.30967479944229126,0.23461411893367767,0.02325756847858429,False,0.463936,0.9892812272076925,0.0452498197555542,0.304201602935791,0.2589517831802368,0.05306842923164368,False,0.5136213333333334,0.7791780747788413,0.7613813333333334,10,False,0.27513956649634347,0.9990517916583187,0.9998072427994646,0.08553886413574219,0.3590962588787079,0.2735573947429657,0.012779384851455688,False,0.14149333333333333,0.9992931406176166,0.07253971695899963,0.3310641944408417,0.25852447748184204,0.025778532028198242,False,0.213776,0.9880071406055875,0.04411378502845764,0.3086147606372833,0.2645009756088257,0.054204463958740234,False,0.44891733333333333,0.9880071406055875,0.04411378502845764,0.3086147606372833,0.2645009756088257,0.054204463958740234,False,0.44891733333333333,0.9892812272076925,0.0452498197555542,0.304201602935791,0.2589517831802368,0.05306842923164368,False,0.5136213333333334,0.881503019735177,0.8426506666666667,10,False,0.45257919315040784,0.9955651543659984,1.6833488000002035,-0.1023249449563357,0.0034866372923203492
3028145992,51438,A woman directs a crowd of people with a loudspeaker.,88261,People look on as participants in a marathon pass by.,4075239348,0.3199514150619507,0.2889804244041443,0.030970990657806396,0.9567729256401719,13,7.28583859910259e-17,1.3041502999999466,0.0002696999999898253,0.00011160000030940864,0.9498585647822938,0.029414653778076172,0.30722376704216003,0.27780911326408386,0.0015563368797302246,False,0.15228828828828828,0.9864151346521526,0.04285120964050293,0.30021294951438904,0.2573617398738861,-0.011880218982696533,False,0.20974174174174173,0.9283685156974896,0.025618940591812134,0.2813727557659149,0.2557538151741028,0.005352050065994263,False,0.3307627627627628,0.7079480295671612,0.008854389190673828,0.26345792412757874,0.2546035349369049,0.02211660146713257,False,0.4444864864864865,0.7299154315741541,0.009941935539245605,0.260134220123291,0.2501922845840454,0.02102905511856079,False,0.5304084084084084,0.8912688898516652,0.8273153153153153,10,False,0.9402293532389218,0.8889040191940091,0.8827334647554805,0.020185738801956177,0.29403233528137207,0.2738465964794159,0.01078525185585022,False,0.20994594594594596,0.8827334647554805,0.020185738801956177,0.29403233528137207,0.2738465964794159,0.01078525185585022,False,0.20994594594594596,0.4878877260607045,-0.0004845857620239258,0.2743118107318878,0.27479639649391174,0.03145557641983032,True,0.3538018018018018,0.22146465857422476,-0.012571513652801514,0.25469812750816345,0.26726964116096497,0.04354250431060791,True,0.47482282282282284,0.3454832871325061,-0.006389528512954712,0.26445910334587097,0.2708486318588257,0.03736051917076111,True,0.5308888888888889,0.5464636713498405,0.6742642642642642,8,False,0.42109683192894476,0.6602152532930541,1.5799659999997857,0.34480521850182466,0.228688765900955
3222702477,59450,Player in blue and white uniform and player in gold and black uniform going after soccer ball.,75388,Three players bring a team opponent to the ground.,3601491447,0.31761202216148376,0.29352858662605286,0.024083435535430908,0.9174613324562947,12,5.898059818321144e-17,1.1785540000000765,0.00024229999962699367,0.00010419999989608186,0.9549061185256976,0.030528664588928223,0.2866446077823639,0.25611594319343567,-0.0064452290534973145,False,0.13625688073394496,0.9722380855611044,0.03555935621261597,0.2878764271736145,0.25231707096099854,-0.011475920677185059,False,0.2516834862385321,0.982713170415458,0.04040372371673584,0.29907354712486267,0.25866982340812683,-0.01632028818130493,False,0.334454128440367,0.9932433970697385,0.04990455508232117,0.2908560633659363,0.2409515082836151,-0.02582111954689026,False,0.5342247706422019,0.9932433970697385,0.04990455508232117,0.2908560633659363,0.2409515082836151,-0.02582111954689026,False,0.5342247706422019,0.7694453563549666,0.9352935779816514,11,False,0.20660356352852396,0.9678672746594424,0.9538674840459899,0.030290067195892334,0.30741599202156067,0.27712592482566833,-0.006206631660461426,False,0.11542660550458715,0.8778345923135501,0.01972082257270813,0.2910899221897125,0.2713690996170044,0.004362612962722778,False,0.23937614678899083,0.9793073551888862,0.038570672273635864,0.28835955262184143,0.24978888034820557,-0.014487236738204956,False,0.37563302752293576,0.9887956391758804,0.04480184614658356,0.2852274775505066,0.24042563140392303,-0.02071841061115265,False,0.5754036697247706,0.9887956391758804,0.04480184614658356,0.2852274775505066,0.24042563140392303,-0.02071841061115265,False,0.5754036697247706,0.7754304291651946,0.7943211009174312,9,False,0.41320935415787136,0.9465158031384273,2.139620399999785,-0.005985072810227976,0.02135147152101513
4517838680,99190,"A man in a black shirt and white pants swinging a baseball bat, with a baseball team and spectators in the background.",144619,A man throws a pitch during a baseball game.,702083815,0.3430168032646179,0.3163147568702698,0.026702046394348145,0.9352454257517464,11,4.163336342344337e-17,1.0710794000001442,0.0002586999999039108,0.00010109999993801466,0.6317597736282321,0.0053977370262146,0.27489686012268066,0.26949912309646606,0.021304309368133545,False,0.37390419161676647,0.6317597736282321,0.0053977370262146,0.27489686012268066,0.26949912309646606,0.021304309368133545,False,0.37390419161676647,0.6317597736282321,0.0053977370262146,0.27489686012268066,0.26949912309646606,0.021304309368133545,False,0.37390419161676647,0.4952295380021913,-0.00019082427024841309,0.25821200013160706,0.25840282440185547,0.026892870664596558,True,0.4474610778443114,0.7074335567838848,0.008829519152641296,0.2179659903049469,0.2091364711523056,0.017872527241706848,False,0.5755269461077844,0.3921524286626472,0.7623233532934132,7,False,0.23490288539409315,0.7148472681736214,0.16641174385693389,-0.01611274480819702,0.28448522090911865,0.3005979657173157,0.042814791202545166,True,0.19453293413173653,0.2877281384625623,-0.009064435958862305,0.24919414520263672,0.258258581161499,0.03576648235321045,True,0.474562874251497,0.2877281384625623,-0.009064435958862305,0.24919414520263672,0.258258581161499,0.03576648235321045,True,0.474562874251497,0.2877281384625623,-0.009064435958862305,0.24919414520263672,0.258258581161499,0.03576648235321045,True,0.474562874251497,0.21308093264616168,-0.013064533472061157,0.24200627207756042,0.2550708055496216,0.0397665798664093,True,0.5607005988023952,0.19877082339750476,0.7028323353293413,6,False,0.11356930646547751,0.3429815487128348,1.2190128000002005,0.19338160526514245,0.3718657194607866
3799701220,82275,Two middle-aged Asian men with mustaches working with animal hides in a shop.,72912,An older man in glasses is preparing meat.,3541205002,0.3424619138240814,0.3043876588344574,0.03807425498962402,0.9782770902112281,14,6.743737512859838e-17,1.2777838000001793,0.0002927000000454427,0.00011189999986527255,0.9723747470696271,0.03561010956764221,0.29809340834617615,0.26248329877853394,0.0024641454219818115,False,0.14359466666666668,0.9773154927194119,0.03763127326965332,0.2853297293186188,0.24769845604896545,0.0004429817199707031,False,0.207696,0.8143079318025288,0.014782488346099854,0.16067376732826233,0.14589127898216248,0.02329176664352417,False,0.3160906666666667,0.46471617024276374,-0.0014137029647827148,0.15288913249969482,0.15430283546447754,0.03948795795440674,True,0.4965333333333333,0.5240839760999776,0.0009641051292419434,0.16275086998939514,0.1617867648601532,0.03711014986038208,False,0.5588213333333333,0.671475901813431,0.7750773333333333,11,False,0.3408679944897097,0.7978080096803434,0.5240200493762911,0.0009615421295166016,0.29598015546798706,0.29501861333847046,0.03711271286010742,False,0.13412266666666667,0.4842747770310831,-0.0006292164325714111,0.27693256735801697,0.2775617837905884,0.038703471422195435,True,0.3145653333333333,0.4842747770310831,-0.0006292164325714111,0.27693256735801697,0.2775617837905884,0.038703471422195435,True,0.3145653333333333,0.5299051667735253,0.0011976361274719238,0.2874000370502472,0.28620240092277527,0.0368766188621521,False,0.407168,0.04087932730469195,-0.03155392408370972,0.20435382425785065,0.23590774834156036,0.06962817907333374,True,0.5285066666666667,0.35510870230777525,0.6759893333333333,9,False,0.20508695447752112,0.5171226182816518,1.8145518000001175,0.3163671995056557,0.28068539139869153
2566294211,33981,Several young people congregating by two canoes.,113883,A group of people get set to go fishing.,4788967636,0.3174499571323395,0.29742398858070374,0.020025968551635742,0.8810694616058864,10,3.8163916471489756e-17,1.2274449999999888,0.00025219999997716513,0.00011099999983343878,0.9350932895371149,0.026676952838897705,0.27815738320350647,0.25148043036460876,-0.006650984287261963,False,0.21872268907563025,0.9350932895371149,0.026676952838897705,0.27815738320350647,0.25148043036460876,-0.006650984287261963,False,0.21872268907563025,0.9810437734669379,0.03946484625339508,0.28684908151626587,0.2473842352628708,-0.01943887770175934,False,0.3345378151260504,0.9456854239706726,0.028571173548698425,0.2776831090450287,0.24911193549633026,-0.008545204997062683,False,0.4256526610644258,0.8961728009532576,0.02155405282974243,0.26186782121658325,0.24031376838684082,-0.0015280842781066895,False,0.5451540616246499,0.8125416684409387,1.0,10,False,0.3504134164547561,0.9307570090257193,0.9391543764813727,0.02736639976501465,0.3188253939151764,0.29145899415016174,-0.007340431213378906,False,0.16003361344537814,0.8254267819991284,0.015535563230514526,0.2816869914531708,0.26615142822265625,0.004490405321121216,False,0.2511484593837535,0.5526016895178372,0.002111881971359253,0.2635030150413513,0.26139113306999207,0.01791408658027649,False,0.32284593837535014,0.8617354149804333,0.018297791481018066,0.27155616879463196,0.2532583773136139,0.0017281770706176758,False,0.508436974789916,0.8617354149804333,0.018297791481018066,0.27155616879463196,0.2532583773136139,0.0017281770706176758,False,0.508436974789916,0.8414655787242322,0.6316190476190476,7,False,0.90143294768263,0.7998690450031972,1.2947017000001324,-0.028923910283293552,0.13088796402252212
2424250856,28093,A man in a black suit plays the piano.,76547,A man is playing the piano while standing.,3631530817,0.3405575156211853,0.3290995955467224,0.01145792007446289,0.758741470808616,12,1.1796119636642288e-16,1.3907037999997556,0.00027360000012777164,0.0001285000003008463,0.5307788705303985,0.0012327134609222412,0.29237544536590576,0.2911427319049835,0.01022520661354065,False,0.17618133333333333,0.21918751335156123,-0.012704074382781982,0.2672085762023926,0.27991265058517456,0.024161994457244873,True,0.27768,0.03823360207788755,-0.03225056827068329,0.24373720586299896,0.27598777413368225,0.04370848834514618,True,0.41534933333333335,0.03823360207788755,-0.03225056827068329,0.24373720586299896,0.27598777413368225,0.04370848834514618,True,0.41534933333333335,0.05416223540508288,-0.028600871562957764,0.23042729496955872,0.2590281665325165,0.040058791637420654,True,0.5193813333333334,0.18861358476291631,0.7899253333333334,9,False,0.019954005010735753,0.33536160799501846,0.5307788705303985,0.0012327134609222412,0.29237544536590576,0.2911427319049835,0.01022520661354065,False,0.17618133333333333,0.21918751335156123,-0.012704074382781982,0.2672085762023926,0.27991265058517456,0.024161994457244873,True,0.27768,0.19639980155759426,-0.014089494943618774,0.2750098705291748,0.2890993654727936,0.025547415018081665,True,0.3579733333333333,0.028530408570580083,-0.03527839481830597,0.24397991597652435,0.2792583107948303,0.04673631489276886,True,0.4956426666666667,0.07348254259967271,-0.025343850255012512,0.23416568338871002,0.25950953364372253,0.0368017703294754,True,0.551568,0.1923709152972607,0.6250666666666667,7,False,0.020625173185108283,0.33844421021967797,1.456587799999852,-0.0037573305343443775,-0.003082602224659503
202174004,14533,Five people in full gear are mountain climbing.,114328,"Three people, with backpacks hiking along a dirt road through the mountains.",4798837062,0.3272029459476471,0.3118346631526947,0.015368282794952393,0.8230031772648996,13,2.5153490401663703e-17,1.2602014999997664,0.00030030000016267877,0.00010969999993903912,0.9094348101010997,0.02306753396987915,0.2976141571998596,0.27454662322998047,-0.007699251174926758,False,0.128384,0.9721279930002458,0.035518646240234375,0.3004707098007202,0.26495206356048584,-0.020150363445281982,False,0.2674453333333333,0.9962298133363543,0.055768534541130066,0.2983240485191345,0.24255551397800446,-0.04040025174617767,False,0.403168,0.9962298133363543,0.055768534541130066,0.2983240485191345,0.24255551397800446,-0.04040025174617767,False,0.403168,0.994262848840023,0.05155038833618164,0.2978207767009735,0.24627038836479187,-0.03618210554122925,False,0.5386773333333333,0.9616650174108302,0.911312,12,False,0.9537727719371992,0.9476461989671988,0.8043849833090106,0.014139294624328613,0.3156980574131012,0.3015587627887726,0.0012289881706237793,False,0.14529066666666668,0.3554009616543153,-0.0059538185596466064,0.2931462824344635,0.2991001009941101,0.021322101354599,True,0.2736746666666667,0.24857562179723555,-0.01106223464012146,0.29597994685173035,0.3070421814918518,0.026430517435073853,True,0.33311466666666667,0.9247588007597024,0.025088340044021606,0.27918845415115356,0.25410011410713196,-0.009720057249069214,False,0.40660266666666667,0.9996062959515291,0.07839517295360565,0.274740070104599,0.19634489715099335,-0.06302689015865326,False,0.6054453333333333,0.8365282330223001,0.4697226666666667,6,False,0.9896040946279724,0.7350907473911262,1.667561900000237,0.12513678438853015,0.21255545157607258
6250527395,138412,"Two rugby teams, one in green and white uniforms, the other in black, are engaged in a scrum.",144368,A group of men playing a game of rugby.,6995905943,0.3663868010044098,0.3337535858154297,0.0326332151889801,0.9631488633360556,13,6.201636426617085e-17,1.262988899999982,0.0002684999999473803,0.00010309999970559147,0.967999438830151,0.034094780683517456,0.3356359601020813,0.30154117941856384,-0.0014615654945373535,False,0.14372972972972972,0.9408578173465152,0.027668476104736328,0.33577287197113037,0.30810439586639404,0.004964739084243774,False,0.22858258258258257,0.9732947302374524,0.03595826029777527,0.3333314061164856,0.2973731458187103,-0.003325045108795166,False,0.3337057057057057,0.9077582544521863,0.022865653038024902,0.3179464340209961,0.2950807809829712,0.0097675621509552,False,0.4355975975975976,0.023438225541143866,-0.03729669749736786,0.2328595668077469,0.27015626430511475,0.06992991268634796,True,0.5187927927927928,0.5051988035493633,0.7058258258258259,8,False,0.1017956081206116,0.8769322109592201,0.9666508191363501,0.03366804122924805,0.3570958971977234,0.32342785596847534,-0.0010348260402679443,False,0.15565765765765766,0.9613582405797866,0.032140135765075684,0.3369678258895874,0.3048276901245117,0.0004930794239044189,False,0.24562162162162163,0.6481922746732834,0.006111025810241699,0.327029287815094,0.3209182620048523,0.026522189378738403,False,0.3288168168168168,0.021789445526411922,-0.03804299235343933,0.2863697409629822,0.3244127333164215,0.07067620754241943,True,0.41366966966966967,0.47351564492880666,-0.0010603666305541992,0.27520033717155457,0.27626070380210876,0.0336935818195343,True,0.5161201201201201,0.3864833159033717,0.47684684684684686,6,False,0.0999563492668217,0.6929979739647711,1.2645469999997658,0.1187154876459916,0.183934236994449
166283675,10655,"Several people, including a shirtless man and a woman in purple shorts which say ""P.I.N.K."" on the back, are walking through a crowded outdoor area.",8230,"In foreground, a woman in pink jeans is helping a child in a heart t-shirt to skate, while cyclists and others walk in background with palm trees.",146906547,0.35990291833877563,0.3221273422241211,0.03777557611465454,0.9776332170438196,13,1.3183898417423734e-16,1.311511899999914,0.0002743000000009488,0.00011050000011891825,0.7550796188994355,0.011258900165557861,0.3162268102169037,0.3049679100513458,0.02651667594909668,False,0.13073160173160173,0.7537384110970314,0.01118651032447815,0.29415252804756165,0.2829660177230835,0.02658906579017639,False,0.23284415584415585,0.9800110839559026,0.03892385959625244,0.293734610080719,0.25481075048446655,-0.0011482834815979004,False,0.4237922077922078,0.9800110839559026,0.03892385959625244,0.293734610080719,0.25481075048446655,-0.0011482834815979004,False,0.4237922077922078,0.9731884790644484,0.035917460918426514,0.28189268708229065,0.24597522616386414,0.0018581151962280273,False,0.5854285714285714,0.9052789664545401,0.8719653679653679,11,False,0.9116457638027573,0.8774373174850657,0.8127822028636759,0.014681905508041382,0.323134183883667,0.3084522783756256,0.02309367060661316,False,0.1174935064935065,0.9294118241974663,0.02577689290046692,0.31325310468673706,0.28747621178627014,0.011998683214187622,False,0.23783982683982685,0.9271642115439541,0.02543923258781433,0.2922094464302063,0.26677021384239197,0.01233634352684021,False,0.3672034632034632,0.9682273203145174,0.03416860103607178,0.29311880469322205,0.25895020365715027,0.0036069750785827637,False,0.4745627705627706,0.9264154336311233,0.025328874588012695,0.2896896004676819,0.2643607258796692,0.012446701526641846,False,0.5442251082251083,0.9112463020582333,0.5442251082251083,8,False,0.9264154336311233,0.9147643168994133,1.9223735999999008,-0.005967335603693225,-0.037326999414347584
1368082221,6030,A man wearing a black sweater cooks food in a pan while standing in a cluttered kitchen.,72911,A man in a blue shirt and apron prepares food.,3541205002,0.33593031764030457,0.3267228305339813,0.009207487106323242,0.7151946360878452,13,8.500145032286355e-17,1.30320410000013,0.00029219999987617484,0.00010870000005525071,0.8140382966348257,0.014764666557312012,0.3186694383621216,0.30390477180480957,-0.0055571794509887695,False,0.10219733333333333,0.965442518345972,0.03329962491989136,0.3238890767097473,0.29058945178985596,-0.024092137813568115,False,0.24551466666666666,0.9360163125448583,0.026830047369003296,0.311036616563797,0.2842065691947937,-0.017622560262680054,False,0.30367466666666665,0.8918119655786171,0.02109384536743164,0.303392618894577,0.2822987735271454,-0.011886358261108398,False,0.44770133333333334,0.9292231106386718,0.02574816346168518,0.2821648120880127,0.2564166486263275,-0.01654067635536194,False,0.5138453333333334,0.7782556778095123,0.9369866666666666,12,False,0.3413060418487962,0.8812081359570277,0.7674759517913811,0.011941134929656982,0.3264271914958954,0.3144860565662384,-0.0027336478233337402,False,0.120224,0.5992920361817344,0.004025161266326904,0.31646162271499634,0.31243646144866943,0.005182325839996338,False,0.20379733333333333,0.8269840166174337,0.01564401388168335,0.31319186091423035,0.297547847032547,-0.006436526775360107,False,0.3691413333333333,0.764723583423458,0.0117875337600708,0.3246748447418213,0.3128873109817505,-0.0025800466537475586,False,0.4273013333333333,0.5363845575959751,0.0014579594135284424,0.3101973831653595,0.30873942375183105,0.0077495276927948,False,0.54144,0.6236239058707959,0.6094613333333333,8,False,0.6080633720697205,0.710498481367193,1.601670600000034,0.15463177193871647,0.17070965458983478
4930533574,122475,An old man in dirty clothes rides a bike loaded with possessions down a busy city street.,39811,A chinese man sitting down waiting for customers.,272045297,0.3339672386646271,0.31395161151885986,0.020015627145767212,0.880961055371685,13,4.85722573273506e-17,1.3093925000002855,0.00030379999998331186,0.00010870000005525071,0.9166853010303404,0.02398139238357544,0.3016027510166168,0.2776213586330414,-0.0039657652378082275,False,0.114715,0.9667674474986409,0.033704280853271484,0.298826664686203,0.2651223838329315,-0.013688653707504272,False,0.21779,0.9913547728592987,0.047420650720596313,0.30691638588905334,0.25949573516845703,-0.0274050235748291,False,0.407795,0.9913547728592987,0.047420650720596313,0.30691638588905334,0.25949573516845703,-0.0274050235748291,False,0.407795,0.9228573380606178,0.02481818199157715,0.25458621978759766,0.2297680377960205,-0.0048025548458099365,False,0.552535,0.6807184372615921,0.937665,12,False,0.19216675885978227,0.9496864155600477,0.8808882159159507,0.02000868320465088,0.33464157581329346,0.3146328926086426,6.943941116333008e-06,False,0.104455,0.8808516253456465,0.02000519633293152,0.29604753851890564,0.2760423421859741,1.043081283569336e-05,False,0.21917,0.942020564300106,0.027879387140274048,0.29331907629966736,0.2654396891593933,-0.007863759994506836,False,0.33685,0.9265295291997144,0.02534562349319458,0.2868141531944275,0.2614685297012329,-0.005329996347427368,False,0.40323,0.2805315653339524,-0.009418264031410217,0.22675415873527527,0.23617242276668549,0.02943389117717743,True,0.566445,0.7878052038008303,0.673305,9,False,0.8036782666202616,0.8135762364845809,1.859023100000286,-0.10708676653923821,0.13611017907546685
2750185692,40878,A boy poses with a large green insect on his nose.,12064,A little boy holding a baby reptile.,179828434,0.37731626629829407,0.2960234582424164,0.08129280805587769,0.9997053067409075,12,2.7755575615628914e-17,1.291407000000163,0.0002615000003061141,0.00010539999993852689,0.9980435585509675,0.062346696853637695,0.34710782766342163,0.28476113080978394,0.01894611120223999,False,0.14336533333333334,0.9983980292760684,0.06434917449951172,0.33803924918174744,0.2736900746822357,0.016943633556365967,False,0.2846613333333333,0.9997013220457794,0.08115845918655396,0.33724817633628845,0.2560897171497345,0.00013434886932373047,False,0.3735946666666667,0.9991719076588318,0.07095557451248169,0.3332211375236511,0.26226556301116943,0.010337233543395996,False,0.4744853333333333,0.9997104878150858,0.08147023618221283,0.3098289668560028,0.22835873067378998,-0.00017742812633514404,False,0.5284,0.9413676644620697,0.8070773333333333,9,False,0.82419689143273,0.9988943120851493,0.999872501746852,0.08967280387878418,0.3849681615829468,0.2952953577041626,-0.008379995822906494,False,0.10089066666666667,0.9992768194603736,0.07231128215789795,0.3416145443916321,0.26930326223373413,0.008981525897979736,False,0.244256,0.9996851723434917,0.08063170313835144,0.34456658363342285,0.2639348804950714,0.0006611049175262451,False,0.33318933333333334,0.9990609219489427,0.06969672441482544,0.33448442816734314,0.2647877037525177,0.011596083641052246,False,0.41130133333333335,0.809571391763746,0.014472275972366333,0.2607990503311157,0.2463267743587494,0.06682053208351135,False,0.635664,0.9641021848706114,0.8052426666666667,9,False,0.9402642639849651,0.9659485388093342,1.7172632000001613,-0.022734520408541736,0.03294577327581516
4631909374,104290,A man bends down in an outdoor area that is also covered while birds walk around him.,113881,Four men are preparing to launch a boat with colorful flags.,4788967636,0.3171122670173645,0.30396050214767456,0.013151764869689941,0.7883780802542397,10,3.2959746043559335e-17,1.2228412999998,0.00026729999990493525,0.00010120000024471665,0.17271897330089298,-0.015664786100387573,0.2646409273147583,0.2803057134151459,0.028816550970077515,True,0.12393993993993994,0.2658660470478234,-0.010156989097595215,0.25281912088394165,0.26297610998153687,0.023308753967285156,True,0.28932732732732735,0.1894839413314279,-0.014533668756484985,0.24179747700691223,0.2563311457633972,0.027685433626174927,True,0.36077477477477476,0.0034129590896935006,-0.05676756799221039,0.20973990857601166,0.26650747656822205,0.06991933286190033,True,0.47983783783783784,0.00013967813261782553,-0.08876030147075653,0.172870472073555,0.2616307735443115,0.10191206634044647,True,0.5397777777777778,0.1315950660694608,0.749063063063063,8,False,6.2610402059780434e-06,0.22913890399615494,0.17271897330089298,-0.015664786100387573,0.2646409273147583,0.2803057134151459,0.028816550970077515,True,0.12393993993993994,0.2658660470478234,-0.010156989097595215,0.25281912088394165,0.26297610998153687,0.023308753967285156,True,0.28932732732732735,0.106890773764767,-0.021229013800621033,0.24843628704547882,0.26966530084609985,0.034380778670310974,True,0.41150750750750753,0.106890773764767,-0.021229013800621033,0.24843628704547882,0.26966530084609985,0.034380778670310974,True,0.41150750750750753,0.015087629564043357,-0.04178677499294281,0.23406966030597687,0.2758564352989197,0.05493853986263275,True,0.5305705705705706,0.1344875964510065,0.6891231231231231,7,False,6.992976980472362e-05,0.23721760457260122,1.078163599999698,-0.002892530381545688,-0.008078700576446274
2190227737,19170,A woman stands in a field surrounded by three attentive gray dogs.,95026,Young girl plays with small livestock on farm.,4420174290,0.32467880845069885,0.28484371304512024,0.03983509540557861,0.9817201968876376,14,6.245004513516506e-17,1.0944872000000032,0.00026939999997921404,0.0001150000002780871,0.8774513511784074,0.019685134291648865,0.26913100481033325,0.2494458705186844,0.02014996111392975,False,0.12406405693950177,0.7908884752189156,0.013302892446517944,0.26913878321647644,0.2558358907699585,0.02653220295906067,False,0.2826476868327402,0.8618626645459895,0.018308475613594055,0.2677920460700989,0.24948357045650482,0.021526619791984558,False,0.34447686832740215,0.7942312792247852,0.013506218791007996,0.2486792802810669,0.2351730614900589,0.026328876614570618,False,0.42037010676156583,0.4480755378003985,-0.002084493637084961,0.24004259705543518,0.24212709069252014,0.041919589042663574,True,0.5500996441281139,0.6073800670346541,0.6794733096085409,9,False,0.40479842043450437,0.8037327702116828,0.8774513511784074,0.019685134291648865,0.26913100481033325,0.2494458705186844,0.02014996111392975,False,0.12406405693950177,0.8272337536933243,0.01566147804260254,0.2704225182533264,0.2547610402107239,0.024173617362976074,False,0.21844839857651246,0.8350059530342218,0.01621529459953308,0.27067407965660095,0.25445878505706787,0.023619800806045532,False,0.3047473309608541,0.8637687468393181,0.018469512462615967,0.26995524764060974,0.2514857351779938,0.021365582942962646,False,0.42218505338078294,0.8703617752599319,0.01904161274433136,0.26748308539390564,0.24844147264957428,0.020793482661247253,False,0.5007046263345196,0.6847286749433967,0.6707829181494662,9,False,0.3747982529440606,0.869439617775854,1.3519727999996576,-0.07734860790874265,-0.06570684756417122
3269841412,61465,"A drunken woman in a blue dress, black tights, and black leather pumps, laying on a couch, smoking a cigarette, laughing.",78960,A small child is laughing and playing while lying on her back on a gray rug.,3690358949,0.356288880109787,0.29302987456321716,0.06325900554656982,0.9982138419556824,12,5.551115123125783e-17,1.2258123999999953,0.0002696999999898253,0.00010979999979099375,0.668225418318421,0.007001698017120361,0.3014325499534607,0.29443085193634033,0.05625730752944946,False,0.22813142857142857,0.668225418318421,0.007001698017120361,0.3014325499534607,0.29443085193634033,0.05625730752944946,False,0.22813142857142857,0.9862370568227266,0.042719170451164246,0.23404407501220703,0.19132490456104279,0.02053983509540558,False,0.32946285714285717,0.9869917498752439,0.04329077899456024,0.2300339639186859,0.18674318492412567,0.019968226552009583,False,0.44858857142857145,0.9273658150223598,0.02546912431716919,0.21769383549690247,0.19222471117973328,0.037789881229400635,False,0.5177828571428571,0.9271727169311171,0.59648,7,False,0.9444016390140118,0.8839044185437838,0.668225418318421,0.007001698017120361,0.3014325499534607,0.29443085193634033,0.05625730752944946,False,0.22813142857142857,0.668225418318421,0.007001698017120361,0.3014325499534607,0.29443085193634033,0.05625730752944946,False,0.22813142857142857,0.20231797739937502,-0.01371869444847107,0.23848143219947815,0.2522001266479492,0.0769776999950409,True,0.3588914285714286,0.6241777692866922,0.005073189735412598,0.24708430469036102,0.24201111495494843,0.05818581581115723,False,0.4164514285714286,0.9075471727954628,0.0228404700756073,0.22035443782806396,0.19751396775245667,0.040418535470962524,False,0.5127428571428572,0.8163560629775447,0.5127428571428572,6,False,0.9075471727954628,0.6719396398502647,1.214084400000047,0.11081665395357243,0.21196477869351904
4442323516,95814,A man in blue watches a family walk by while sitting in the snow.,46209,People waiting at a bus stop.,2891943949,0.3083707392215729,0.29917100071907043,0.009199738502502441,0.7150367774792707,12,3.469446951953614e-17,1.1548264999996718,0.0002653999999893131,0.00010720000000219443,0.7777491891425817,0.012525975704193115,0.30291032791137695,0.29038435220718384,-0.003326237201690674,False,0.15682035928143712,0.9217334820158061,0.024661362171173096,0.2895263433456421,0.264864981174469,-0.015461623668670654,False,0.35621556886227546,0.9217334820158061,0.024661362171173096,0.2895263433456421,0.264864981174469,-0.015461623668670654,False,0.35621556886227546,0.9593693028485956,0.03161752223968506,0.29310256242752075,0.2614850401878357,-0.022417783737182617,False,0.421311377245509,0.7217398066918457,0.009531080722808838,0.2776431441307068,0.26811206340789795,-0.0003313422203063965,False,0.5220898203592814,0.7301985891908334,0.8510059880239521,10,False,0.6116786056489252,0.8282477137860819,0.4728455362092024,-0.0010872483253479004,0.3012497127056122,0.3023369610309601,0.010286986827850342,True,0.15138922155688622,0.5584613332922798,0.0023491978645324707,0.298893541097641,0.2965443432331085,0.006850540637969971,False,0.22191616766467065,0.33135846082727766,-0.007020473480224609,0.2629564702510834,0.269976943731308,0.01622021198272705,True,0.3105988023952096,0.636315774635039,0.00559408962726593,0.2518446147441864,0.24625052511692047,0.0036056488752365112,False,0.40665269461077846,0.6520143052550443,0.006279051303863525,0.2305440902709961,0.22426503896713257,0.002920687198638916,False,0.650497005988024,0.5902186563141372,0.40665269461077846,6,False,0.636315774635039,0.5677043073417197,1.244839299999967,0.1399799328766962,0.26054340644436214
2891943949,46205,Woman in orange jacket is sitting crossed legged on a bench while woman in blue is leaning against the glass.,95812,A man sits on a fence while a group of people walks on the sidewalk in front of him.,4442323516,0.3126707673072815,0.3081936538219452,0.004477113485336304,0.6100949489736289,15,1.1796119636642288e-16,1.1168784999999843,0.0002750000003288733,0.00011559999984456226,0.009990116927056644,-0.04596118628978729,0.2227197140455246,0.2686809003353119,0.050438299775123596,True,0.12633734939759036,0.11409616050620691,-0.020495668053627014,0.23088215291500092,0.25137782096862793,0.024972781538963318,True,0.26062048192771087,0.18301119386121262,-0.01496078073978424,0.23281098902225494,0.24777176976203918,0.019437894225120544,True,0.3250903614457831,0.7258777177349426,0.009738072752952576,0.22154006361961365,0.21180199086666107,-0.005260959267616272,False,0.45656024096385545,0.8614756416310116,0.01827600598335266,0.21609821915626526,0.1978222131729126,-0.013798892498016357,False,0.5199939759036144,0.5532483166741909,0.8114638554216868,12,False,0.9871433505730364,0.32148482141574947,0.010687673707193706,-0.04527918994426727,0.22692827880382538,0.27220746874809265,0.04975630342960358,True,0.11816265060240964,0.004445230363578654,-0.0541146844625473,0.2235056608915329,0.2776203453540802,0.058591797947883606,True,0.26419277108433736,0.004277373795493994,-0.05450129508972168,0.22148942947387695,0.27599072456359863,0.05897840857505798,True,0.33047590361445783,0.00450394101891442,-0.05398288369178772,0.22314471006393433,0.27712759375572205,0.05845999717712402,True,0.4056265060240964,0.019389088226529304,-0.03923465311527252,0.23113416135311127,0.2703688144683838,0.043711766600608826,True,0.5478253012048193,0.02645030494859369,0.48259638554216866,7,False,0.013613569301223219,0.07319744302595503,1.470596800000294,0.5267980117255973,0.24828737838979442
4655102365,105637,Group of people near a water fountain and a city skyline.,114767,A group of children play in a public fountain while others sit where it is dryer.,4805078127,0.3299788236618042,0.32358086109161377,0.00639796257019043,0.6547074027750324,8,5.204170427930421e-17,1.1486196999999265,0.00023299999975279206,9.819999968385673e-05,0.32083704194343976,-0.007499277591705322,0.24643585085868835,0.2539351284503937,0.013897240161895752,True,0.13717117117117117,0.9213542500711872,0.024608910083770752,0.26355087757110596,0.2389419674873352,-0.018210947513580322,False,0.233021021021021,0.8614704846676728,0.01827557384967804,0.2635085880756378,0.24523301422595978,-0.01187761127948761,False,0.4403783783783784,0.8614704846676728,0.01827557384967804,0.2635085880756378,0.24523301422595978,-0.01187761127948761,False,0.4403783783783784,0.8688475001421554,0.018908068537712097,0.2500476539134979,0.23113958537578583,-0.012510105967521667,False,0.5569849849849849,0.7265350821168505,1.0,8,False,0.6289950326763015,0.7399919021551499,0.32083704194343976,-0.007499277591705322,0.24643585085868835,0.2539351284503937,0.013897240161895752,True,0.13717117117117117,0.4658795347978879,-0.001366943120956421,0.26245132088661194,0.26381826400756836,0.007764905691146851,True,0.34452852852852855,0.4658795347978879,-0.001366943120956421,0.26245132088661194,0.26381826400756836,0.007764905691146851,True,0.34452852852852855,0.5244444782525051,0.0009785592555999756,0.24658973515033722,0.24561117589473724,0.005419403314590454,False,0.46113513513513515,0.5371285532152087,0.0014878809452056885,0.25242140889167786,0.25093352794647217,0.004910081624984741,False,0.5325585585585586,0.4951999186933331,0.5325585585585586,4,False,0.5371285532152087,0.45839799138673837,0.8626464999997552,0.2313351634235174,0.2815939107684115
3039200576,51897,A girl in white and a girl in green walk past a blue car wash station.,80022,"Two woman, one in red and the other in blue, race each other on rollerblades.",3715669736,0.3380413055419922,0.32768136262893677,0.01035994291305542,0.7380763627301399,14,1.0061396160665481e-16,1.1745654999999715,0.00027139999974679085,0.00010999999994965037,0.21991468991522867,-0.012661635875701904,0.2496761679649353,0.2623378038406372,0.023021578788757324,True,0.15847466666666668,0.20661137988252815,-0.013454735279083252,0.2395889163017273,0.25304365158081055,0.023814678192138672,True,0.23891733333333334,0.07743787923288671,-0.02477678656578064,0.22096237540245056,0.2457391619682312,0.03513672947883606,True,0.36506666666666665,0.08586969869959345,-0.023651421070098877,0.22238707542419434,0.2460384964942932,0.0340113639831543,True,0.4208266666666667,0.18046511016834568,-0.01513199508190155,0.2168760746717453,0.23200806975364685,0.02549193799495697,True,0.507568,0.186065179903452,0.788608,11,False,0.014836351621790157,0.25037935690000523,0.9606908282136037,0.03196194767951965,0.2997821271419525,0.26782017946243286,-0.021602004766464233,False,0.14664,0.861307334824549,0.01826190948486328,0.30553877353668213,0.28727686405181885,-0.007901966571807861,False,0.223936,0.43659673368003143,-0.0025498569011688232,0.30472350120544434,0.30727335810661316,0.012909799814224243,True,0.377456,0.484124425596754,-0.0006352365016937256,0.3003195524215698,0.30095478892326355,0.010995179414749146,True,0.4467253333333333,0.5494799971678761,0.001985698938369751,0.3022822439670563,0.3002965450286865,0.008374243974685669,False,0.5193493333333333,0.5792211508632599,0.659136,9,False,0.4215004575316583,0.7009124737891894,1.636032299999897,-0.39315597095980787,-0.4505331168891842
2451114871,29337,Dogs with muzzles are racing around a sandy track.,41129,A greyhound racing.,2755362721,0.3424448072910309,0.3252696394920349,0.01717516779899597,0.8478087053345619,15,9.71445146547012e-17,1.193363099999715,0.0002591999996184313,0.00011559999984456226,0.8734809577673122,0.019320935010910034,0.3378811180591583,0.3185601830482483,-0.0021457672119140625,False,0.1435421686746988,0.7711280907067533,0.012146919965744019,0.32848647236824036,0.31633955240249634,0.005028247833251953,False,0.20699397590361446,0.8353161245346234,0.01623782515525818,0.29522261023521423,0.27898478507995605,0.000937342643737793,False,0.36757831325301205,0.7820214471807405,0.012774854898452759,0.2791857123374939,0.26641085743904114,0.004400312900543213,False,0.4289759036144578,0.6458208882291724,0.006007194519042969,0.25174790620803833,0.24574071168899536,0.011167973279953003,False,0.5709036144578313,0.6036733942405178,0.7736927710843373,11,False,0.268351381927891,0.7981661422329783,0.7498255525238127,0.010976821184158325,0.3296321630477905,0.3186553418636322,0.0061983466148376465,False,0.12362650602409639,0.7187945502672813,0.009384900331497192,0.3242082893848419,0.3148233890533447,0.007790267467498779,False,0.21084337349397592,0.6086520166907671,0.0044164955615997314,0.31775325536727905,0.3133367598056793,0.01275867223739624,False,0.3377831325301205,0.6222455838329679,0.004990905523300171,0.31381383538246155,0.3088229298591614,0.0121842622756958,False,0.41823493975903614,0.13078091367373562,-0.018940716981887817,0.2859410345554352,0.304881751537323,0.03611588478088379,True,0.5078734939759036,0.42490442109302096,0.654210843373494,9,False,0.1750702116803573,0.6503905837285946,1.557224099999985,0.17876897314749685,0.14777555850438373
4806000438,114840,Men wearing red and white stripe shirts and wearing blue hats carrying flags outside a brick building.,96865,"A woman holds sticks attached to large striped banners, causing one to launch its banner in a wide loop through the air.",4463538995,0.30009904503822327,0.2916392683982849,0.008459776639938354,0.6997226855757702,11,5.0523821237824507e-17,1.1192740999999842,0.0002537000000302214,0.00010589999965304742,0.8652425978463912,0.018595337867736816,0.27093663811683655,0.25234130024909973,-0.010135561227798462,False,0.18968768768768768,0.8479159600490205,0.01718348264694214,0.25653186440467834,0.2393483817577362,-0.008723706007003784,False,0.2383963963963964,0.7398139999729968,0.010450020432472229,0.2562499940395355,0.2457999736070633,-0.0019902437925338745,False,0.41406606606606605,0.7398139999729968,0.010450020432472229,0.2562499940395355,0.2457999736070633,-0.0019902437925338745,False,0.41406606606606605,0.16421049749476785,-0.016272276639938354,0.23486918210983276,0.2511414587497711,0.02473205327987671,True,0.500984984984985,0.4380307596967712,0.6888468468468468,7,False,0.12130208164923138,0.7363426437941556,0.6137460922224943,0.004630863666534424,0.2914392054080963,0.2868083417415619,0.0038289129734039307,False,0.11271471471471471,0.8479159600490205,0.01718348264694214,0.25653186440467834,0.2393483817577362,-0.008723706007003784,False,0.2383963963963964,0.8324532440902626,0.01603114604949951,0.28242653608322144,0.2663953900337219,-0.007571369409561157,False,0.35636036036036034,0.8888606881743565,0.020791560411453247,0.2771759033203125,0.25638434290885925,-0.012331783771514893,False,0.42862462462462464,0.7308550180793547,0.009989649057388306,0.26625242829322815,0.25626277923583984,-0.0015298724174499512,False,0.5155435435435436,0.7931461152602456,0.35636036036036034,5,False,0.8324532440902626,0.7711742767258382,0.9924833000000035,-0.3551153555634744,-0.034831632931682566
1690926854,10986,Two female members of team USA performing a jump high-five surrounded by two other female members.,69580,A female volleyball player wearing a bikini jumps and spikes the ball.,3467073304,0.34890303015708923,0.3059348464012146,0.042968183755874634,0.9865709950807291,10,5.204170427930421e-17,1.2830666999998357,0.000232000000323751,9.920000002239249e-05,0.818253793452509,0.015045613050460815,0.32295674085617065,0.30791112780570984,0.02792257070541382,False,0.21155021834061136,0.818253793452509,0.015045613050460815,0.32295674085617065,0.30791112780570984,0.02792257070541382,False,0.21155021834061136,0.5338468088215309,0.0013559460639953613,0.30837130546569824,0.3070153594017029,0.04161223769187927,False,0.30598689956331876,0.0008883281741173229,-0.07025280594825745,0.24364805221557617,0.3139008581638336,0.11322098970413208,True,0.5349519650655021,0.0008883281741173229,-0.07025280594825745,0.24364805221557617,0.3139008581638336,0.11322098970413208,True,0.5349519650655021,0.2919301280011014,0.8894192139737991,8,False,0.03418537069167869,0.5906461500986251,0.818253793452509,0.015045613050460815,0.32295674085617065,0.30791112780570984,0.02792257070541382,False,0.21155021834061136,0.818253793452509,0.015045613050460815,0.32295674085617065,0.30791112780570984,0.02792257070541382,False,0.21155021834061136,0.5338468088215309,0.0013559460639953613,0.30837130546569824,0.3070153594017029,0.04161223769187927,False,0.30598689956331876,0.03054328593242705,-0.03457590937614441,0.294660747051239,0.3292366564273834,0.07754409313201904,True,0.46216157205240177,0.0008883281741173229,-0.07025280594825745,0.24364805221557617,0.3139008581638336,0.11322098970413208,True,0.5349519650655021,0.31226147522252523,0.8177510917030568,7,False,0.044873540022557966,0.5607328961894863,1.638839199999893,-0.020331347221423823,0.029913253909138793
388837010,84440,Two children looking at horses through a small fence.,118565,"A young child wearing a red hat and a tag ""513"" participant tag rides a horse.",4859764297,0.34712061285972595,0.326043039560318,0.02107757329940796,0.8916548670355186,13,3.469446951953614e-17,1.2095437000002676,0.00026230000003124587,0.00011790000007749768,0.8959665847465828,0.021531909704208374,0.3278091847896576,0.3062772750854492,-0.00045433640480041504,False,0.12331531531531531,0.8787241225848782,0.019804030656814575,0.28159141540527344,0.26178738474845886,0.0012735426425933838,False,0.21166966966966966,0.6948873341742441,0.00823068618774414,0.2781890332698822,0.26995834708213806,0.012846887111663818,False,0.33166966966966965,0.8590080793280763,0.018070757389068604,0.28563669323921204,0.26756593585014343,0.0030068159103393555,False,0.40296096096096096,0.9929430857484344,0.049466654658317566,0.29506829380989075,0.24560163915157318,-0.028389081358909607,False,0.5076336336336337,0.9069111633129594,0.9195735735735736,12,False,0.9499518791707872,0.8576106471339457,0.862433452268471,0.018356502056121826,0.3368876576423645,0.3185311555862427,0.002721071243286133,False,0.15296096096096096,0.8464955060549263,0.017073750495910645,0.32792121171951294,0.3108474612236023,0.0040038228034973145,False,0.22425225225225226,0.8660055896619874,0.018660932779312134,0.3358355462551117,0.31717461347579956,0.002416640520095825,False,0.3437657657657658,0.6444406257355472,0.005946904420852661,0.28734803199768066,0.281401127576828,0.015130668878555298,False,0.43212012012012013,0.5521426109736637,0.0020933151245117188,0.27620694041252136,0.27411362528800964,0.01898425817489624,False,0.5206066066066066,0.67360454253371,0.5206066066066066,7,False,0.5521426109736637,0.8011248281408471,1.4051010999996834,0.23330662077924935,0.05648581899309868
4604969760,102961,Three little girls wearing brown and pick sweaters are walking on the street.,41810,A woman and a few children in an alleyway in between a vehicle and a fence.,2773474615,0.3243210017681122,0.31581857800483704,0.008502423763275146,0.7006179839682339,17,3.122502256758253e-17,1.1639156999999614,0.00025550000009388896,0.00012239999978191918,0.22218590882812417,-0.012529730796813965,0.2773389220237732,0.28986865282058716,0.02103215456008911,True,0.1858341968911917,0.08143754335564116,-0.024229735136032104,0.26497069001197815,0.28920042514801025,0.03273215889930725,True,0.23751813471502592,0.05740670271753706,-0.02798473834991455,0.2574935853481293,0.2854783236980438,0.0364871621131897,True,0.34295854922279795,0.016978106007633408,-0.04058706760406494,0.23936155438423157,0.2799486219882965,0.04908949136734009,True,0.4407616580310881,0.012062163726282256,-0.04405546188354492,0.22993403673171997,0.2739894986152649,0.05255788564682007,True,0.5170362694300518,0.3069528532285337,0.792160621761658,12,False,0.6697617707680418,0.20434820931577802,0.6043781722914913,0.00423741340637207,0.2850145697593689,0.2807771563529968,0.004265010356903076,False,0.13937305699481864,0.27565459031320483,-0.009661197662353516,0.2735145390033722,0.2831757366657257,0.018163621425628662,True,0.21564766839378238,0.05947997334508449,-0.027607932686805725,0.2463863343000412,0.2739942669868469,0.03611035645008087,True,0.3348238341968912,0.02844862329921002,-0.03530794382095337,0.24118605256080627,0.27649399638175964,0.043810367584228516,True,0.43262694300518134,0.013722448648529163,-0.04274904727935791,0.21382418274879456,0.25657323002815247,0.05125147104263306,True,0.5211502590673575,0.17643052130630693,0.4696580310880829,9,False,0.04593273892412023,0.2890513061915812,1.9642550000003212,0.1305223319222268,-0.08470309687580319
6515331737,140342,Spectators laugh as three people ride exercise balls down a field.,104106,A young girls soccer team with green jerseys and black shorts doing warm up stretches with two adults.,462879289,0.31706780195236206,0.27613234519958496,0.0409354567527771,0.9835936705885187,11,5.377642775528102e-17,1.2522366000002876,0.0002488000000084867,0.00010630000042510801,0.910718403274513,0.02322438359260559,0.29831981658935547,0.2750954329967499,0.01771107316017151,False,0.12260266666666667,0.5883238979258281,0.0035704076290130615,0.2629278302192688,0.25935742259025574,0.03736504912376404,False,0.282832,0.8854912501331854,0.02045491337776184,0.26159536838531494,0.2411404550075531,0.02048054337501526,False,0.403664,0.8854912501331854,0.02045491337776184,0.26159536838531494,0.2411404550075531,0.02048054337501526,False,0.403664,0.4140514466813844,-0.0034724175930023193,0.24980506300926208,0.2532774806022644,0.04440787434577942,True,0.5389066666666666,0.8028240911877874,0.7955733333333334,8,False,0.9996394799964871,0.7666224628095111,0.4707162620190311,-0.0011726915836334229,0.28169766068458557,0.282870352268219,0.04210814833641052,True,0.19762133333333334,0.03206945527832436,-0.03407256305217743,0.24776090681552887,0.2818334698677063,0.07500801980495453,True,0.320224,0.03206945527832436,-0.03407256305217743,0.24776090681552887,0.2818334698677063,0.07500801980495453,True,0.320224,0.01767454660904003,-0.04017797112464905,0.23655399680137634,0.2767319679260254,0.08111342787742615,True,0.4364693333333333,0.48640715813165,-0.0005438476800918579,0.2485475093126297,0.24909135699272156,0.04147930443286896,True,0.53432,0.18875003919364525,0.4364693333333333,4,False,0.01767454660904003,0.37819356996599385,1.2068208000000595,0.6140740519941421,0.3884288928435172
2957682838,48880,"Two men in the US Army are in uniform and talking with another woman, who is wearing a black sweater with a purse inside of what looks like a conference room.",137287,Two men and a woman standing in a circle having a conversation.,6147735412,0.34777605533599854,0.31009241938591003,0.0376836359500885,0.9774312906807484,13,1.3877787807814457e-16,1.086931199999981,0.0002647000001161359,0.00010830000019268482,0.9962587663786467,0.05584591627120972,0.3526374399662018,0.29679152369499207,-0.018162280321121216,False,0.14044108761329305,0.997850674660331,0.06140449643135071,0.34798163175582886,0.28657713532447815,-0.023720860481262207,False,0.20437462235649548,0.9861768760874865,0.04267492890357971,0.31649160385131836,0.27381667494773865,-0.004991292953491211,False,0.3124833836858006,0.9759773811842436,0.03704443573951721,0.27061986923217773,0.23357543349266052,0.0006392002105712891,False,0.47186102719033235,0.7556496075636269,0.011289745569229126,0.21034222841262817,0.19905248284339905,0.026393890380859375,False,0.6141268882175227,0.6696846678412577,0.7541087613293052,9,False,0.013654710269758945,0.959283295735699,0.9976718972648305,0.060603708028793335,0.3561178743839264,0.29551416635513306,-0.022920072078704834,False,0.14933534743202417,0.9926790072234968,0.04909661412239075,0.329260915517807,0.28016430139541626,-0.011412978172302246,False,0.2574441087613293,0.9861768760874865,0.04267492890357971,0.31649160385131836,0.27381667494773865,-0.004991292953491211,False,0.3124833836858006,0.9697667755398078,0.03468114137649536,0.2592250108718872,0.22454386949539185,0.0030024945735931396,False,0.47410271903323264,0.904724231772679,0.022508546710014343,0.23958025872707367,0.21707171201705933,0.015175089240074158,False,0.5514864048338368,0.968527901041188,0.6305679758308157,9,False,0.9581420020178576,0.9793670445083202,1.3164104000002226,-0.29884323319993034,-0.0200837487726212
479807465,114302,A fallen dirt biker is aided by another.,108480,"Two motocross bikers wearing full protective gear, with one in midair after a jump and the other looking down at his motorcycle.",4700788144,0.3562256693840027,0.3360784649848938,0.020147204399108887,0.8823339868465997,13,4.85722573273506e-17,1.1120655999998235,0.0002553000003899797,0.00011360000007698545,0.8153888376568595,0.014854133129119873,0.32632389664649963,0.31146976351737976,0.005293071269989014,False,0.10908157099697885,0.7370437677184013,0.010306596755981445,0.2746826112270355,0.2643760144710541,0.009840607643127441,False,0.34545619335347433,0.7370437677184013,0.010306596755981445,0.2746826112270355,0.2643760144710541,0.009840607643127441,False,0.34545619335347433,0.5081803800142475,0.0003272444009780884,0.23412467539310455,0.23379743099212646,0.0198199599981308,False,0.40505740181268884,0.8728054034975531,0.019259944558143616,0.20220930874347687,0.18294936418533325,0.000887259840965271,False,0.574773413897281,0.7182954160742542,0.7936918429003021,10,False,0.4874677685567041,0.7487630662473349,0.20187729035157817,-0.013746023178100586,0.31471875309944153,0.3284647762775421,0.03389322757720947,True,0.16868277945619337,0.21305394913428907,-0.013066142797470093,0.3049854338169098,0.3180515766143799,0.03321334719657898,True,0.24521450151057403,0.2103711534562381,-0.013226896524429321,0.3006261885166168,0.31385308504104614,0.03337410092353821,True,0.3209063444108761,0.060199666913195525,-0.027480006217956543,0.28935855627059937,0.3168385624885559,0.04762721061706543,True,0.4418368580060423,0.06886793873494369,-0.02604210376739502,0.282684862613678,0.308726966381073,0.046189308166503906,True,0.5301510574018127,0.17292960994494427,0.5301510574018127,7,False,0.06886793873494369,0.27427255577871035,1.3150669000001471,0.5453658061293098,0.47449051046862456
1395410911,6525,Many people are walking along a sidewalk with a variety of little shops.,107552,A street corner with stores and two men walking the sidewalk.,4688197510,0.313064843416214,0.3086545765399933,0.004410266876220703,0.6085036426452289,13,6.245004513516506e-17,1.0929325000001882,0.0002745000001596054,0.00010840000004463946,0.8742188335007498,0.019387871026992798,0.3035759925842285,0.2841881215572357,-0.014977604150772095,False,0.1357057057057057,0.7401027351635326,0.010465025901794434,0.2795979976654053,0.26913297176361084,-0.0060547590255737305,False,0.2293813813813814,0.8389622794219944,0.016505271196365356,0.282749205827713,0.26624393463134766,-0.012095004320144653,False,0.32792192192192193,0.5743388448508794,0.0029957592487335205,0.26970139145851135,0.26670563220977783,0.0014145076274871826,False,0.4042462462462462,0.32928708326588274,-0.007114112377166748,0.26584476232528687,0.2729588747024536,0.011524379253387451,True,0.5216036036036036,0.6870249579020562,0.6907447447447448,9,False,0.732553731303854,0.6920532020216079,0.09057108114199962,-0.023066818714141846,0.2661479115486145,0.28921473026275635,0.02747708559036255,True,0.12986186186186185,0.0838944267497604,-0.02390572428703308,0.263631671667099,0.2875373959541321,0.028315991163253784,True,0.21953753753753755,0.07689140682009027,-0.024853527545928955,0.25889572501182556,0.2837492525577545,0.029263794422149658,True,0.3180780780780781,0.14046450367712848,-0.018114373087882996,0.23893575370311737,0.25705012679100037,0.0225246399641037,True,0.4117537537537537,0.07705942729140026,-0.02482987940311432,0.24721704423427582,0.27204692363739014,0.029240146279335022,True,0.5416156156156157,0.14460408634816518,0.4590810810810811,6,False,0.14037619207504445,0.15775154924575852,1.2771073999997498,0.542420871553891,0.5343016527758494
2470493181,30040,"Two boys holding a green rope and competing against each other on a balancing rod, while others look on.",10563,Elementary school students play tug-of-war.,16495609,0.35994869470596313,0.32723468542099,0.032714009284973145,0.9634345562661548,11,8.326672684688674e-17,1.1570016999999098,0.00024620000021968735,0.0001038999998854706,0.9812418038137662,0.03957188129425049,0.3166482448577881,0.2770763635635376,-0.006857872009277344,False,0.19495466666666666,0.929064969663065,0.025724142789840698,0.28518950939178467,0.25946536660194397,0.006989866495132446,False,0.28781866666666667,0.855793846983102,0.01780785620212555,0.2594815790653229,0.24167372286319733,0.014906153082847595,False,0.42389866666666665,0.855793846983102,0.01780785620212555,0.2594815790653229,0.24167372286319733,0.014906153082847595,False,0.42389866666666665,0.4364167714847448,-0.0025571733713150024,0.22815996408462524,0.23071713745594025,0.03527118265628815,True,0.509744,0.7183958957535028,0.7004853333333333,7,False,0.5618657650501172,0.8929347857106074,0.7577335180201527,0.011402934789657593,0.3115186393260956,0.300115704536438,0.021311074495315552,False,0.21295466666666665,0.7577335180201527,0.011402934789657593,0.3115186393260956,0.300115704536438,0.021311074495315552,False,0.21295466666666665,0.4252517394783233,-0.0030125081539154053,0.2764604687690735,0.2794729769229889,0.03572651743888855,True,0.3392,0.23424471578749734,-0.01184496283531189,0.26172497868537903,0.2735699415206909,0.044558972120285034,True,0.432064,0.4159268089549907,-0.003395169973373413,0.21288807690143585,0.21628324687480927,0.03610917925834656,True,0.62056,0.4088715238046605,0.432064,5,False,0.23424471578749734,0.5637451271818427,1.1480947000000015,0.3095243719488423,0.3291896585287647
4634848106,104458,A group of men standing on a field of black balls.,105608,"A pool player lines up his shot, as friends stand by awaiting their turn.",4654284177,0.31601065397262573,0.27438539266586304,0.041625261306762695,0.9846704719211739,12,2.1250362580715887e-17,1.0795938000001115,0.00024560000019846484,0.0001011999997899693,0.8190285548740288,0.01509779691696167,0.291022390127182,0.27592459321022034,0.026527464389801025,False,0.2803586626139818,0.8190285548740288,0.01509779691696167,0.291022390127182,0.27592459321022034,0.026527464389801025,False,0.2803586626139818,0.8704281733240409,0.01904749870300293,0.28721681237220764,0.2681693136692047,0.022577762603759766,False,0.33722796352583584,0.7120464345296014,0.009053438901901245,0.27181312441825867,0.2627596855163574,0.03257182240486145,False,0.43553191489361703,0.08598650497302746,-0.023636549711227417,0.22789865732192993,0.25153520703315735,0.06526181101799011,True,0.5396170212765957,0.49186186718537755,0.8419088145896656,10,False,0.1575256846451704,0.7786890397491532,0.8088139897941369,0.014423221349716187,0.2738710045814514,0.25944778323173523,0.02720203995704651,False,0.1986018237082067,0.8187987404763284,0.015082299709320068,0.2761417329311371,0.261059433221817,0.026542961597442627,False,0.24812158054711247,0.7422449357905954,0.010576695203781128,0.2756010591983795,0.2650243639945984,0.031048566102981567,False,0.3242492401215806,0.9122168515367367,0.02341008186340332,0.2747423052787781,0.25133222341537476,0.018215179443359375,False,0.4481033434650456,0.7314232810088583,0.01001855731010437,0.2673344910144806,0.2573159337043762,0.031606703996658325,False,0.5049726443768997,0.7907082387267126,0.5881033434650456,8,False,0.7727189533502067,0.8456016668144425,1.3025339999999233,-0.29884637154133503,-0.06691262706528933
160792599,10220,Three men and two women stand facing the ocean from the shore on a sunny day.,124870,Three construction workers stand at the front of a large group of people all wearing white shirts.,4965629392,0.34155136346817017,0.32677507400512695,0.014776289463043213,0.814214179903779,13,5.898059818321144e-17,1.0572507000001679,0.0002644999999574793,0.00010729999985414906,0.6994201541352449,0.008445382118225098,0.29305222630500793,0.28460684418678284,0.006330907344818115,False,0.10974,0.7767197695633825,0.012466520071029663,0.28185829520225525,0.2693917751312256,0.00230976939201355,False,0.21406666666666666,0.9787906430959019,0.038318753242492676,0.29724428057670593,0.25892552733421326,-0.023542463779449463,False,0.31638,0.8855220694023138,0.020457953214645386,0.2937142252922058,0.2732562720775604,-0.005681663751602173,False,0.45818,0.8789690942959707,0.019827038049697876,0.27235883474349976,0.2525317966938019,-0.005050748586654663,False,0.5500733333333333,0.803494716058713,0.9054666666666666,11,False,0.9517539945255525,0.8419092262662702,0.6994201541352449,0.008445382118225098,0.29305222630500793,0.28460684418678284,0.006330907344818115,False,0.10974,0.7025123691849247,0.00859290361404419,0.3061010241508484,0.2975081205368042,0.0061833858489990234,False,0.25154,0.5333120448927757,0.001334458589553833,0.2868753671646118,0.285540908575058,0.01344183087348938,False,0.39762,0.5892922221695026,0.0036104023456573486,0.29740631580352783,0.2937959134578705,0.011165887117385864,False,0.49214,0.41463361575800056,-0.0034484267234802246,0.2889934778213501,0.2924419045448303,0.018224716186523438,True,0.53786,0.5872639106524108,0.6297533333333334,8,False,0.5264680097542517,0.6483448654533569,1.3426526999996895,0.21623080540630224,0.19356436081291328
2330536645,24396,A group of kids is splashing in deep water nearby a rock formation.,68145,The boy wearing red shorts is jumping into the river as other children swim.,3430607596,0.3529314696788788,0.32324784994125366,0.029683619737625122,0.9511241863715757,14,4.163336342344337e-17,1.0362843999996585,0.00025120000009337673,0.00010789999987537158,0.903932521522128,0.022417038679122925,0.3175770938396454,0.29516005516052246,0.007266581058502197,False,0.15629893238434164,0.8825803626496111,0.02017095685005188,0.30605873465538025,0.28588777780532837,0.009512662887573242,False,0.2318932384341637,0.8130278723697009,0.014698058366775513,0.2948834002017975,0.280185341835022,0.01498556137084961,False,0.347423487544484,0.7231811439043545,0.009602963924407959,0.29882922768592834,0.2892262637615204,0.020080655813217163,False,0.45846975088967973,0.5684671661999686,0.0027559995651245117,0.28185057640075684,0.2790945768356323,0.02692762017250061,False,0.5301423487544484,0.8016736056403808,0.6892170818505338,10,False,0.7639384751335981,0.833788971427976,0.9027636936218598,0.022283166646957397,0.33449026942253113,0.31220710277557373,0.007400453090667725,False,0.1092170818505338,0.8987327606492955,0.02183222770690918,0.29968100786209106,0.2778487801551819,0.007851392030715942,False,0.20716014234875446,0.8862196059034017,0.0205269455909729,0.28652071952819824,0.26599377393722534,0.009156674146652222,False,0.34308896797153027,0.7948416154302637,0.01354360580444336,0.27409836649894714,0.2605547606945038,0.016140013933181763,False,0.4147615658362989,0.8179859449761969,0.015027612447738647,0.27450084686279297,0.2594732344150543,0.014656007289886475,False,0.5258078291814947,0.6477652096659735,0.5904768683274021,8,False,0.36588748668698484,0.8759200864857305,1.182418499999585,0.1539083959744073,-0.042131115057754465
3572346664,74205,The woman's face falls into silhouette as she stands in front of the sun.,102811,A woman wearing a black tank top and a cross necklace stares off into the distance near sunset.,4603095253,0.326424777507782,0.29646405577659607,0.029960721731185913,0.9523963649571436,14,5.204170427930421e-17,1.1014443999997638,0.0002570999999988999,0.00011129999984405003,0.9974807221718225,0.05981260538101196,0.33242806792259216,0.2726154625415802,-0.02985188364982605,False,0.1071987951807229,0.9995720496205636,0.07756075263023376,0.3284730613231659,0.25091230869293213,-0.04760003089904785,False,0.2522530120481928,0.9985540069827161,0.06537511944770813,0.32386690378189087,0.25849178433418274,-0.03541439771652222,False,0.3150481927710843,0.9973044993331222,0.059134721755981445,0.3195200264453888,0.26038530468940735,-0.029174000024795532,False,0.40227108433734937,0.9934867687291423,0.05027385056018829,0.28972017765045166,0.23944632709026337,-0.02031312882900238,False,0.5964277108433735,0.993131304119465,0.695921686746988,10,False,0.993528128347983,0.9932368436275981,0.9530280698871512,0.03010094165802002,0.31841176748275757,0.28831082582473755,-0.00014021992683410645,False,0.1450542168674699,0.9040297858924358,0.022428244352340698,0.313147634267807,0.2907193899154663,0.007532477378845215,False,0.20380722891566266,0.9665209721698772,0.033627837896347046,0.3146597146987915,0.28103187680244446,-0.003667116165161133,False,0.30387951807228913,0.9957032256408942,0.054455846548080444,0.3035178482532501,0.24906200170516968,-0.02449512481689453,False,0.4983012048192771,0.9963946099064269,0.05621713399887085,0.2987215518951416,0.24250441789627075,-0.026256412267684937,False,0.533632530120482,0.9743023640061305,0.4983012048192771,6,False,0.9957032256408942,0.9599960883724592,1.3418267999995805,0.01882894011333458,0.03324075525513892
2613889835,35765,A man in an orange kayak and a man in a blue kayak paddle around a beautiful lake.,39982,"A girl is kayaking in a blue boat, on a blue lake wearing an orange life jacket.",2725508159,0.3061995506286621,0.28780481219291687,0.01839473843574524,0.8628864679480558,12,1.1102230246251565e-16,1.1595503000003191,0.00024830000029396615,0.00010720000000219443,0.4883553584114394,-0.0004658699035644531,0.2789627015590668,0.2794285714626312,0.018860608339309692,True,0.11093866666666667,0.6822707381382135,0.007642269134521484,0.29114776849746704,0.28350549936294556,0.010752469301223755,False,0.249216,0.4996609986347849,-1.3560056686401367e-05,0.2522144615650177,0.2522280216217041,0.01840829849243164,True,0.42694933333333335,0.4996609986347849,-1.3560056686401367e-05,0.2522144615650177,0.2522280216217041,0.01840829849243164,True,0.42694933333333335,0.7101647127720776,0.008961841464042664,0.2569117248058319,0.24794988334178925,0.009432896971702576,False,0.5527413333333333,0.7048581096567816,0.8555306666666667,9,False,0.850670743090055,0.609716556472704,0.4883553584114394,-0.0004658699035644531,0.2789627015590668,0.2794285714626312,0.018860608339309692,True,0.11093866666666667,0.608638528970609,0.004415929317474365,0.26634126901626587,0.2619253396987915,0.013978809118270874,False,0.3000373333333333,0.608638528970609,0.004415929317474365,0.26634126901626587,0.2619253396987915,0.013978809118270874,False,0.3000373333333333,0.5321628980432991,0.001288294792175293,0.2619289755821228,0.2606406807899475,0.017106443643569946,False,0.419456,0.4652722247324875,-0.0013913512229919434,0.26400676369667053,0.2653981149196625,0.019786089658737183,True,0.543424,0.45146171570906923,0.648688,9,False,0.3520021181366489,0.5679065247869831,1.5504561000002468,0.2533963939477124,0.04181003168572084
4727540499,110211,Two young men playing electric guitars in a grunge-type setting.,9919,A band performs in a dimly lit setting.,1579198375,0.3456435799598694,0.31863680481910706,0.02700677514076233,0.9370666106634745,10,2.7755575615628914e-17,0.95269240000016,0.00023690000034548575,0.00010419999989608186,0.42888462629747187,-0.0028640329837799072,0.3053501844406128,0.3082142174243927,0.029870808124542236,True,0.11579640718562874,0.19171839022722495,-0.014388829469680786,0.2710490822792053,0.2854379117488861,0.041395604610443115,True,0.23275449101796408,0.11902269387155927,-0.020017176866531372,0.2515289783477783,0.2715461552143097,0.0470239520072937,True,0.3396646706586826,0.03230381924832041,-0.03399732708930969,0.2375071942806244,0.2715045213699341,0.06100410223007202,True,0.4279880239520958,0.0015554801704669118,-0.06464414298534393,0.1855679303407669,0.25021207332611084,0.09165091812610626,True,0.5309161676646706,0.16177364627450563,0.8468562874251497,8,False,0.09971918233681755,0.2644757566337627,0.42888462629747187,-0.0028640329837799072,0.3053501844406128,0.3082142174243927,0.029870808124542236,True,0.11579640718562874,0.19171839022722495,-0.014388829469680786,0.2710490822792053,0.2854379117488861,0.041395604610443115,True,0.23275449101796408,0.12100491047621743,-0.019829481840133667,0.26169726252555847,0.28152674436569214,0.046836256980895996,True,0.33568263473053894,0.0018748870402275862,-0.06277330219745636,0.20668567717075348,0.26945897936820984,0.08978007733821869,True,0.44259281437125747,0.0013683316822473313,-0.06592793762683868,0.20194439589977264,0.26787233352661133,0.09293471276760101,True,0.5217005988023952,0.13885737241880108,0.6100239520958084,6,False,0.0014458660795200117,0.26484393520903454,0.9983012000002418,0.02291627385570455,-0.00036817857527182696
8052387530,151418,A football player being tackled on a rainy day.,151428,A runner scrambles for yardage while being brought down by two tacklers.,8052397902,0.3657954931259155,0.3193296790122986,0.04646581411361694,0.9904968316264374,14,9.020562075079397e-17,0.9642297999998846,0.00025899999991452205,0.00011080000012952951,0.9553144888880055,0.030623912811279297,0.3393019437789917,0.3086780309677124,0.015841901302337646,False,0.10769369369369369,0.9375316231693637,0.02708590030670166,0.32040971517562866,0.293323814868927,0.019379913806915283,False,0.2201021021021021,0.6720470343403553,0.007174581289291382,0.28993216156959534,0.28275758028030396,0.03929123282432556,False,0.30438438438438437,0.727651657120632,0.009827405214309692,0.28352615237236023,0.27369874715805054,0.03663840889930725,False,0.44576576576576576,0.7545059725090753,0.011227905750274658,0.28194037079811096,0.2707124650478363,0.035237908363342285,False,0.5098078078078078,0.579724047173268,0.718,10,False,0.10927656277208746,0.8344263393375427,0.9433446440097766,0.028124451637268066,0.3492315113544464,0.32110705971717834,0.018341362476348877,False,0.17011411411411412,0.9633246844300383,0.032682865858078,0.34279459714889526,0.31011173129081726,0.01378294825553894,False,0.23403003003003003,0.9564213924665929,0.030886322259902954,0.3378322124481201,0.30694589018821716,0.01557949185371399,False,0.31831231231231233,0.6957844734736122,0.008273035287857056,0.28500106930732727,0.2767280340194702,0.03819277882575989,False,0.426006006006006,0.7894243131868872,0.013214588165283203,0.28991925716400146,0.27670466899871826,0.03325122594833374,False,0.5406546546546547,0.7881867801391664,0.6159579579579579,9,False,0.6786633687739951,0.8885988044579652,1.4586739999999736,-0.20846273296589846,-0.05417246512042251
4683565867,107115,"Four older men sitting on a blue patterned rug in an ethnic looking place of worship, 3 of them wearing some sort of head covering.",133078,"Three men are dress up with some colors of blue, orange and white.",5622966650,0.361060231924057,0.28964120149612427,0.07141903042793274,0.9992093806835974,12,6.938893903907228e-17,1.0387955000001057,0.0002509000000827655,0.00010410000004412723,0.9969343495044541,0.05784425139427185,0.3299480974674225,0.27210384607315063,0.013574779033660889,False,0.19914457831325302,0.9966285054149279,0.05689021944999695,0.3207831382751465,0.26389291882514954,0.014528810977935791,False,0.31657831325301206,0.9966285054149279,0.05689021944999695,0.3207831382751465,0.26389291882514954,0.014528810977935791,False,0.31657831325301206,0.913758785734293,0.02360418438911438,0.2792379856109619,0.25563380122184753,0.04781484603881836,False,0.4471626506024096,0.9347207675067706,0.02661573886871338,0.2577260434627533,0.23111030459403992,0.04480329155921936,False,0.5476987951807228,0.6325612955945841,0.9583975903614458,11,False,0.02353326489069519,0.9740193047616359,0.9969343495044541,0.05784425139427185,0.3299480974674225,0.27210384607315063,0.013574779033660889,False,0.19914457831325302,0.9838489439837586,0.04109486937522888,0.3114561140537262,0.2703612446784973,0.030324161052703857,False,0.29,0.9674359002430253,0.033914387226104736,0.2958613634109497,0.26194697618484497,0.037504643201828,False,0.37194578313253013,0.9779507691453428,0.03792181611061096,0.2778984606266022,0.2399766445159912,0.03349721431732178,False,0.4205843373493976,0.17426123249439282,-0.01555722951889038,0.23537641763687134,0.2509336471557617,0.08697625994682312,True,0.5921927710843373,0.551082554038712,0.8092409638554217,9,False,0.012953208804385904,0.8694261477677185,1.5946639000003415,0.08147874155587209,0.10459315699391736
2993318965,50052,A small group of people meeting together at a tree by water.,133410,A man wearing a hat is showing a group of children how to throw a net off of a dock.,566945636,0.32928353548049927,0.3016160726547241,0.027667462825775146,0.9408521787661868,11,5.204170427930421e-17,1.4177850999999464,0.00024620000021968735,0.00010579999980109278,0.015328043637463417,-0.04162624478340149,0.2671157717704773,0.3087420165538788,0.06929370760917664,True,0.13712,0.02807333291603827,-0.035444602370262146,0.2491263896226883,0.28457099199295044,0.06311206519603729,True,0.240936,0.02813650327728009,-0.035421475768089294,0.2474888414144516,0.2829103171825409,0.06308893859386444,True,0.335164,0.02438294405420403,-0.036891862750053406,0.22129817306995392,0.2581900358200073,0.06455932557582855,True,0.427884,0.6917112369573819,0.008081316947937012,0.22596678137779236,0.21788546442985535,0.019586145877838135,False,0.574156,0.4963976362743909,0.866984,9,False,0.9967372094813395,0.21817055038229394,0.015328043637463417,-0.04162624478340149,0.2671157717704773,0.3087420165538788,0.06929370760917664,True,0.13712,0.02807333291603827,-0.035444602370262146,0.2491263896226883,0.28457099199295044,0.06311206519603729,True,0.240936,0.02813650327728009,-0.035421475768089294,0.2474888414144516,0.2829103171825409,0.06308893859386444,True,0.335164,0.05054937373031664,-0.0293293297290802,0.23360121250152588,0.2629305422306061,0.05699679255485535,True,0.515268,0.05054937373031664,-0.0293293297290802,0.23360121250152588,0.2629305422306061,0.05699679255485535,True,0.515268,0.09575248558030534,0.606664,6,False,0.02989054535382198,0.15049000815271568,1.767713900000217,0.4006451506940855,0.06768054222957826
3446941415,68852,A young girl has lifted her friend and is carrying her in her arms.,77944,Two girls hugging.,3665179773,0.3108724355697632,0.3029208481311798,0.007951587438583374,0.6889379381958816,13,2.688821387764051e-17,1.358214500000031,0.0002762999997685256,0.00010700000029828516,0.828783711001413,0.015770316123962402,0.25454023480415344,0.23876991868019104,-0.007818728685379028,False,0.14905389221556886,0.22974488833731177,-0.012097522616386414,0.2244240939617157,0.2365216165781021,0.020049110054969788,True,0.22005988023952097,0.3542029711857754,-0.006006151437759399,0.20606781542301178,0.21207396686077118,0.013957738876342773,True,0.3207245508982036,0.3490778615932879,-0.006230950355529785,0.20604349672794342,0.2122744470834732,0.01418253779411316,True,0.48844910179640716,0.37258052379234435,-0.005211621522903442,0.20437651872634888,0.20958814024925232,0.013163208961486816,True,0.5545149700598803,0.3685712729602701,0.8072694610778444,10,False,0.16247162595890466,0.47410943361691454,0.4469334282689839,-0.0021306872367858887,0.2953655421733856,0.2974962294101715,0.010082274675369263,True,0.13765269461077845,0.4531079095702768,-0.0018812119960784912,0.2960296869277954,0.2979108989238739,0.009832799434661865,True,0.20843712574850298,0.24057726163326926,-0.01149517297744751,0.27257558703422546,0.284070760011673,0.019446760416030884,True,0.3505808383233533,0.21896266436171793,-0.012717217206954956,0.2716783285140991,0.2843955457210541,0.02066880464553833,True,0.45149700598802395,0.21221421219526918,-0.013116300106048584,0.2690558135509491,0.2821721136569977,0.021067887544631958,True,0.548437125748503,0.23336102194633038,0.8009401197604791,10,False,0.08579907617771868,0.3709094271599023,1.5612307000001238,0.13521025101393971,0.10320000645701222
2975627633,49427,Two people smile while sitting on chairs in a yard.,119136,A man wearing dark sunglasses and a hat sits next to a woman with a black hat.,4868221344,0.34857428073883057,0.31344494223594666,0.03512933850288391,0.9710535445320758,11,1.0408340855860843e-16,1.1367103999996289,0.0002670999997462786,0.0001059999999597494,0.9153309066165064,0.023805350065231323,0.29771825671195984,0.2739129066467285,0.011323988437652588,False,0.15519161676646706,0.929596561948789,0.02580508589744568,0.28813695907592773,0.26233187317848206,0.009324252605438232,False,0.2620059880239521,0.9290331451378836,0.02571931481361389,0.2831644117832184,0.2574450969696045,0.00941002368927002,False,0.3929760479041916,0.6685821094535631,0.007017791271209717,0.2784975469112396,0.2714797556400299,0.028111547231674194,False,0.4638682634730539,0.5523636872274559,0.0021022558212280273,0.27832794189453125,0.2762256860733032,0.033027082681655884,False,0.5318443113772455,0.8238800414303215,0.6739880239520958,7,False,0.8279880450838296,0.8738405201711158,0.9828487339957621,0.040483832359313965,0.340878427028656,0.30039459466934204,-0.005354493856430054,False,0.10681437125748502,0.94763188216469,0.028956681489944458,0.3290260434150696,0.3000693619251251,0.006172657012939453,False,0.24568263473053892,0.5278824088716358,0.0011164546012878418,0.279567688703537,0.27845123410224915,0.03401288390159607,False,0.400874251497006,0.5278824088716358,0.0011164546012878418,0.279567688703537,0.27845123410224915,0.03401288390159607,False,0.400874251497006,0.5523636872274559,0.0021022558212280273,0.27832794189453125,0.2762256860733032,0.033027082681655884,False,0.5318443113772455,0.6274901081336114,0.6054191616766467,6,False,0.42475504180946416,0.7965250923710533,1.119590700000117,0.19638993329671006,0.07731542780006251
10287332,489,Three men are working on a roof.,120216,A man wearing a blue shirt trying to get something with a pole from the roof of the room.,4889181219,0.3230343759059906,0.30311256647109985,0.019921809434890747,0.8799736797486621,15,3.0357660829594124e-17,1.1969222999996418,0.0002768999997897481,0.00011470000026747584,0.08296756963338874,-0.024026930332183838,0.23965048789978027,0.2636774182319641,0.043948739767074585,True,0.18562133333333333,0.13705536319499428,-0.01839965581893921,0.24062994122505188,0.2590295970439911,0.038321465253829956,True,0.25576533333333334,0.28391596697089166,-0.009251192212104797,0.23348352313041687,0.24273471534252167,0.029173001646995544,True,0.328288,0.35809003969507913,-0.0058366358280181885,0.2298586070537567,0.2356952428817749,0.025758445262908936,True,0.468688,0.36296553953190497,-0.0056251585483551025,0.2320941686630249,0.23771932721138,0.02554696798324585,True,0.5356693333333333,0.3023684755462365,0.7713013333333333,11,False,0.2597491072047132,0.33895966739999245,0.08296756963338874,-0.024026930332183838,0.23965048789978027,0.2636774182319641,0.043948739767074585,True,0.18562133333333333,0.10545137907631641,-0.021380692720413208,0.22901257872581482,0.250393271446228,0.041302502155303955,True,0.246224,0.06219838519549285,-0.027132093906402588,0.23417451977729797,0.26130661368370056,0.047053903341293335,True,0.3112106666666667,0.17133113655410137,-0.015762224793434143,0.24263404309749603,0.2583962678909302,0.03568403422832489,True,0.46386133333333335,0.2164646483911686,-0.012863889336585999,0.2424032837152481,0.2552671730518341,0.032785698771476746,True,0.5087253333333334,0.4035101864119641,0.6926346666666666,10,False,0.6755857477594353,0.24974442921293363,1.9786174000000756,-0.1011417108657276,0.08921523818705882
6337111139,139318,A group of young adults singing in a choir.,34153,A choir group is gathered together in a church.,2572712647,0.32501038908958435,0.30734652280807495,0.0176638662815094,0.8540077372291472,12,9.71445146547012e-17,1.127511400000003,0.00025589999995645485,0.00011059999997087289,0.8297739729979117,0.015840262174606323,0.31608209013938904,0.3002418279647827,0.0018236041069030762,False,0.11157357357357357,0.730757692878058,0.009984701871871948,0.297159343957901,0.28717464208602905,0.007679164409637451,False,0.26036036036036037,0.64417903913948,0.005935490131378174,0.29999423027038574,0.29405874013900757,0.011728376150131226,False,0.36816816816816816,0.5876965027975933,0.0035445094108581543,0.2964337170124054,0.29288920760154724,0.014119356870651245,False,0.4729189189189189,0.5947757060348864,0.0038374364376068115,0.29727911949157715,0.29344168305397034,0.013826429843902588,False,0.5437957957957958,0.49202425221024587,0.9213153153153153,11,False,0.03374125621221179,0.7182206820740918,0.8712350652495964,0.019119232892990112,0.31834888458251953,0.2992296516895294,-0.0014553666114807129,False,0.10475075075075076,0.7853065509253523,0.012968629598617554,0.30984199047088623,0.2968733608722687,0.004695236682891846,False,0.21632432432432433,0.8211580222844217,0.015242129564285278,0.3035276532173157,0.2882855236530304,0.002421736717224121,False,0.37055855855855857,0.7946651477784344,0.013532787561416626,0.3028869926929474,0.28935420513153076,0.0041310787200927734,False,0.4173273273273273,0.7527496502930956,0.011133313179016113,0.31279897689819336,0.30166566371917725,0.006530553102493286,False,0.5005705705705705,0.7073597407678558,0.6430990990990991,8,False,0.5836952174023842,0.8167684185511527,1.4664271999999983,-0.21533548855760992,-0.09854773647706083
5986222648,136200,"A singer with medium-short curly white hair, wearing a white sleeveless t-shirt, is accompanied by a guitarist who has long white hair and wears a black shirt.",103546,A man in a brown shirt and a woman in a white tank top singing into their microphones.,4615770260,0.3313106894493103,0.3142803907394409,0.017030298709869385,0.8459300393231838,12,1.8388068845354155e-16,1.0221526000000267,0.00028529999963211594,0.00010669999983292655,0.9394325621743645,0.027415186166763306,0.3007078170776367,0.2732926309108734,-0.010384887456893921,False,0.10100900900900901,0.9500782570159173,0.029460877180099487,0.29838553071022034,0.26892465353012085,-0.012430578470230103,False,0.24301501501501502,0.9759005408720132,0.03701171278953552,0.29736414551734924,0.2603524327278137,-0.019981414079666138,False,0.3174954954954955,0.9816094818886111,0.03977358341217041,0.30363279581069946,0.26385921239852905,-0.022743284702301025,False,0.46821621621621623,0.979327154747301,0.03858044743537903,0.3030768632888794,0.26449641585350037,-0.021550148725509644,False,0.5416216216216216,0.9286241025500871,0.804990990990991,10,False,0.8205411723339062,0.9518527761569695,0.9394325621743645,0.027415186166763306,0.3007078170776367,0.2732926309108734,-0.010384887456893921,False,0.10100900900900901,0.9391266115441783,0.027361541986465454,0.29915934801101685,0.2717978060245514,-0.01033124327659607,False,0.21428828828828828,0.9292536809257419,0.02575281262397766,0.2652514576911926,0.23949864506721497,-0.008722513914108276,False,0.363993993993994,0.9199816443359459,0.024420976638793945,0.2668426036834717,0.24242162704467773,-0.0073906779289245605,False,0.4373993993993994,0.9207925755097579,0.024531647562980652,0.26476553082466125,0.2402338832616806,-0.007501348853111267,False,0.5066606606606606,0.9162354375840582,0.5807807807807808,7,False,0.9178797922768184,0.9237789828364811,1.2321717999998327,0.012388664966028862,0.028073793320488427
4675063973,106679,A woman and a man at a crosswalk in nyc.,134846,A bald man in a black shirt with a girl sitting on his shoulders walking in the street.,5823310445,0.3301878571510315,0.32155078649520874,0.008637070655822754,0.7034345842647954,13,7.892991815694472e-17,1.427603999999974,0.0002633999997669889,0.0001090999999178166,0.626084382385691,0.005154550075531006,0.2945954203605652,0.2894408702850342,0.003482520580291748,False,0.18834,0.540338985640336,0.0016170740127563477,0.27900969982147217,0.2773926258087158,0.007019996643066406,False,0.256388,0.7303488017834303,0.009963929653167725,0.27669110894203186,0.26672717928886414,-0.0013268589973449707,False,0.338364,0.6136860380520827,0.00462833046913147,0.28683674335479736,0.2822084128856659,0.004008740186691284,False,0.454352,0.3457448084964508,-0.006377965211868286,0.27212730050086975,0.27850526571273804,0.01501503586769104,True,0.509976,0.49412776159011185,0.770436,10,False,0.058525005617359925,0.6306174957247944,0.3258695859212514,-0.00726926326751709,0.3318212628364563,0.3390905261039734,0.015906333923339844,True,0.1138,0.2582913878649912,-0.010548681020736694,0.3076736032962799,0.3182222843170166,0.019185751676559448,True,0.204104,0.09705437858150101,-0.022303909063339233,0.30174827575683594,0.32405218482017517,0.030940979719161987,True,0.34214,0.05756640089197959,-0.02795526385307312,0.2963501513004303,0.3243054151535034,0.036592334508895874,True,0.410188,0.07753097278978756,-0.024763762950897217,0.30557167530059814,0.33033543825149536,0.03340083360671997,True,0.546464,0.14456778119808905,0.410188,6,False,0.05756640089197959,0.22679404302812345,1.8990439999997761,0.3495599803920228,0.40382345269667097
2115631346,17256,Two brown dogs are running through the snow.,77962,Two dogs running and jumping through a snowy area.,366548880,0.3642756938934326,0.35101318359375,0.013262510299682617,0.7902198350227501,17,7.979727989493313e-17,1.229958599999918,0.00026729999990493525,0.00012000000015177648,0.1430564035229447,-0.017901331186294556,0.2642803490161896,0.28218168020248413,0.031163841485977173,True,0.1477789203084833,0.1507873152884424,-0.017284393310546875,0.24943464994430542,0.2667190432548523,0.030546903610229492,True,0.20749100257069408,0.15794637054168637,-0.016735881567001343,0.2503901422023773,0.26712602376937866,0.02999839186668396,True,0.30911053984575837,0.0799012791229689,-0.024436891078948975,0.22599968314170837,0.25043657422065735,0.03769940137863159,True,0.4665038560411311,0.08349035465194417,-0.023958414793014526,0.21307936310768127,0.2370377779006958,0.037220925092697144,True,0.5250539845758355,0.2347295312049031,0.6709614395886889,11,False,0.2957693019986395,0.22268203636712422,0.439711838892701,-0.002423316240310669,0.30850017070770264,0.3109234869480133,0.015685826539993286,True,0.10732647814910026,0.4589023946922124,-0.0016476213932037354,0.312940388917923,0.3145880103111267,0.014910131692886353,True,0.24310539845758355,0.3578756503072747,-0.005845963954925537,0.3050629198551178,0.31090888381004333,0.019108474254608154,True,0.34484832904884316,0.39814143715571776,-0.0041321516036987305,0.28964027762413025,0.293772429227829,0.017394661903381348,True,0.42617480719794343,0.35646333972701266,-0.00590747594833374,0.295678049325943,0.30158552527427673,0.019169986248016357,True,0.5182724935732648,0.3975532564604213,0.5182724935732648,9,False,0.35646333972701266,0.4515964712611296,1.837996799999928,-0.16282372525551816,-0.2289144348940054
3660516586,77782,Four people are playing soccer on a beach.,144777,"Two men, both with hats on, are playing volleyball on a beach.",7034076961,0.3370254635810852,0.33484649658203125,0.002178966999053955,0.5542596619198198,12,3.946495907847236e-17,0.8862792000004447,0.00026690000004236936,0.00011199999971722718,0.9663731125007063,0.03358224034309387,0.3127955496311188,0.2792133092880249,-0.03140327334403992,False,0.10440840840840841,0.9065131576504543,0.022717848420143127,0.2582525610923767,0.23553471267223358,-0.020538881421089172,False,0.2865105105105105,0.8786734566625735,0.019799277186393738,0.2552342116832733,0.23543493449687958,-0.017620310187339783,False,0.3466906906906907,0.8994302761478598,0.02190910279750824,0.25745832920074463,0.2355492264032364,-0.019730135798454285,False,0.41055855855855855,0.7892910157285882,0.013206571340560913,0.2436596155166626,0.23045304417610168,-0.011027604341506958,False,0.5636096096096096,0.7739601479484314,1.0,12,False,0.8419128675916059,0.8687578004950919,0.5899131157406,0.0036360621452331543,0.3244452476501465,0.32080918550491333,-0.0014570951461791992,False,0.10299699699699699,0.7236540085550734,0.009626597166061401,0.3088374137878418,0.2992108166217804,-0.007447630167007446,False,0.2850990990990991,0.342025656493171,-0.006542801856994629,0.2882773280143738,0.2948201298713684,0.008721768856048584,True,0.3724084084084084,0.3169790296315319,-0.007676899433135986,0.27938663959503174,0.2870635390281677,0.009855866432189941,True,0.43815015015015013,0.13766575716798982,-0.018348142504692078,0.2473900467157364,0.26573818922042847,0.020527109503746033,True,0.5514114114114114,0.3809268471730371,0.4861141141141141,5,False,0.23540405795384545,0.49410584983844935,1.2885749000001852,0.3930333007753943,0.37465195065664253
2088705195,16227,Two silhouetted people paddle a canoe on the ocean during sunset.,35769,Two men are paddling their small canoes through the water.,2613889835,0.34995317459106445,0.3249197006225586,0.02503347396850586,0.9243761520220873,10,4.163336342344337e-17,0.8237891999997373,0.00031079999962457805,0.00010160000010728254,0.9968274223424921,0.05750033259391785,0.2721397876739502,0.21463945508003235,-0.03246685862541199,False,0.20902469135802468,0.9968274223424921,0.05750033259391785,0.2721397876739502,0.21463945508003235,-0.03246685862541199,False,0.20902469135802468,0.9964099406773396,0.05625990033149719,0.2679603099822998,0.2117004096508026,-0.031226426362991333,False,0.3077037037037037,0.9406866115492203,0.027637749910354614,0.23480364680290222,0.2071658968925476,-0.002604275941848755,False,0.7007345679012346,0.9406866115492203,0.027637749910354614,0.23480364680290222,0.2071658968925476,-0.002604275941848755,False,0.7007345679012346,0.7903312614950174,0.8345123456790123,7,False,0.09972975110504048,0.9701308261048184,0.9835841936776217,0.040929585695266724,0.3443407118320465,0.3034111261367798,-0.015896111726760864,False,0.11838271604938272,0.993559880210964,0.05038747191429138,0.32827627658843994,0.27788880467414856,-0.025353997945785522,False,0.4384753086419753,0.993559880210964,0.05038747191429138,0.32827627658843994,0.27788880467414856,-0.025353997945785522,False,0.4384753086419753,0.993559880210964,0.05038747191429138,0.32827627658843994,0.27788880467414856,-0.025353997945785522,False,0.4384753086419753,0.9917265027771682,0.047863900661468506,0.3209320902824402,0.2730681896209717,-0.022830426692962646,False,0.5371543209876544,0.9689087797638646,0.7007345679012346,5,False,0.9406866115492203,0.981696282304841,1.0593155999999908,-0.17857751826884716,-0.011565456200022584
511643051,127625,A person with a scarf over their head and a boy in a black t-shirt looking at what appear to be olives in a pile on a tarp on the ground.,59899,A man and child working on a puzzle.,3232994074,0.33734115958213806,0.30260661244392395,0.03473454713821411,0.969922964613408,11,7.979727989493313e-17,0.9263362000001507,0.00024859999984983006,0.00010259999999107094,0.9903089151115098,0.04626810550689697,0.31399214267730713,0.26772403717041016,-0.011533558368682861,False,0.14037237237237238,0.9818687100032384,0.03991818428039551,0.26988112926483154,0.22996294498443604,-0.0051836371421813965,False,0.2320900900900901,0.9073127276276566,0.022812560200691223,0.24690306186676025,0.22409050166606903,0.011921986937522888,False,0.3111171171171171,0.7193778983469225,0.00941377878189087,0.2185259461402893,0.20911216735839844,0.025320768356323242,False,0.4216276276276276,0.2157011016436573,-0.012908965349197388,0.1860390454530716,0.19894801080226898,0.0476435124874115,True,0.6023903903903904,0.5782592651727951,0.8636576576576577,9,False,0.13045247413610667,0.791958431589135,0.9820534221522361,0.040022462606430054,0.33360913395881653,0.2935866713523865,-0.005287915468215942,False,0.11051051051051052,0.8839208727386231,0.020300954580307007,0.3079518675804138,0.2876509130001068,0.014433592557907104,False,0.20222822822822822,0.8756416762681198,0.019517898559570312,0.2916198670864105,0.2721019685268402,0.015216648578643799,False,0.39975975975975975,0.7977854105694616,0.013725101947784424,0.25481486320495605,0.24108976125717163,0.021009445190429688,False,0.4734774774774775,0.8221179969199854,0.015307635068893433,0.2504596710205078,0.23515203595161438,0.01942691206932068,False,0.5518198198198199,0.8576033888091013,0.7232852852852852,8,False,0.8593603545537163,0.8922243396633892,1.252312399999937,-0.2793441236363061,-0.10026590807425417
3364114507,65425,Lady with short brown hair and a red and white striped shirt with a name tag taking a sip from a cup.,99647,A woman in an apron drinking a coffee drink and eating a cookie.,4528578001,0.3856081962585449,0.31964629888534546,0.06596189737319946,0.9986363009300067,9,5.551115123125783e-17,1.033950300000015,0.0002283000003444613,0.00010960000008708448,0.9210739237803942,0.0245702862739563,0.2316444218158722,0.2070741355419159,0.041391611099243164,False,0.28984341637010674,0.9210739237803942,0.0245702862739563,0.2316444218158722,0.2070741355419159,0.041391611099243164,False,0.28984341637010674,0.7473714543610402,0.010846421122550964,0.20732484757900238,0.19647842645645142,0.0551154762506485,False,0.41032740213523133,0.7473714543610402,0.010846421122550964,0.20732484757900238,0.19647842645645142,0.0551154762506485,False,0.41032740213523133,0.8361830123455477,0.016300976276397705,0.18281854689121246,0.16651757061481476,0.04966092109680176,False,0.5172669039145907,0.8893609207029601,0.8635373665480427,7,False,0.8183138398516914,0.8958439423215803,0.9819068971245425,0.03993965685367584,0.2552398145198822,0.21530015766620636,0.02602224051952362,False,0.1959217081850534,0.9210739237803942,0.0245702862739563,0.2316444218158722,0.2070741355419159,0.041391611099243164,False,0.28984341637010674,0.7473714543610402,0.010846421122550964,0.20732484757900238,0.19647842645645142,0.0551154762506485,False,0.41032740213523133,0.7473714543610402,0.010846421122550964,0.20732484757900238,0.19647842645645142,0.0551154762506485,False,0.41032740213523133,0.8361830123455477,0.016300976276397705,0.18281854689121246,0.16651757061481476,0.04966092109680176,False,0.5172669039145907,0.8680908556745947,0.8635373665480427,7,False,0.8183138398516914,0.9058457864284895,0.8882884999998168,0.02127006502836548,-0.010001844106909186
1659358141,10622,A brown dog is panting hard on grass during a sunny day.,71660,A brown dog with white paws is trotting through a field of green grass.,3514194772,0.34034642577171326,0.32482388615608215,0.015522539615631104,0.8252390355375613,14,3.686287386450715e-17,1.0931438000002345,0.00025950000008378993,0.00011059999997087289,0.14977273614104938,-0.01736384630203247,0.31409698724746704,0.3314608335494995,0.032886385917663574,True,0.14196396396396396,0.17748052420749091,-0.015335112810134888,0.3139091432094574,0.3292442560195923,0.03085765242576599,True,0.2085945945945946,0.21127358115415992,-0.013172656297683716,0.30288073420524597,0.3160533905029297,0.02869519591331482,True,0.33846846846846845,0.4180627038915686,-0.0033073127269744873,0.30620720982551575,0.30951452255249023,0.01882985234260559,True,0.45228828828828826,0.43906655658745797,-0.002449512481689453,0.2876150608062744,0.29006457328796387,0.017972052097320557,True,0.553069069069069,0.38688348217859236,0.71209009009009,10,False,0.5778940892396666,0.3333432911656171,0.20462383626897626,-0.013576418161392212,0.3181709349155426,0.3317473530769348,0.029098957777023315,True,0.15661861861861862,0.16678994810716433,-0.016085505485534668,0.31859132647514343,0.3346768319606781,0.03160804510116577,True,0.22383783783783784,0.17013427842868573,-0.01584675908088684,0.3176794648170471,0.33352622389793396,0.031369298696517944,True,0.31563963963963965,0.22951054813388747,-0.012110769748687744,0.29811862111091614,0.3102293908596039,0.027633309364318848,True,0.46727927927927926,0.23409560188526887,-0.011853277683258057,0.3080173134803772,0.31987059116363525,0.02737581729888916,True,0.5612012012012012,0.21906495880118365,0.6131771771771771,8,False,0.17715272829676507,0.2862938224555261,1.3817610000000968,0.1678185233774087,0.047049468710091025
2205958052,19755,A boy is hanging out of the window of a yellow taxi.,113891,A man on a city street takes a picture while a taxi and bus drive by.,4789309483,0.31538739800453186,0.2891785800457001,0.026208817958831787,0.9321934649367587,11,6.591949208711867e-17,1.1550062999999682,0.00024489999987054034,0.00010469999961060239,0.6374367952681654,0.005642563104629517,0.27981147170066833,0.2741689085960388,0.02056625485420227,False,0.217184,0.6374367952681654,0.005642563104629517,0.27981147170066833,0.2741689085960388,0.02056625485420227,False,0.217184,0.8618174196962717,0.018304675817489624,0.27758729457855225,0.2592826187610626,0.007904142141342163,False,0.3814826666666667,0.7316761185516518,0.010031431913375854,0.26652196049690247,0.2564905285835266,0.016177386045455933,False,0.44104,0.7725317829764788,0.01222662627696991,0.2525452971458435,0.2403186708688736,0.013982191681861877,False,0.5195573333333333,0.6844653410688009,0.681968,8,False,0.527090205904539,0.7701119921069786,0.9314027493395264,0.02608439326286316,0.31471359729766846,0.2886292040348053,0.00012442469596862793,False,0.152096,0.9343972451847196,0.02656283974647522,0.31726130843162537,0.29069846868515015,-0.0003540217876434326,False,0.21165333333333333,0.6978590238727927,0.008371233940124512,0.2660297155380249,0.2576584815979004,0.017837584018707275,False,0.33685866666666664,0.7316761185516518,0.010031431913375854,0.26652196049690247,0.2564905285835266,0.016177386045455933,False,0.44104,0.42294797395599487,-0.003106832504272461,0.26689597964286804,0.2700028121471405,0.029315650463104248,True,0.5017173333333333,0.6269759533968282,0.5017173333333333,6,False,0.42294797395599487,0.8151254960166474,1.1589249999997264,0.05748938767197265,-0.04501350390966885
6489895665,140213,Two Formula-1 cars are racing side by side on a track.,143470,A racing car with man ads emblazoned on it rounds a corner on a racetrack with two cars close behind it.,6927762908,0.32307425141334534,0.29892000555992126,0.024154245853424072,0.9179959682766926,16,1.205632815803881e-16,1.0805914000002304,0.00025430000005144393,0.00011399999993955134,0.7497769117274931,0.010974228382110596,0.2804127633571625,0.2694385349750519,0.013180017471313477,False,0.12829787234042553,0.7732805957288174,0.012269288301467896,0.28125953674316406,0.26899024844169617,0.011884957551956177,False,0.2908936170212766,0.8169729868561161,0.014959722757339478,0.2723504304885864,0.25739070773124695,0.009194523096084595,False,0.3574224924012158,0.8240603931154996,0.015441030263900757,0.2576804459095001,0.24223941564559937,0.008713215589523315,False,0.4177568389057751,0.9345948162473182,0.026595115661621094,0.2419394850730896,0.2153443694114685,-0.0024408698081970215,False,0.5091246200607903,0.8458376626412745,0.5747173252279635,9,False,0.9468864756421387,0.8122837045836659,0.9384594426726826,0.027245432138442993,0.31099507212638855,0.28374963998794556,-0.003091186285018921,False,0.1310820668693009,0.9257413613238034,0.02523040771484375,0.30235618352890015,0.2771257758140564,-0.0010761618614196777,False,0.23558662613981762,0.9173380268017352,0.024067163467407227,0.2965288758277893,0.2724617123603821,8.70823860168457e-05,False,0.32885106382978724,0.48228323408290724,-0.0007089674472808838,0.26308414340019226,0.26379311084747314,0.024863213300704956,True,0.41641337386018235,0.5378909030798067,0.001518547534942627,0.26632416248321533,0.2648056149482727,0.022635698318481445,False,0.5561094224924013,0.6809172725901422,0.6055866261398176,10,False,0.5370618670765476,0.7868304237768284,1.4958707000000686,0.16492039005113224,0.02545328080683751
562588230,133093,A girl plays in an inflatable pool.,148861,A child with shoulder-length brown hair is playing in water outdoors.,766061382,0.33334028720855713,0.3210695683956146,0.012270718812942505,0.773305674148825,14,3.9898639947466563e-17,1.189181500000359,0.00025569999979779823,0.00011159999985466129,0.839191653804178,0.016522258520126343,0.31845328211784363,0.3019310235977173,-0.004251539707183838,False,0.16019733333333333,0.8414931507277537,0.016693800687789917,0.3137792646884918,0.2970854640007019,-0.004423081874847412,False,0.24645866666666666,0.9848460415187776,0.0417422354221344,0.3220520317554474,0.280309796333313,-0.029471516609191895,False,0.35719466666666666,0.9892566762651825,0.04522669315338135,0.23955385386943817,0.19432716071605682,-0.03295597434043884,False,0.448672,0.9803043337649128,0.039074644446372986,0.20837509632110596,0.16930045187473297,-0.02680392563343048,False,0.5112213333333333,0.8672899565386276,0.6955413333333333,10,False,0.7580061386787987,0.8893581919267949,0.8766026447296064,0.019606441259384155,0.3438909351825714,0.32428449392318726,-0.00733572244644165,False,0.12613866666666668,0.8130079379813001,0.014696747064590454,0.32873252034187317,0.3140357732772827,-0.0024260282516479492,False,0.204224,0.673559263433512,0.0072432756423950195,0.3194634020328522,0.31222012639045715,0.005027443170547485,False,0.316608,0.6883065803800794,0.007922142744064331,0.3219603896141052,0.3140382468700409,0.004348576068878174,False,0.4020106666666667,0.7969543086849884,0.013673663139343262,0.31788161396980286,0.3042079508304596,-0.0014029443264007568,False,0.5592213333333333,0.7563126874799664,0.5592213333333333,8,False,0.7969543086849884,0.7661753831205064,1.5246394000000691,0.11097726905866123,0.12318280880628851
4871230195,119315,Three people sit at a table in front of an establishment displaying the words Bar Gleati Tabacchi.,120727,The picture shows several people eating at outdoor tables.,4896595765,0.3645707964897156,0.29722651839256287,0.06734427809715271,0.9988121571626631,14,1.1102230246251565e-16,1.1158638000001702,0.00027309999995850376,0.00011080000012952951,0.7114698656781084,0.009025335311889648,0.29331278800964355,0.2842874526977539,0.05831894278526306,False,0.16612359550561798,0.2855051987440374,-0.009173154830932617,0.2656398415565491,0.2748129963874817,0.07651743292808533,True,0.2885224719101124,0.2104969266891795,-0.013219326734542847,0.26143017411231995,0.2746495008468628,0.08056360483169556,True,0.336061797752809,0.1123505028546273,-0.02066953480243683,0.23553670942783356,0.2562062442302704,0.08801381289958954,True,0.41942696629213483,0.05125398699433014,-0.02918347716331482,0.21567784249782562,0.24486131966114044,0.09652775526046753,True,0.5486460674157303,0.3637540776515982,0.8864325842696629,12,False,0.4233080601877113,0.4354186762479609,0.41730956902708227,-0.0033382773399353027,0.2833949029445648,0.2867331802845001,0.07068255543708801,True,0.21530898876404495,0.41730956902708227,-0.0033382773399353027,0.2833949029445648,0.2867331802845001,0.07068255543708801,True,0.21530898876404495,0.25244487164744317,-0.010856151580810547,0.24511530995368958,0.2559714615345001,0.07820042967796326,True,0.37188764044943823,0.3647756525653596,-0.00554695725440979,0.2567600607872009,0.2623070180416107,0.0728912353515625,True,0.43369101123595505,0.418467699240975,-0.0032906681299209595,0.24549350142478943,0.2487841695547104,0.07063494622707367,True,0.5137808988764045,0.42092632510315164,0.43369101123595505,5,False,0.3647756525653596,0.4969522671890361,1.5853691999996045,-0.05717224745155347,-0.061533590941075245
3350002347,64736,A little boy is running excitedly in a mountainous area.,46542,A child in a blue shirt jumping off a bench.,2898810636,0.3439943492412567,0.32188889384269714,0.02210545539855957,0.9011925148146502,11,4.0766001685454967e-17,0.9624255000003359,0.00024369999982809532,0.00010680000013962854,0.9900258166910518,0.045977309346199036,0.27730506658554077,0.23132775723934174,-0.023871853947639465,False,0.19471471471471472,0.9693086440309695,0.03452602028846741,0.2822802662849426,0.24775424599647522,-0.012420564889907837,False,0.23880480480480482,0.9219359836168417,0.024689465761184692,0.2626194655895233,0.23792999982833862,-0.002584010362625122,False,0.3594294294294294,0.9240321031915465,0.024984359741210938,0.2643392086029053,0.23935484886169434,-0.002878904342651367,False,0.43556156156156156,0.9608326707148205,0.03199957311153412,0.24352037906646729,0.21152080595493317,-0.009894117712974548,False,0.5580720720720721,0.8995925692771323,0.6597177177177177,7,False,0.8240530474894012,0.9445188433570046,0.928801529984804,0.025684237480163574,0.34593915939331055,0.320254921913147,-0.003578782081604004,False,0.17777777777777778,0.9891109269679877,0.04509046673774719,0.3486868143081665,0.3035963475704193,-0.022985011339187622,False,0.2807147147147147,0.9895283684745865,0.04548558592796326,0.34236428141593933,0.2968786954879761,-0.023380130529403687,False,0.3248048048048048,0.9986629181879091,0.06615927815437317,0.3330318033695221,0.2668725252151489,-0.0440538227558136,False,0.4015735735735736,0.8857569043006476,0.020481139421463013,0.2522149682044983,0.23173382878303528,0.0016243159770965576,False,0.6831531531531532,0.9449031485585088,0.7559039039039039,8,False,0.9405924253894975,0.9465226249833958,1.0938165999996272,-0.045310579281376495,-0.0020037816263911434
3671851846,78254,A woman holding a white dog points at a brown dog in the grass.,148163,Woman with camera is throwing a Frisbee for her brown dog to catch.,756521713,0.31813880801200867,0.30066654086112976,0.017472267150878906,0.851602668162042,13,2.862293735361732e-17,1.2138092000000142,0.00028890000021419837,0.00011420000009820797,0.7453995083856918,0.010742247104644775,0.30848217010498047,0.2977399230003357,0.006730020046234131,False,0.1683903903903904,0.79060147291951,0.013285547494888306,0.3125699460506439,0.2992843985557556,0.004186719655990601,False,0.2502882882882883,0.9308400501560015,0.025996655225753784,0.30913057923316956,0.28313392400741577,-0.008524388074874878,False,0.33127327327327327,0.15549812533209828,-0.016921132802963257,0.27175384759902954,0.2886749804019928,0.03439339995384216,True,0.49663663663663665,0.07109644986188011,-0.0256996750831604,0.27125340700149536,0.29695308208465576,0.04317194223403931,True,0.567051051051051,0.5589762376375109,0.8038798798798799,10,False,0.798100380192631,0.6434359347521807,0.03400076747685885,-0.03346779942512512,0.3197251558303833,0.3531929552555084,0.05094006657600403,True,0.13486486486486488,0.04596990963967115,-0.03032708168029785,0.3179015815258026,0.34822866320610046,0.04779934883117676,True,0.2208168168168168,0.029355263416642647,-0.03498488664627075,0.30468320846557617,0.3396680951118469,0.05245715379714966,True,0.347033033033033,0.5514195481617864,0.0020640790462493896,0.3135538399219513,0.3114897608757019,0.015408188104629517,False,0.45363963963963966,0.6929294704161958,0.008138507604598999,0.2615491449832916,0.2534106373786926,0.009333759546279907,False,0.5346246246246247,0.366546360460701,0.45363963963963966,6,False,0.5514195481617864,0.27917316795645253,1.253454099999999,0.19242987717680993,0.3642627667957282
273603643,40273,A teenage girl holds a little boy near ivy covered walls.,70212,A young blond girl holds a smaller blond boy in her lap outdoors.,3478547247,0.3174394965171814,0.2973586320877075,0.020080864429473877,0.8816434916474025,14,9.020562075079397e-17,1.2554291999999805,0.0002523999996810744,0.0001119000003200199,0.9993273455816433,0.0730360597372055,0.25456398725509644,0.18152792751789093,-0.05295519530773163,False,0.18210864197530865,0.9992770143428323,0.07231397926807404,0.25362250208854675,0.18130852282047272,-0.05223311483860016,False,0.23424197530864196,0.9998176593124047,0.08609451353549957,0.2644897401332855,0.17839522659778595,-0.0660136491060257,False,0.34326913580246915,0.999950711345526,0.09917767345905304,0.2677135467529297,0.16853587329387665,-0.07909680902957916,False,0.41255802469135805,0.9993028744441192,0.07267847657203674,0.23324860632419586,0.16057012975215912,-0.052597612142562866,False,0.5339950617283951,0.994358288709517,0.6979851851851852,9,False,0.9987207264057446,0.9794432599091549,0.8767531140550918,0.01962035894393921,0.3045147955417633,0.2848944365978241,0.00046050548553466797,False,0.18720493827160495,0.8975851246352204,0.021706759929656982,0.28701305389404297,0.265306293964386,-0.0016258955001831055,False,0.2696049382716049,0.8404325081404662,0.01661449670791626,0.28186464309692383,0.26525014638900757,0.003466367721557617,False,0.3217382716049383,0.8795487187813951,0.019881635904312134,0.2815307676792145,0.26164913177490234,0.00019922852516174316,False,0.4667456790123457,0.9508669668520252,0.02962842583656311,0.2927378714084625,0.2631094455718994,-0.009547561407089233,False,0.5068,0.6804965970895795,0.7155654320987654,10,False,0.38595439516448315,0.8767962977534252,1.7822039000002405,0.3138616916199375,0.10264696215572977
384806138,83576,A solitary woman uses a large primitive mortar and pestle to crush plant material as she stands in a stubble field.,42062,A young woman sweeping with a straw broom.,2778313163,0.34893691539764404,0.3358400762081146,0.013096839189529419,0.7874602592741644,14,4.163336342344337e-17,1.4696883000001435,0.000251500000103988,0.00011489999997138511,0.9912180846201785,0.04726240038871765,0.32106560468673706,0.2738032042980194,-0.03416556119918823,False,0.1577897897897898,0.9867532077237364,0.043106645345687866,0.3105927109718323,0.2674860656261444,-0.030009806156158447,False,0.22372972972972974,0.9727241052794694,0.03574097156524658,0.29556381702423096,0.2598228454589844,-0.022644132375717163,False,0.3600600600600601,0.976147629767672,0.03711730241775513,0.2994217872619629,0.26230448484420776,-0.024020463228225708,False,0.4261381381381381,0.9161086653624259,0.023906126618385315,0.2690964341163635,0.2451903074979782,-0.010809287428855896,False,0.563981981981982,0.7036474550132992,0.7901561561561562,11,False,0.37786510493675496,0.9466919100338397,0.6301498125205772,0.0053285956382751465,0.34096354246139526,0.3356349468231201,0.0077682435512542725,False,0.1281981981981982,0.496560866233786,-0.00013756752014160156,0.3405144214630127,0.3406519889831543,0.01323440670967102,True,0.2003183183183183,0.5648212490941245,0.0026075243949890137,0.3404909372329712,0.3378834128379822,0.010489314794540405,False,0.33816216216216216,0.7786072714874781,0.012575685977935791,0.36029088497161865,0.34771519899368286,0.0005211532115936279,False,0.40587387387387386,0.8091059950493572,0.014442116022109985,0.34702643752098083,0.33258432149887085,-0.0013452768325805664,False,0.530942942942943,0.5765851071680319,0.33816216216216216,5,False,0.5648212490941245,0.6581104723039753,1.3457993000001807,0.12706234784526727,0.28858143772986433
314739483,56038,A man is walking past a large sign that says E.S.E. Electronics.,122729,A man is stooping in front of a billboard.,4932279873,0.42150458693504333,0.2951262891292572,0.12637829780578613,0.9999967531752117,12,4.85722573273506e-17,1.242015000000265,0.0002725999997892359,0.00010689999999158317,0.9997357777387561,0.08238455653190613,0.38059201836586,0.29820746183395386,0.043993741273880005,False,0.1009910447761194,0.9618594939162697,0.03227591514587402,0.3265905976295471,0.2943146824836731,0.09410238265991211,False,0.2358089552238806,0.9265128919583333,0.02534317970275879,0.30954957008361816,0.2842063903808594,0.10103511810302734,False,0.32706865671641794,0.4042097589776477,-0.003879547119140625,0.26875853538513184,0.27263808250427246,0.13025784492492676,True,0.44094328358208956,0.9645468355235078,0.03303445875644684,0.24671900272369385,0.213684543967247,0.0933438390493393,False,0.5062626865671642,0.8821893198707168,0.6955820895522388,9,False,0.9500415636322055,0.8688053511970879,0.9997357777387561,0.08238455653190613,0.38059201836586,0.29820746183395386,0.043993741273880005,False,0.1009910447761194,0.9618594939162697,0.03227591514587402,0.3265905976295471,0.2943146824836731,0.09410238265991211,False,0.2358089552238806,0.9265128919583333,0.02534317970275879,0.30954957008361816,0.2842063903808594,0.10103511810302734,False,0.32706865671641794,0.22738417323803836,-0.012231409549713135,0.25025850534439087,0.262489914894104,0.13860970735549927,True,0.4804238805970149,0.4338233153718053,-0.0026626884937286377,0.25379273295402527,0.2564554214477539,0.12904098629951477,True,0.5943462686567165,0.49188689221156356,0.4804238805970149,5,False,0.22738417323803836,0.7495866293295325,1.2049572999999327,0.39030242765915324,0.11921872186755544
5510073103,132098,"A boy in an over-sized chef hat and apron, cutting sausages in the kitchen.",11302,Young white male preparing food on the stove top.,17186135,0.3834546208381653,0.32099369168281555,0.06246092915534973,0.9980657372857777,13,4.423544863740858e-17,1.3197456999996575,0.00024549999989176285,0.00010779999956866959,0.9895856517249532,0.04554101824760437,0.37099558115005493,0.32545456290245056,0.01691991090774536,False,0.11703743315508021,0.9027082184033026,0.022276848554611206,0.355229914188385,0.3329530656337738,0.040184080600738525,False,0.24086096256684492,0.8891529940759988,0.020821183919906616,0.3559015095233917,0.3350803256034851,0.041639745235443115,False,0.3220160427807487,0.9234682739421097,0.024904310703277588,0.36106500029563904,0.33616068959236145,0.037556618452072144,False,0.41241176470588237,0.8766712937768318,0.019612789154052734,0.3589576482772827,0.33934485912323,0.042848140001297,False,0.5330320855614973,0.6934144989921827,0.9445133689839572,12,False,0.13267885135382218,0.931787607107663,0.9471149571189158,0.028852999210357666,0.35807526111602783,0.32922226190567017,0.033607929944992065,False,0.19172727272727272,0.9027082184033026,0.022276848554611206,0.355229914188385,0.3329530656337738,0.040184080600738525,False,0.24086096256684492,0.6918656480860208,0.008088558912277222,0.32830989360809326,0.32022133469581604,0.05437237024307251,False,0.32063101604278077,0.4240044576430477,-0.0030635595321655273,0.30213773250579834,0.30520129203796387,0.06552448868751526,True,0.411283422459893,0.198348231966173,-0.013966500759124756,0.29146867990493774,0.3054351806640625,0.07642742991447449,True,0.5936844919786096,0.4671390190985457,0.7289732620320856,10,False,0.16712258127457888,0.67856427756425,1.665069399999993,0.22627547989363694,0.253223329543413
3050114829,52345,A lone surfer surfing a large collapsing wave in the ocean.,144890,A surfer has just fallen off his surfboard and only his feet are visible above the water.,7052724381,0.30192822217941284,0.2965075373649597,0.005420684814453125,0.6322934679081075,14,2.8189256484623115e-17,0.9001607999998669,0.0002567999999882886,0.00010999999994965037,0.604522106224291,0.004243433475494385,0.2968044877052307,0.29256105422973633,0.0011772513389587402,False,0.1505298013245033,0.5061642980447257,0.000246584415435791,0.28943097591400146,0.2891843914985657,0.005174100399017334,False,0.20933774834437086,0.8769648567285554,0.019639968872070312,0.25567835569381714,0.23603838682174683,-0.014219284057617188,False,0.37043708609271525,0.5068626713266233,0.00027452409267425537,0.2077089548110962,0.20743443071842194,0.00514616072177887,False,0.4309139072847682,0.518870431529319,0.0007551759481430054,0.20848241448402405,0.20772723853588104,0.00466550886631012,False,0.509271523178808,0.7795448670387021,0.37043708609271525,5,False,0.8769648567285554,0.6267574782064014,0.48051468399081587,-0.0007798075675964355,0.28831830620765686,0.2890981137752533,0.0062004923820495605,True,0.1363046357615894,0.42007824748099076,-0.0032245218753814697,0.2864850163459778,0.28970953822135925,0.008645206689834595,True,0.2179337748344371,0.5119417543643943,0.00047776103019714355,0.251027911901474,0.25055015087127686,0.0049429237842559814,False,0.3546225165562914,0.5072481620808793,0.0002899467945098877,0.25083720684051514,0.25054726004600525,0.005130738019943237,False,0.4329801324503311,0.5337948933830992,0.0013538599014282227,0.2625829577445984,0.26122909784317017,0.004066824913024902,False,0.5064635761589404,0.524699462014625,0.5064635761589404,7,False,0.5337948933830992,0.5024575522294751,0.5553540999999313,0.25484540502407704,0.1242999259769263
6474645169,140130,A basketball player from Penn State dribbles a ball while being surrounded by Lafayette players.,57330,A basketball player leaps with the ball while opponents try to block him.,3178300150,0.33645474910736084,0.28276491165161133,0.05368983745574951,0.9953627408613551,11,6.852157730108388e-17,0.8266152999999576,0.00024510000002919696,0.00010629999997036066,0.8230296574748072,0.015370100736618042,0.2943481206893921,0.27897801995277405,0.03831973671913147,False,0.10283734939759036,0.0345229959527438,-0.03330996632575989,0.24901729822158813,0.282327264547348,0.0869998037815094,True,0.2863072289156626,0.11926493501449288,-0.019994094967842102,0.24200166761875153,0.26199576258659363,0.07368393242359161,True,0.37489156626506026,0.03036241730141778,-0.03463716804981232,0.17410054802894592,0.20873771607875824,0.08832700550556183,True,0.4366144578313253,0.02609800454132713,-0.03619451820850372,0.1688147783279419,0.20500929653644562,0.08988435566425323,True,0.5219457831325302,0.26951530893510817,0.6029819277108434,7,False,0.15286564822643514,0.35636863622503046,0.8230296574748072,0.015370100736618042,0.2943481206893921,0.27897801995277405,0.03831973671913147,False,0.10283734939759036,0.0345229959527438,-0.03330996632575989,0.24901729822158813,0.282327264547348,0.0869998037815094,True,0.2863072289156626,0.03423140140181706,-0.03339780867099762,0.24897821247577667,0.2823760211467743,0.08708764612674713,True,0.34850602409638554,0.0024969323787855727,-0.059901922941207886,0.21673083305358887,0.27663275599479675,0.1135917603969574,True,0.47409036144578315,0.0013740366940116705,-0.06588627398014069,0.21207065880298615,0.27795693278312683,0.1195761114358902,True,0.559421686746988,0.2121751551653202,0.34850602409638554,4,False,0.03423140140181706,0.3159986499004584,0.9073146999999153,0.05734015376978796,0.04036998632457206
4475663002,97357,A woman wearing jeans and a blue shirt is standing next to a street post and is holding a white bag.,75690,A woman in a blue shirt is walking across the street of an older looking district.,3608661756,0.3466309905052185,0.320191890001297,0.02643910050392151,0.9336346461981437,11,4.163336342344337e-17,0.9291616999998951,0.00024389999998675194,0.00010160000010728254,0.24412374831033395,-0.011302024126052856,0.2666953206062317,0.27799734473228455,0.037741124629974365,True,0.20154354354354354,0.24412374831033395,-0.011302024126052856,0.2666953206062317,0.27799734473228455,0.037741124629974365,True,0.20154354354354354,0.165183415905139,-0.016201555728912354,0.27567848563194275,0.2918800413608551,0.04264065623283386,True,0.30774174174174174,0.16213268222998833,-0.016424447298049927,0.2580299973487854,0.2744544446468353,0.042863547801971436,True,0.43345345345345343,0.6269776800312018,0.0051927268505096436,0.20461878180503845,0.1994260549545288,0.021246373653411865,False,0.5357117117117117,0.6132647909323843,0.7935495495495496,9,False,0.908691274848515,0.37583442082663104,0.6822830129032044,0.007642835378646851,0.31912457942962646,0.3114817440509796,0.018796265125274658,False,0.1061981981981982,0.7947910687076328,0.013540506362915039,0.32090896368026733,0.3073684573173523,0.01289859414100647,False,0.2117897897897898,0.6863929139283919,0.007833093404769897,0.32346388697624207,0.31563079357147217,0.01860600709915161,False,0.36051051051051053,0.5141337103768411,0.0005654990673065186,0.3030427098274231,0.3024772107601166,0.02587360143661499,False,0.46524324324324323,0.39977508316926846,-0.004064023494720459,0.30457064509391785,0.3086346685886383,0.030503123998641968,True,0.5464264264264265,0.4331343684953353,0.8062162162162162,8,False,0.11374298596552165,0.684250723741816,1.2042948999996952,0.18013042243704896,-0.3084163029151849
139245992,6421,An elderly man tossing a red rubber ball on the beach.,80246,"A man in a green t-shirt walks down a beach, carrying his tennis shoes.",3721102409,0.38799619674682617,0.2994382977485657,0.0885578989982605,0.9998574663496942,14,1.249000902703301e-16,1.2621930000000248,0.00025899999991452205,0.00011899999981324072,0.9921036275243492,0.04833424091339111,0.3303639888763428,0.28202974796295166,0.040223658084869385,False,0.139355421686747,0.9995198925572005,0.0764102041721344,0.334856241941452,0.2584460377693176,0.012147694826126099,False,0.2170301204819277,0.9998400039773168,0.08740201592445374,0.3188968002796173,0.23149478435516357,0.0011558830738067627,False,0.30153012048192773,0.846831147999784,0.01709960401058197,0.21510230004787445,0.19800269603729248,0.07145829498767853,False,0.44769879518072286,0.8475535822584578,0.01715540885925293,0.21510855853557587,0.19795314967632294,0.07140249013900757,False,0.5137710843373494,0.9148068298161179,0.5893855421686747,8,False,0.8646927952552812,0.9567613176503423,0.9847502953155656,0.041678279638290405,0.32131412625312805,0.27963584661483765,0.04687961935997009,False,0.12614457831325301,0.9230379109753455,0.024843573570251465,0.26768743991851807,0.2428438663482666,0.06371432542800903,False,0.20589156626506025,0.7014849172726494,0.008543789386749268,0.23824410140514374,0.22970031201839447,0.08001410961151123,False,0.35796385542168674,0.7487206403234822,0.010918006300926208,0.2363821566104889,0.22546415030956268,0.07763989269733429,False,0.4309277108433735,0.5929035562599474,0.003759816288948059,0.22837285697460175,0.2246130406856537,0.08479808270931244,False,0.5640903614457832,0.5819323023063803,0.6376867469879518,9,False,0.23860307243903853,0.8278811908474196,1.4291440000001785,0.33287452750973767,0.1288801268029227
2367139509,25801,A brown and black dog running on a trail in the woods.,112097,A black and a brown dog are running toward the camera.,475816542,0.33838391304016113,0.32605060935020447,0.012333303689956665,0.7744009351326762,12,5.984795992119984e-17,1.021812200000113,0.00024970000004032045,0.0001038999998854706,0.23087306284873518,-0.01203387975692749,0.26860204339027405,0.28063592314720154,0.024367183446884155,True,0.16346666666666668,0.5067222538021594,0.0002689063549041748,0.2647295594215393,0.26446065306663513,0.01206439733505249,False,0.28930133333333335,0.5784857352335568,0.003165602684020996,0.24077676236629486,0.23761115968227386,0.009167701005935669,False,0.37715733333333334,0.6516399404040129,0.006262555718421936,0.22693398594856262,0.22067143023014069,0.006070747971534729,False,0.4545226666666667,0.3594314282347717,-0.005778327584266663,0.1953747421503067,0.20115306973457336,0.018111631274223328,True,0.52512,0.32648975279024817,0.7011573333333333,8,False,0.12579034258530858,0.4942050472275391,0.17020834761342662,-0.015841513872146606,0.3191397786140442,0.3349812924861908,0.02817481756210327,True,0.15030933333333332,0.059875577543236046,-0.027537435293197632,0.31701263785362244,0.34455007314682007,0.0398707389831543,True,0.276144,0.16591128908537028,-0.016148865222930908,0.31685036420822144,0.33299922943115234,0.028482168912887573,True,0.34674133333333335,0.2596388126736089,-0.010478466749191284,0.3130618631839752,0.3235403299331665,0.02281177043914795,True,0.46249066666666666,0.13646603549509279,-0.0184495747089386,0.29995664954185486,0.31840622425079346,0.030782878398895264,True,0.555376,0.2659481955183084,0.6623146666666667,7,False,0.35622341216241454,0.2457124071789145,1.2996914000000288,0.06054155727193977,0.24849264004862462
3928395936,85186,Young female tennis player in a red shirt hitting the ball.,147541,A woman in a blue shirt and white shorts playing tennis.,7468663062,0.35823410749435425,0.3289576768875122,0.02927643060684204,0.9491961370421562,13,6.938893903907228e-17,1.1203492999998161,0.00025229999982911977,0.00010800000018207356,0.34020039512011646,-0.006624013185501099,0.28962311148643494,0.29624712467193604,0.03590044379234314,True,0.17893693693693694,0.1320668547519056,-0.01882806420326233,0.24079260230064392,0.25962066650390625,0.04810449481010437,True,0.27323723723723725,0.12418172624081937,-0.019534125924110413,0.2377265840768814,0.2572607100009918,0.048810556530952454,True,0.3541621621621622,0.10225649750822642,-0.021724000573158264,0.23377741873264313,0.2555014193058014,0.051000431180000305,True,0.43463663663663665,0.20683179332782833,-0.013441294431686401,0.22471818327903748,0.23815947771072388,0.04271772503852844,True,0.5108768768768769,0.28510657665696987,0.8557477477477478,11,False,0.36921383520175527,0.3305884299334215,0.28490250144353785,-0.009202718734741211,0.30948275327682495,0.31868547201156616,0.03847914934158325,True,0.1173033033033033,0.2970499636785064,-0.00861385464668274,0.31030020117759705,0.3189140558242798,0.03789028525352478,True,0.2355975975975976,0.34302097373062634,-0.006498605012893677,0.3033357858657837,0.30983439087867737,0.03577503561973572,True,0.3755195195195195,0.27121114381913597,-0.009884864091873169,0.28818002343177795,0.2980648875236511,0.03916129469871521,True,0.518078078078078,0.27121114381913597,-0.009884864091873169,0.28818002343177795,0.2980648875236511,0.03916129469871521,True,0.518078078078078,0.3057121056281491,0.2992792792792793,5,False,0.2970499636785064,0.3770951914693345,1.269711400000233,-0.020605528971179232,-0.04650676153591299
1801663973,12145,A large woman with long pink hair dressed in black is laying on a tree trunk talking to a man who is crouched down next to her.,119786,A man hangs upside down in a busy park as three people are clearly seen looking at him.,4881733837,0.3830885589122772,0.33286339044570923,0.05022516846656799,0.993455191677506,13,5.204170427930421e-17,1.2179370999997445,0.00026249999973515514,0.00011450000010881922,0.6385786778716974,0.005692005157470703,0.2864415645599365,0.2807495594024658,0.04453316330909729,False,0.18013333333333334,0.5581063600941893,0.002334803342819214,0.28203070163726807,0.27969589829444885,0.04789036512374878,False,0.24064,0.7453808436059449,0.010741263628005981,0.2814742624759674,0.2707329988479614,0.03948390483856201,False,0.360304,0.8331280308926703,0.016079604625701904,0.28226029872894287,0.26618069410324097,0.03414556384086609,False,0.405968,0.96770088514707,0.03399883210659027,0.27636197209358215,0.24236313998699188,0.016226336359977722,False,0.5064853333333333,0.5157636921173764,0.9585973333333333,12,False,0.0835083720939737,0.7655376326960457,0.6385786778716974,0.005692005157470703,0.2864415645599365,0.2807495594024658,0.04453316330909729,False,0.18013333333333334,0.44012818730650555,-0.0024064183235168457,0.2783903181552887,0.28079673647880554,0.05263158679008484,True,0.280224,0.2463091655823128,-0.011183947324752808,0.27291354537010193,0.28409749269485474,0.0614091157913208,True,0.3407306666666667,0.0971701394032924,-0.022290706634521484,0.2688656151294708,0.2911563217639923,0.07251587510108948,True,0.43448,0.1357906855309714,-0.018507003784179688,0.26880979537963867,0.28731679916381836,0.06873217225074768,True,0.5333546666666666,0.2318485762208893,0.480144,6,False,0.08462637395593968,0.4675323357457732,1.5766075999999885,0.2839151158964871,0.2980052969502725
319750026,58280,"Several older men, some in traditional headdress convene on a street corner.",18240,A man in a brown jacket holding a red bag is speaking to another man with a white beard and green cap.,2152057198,0.35869625210762024,0.31896740198135376,0.03972885012626648,0.9815285537714084,13,5.551115123125783e-17,1.08782599999995,0.0002602999998089217,0.00011170000016136328,0.8329983056391443,0.016070276498794556,0.30037549138069153,0.284305214881897,0.023658573627471924,False,0.10311976047904192,0.8066112175077236,0.014281392097473145,0.282897412776947,0.2686160206794739,0.025447458028793335,False,0.25399401197604793,0.8964966581307311,0.02158890664577484,0.27069252729415894,0.2491036206483841,0.018139943480491638,False,0.34250299401197604,0.5500122353636905,0.002007201313972473,0.24445810914039612,0.24245090782642365,0.037721648812294006,False,0.40731736526946105,0.1847307479242688,-0.014846190810203552,0.21803098917007446,0.23287717998027802,0.05457504093647003,True,0.5601916167664671,0.45680701273381247,1.0,13,False,0.2326001103064456,0.7062821036827368,0.843921782087567,0.016877025365829468,0.33914270997047424,0.3222656846046448,0.02285182476043701,False,0.11677245508982036,0.8776609416658508,0.01970463991165161,0.3042736351490021,0.28456899523735046,0.020024210214614868,False,0.2769760479041916,0.6165108058453427,0.004747644066810608,0.2504405975341797,0.24569295346736908,0.03498120605945587,False,0.38009580838323354,0.5755900809349388,0.003046959638595581,0.25597304105758667,0.2529260814189911,0.0366818904876709,False,0.4330299401197605,0.4755191012911413,-0.0009800195693969727,0.24973845481872559,0.25071847438812256,0.04070886969566345,True,0.5125748502994012,0.4937952610842787,0.8799281437125749,11,False,0.09982491484880675,0.7703829969077336,1.594032900000002,-0.03698824835046621,-0.06410089322499679
2537755800,32745,Two men wearing helmets and orange suits are having a conversation at a construction site.,32430,A man in an orange vest and yellow hard hat looks on as a yellow vehicle lays track.,2536772737,0.3211118280887604,0.2886696755886078,0.03244215250015259,0.9624646885617971,14,5.377642775528102e-17,1.0604313000003458,0.0002540000000408327,0.00011479999966468313,0.9831022845625998,0.04063534736633301,0.3141860365867615,0.27355068922042847,-0.00819319486618042,False,0.1485568862275449,0.9471664331572411,0.02886328101158142,0.30745553970336914,0.2785922586917877,0.003578871488571167,False,0.2487425149700599,0.916962792211684,0.024017781019210815,0.313323438167572,0.2893056571483612,0.008424371480941772,False,0.3030119760479042,0.9972436455432132,0.05891086161136627,0.29907846450805664,0.24016760289669037,-0.026468709111213684,False,0.4126107784431138,0.9971932244805506,0.058729082345962524,0.25853997468948364,0.19981089234352112,-0.026286929845809937,False,0.5427005988023952,0.9762179987116703,0.6130179640718563,8,False,0.9943813624370637,0.969990188530561,0.97124942311521,0.035199254751205444,0.33140552043914795,0.2962062656879425,-0.0027571022510528564,False,0.10959880239520958,0.9838039411261575,0.04106658697128296,0.3353661298751831,0.29429954290390015,-0.008624434471130371,False,0.2039940119760479,0.9834501258006004,0.04084688425064087,0.3287237882614136,0.2878769040107727,-0.008404731750488281,False,0.3275329341317365,0.9849292563213436,0.041798144578933716,0.3282027840614319,0.28640463948249817,-0.009355992078781128,False,0.4159520958083832,0.9862248146498719,0.04271015524864197,0.3185478150844574,0.27583765983581543,-0.01026800274848938,False,0.5472754491017964,0.9820723071721801,0.4159520958083832,6,False,0.9849292563213436,0.979775256641903,1.2853635999999824,-0.005854308460509827,-0.009785068111342055
2661138991,37536,A man in army fatigues is reading something while laying on the floor.,52451,A uniformed soldier is kneeling on the ground looking at a metal object.,3051972592,0.36428290605545044,0.33049246668815613,0.03379043936729431,0.9670431484005221,12,5.811323644522304e-17,1.1379097999997612,0.0002602999998089217,0.00010689999999158317,0.942196597022877,0.027911663055419922,0.34871387481689453,0.3208022117614746,0.00587877631187439,False,0.11732930513595166,0.9367553401574927,0.02695411443710327,0.33726149797439575,0.3103073835372925,0.00683632493019104,False,0.20033836858006043,0.9153976326997453,0.023813962936401367,0.3259550929069519,0.30214112997055054,0.009976476430892944,False,0.33338368580060423,0.5984866330647356,0.003991633653640747,0.2705569863319397,0.26656535267829895,0.029798805713653564,False,0.5061812688821752,0.5984866330647356,0.003991633653640747,0.2705569863319397,0.26656535267829895,0.029798805713653564,False,0.5061812688821752,0.5964148933354575,0.8523323262839879,10,False,0.17773844279669107,0.877151812823294,0.942196597022877,0.027911663055419922,0.34871387481689453,0.3208022117614746,0.00587877631187439,False,0.11732930513595166,0.9715977974395362,0.03532475233078003,0.3506816029548645,0.3153568506240845,-0.0015343129634857178,False,0.21662235649546827,0.9628201855819067,0.03254100680351257,0.3408508002758026,0.30830979347229004,0.0012494325637817383,False,0.3430392749244713,0.9805175086504234,0.03918564319610596,0.32657390832901,0.28738826513290405,-0.0053952038288116455,False,0.4321389728096677,0.6649633857366156,0.006854921579360962,0.2947847247123718,0.28792980313301086,0.02693551778793335,False,0.6271480362537765,0.9722201553328713,0.4321389728096677,6,False,0.9805175086504234,0.9189328843284434,1.248393599999872,-0.3758052619974138,-0.041781071505149425
4814603619,115535,"Four men in green, red, gray, and white shirts standing near a blue handrail smiling for a picture.",56095,Three boys wearing green shirts and tan pants pose at the top of a slide.,3148193539,0.3256280720233917,0.32306987047195435,0.002558201551437378,0.563608517177537,7,3.8163916471489756e-17,1.1243680999996286,0.00022380000018529245,9.349999982077861e-05,0.28752601568380987,-0.009074300527572632,0.2745940685272217,0.2836683690547943,0.01163250207901001,True,0.18947904191616766,0.045000677418924155,-0.030550330877304077,0.2535499036312103,0.2841002345085144,0.033108532428741455,True,0.40005389221556886,0.045000677418924155,-0.030550330877304077,0.2535499036312103,0.2841002345085144,0.033108532428741455,True,0.40005389221556886,0.045000677418924155,-0.030550330877304077,0.2535499036312103,0.2841002345085144,0.033108532428741455,True,0.40005389221556886,0.19715228929014472,-0.014041885733604431,0.203314408659935,0.21735629439353943,0.01660008728504181,True,0.5581317365269461,0.1726225355369784,1.0,7,False,0.2544548807160941,0.24149579371478336,0.06791049876756992,-0.026192381978034973,0.24568788707256317,0.27188026905059814,0.02875058352947235,True,0.2105748502994012,0.06791049876756992,-0.026192381978034973,0.24568788707256317,0.27188026905059814,0.02875058352947235,True,0.2105748502994012,0.1925811682719667,-0.014333248138427734,0.23337367177009583,0.24770691990852356,0.016891449689865112,True,0.36865269461077843,0.0007333936469045701,-0.07217094302177429,0.258429616689682,0.3306005597114563,0.07472914457321167,True,0.4761317365269461,0.00023148865833176173,-0.08370748162269592,0.2584633231163025,0.3421708047389984,0.0862656831741333,True,0.5278562874251497,0.09759154205302409,0.609748502994012,5,False,0.00020520933677191508,0.1846971989185544,0.8238122000002477,0.07503099348395431,0.05679859479622895
2468466969,29945,An silver-haired man stands on the cobblestones of an open-air square playing the accordion.,102240,"Two guys in front of a souvenir shop, with one guy in a red scarf talking on the phone.",4587060991,0.3267362117767334,0.3026945888996124,0.02404162287712097,0.917144148582181,12,6.245004513516506e-17,1.111001899999792,0.0002448000000185857,0.00010579999980109278,0.7896422128973236,0.013227701187133789,0.2678573727607727,0.2546296715736389,0.010813921689987183,False,0.2384924924924925,0.7896422128973236,0.013227701187133789,0.2678573727607727,0.2546296715736389,0.010813921689987183,False,0.2384924924924925,0.8743239898343079,0.019397437572479248,0.25756531953811646,0.2381678819656372,0.004644185304641724,False,0.3963183183183183,0.9984709780855012,0.06481596827507019,0.2756507992744446,0.2108348309993744,-0.04077434539794922,False,0.4538978978978979,0.9950287940577719,0.05299109220504761,0.26657015085220337,0.21357905864715576,-0.028949469327926636,False,0.5354714714714714,0.8497024127174155,0.8475915915915916,10,False,0.8353628557876335,0.8778471598438055,0.7381057446763146,0.010361462831497192,0.27662789821624756,0.26626643538475037,0.01368016004562378,False,0.16142342342342342,0.9457486870306419,0.028583496809005737,0.2874791622161865,0.2588956654071808,-0.004541873931884766,False,0.23486486486486485,0.8954052286751155,0.02147182822227478,0.27748578786849976,0.256013959646225,0.0025697946548461914,False,0.31643843843843844,0.8181170250661579,0.015036419034004211,0.2641570568084717,0.24912063777446747,0.00900520384311676,False,0.42684084084084084,0.8557680995858172,0.01780577003955841,0.267192542552948,0.2493867725133896,0.006235852837562561,False,0.518078078078078,0.6502115026547712,0.8284804804804805,9,False,0.1446860492924936,0.8521379019939549,1.3846948000000339,0.1994909100626443,0.025709257849850564
97233789,154713,An old man playing a game at the casino.,2602,A man stands next to a bank of computer gambling machines.,1167908324,0.35485753417015076,0.33014750480651855,0.024710029363632202,0.9220838515664799,10,7.632783294297951e-17,1.2109064000001126,0.00023890000011306256,0.0001007999999274034,0.5578005798710762,0.0023224055767059326,0.32062828540802,0.3183058798313141,0.02238762378692627,False,0.15956756756756757,0.45363894776456554,-0.0018597841262817383,0.3024938106536865,0.30435359477996826,0.02656981348991394,True,0.2385225225225225,0.17326259064826582,-0.01562678813934326,0.29510995745658875,0.310736745595932,0.040336817502975464,True,0.4297297297297297,0.17326259064826582,-0.01562678813934326,0.29510995745658875,0.310736745595932,0.040336817502975464,True,0.4297297297297297,0.512229923358561,0.0004892945289611816,0.2483486831188202,0.247859388589859,0.02422073483467102,False,0.5917657657657658,0.6256761447274819,0.9337057057057057,9,False,0.977173435764221,0.4621273610664485,0.5578005798710762,0.0023224055767059326,0.32062828540802,0.3183058798313141,0.02238762378692627,False,0.15956756756756757,0.5957873701705408,0.0038794279098510742,0.3050221800804138,0.30114275217056274,0.020830601453781128,False,0.22613813813813813,0.5052062775517558,0.00020825862884521484,0.30195918679237366,0.30175092816352844,0.024501770734786987,False,0.3570870870870871,0.6268257200205999,0.005186229944229126,0.28457993268966675,0.2793937027454376,0.019523799419403076,False,0.43604204204204206,0.326963213908005,-0.007219523191452026,0.29243046045303345,0.2996499836444855,0.03192955255508423,True,0.5122462462462463,0.5504800917284838,0.3570870870870871,4,False,0.5052062775517558,0.6043702561160046,1.1049481000000014,0.07519605299899812,-0.14224289504955606
317383917,57115,"Two large black dogs, one small black dog, and one large white dog are standing in some snow.",64635,A brown and white dog with a pink collar is barking at a brown dog with a blue collar in the snow.,3348384389,0.3667253851890564,0.33103054761886597,0.03569483757019043,0.9726014356231215,16,7.806255641895632e-17,1.111178899999686,0.000252700000146433,0.00011370000038368744,0.9312485457098935,0.026060283184051514,0.3517746925354004,0.3257144093513489,0.009634554386138916,False,0.10384362139917695,0.9865559433229286,0.04295682907104492,0.3338903784751892,0.2909335494041443,-0.007261991500854492,False,0.23758847736625516,0.9941296707842356,0.05131956934928894,0.32032760977745056,0.2690080404281616,-0.01562473177909851,False,0.33298765432098765,0.8306230344487329,0.015900492668151855,0.2651274800300598,0.24922698736190796,0.019794344902038574,False,0.43438683127572014,0.8816273196267137,0.020079314708709717,0.26189884543418884,0.24181953072547913,0.015615522861480713,False,0.5007325102880659,0.907861530147619,0.6825925925925926,11,False,0.8750418483654875,0.9404060598222398,0.6899072488535019,0.007996857166290283,0.33159753680229187,0.3236006796360016,0.027697980403900146,False,0.10139917695473251,0.3025961227036599,-0.00834965705871582,0.2841901183128357,0.2925397753715515,0.04404449462890625,True,0.2670617283950617,0.12842296243824716,-0.019149750471115112,0.27908626198768616,0.29823601245880127,0.05484458804130554,True,0.33054320987654323,0.34086029425069625,-0.006594628095626831,0.2733738422393799,0.2799684703350067,0.04228946566581726,True,0.43180246913580245,0.22676329622450717,-0.012266784906387329,0.26996511220932007,0.2822318971157074,0.04796162247657776,True,0.5695637860082304,0.432906975867278,0.7397942386831275,11,False,0.4404403203175905,0.4267083366345778,1.3196766000000935,0.47495455428034095,0.513697723187662
5501939468,131965,We see the backs of a young Asian girl with a green shirt and a red hat holding hands with a young Asian girl with a striped pink shirt and a pink hat by the pool.,70213,A girl in pink is holding onto a young boy wearing red.,3478547247,0.4244692623615265,0.33507585525512695,0.08939340710639954,0.9998688897295268,13,8.326672684688674e-17,1.062229600000137,0.00025610000011511147,0.00010870000005525071,0.9997224241654543,0.08189138770103455,0.4154602587223053,0.33356887102127075,0.00750201940536499,False,0.100048,0.9988306040564363,0.06750097870826721,0.3937511146068573,0.3262501358985901,0.021892428398132324,False,0.26876266666666665,0.9980957764455777,0.06261774897575378,0.3795565664768219,0.3169388175010681,0.026775658130645752,False,0.35712533333333335,0.9977799385952465,0.061079978942871094,0.3799910247325897,0.31891104578971863,0.028313428163528442,False,0.43421333333333334,0.9926939797061634,0.04911723732948303,0.36017322540283203,0.311055988073349,0.040276169776916504,False,0.5147146666666667,0.9843556717330705,0.8010933333333333,10,False,0.9508129858067798,0.9984055224503735,0.9997224241654543,0.08189138770103455,0.4154602587223053,0.33356887102127075,0.00750201940536499,False,0.100048,0.9986321833752496,0.06593170762062073,0.38176238536834717,0.31583067774772644,0.02346169948577881,False,0.2767306666666667,0.9982449873644722,0.06343522667884827,0.3789984881877899,0.31556326150894165,0.02595818042755127,False,0.35381866666666667,0.9977799385952465,0.061079978942871094,0.3799910247325897,0.31891104578971863,0.028313428163528442,False,0.43421333333333334,0.9926939797061634,0.04911723732948303,0.36017322540283203,0.311055988073349,0.040276169776916504,False,0.5147146666666667,0.9984633790514563,0.7716213333333334,10,False,0.9995248480123019,0.9983886506885088,1.5756000000001222,-0.014107707318385843,1.6871761864711843e-05
2686849571,38410,"A squatting couple outdoors, engaged with a kneeling street performer or vendor reading from a book of manga.",78374,A man in straw hat is looking at pictures on a table.,367400736,0.34160828590393066,0.3042805790901184,0.037327706813812256,0.9766326465055629,12,2.2551405187698492e-17,1.0016641999995954,0.00025040000036824495,0.00010519999977987027,0.35500779837430246,-0.005970984697341919,0.31077051162719727,0.3167414963245392,0.043298691511154175,True,0.17778443113772455,0.768012148853452,0.011971205472946167,0.28859269618988037,0.2766214907169342,0.02535650134086609,False,0.25266467065868264,0.8105329931146482,0.01453477144241333,0.2832472324371338,0.26871246099472046,0.022792935371398926,False,0.336251497005988,0.7402901439449525,0.01047477126121521,0.2841172516345978,0.27364248037338257,0.026852935552597046,False,0.4285449101796407,0.7700369639436142,0.012085199356079102,0.257746160030365,0.2456609606742859,0.025242507457733154,False,0.5652694610778443,0.6897930839758195,0.9310718562874252,11,False,0.7995090270476631,0.7097606819450119,0.8811512564082519,0.02003377676010132,0.315316379070282,0.29528260231018066,0.017293930053710938,False,0.1674251497005988,0.5101343816902854,0.00040543079376220703,0.2925596237182617,0.2921541929244995,0.03692227602005005,False,0.27007784431137727,0.2535008650662728,-0.010800272226333618,0.28268253803253174,0.29348281025886536,0.048127979040145874,True,0.3390059880239521,0.47307657163566486,-0.0010779798030853271,0.2953336536884308,0.2964116334915161,0.03840568661689758,True,0.42022754491017966,0.041271275465251604,-0.0314544141292572,0.25973859429359436,0.29119300842285156,0.06878212094306946,True,0.518688622754491,0.3191855826850274,0.46894610778443113,6,False,0.039240576576599184,0.5939516453637899,1.2905649999997877,0.3706075012907921,0.11580903658122199
483039719,116729,Teenager standing up with a headband on,124145,Overhead shot of 2 teenagers both looking at a shirt being held up by one of them.,4952001654,0.3056720793247223,0.29881271719932556,0.0068593621253967285,0.6650623081177518,13,7.45931094670027e-17,1.1834501000003002,0.0002594000002318353,0.00010840000004463946,0.07794912860070857,-0.024705439805984497,0.2529602646827698,0.2776657044887543,0.031564801931381226,True,0.14411377245508983,0.010642973081344535,-0.04532155394554138,0.2199440896511078,0.26526564359664917,0.05218091607093811,True,0.22182035928143712,0.0151573836627352,-0.04173994064331055,0.21401196718215942,0.25575190782546997,0.048599302768707275,True,0.3371437125748503,0.0036554906324572727,-0.056078627705574036,0.20738159120082855,0.2634602189064026,0.06293798983097076,True,0.4368862275449102,0.0040482072049743065,-0.05505424737930298,0.21621441841125488,0.27126866579055786,0.06191360950469971,True,0.5006646706586826,0.08015835423738919,0.5006646706586826,7,False,0.0040482072049743065,0.11914714065354395,0.07794912860070857,-0.024705439805984497,0.2529602646827698,0.2776657044887543,0.031564801931381226,True,0.14411377245508983,0.23625371533676812,-0.011733293533325195,0.2514270842075348,0.26316037774086,0.018592655658721924,True,0.20091017964071856,0.17778439834247395,-0.015314310789108276,0.2524630129337311,0.26777732372283936,0.022173672914505005,True,0.33591616766467064,0.005855009164473939,-0.05134585499763489,0.21347448229789734,0.2648203372955322,0.058205217123031616,True,0.413622754491018,0.002460055317011256,-0.0600510835647583,0.22580212354660034,0.28585320711135864,0.06691044569015503,True,0.6142395209580839,0.12055708480841615,0.45597005988023953,7,False,0.010210142120523394,0.16016515105482268,1.1150472999997874,-0.040398730571026956,-0.041018010401278726
5229996710,128880,"A long-haired skateboarder is about to exit a clean nosegrind on a public handrail, unaware of his surroundings while ignoring the negative public perception of skateboarders.",42599,A skateboarder grinds a curb.,2795866891,0.33002156019210815,0.3230372667312622,0.006984293460845947,0.667839446031743,13,9.71445146547012e-17,1.0078873000002204,0.0002571999998508545,0.00010959999963233713,0.27031258666003316,-0.00993037223815918,0.24996024370193481,0.259890615940094,0.016914665699005127,True,0.13708108108108108,0.19560915502129567,-0.01413966715335846,0.23019620776176453,0.24433587491512299,0.021123960614204407,True,0.21082882882882883,0.1635838148406343,-0.016318008303642273,0.20337288081645966,0.21969088912010193,0.02330230176448822,True,0.3588288288288288,0.21414200390143298,-0.013001367449760437,0.20590916275978088,0.21891053020954132,0.019985660910606384,True,0.42905105105105107,0.5561319890174168,0.002254784107208252,0.19652728736400604,0.1942725032567978,0.004729509353637695,False,0.5995255255255255,0.41492087428693103,0.7266306306306306,10,False,0.5081546823700359,0.3118807440886221,0.256518029211768,-0.01064145565032959,0.30388540029525757,0.31452685594558716,0.017625749111175537,True,0.13277477477477478,0.24779266464727012,-0.011104196310043335,0.304825097322464,0.3159292936325073,0.018088489770889282,True,0.23403603603603604,0.22963652796425635,-0.012103646993637085,0.2760748863220215,0.28817853331565857,0.019087940454483032,True,0.3191951951951952,0.15874510330991276,-0.016675949096679688,0.27285271883010864,0.28952866792678833,0.023660242557525635,True,0.40853453453453453,0.1084522818873797,-0.021066486835479736,0.24991968274116516,0.2709861695766449,0.028050780296325684,True,0.5518138138138138,0.18080618952563637,0.4826006006006006,6,False,0.1042466722146654,0.2604479636480315,1.1638089000002765,0.23411468476129466,0.051432780440590575
5060850038,126881,A female athlete is high jumping at the 2010 Barcelona.,130195,"A female gymnast, captured in midair during a jump.",5345473274,0.3994556963443756,0.3346341550350189,0.06482154130935669,0.9984718286754171,15,8.326672684688674e-17,1.0513396999999713,0.000266999999894324,0.00011519999998199637,0.9211395447442439,0.02457931637763977,0.3118535876274109,0.2872742712497711,0.04024222493171692,False,0.172208,0.9385232676129159,0.027256488800048828,0.29921582341194153,0.2719593346118927,0.03756505250930786,False,0.24138133333333334,0.932886586876811,0.026318997144699097,0.2855880856513977,0.2592690885066986,0.03850254416465759,False,0.3190133333333333,0.849601524275048,0.017314791679382324,0.28019970655441284,0.2628849148750305,0.047506749629974365,False,0.402512,0.9889674991850271,0.04495815932750702,0.24497240781784058,0.20001424849033356,0.01986338198184967,False,0.5098613333333334,0.8111331176365788,0.8311146666666667,12,False,0.39021986396882896,0.9323097068325513,0.8164746944495588,0.014926433563232422,0.3019104599952698,0.28698402643203735,0.04989510774612427,False,0.11288,0.7693771546823484,0.01204797625541687,0.2996595501899719,0.28761157393455505,0.05277356505393982,False,0.265552,0.8581867414537825,0.018003106117248535,0.2909259796142578,0.2729228734970093,0.046818435192108154,False,0.343184,0.8681318352546816,0.018845409154891968,0.2918032705783844,0.27295786142349243,0.04597613215446472,False,0.40416,0.9247185621769707,0.025082558393478394,0.31619852781295776,0.29111596941947937,0.039738982915878296,False,0.5249226666666666,0.7767266948501592,0.77208,11,False,0.7126015650410922,0.8526120424286009,1.8690985999996883,0.03440642278641959,0.07969766440395043
4756010841,111916,A Japanese shop with people sitting inside it.,6525,Many people are walking along a sidewalk with a variety of little shops.,1395410911,0.29652708768844604,0.28341054916381836,0.013116538524627686,0.7877897736434603,10,2.7755575615628914e-17,1.3136931000003642,0.0002521000001252105,0.00010489999976925901,0.8903824157120357,0.020946532487869263,0.29177501797676086,0.2708284854888916,-0.007829993963241577,False,0.17404204204204204,0.9780635888159372,0.037974268198013306,0.2903171181678772,0.2523428499698639,-0.02485772967338562,False,0.28066066066066064,0.9109576507525123,0.023253843188285828,0.25805941224098206,0.23480556905269623,-0.010137304663658142,False,0.35011411411411414,0.9676650964770884,0.033987388014793396,0.2529408931732178,0.21895350515842438,-0.02087084949016571,False,0.4936816816816817,0.9892147547145017,0.0451873242855072,0.23924590647220612,0.1940585821866989,-0.03207078576087952,False,0.6658798798798798,0.9387417390441914,0.8218438438438438,7,False,0.9693826330540064,0.9229616446129402,0.8903824157120357,0.020946532487869263,0.29177501797676086,0.2708284854888916,-0.007829993963241577,False,0.17404204204204204,0.4783004120243865,-0.0008685290813446045,0.29068854451179504,0.29155707359313965,0.01398506760597229,True,0.2525825825825826,0.4089777788191353,-0.0036819279193878174,0.2821803390979767,0.2858622670173645,0.016798466444015503,True,0.32203603603603603,0.29988860097901837,-0.008478283882141113,0.27446120977401733,0.28293949365615845,0.0215948224067688,True,0.40325525525525524,0.43382477938552066,-0.0026626288890838623,0.27164560556411743,0.2743082344532013,0.015779167413711548,True,0.5754534534534534,0.43526744926788546,0.40325525525525524,5,False,0.29988860097901837,0.5605247744189691,1.053628299999673,0.503474289776306,0.3624368701939711
3285342629,62086,"While visiting the Mayan ruins, a guide points in the direction of more attractions.",124319,Tourists walk among the grounds near a historic site.,4954827712,0.3794960379600525,0.33718371391296387,0.04231232404708862,0.9856737571458157,14,6.591949208711867e-17,1.2589560000001256,0.00025510000023132307,0.00011070000027757487,0.9959378426483393,0.05501970648765564,0.3519088625907898,0.29688915610313416,-0.012707382440567017,False,0.15816533333333332,0.9945104079032587,0.0519939661026001,0.31804555654525757,0.26605159044265747,-0.009681642055511475,False,0.21571733333333334,0.9804531293555416,0.03915199637413025,0.3028618097305298,0.26370981335639954,0.003160327672958374,False,0.337792,0.5811961110030753,0.0032768547534942627,0.2668392062187195,0.2635623514652252,0.03903546929359436,False,0.46584533333333333,0.46379924329315986,-0.001450568437576294,0.25546377897262573,0.256914347410202,0.04376289248466492,True,0.5462293333333333,0.5294140070914465,0.8474986666666666,12,False,0.0615095833198238,0.87238527075552,0.9963844032741027,0.056188762187957764,0.34585949778556824,0.2896707355976105,-0.01387643814086914,False,0.13816,0.9815748565001368,0.03975442051887512,0.3389650583267212,0.29921063780784607,0.002557903528213501,False,0.26023466666666667,0.9678178159143408,0.0340363085269928,0.33124974370002747,0.29721343517303467,0.008276015520095825,False,0.34219733333333335,0.691760170228884,0.008083611726760864,0.2776675522327423,0.26958394050598145,0.03422871232032776,False,0.4486293333333333,0.5883780325271829,0.0035726428031921387,0.27513715624809265,0.2715645134449005,0.038739681243896484,False,0.5336373333333333,0.5555986128495487,0.7289226666666667,10,False,0.06664083944835747,0.8999852775793767,1.6921707000001334,-0.02618460575810222,-0.02760000682385677
185404966,12759,A man in a gray shirt holds his hands in the air.,118953,Two people waving their hands in the air and looking up.,4864584935,0.3067893385887146,0.29991817474365234,0.006871163845062256,0.6653251454249859,14,8.673617379884035e-17,1.0755543000000216,0.0002567999999882886,0.00010969999993903912,0.22600804444141517,-0.012309908866882324,0.26413145661354065,0.276441365480423,0.01918107271194458,True,0.17524266666666666,0.04338907788250682,-0.03093189001083374,0.2454603910446167,0.27639228105545044,0.037803053855895996,True,0.25912,0.09064082038981236,-0.02305835485458374,0.24023312330245972,0.26329147815704346,0.029929518699645996,True,0.3180906666666667,0.014575942063899554,-0.04213699698448181,0.2334258258342743,0.2755628228187561,0.04900816082954407,True,0.429952,0.00695233743055248,-0.04961700737476349,0.20607928931713104,0.25569629669189453,0.056488171219825745,True,0.525344,0.08572344618903092,0.797264,11,False,0.0038568515663386974,0.19084929373696718,0.10951640064392587,-0.02095690369606018,0.27560877799987793,0.2965656816959381,0.027828067541122437,True,0.14715733333333333,0.08349058269874977,-0.02395838499069214,0.2727086842060089,0.29666706919670105,0.030829548835754395,True,0.20297066666666666,0.036398668500436306,-0.032761454582214355,0.2485859990119934,0.28134745359420776,0.03963261842727661,True,0.33149866666666666,0.16298060388695995,-0.016362160444259644,0.25681400299072266,0.2731761634349823,0.0232333242893219,True,0.42066133333333333,0.0438733219939222,-0.030815839767456055,0.24002578854560852,0.2708416283130646,0.03768700361251831,True,0.5467946666666667,0.11183870639363955,0.8530773333333334,12,False,0.0026205848981386984,0.16832046695075814,1.8210752999998476,-0.026115260204608623,0.022528826786209044
900144365,153906,Two women runners in athletic shorts and bras going down a city street.,139150,"A female runner dressed in blue athletic wear is running in a competition, while spectators line the street.",6320815265,0.3670508861541748,0.36112362146377563,0.00592726469039917,0.6439904794775098,13,9.150666335777657e-17,1.2580699000000095,0.0002600000002530578,0.00010769999971671496,0.7408941824453721,0.010506212711334229,0.3425378203392029,0.33203160762786865,-0.004578948020935059,False,0.1368883116883117,0.6007489859597047,0.00408586859703064,0.32889071106910706,0.3248048424720764,0.0018413960933685303,False,0.20148051948051948,0.3411583212514977,-0.006581366062164307,0.29564809799194336,0.30222946405410767,0.012508630752563477,True,0.34887792207792206,0.25471362530622516,-0.010736286640167236,0.30403798818588257,0.3147742748260498,0.016663551330566406,True,0.4850805194805195,0.25737608305936677,-0.010596513748168945,0.27598804235458374,0.2865845561027527,0.016523778438568115,True,0.583787012987013,0.41269711203569753,0.8080051948051948,8,False,0.47136525825198955,0.4682998955878803,0.3170913103378607,-0.007671713829040527,0.3362717032432556,0.34394341707229614,0.013598978519439697,True,0.13205194805194806,0.18591839710581187,-0.01476752758026123,0.3272702097892761,0.34203773736953735,0.0206947922706604,True,0.23075844155844155,0.3999410028543322,-0.004057109355926514,0.3153745234012604,0.3194316327571869,0.009984374046325684,True,0.3676467532467532,0.5324121936447371,0.0012983083724975586,0.2543058693408966,0.25300756096839905,0.004628956317901611,False,0.5150441558441559,0.5324121936447371,0.0012983083724975586,0.2543058693408966,0.25300756096839905,0.004628956317901611,False,0.5150441558441559,0.4182201988891291,0.5492155844155844,6,False,0.46250173335558176,0.3826728117829175,1.5339159000000109,-0.005523086853431558,0.08562708380496281
4795824646,114175,"Two women wearing hijab garments walk on a sidewalk, one of the women is carrying a child on her shoulders.",41810,A woman and a few children in an alleyway in between a vehicle and a fence.,2773474615,0.33392560482025146,0.32480061054229736,0.009124994277954102,0.7135113505766498,15,4.683753385137379e-17,1.0244730999997955,0.0002678000000742031,0.00011469999981272849,0.41388587963828055,-0.0034792423248291016,0.3038736581802368,0.3073529005050659,0.012604236602783203,True,0.1493780487804878,0.16661027750665078,-0.016098439693450928,0.2889220118522644,0.30502045154571533,0.02522343397140503,True,0.22395121951219513,0.3081648494779358,-0.008087128400802612,0.2915808856487274,0.29966801404953003,0.017212122678756714,True,0.32023780487804876,0.1983392284866839,-0.013967067003250122,0.2848060429096222,0.2987731099128723,0.023092061281204224,True,0.4456707317073171,0.06329605919404006,-0.026945441961288452,0.23356366157531738,0.26050910353660583,0.036070436239242554,True,0.5188353658536585,0.2034288105355019,0.8039329268292683,12,False,0.02962967863887304,0.32774081598439686,0.23193953489156122,-0.011973917484283447,0.32314297556877136,0.3351168930530548,0.02109891176223755,True,0.13998170731707318,0.05683145791803511,-0.02809154987335205,0.3163314461708069,0.34442299604415894,0.03721654415130615,True,0.2117621951219512,0.004974464919945035,-0.05298450589179993,0.2852354347705841,0.33821994066238403,0.06210950016975403,True,0.329609756097561,0.014020112200968354,-0.04253143072128296,0.28553855419158936,0.3280699849128723,0.05165642499923706,True,0.405640243902439,0.061847814358618684,-0.027192354202270508,0.231779545545578,0.2589718997478485,0.03631734848022461,True,0.5532134146341463,0.11104286536478357,0.5532134146341463,8,False,0.061847814358618684,0.15635725923073465,1.4718453999998928,0.09238594517071834,0.1713835567536622
3128856481,55431,A white duck spreads its wings while in the water.,62432,A flock of birds fly away with food in their beaks.,3294830188,0.3224189877510071,0.27261531352996826,0.04980367422103882,0.9931753584403934,19,4.85722573273506e-17,1.4153199000002132,0.00027520000003278255,0.0001223000003847119,0.9982939967739374,0.06371894478797913,0.31969591975212097,0.25597697496414185,-0.013915270566940308,False,0.1333264248704663,0.9973409996700356,0.059271425008773804,0.3200816810131073,0.2608102560043335,-0.009467750787734985,False,0.20064248704663212,0.9854592030828428,0.0421614944934845,0.2996285557746887,0.2574670612812042,0.007642179727554321,False,0.3163160621761658,0.8322665263843382,0.016017764806747437,0.2546817362308502,0.23866397142410278,0.03378590941429138,False,0.40732642487046633,0.7720325675551447,0.01219823956489563,0.23983120918273926,0.22763296961784363,0.03760543465614319,False,0.5145129533678756,0.7028743191376088,0.6048963730569948,10,False,0.44211562021793793,0.939337376476825,0.9947808077343122,0.052501797676086426,0.30852583050727844,0.256024032831192,-0.0026981234550476074,False,0.19461658031088083,0.9892501495383584,0.04522055387496948,0.3062066435813904,0.2609860897064209,0.004583120346069336,False,0.2619326424870466,0.9854592030828428,0.0421614944934845,0.2996285557746887,0.2574670612812042,0.007642179727554321,False,0.3163160621761658,0.8322665263843382,0.016017764806747437,0.2546817362308502,0.23866397142410278,0.03378590941429138,False,0.40732642487046633,0.5376705138547907,0.0015096813440322876,0.2290254533290863,0.22751577198505402,0.04829399287700653,False,0.5150880829015544,0.7785085037372613,0.6219637305699481,11,False,0.6809675310427026,0.9133354329490967,2.4177169999998114,-0.07563418459965254,0.026001943527728333
4773842539,113067,A woman is standing and talking to a group of children.,118620,"A boy wearing shorts, crocs, and a white shirt plays with a yo-yo while another boy looks at his yo-yo in the background.",4860086271,0.30889150500297546,0.2886432707309723,0.020248234272003174,0.8833788414231686,12,4.163336342344337e-17,0.9957397000002857,0.0002472999999554304,0.00010549999979048152,0.8690421391364557,0.01892516016960144,0.3065018653869629,0.28757670521736145,0.0013230741024017334,False,0.12463466666666667,0.43217886566869196,-0.002729669213294983,0.21542544662952423,0.2181551158428192,0.022977903485298157,True,0.2681386666666667,0.5527041041447465,0.0021160244941711426,0.20138317346572876,0.19926714897155762,0.01813220977783203,False,0.34746666666666665,0.9327531453938274,0.02629770338535309,0.198263481259346,0.17196577787399292,-0.0060494691133499146,False,0.43250133333333335,0.9443467660445692,0.0283135324716568,0.19650085270404816,0.16818732023239136,-0.008065298199653625,False,0.507344,0.8380468129270423,0.915968,10,False,0.8247961067527259,0.739216532676596,0.8690421391364557,0.01892516016960144,0.3065018653869629,0.28757670521736145,0.0013230741024017334,False,0.12463466666666667,0.41890327345475026,-0.0032727718353271484,0.22106078267097473,0.22433355450630188,0.023521006107330322,True,0.28314666666666666,0.8507110572651972,0.017401888966560364,0.20551049709320068,0.18810860812664032,0.00284634530544281,False,0.35317333333333334,0.8189229568510245,0.01509067416191101,0.19538985192775726,0.18029917776584625,0.005157560110092163,False,0.4044426666666667,0.8679328036380015,0.01882803440093994,0.20204265415668488,0.18321461975574493,0.0014201998710632324,False,0.5167573333333333,0.781400508385468,0.47928533333333334,6,False,0.8921824808906683,0.76102812875424,1.3632866999996622,0.056646304541574266,-0.021811596077643935
2658439322,37461,Two men participate in a recreation of a medieval sword fight while a crowd watches.,89915,A man and woman perform a martial arts demonstration with practice katanas in front of an audience in an outside park like environment.,4158826243,0.39878445863723755,0.31282418966293335,0.0859602689743042,0.9998151954391377,15,9.71445146547012e-17,1.4176339999999072,0.00026130000014745747,0.00010990000009769574,0.9859544050132149,0.04251301288604736,0.3861873149871826,0.34367430210113525,0.043447256088256836,False,0.10722,0.9225467897470169,0.024774640798568726,0.3551790714263916,0.3304044306278229,0.061185628175735474,False,0.218556,0.31245799174174826,-0.007886528968811035,0.2729138731956482,0.28080040216445923,0.09384679794311523,True,0.308472,0.31184433349526147,-0.007915109395980835,0.25603222846984863,0.26394733786582947,0.09387537837028503,True,0.400164,0.597049909184519,0.003931879997253418,0.22499783337116241,0.221065953373909,0.08202838897705078,False,0.521672,0.7434722214675256,0.838716,12,False,0.9517290822163823,0.6748754446834763,0.9859544050132149,0.04251301288604736,0.3861873149871826,0.34367430210113525,0.043447256088256836,False,0.10722,0.31245799174174826,-0.007886528968811035,0.2729138731956482,0.28080040216445923,0.09384679794311523,True,0.308472,0.31245799174174826,-0.007886528968811035,0.2729138731956482,0.28080040216445923,0.09384679794311523,True,0.308472,0.5057396751557782,0.0002295970916748047,0.2562771141529083,0.2560475170612335,0.0857306718826294,False,0.436804,0.4674820831895662,-0.0013025552034378052,0.23582887649536133,0.23713143169879913,0.087262824177742,True,0.528496,0.6752475133196203,0.65398,9,False,0.61058435751737,0.6324171807229626,2.622994700000163,0.06822470814790527,0.042458263960513665
3391716619,66513,A man with mismatched shoes sits in front of an entrance.,22783,A man sits on a small chair on a sidewalk.,228947041,0.32490408420562744,0.30945250391960144,0.015451580286026001,0.8242133001745593,12,8.500145032286355e-17,1.0422315999999228,0.0002538000003369234,0.00011230000018258579,0.8133628873661815,0.014720112085342407,0.30208611488342285,0.28736600279808044,0.0007314682006835938,False,0.17263,0.8171614124111637,0.014972329139709473,0.2765360474586487,0.2615637183189392,0.0004792511463165283,False,0.286525,0.8017072056282013,0.013969987630844116,0.27743807435035706,0.26346808671951294,0.0014815926551818848,False,0.39555,0.819608706823165,0.01513698697090149,0.24651145935058594,0.23137447237968445,0.0003145933151245117,False,0.44974,0.8066495676388163,0.01428385078907013,0.23774684965610504,0.2234629988670349,0.0011677294969558716,False,0.537105,0.7372152998202195,0.692875,8,False,0.6116389631668843,0.8144009615476966,0.8133628873661815,0.014720112085342407,0.30208611488342285,0.28736600279808044,0.0007314682006835938,False,0.17263,0.817330110214734,0.01498362421989441,0.2983784079551697,0.28339478373527527,0.0004679560661315918,False,0.281655,0.8017072056282013,0.013969987630844116,0.27743807435035706,0.26346808671951294,0.0014815926551818848,False,0.39555,0.7122022286505032,0.009061038494110107,0.2766360342502594,0.2675749957561493,0.0063905417919158936,False,0.46379,0.5167768774885854,0.0006713271141052246,0.2711883783340454,0.2705170512199402,0.014780253171920776,False,0.507025,0.6851539893981925,0.754575,9,False,0.5756890899025247,0.7902227975479029,1.6171724000000722,0.052061310422026996,0.024178163999793667
2558911884,33665,A group of boys in swim gear is playing in a field surrounded by trees.,38513,Three children in swimsuites are having fun outside near a white building.,2689001252,0.34558194875717163,0.31908705830574036,0.026494890451431274,0.9339794910974086,10,5.377642775528102e-17,0.9794631000004301,0.00024239999993369565,9.789999967324547e-05,0.9134341362874444,0.02356305718421936,0.2998034656047821,0.27624040842056274,0.002931833267211914,False,0.18216265060240963,0.6314976600446287,0.005386471748352051,0.2815134525299072,0.2761269807815552,0.021108418703079224,False,0.2656024096385542,0.6618802984104623,0.0067168474197387695,0.28473588824272156,0.2780190408229828,0.019778043031692505,False,0.35721084337349396,0.6040695797244393,0.004224509000778198,0.2673945426940918,0.2631700336933136,0.022270381450653076,False,0.5513975903614458,0.6040695797244393,0.004224509000778198,0.2673945426940918,0.2631700336933136,0.022270381450653076,False,0.5513975903614458,0.5596624266717937,0.923421686746988,9,False,0.08952288133958482,0.7524094520243808,0.886453493356068,0.020550161600112915,0.32098323106765747,0.30043306946754456,0.005944728851318359,False,0.25956024096385544,0.886453493356068,0.020550161600112915,0.32098323106765747,0.30043306946754456,0.005944728851318359,False,0.25956024096385544,0.8288319160730736,0.0157737135887146,0.3192248046398163,0.3034510910511017,0.010721176862716675,False,0.3511686746987952,0.8352296026289516,0.016231536865234375,0.32324230670928955,0.3070107698440552,0.0102633535861969,False,0.4025421686746988,0.754186213385112,0.011210650205612183,0.3135909140110016,0.3023802638053894,0.015284240245819092,False,0.5069216867469879,0.5894674598812979,0.8755,8,False,0.1271226531772347,0.8690077463659844,1.2847027999996499,-0.029805033209504228,-0.11659829434160363
378434971,81975,"A bulldozer works to demolish a decrepit building; in the background, another brick building waits for its demise, its face covered with a grid of blackened window-holes.",14017,A man using a bulldozer on a construction site.,196521598,0.3502739667892456,0.30494797229766846,0.04532599449157715,0.9893617016646011,12,5.551115123125783e-17,1.372137500000008,0.0002833000003192865,0.00010659999998097192,0.8688894352954774,0.018911749124526978,0.297818660736084,0.278906911611557,0.02641424536705017,False,0.1508942598187311,0.611766734086056,0.004547446966171265,0.2447834610939026,0.24023601412773132,0.040778547525405884,False,0.22980664652567975,0.41553880096295176,-0.0034111440181732178,0.2571026682853699,0.2605138123035431,0.048737138509750366,True,0.38090030211480363,0.8464467057079138,0.017069995403289795,0.22350957989692688,0.20643958449363708,0.028255999088287354,False,0.49380060422960725,0.699934291530491,0.008469849824905396,0.20833180844783783,0.19986195862293243,0.03685614466667175,False,0.5687311178247734,0.49202126633300103,0.9056616314199396,10,False,0.020562087901496766,0.7128241559827937,0.9610307604692092,0.03205233812332153,0.3257408142089844,0.29368847608566284,0.013273656368255615,False,0.17422356495468277,0.9625425603572431,0.03246372938156128,0.326956570148468,0.29449284076690674,0.01286226511001587,False,0.24915407854984895,0.9241903182097759,0.025006920099258423,0.31832247972488403,0.2933155596256256,0.020319074392318726,False,0.4002477341389728,0.9241903182097759,0.025006920099258423,0.31832247972488403,0.2933155596256256,0.020319074392318726,False,0.4002477341389728,0.17643273028796208,-0.015407055616378784,0.25036564469337463,0.2657727003097534,0.06073305010795593,True,0.5623081570996978,0.5365671889529717,0.5981510574018127,7,False,0.12625448063152175,0.8424023884611325,1.4926531999999497,-0.0445459226199707,-0.12957823247833877
394707439,85546,A gray-haired man singing in a crowd and playing an acoustic guitar.,59571,A man in a black windbreaker strumming on a large stringed instrument on the sidewalk in front of a building.,322516292,0.35332340002059937,0.3161877989768982,0.03713560104370117,0.9761901981527803,15,5.551115123125783e-17,1.5618110999998862,0.0002943999998024083,0.00011099999983343878,0.983953080753192,0.04116061329841614,0.33624887466430664,0.2950882613658905,-0.004025012254714966,False,0.16464432989690722,0.9707719295168049,0.03502961993217468,0.320562481880188,0.2855328619480133,0.0021059811115264893,False,0.23792268041237113,0.9586137157352057,0.03142538666725159,0.28735917806625366,0.2559337913990021,0.005710214376449585,False,0.3369278350515464,0.8549142564042915,0.017736762762069702,0.25770747661590576,0.23997071385383606,0.01939883828163147,False,0.40554639175257734,0.19754151260887767,-0.014017313718795776,0.1976158767938614,0.21163319051265717,0.05115291476249695,True,0.6003762886597939,0.5612309459451027,0.7386494845360825,10,False,0.108942547596284,0.8215482230748802,0.8903509972274091,0.02094331383705139,0.33009448647499084,0.30915117263793945,0.01619228720664978,False,0.14189690721649484,0.7992683897596202,0.013817280530929565,0.3288787305355072,0.31506145000457764,0.023318320512771606,False,0.2187680412371134,0.022237272367188175,-0.03783497214317322,0.25835126638412476,0.296186238527298,0.07497057318687439,True,0.33672680412371137,0.04464151286142696,-0.03063422441482544,0.26665687561035156,0.297291100025177,0.06776982545852661,True,0.41301030927835053,0.10174643378502511,-0.021779686212539673,0.28958672285079956,0.31136640906333923,0.058915287256240845,True,0.5420773195876288,0.30572963814332244,0.5420773195876288,8,False,0.10174643378502511,0.47561367807761334,1.9769176999998308,0.25550130780178026,0.34593454499726684
1749702972,11595,Several people walking past a food cart on a city street.,130245,A man in an orange visor crossing the street with a ice cream vendor in the background and a woman about to cross the street as well.,535020523,0.3405127227306366,0.32818081974983215,0.012331902980804443,0.7743764632251903,8,2.949029909160572e-17,1.5791988000000856,0.00026419999994686805,0.00010799999972732621,0.9505429365251524,0.029559284448623657,0.3365342617034912,0.30697497725486755,-0.017227381467819214,False,0.16518318318318317,0.968754068622294,0.03434121608734131,0.27322396636009216,0.23888275027275085,-0.022009313106536865,False,0.30787987987987986,0.968754068622294,0.03434121608734131,0.27322396636009216,0.23888275027275085,-0.022009313106536865,False,0.30787987987987986,0.7552314282125085,0.011267110705375671,0.24285168945789337,0.2315845787525177,0.001064792275428772,False,0.5595135135135135,0.7552314282125085,0.011267110705375671,0.24285168945789337,0.2315845787525177,0.001064792275428772,False,0.5595135135135135,0.8040086565343678,1.0,8,False,0.9772638666090209,0.8870364439158833,0.36169649776671514,-0.005680084228515625,0.3213921785354614,0.32707226276397705,0.01801198720932007,True,0.2516336336336336,0.36169649776671514,-0.005680084228515625,0.3213921785354614,0.32707226276397705,0.01801198720932007,True,0.2516336336336336,0.6370330822790946,0.005625098943710327,0.2698841989040375,0.26425909996032715,0.006706804037094116,False,0.3943303303303303,0.5606890090484051,0.0024395883083343506,0.273425817489624,0.2709862291812897,0.009892314672470093,False,0.4993693693693694,0.560136170693457,0.002417147159576416,0.2744404673576355,0.2720233201980591,0.009914755821228027,False,0.5505645645645646,0.6197029828254461,0.3943303303303303,3,False,0.6370330822790946,0.5554099009825161,0.91003019999971,0.1843056737089217,0.33162654293336724
3974197857,86250,Military men in blue and red suits stand in the street.,105529,Men in uniform are standing on a street.,4653258614,0.3557228446006775,0.3276832699775696,0.02803957462310791,0.9428893036359987,7,2.7755575615628914e-17,1.4797065999996448,0.0002918999998655636,9.839999984251335e-05,0.9653291879102912,0.03326570987701416,0.3192610740661621,0.28599536418914795,-0.00522613525390625,False,0.40947428571428574,0.9653291879102912,0.03326570987701416,0.3192610740661621,0.28599536418914795,-0.00522613525390625,False,0.40947428571428574,0.9653291879102912,0.03326570987701416,0.3192610740661621,0.28599536418914795,-0.00522613525390625,False,0.40947428571428574,0.9653291879102912,0.03326570987701416,0.3192610740661621,0.28599536418914795,-0.00522613525390625,False,0.40947428571428574,0.9542417562104683,0.03037545084953308,0.2863374650478363,0.2559620141983032,-0.002335876226425171,False,0.6805142857142857,0.8564856603542458,1.0,7,False,0.11477615291720102,0.9563700129681749,0.9723517619155831,0.03560155630111694,0.31405240297317505,0.2784508466720581,-0.007561981678009033,False,0.16033714285714284,0.9349944581755655,0.026660680770874023,0.3124901354312897,0.28582945466041565,0.0013788938522338867,False,0.23349142857142857,0.9592223274596929,0.0315798819065094,0.3320535719394684,0.300473690032959,-0.0035403072834014893,False,0.41666857142857144,0.9592223274596929,0.0315798819065094,0.3320535719394684,0.300473690032959,-0.0035403072834014893,False,0.41666857142857144,0.5811402533956658,0.00327455997467041,0.17625300586223602,0.1729784458875656,0.0247650146484375,False,0.8781542857142857,0.8317792780249988,0.8781542857142857,6,False,0.5811402533956658,0.856596272305294,0.9172287000001234,0.024706382329246934,0.09977374066288092
4830651041,116758,Two female soldiers standing in a crowd.,119252,A group of Asian students in their uniforms.,4869914617,0.30290621519088745,0.29106706380844116,0.011839151382446289,0.7656510256839477,12,2.7755575615628914e-17,0.9131626999997025,0.00041340000007039635,0.00018049999971481157,0.6801382136881586,0.007544070482254028,0.2937994599342346,0.2862553894519806,0.004295080900192261,False,0.13347147147147148,0.6764770221036105,0.007376283407211304,0.2844051122665405,0.2770288288593292,0.004462867975234985,False,0.21022222222222223,0.8959690848194921,0.021532177925109863,0.2909772992134094,0.26944512128829956,-0.009693026542663574,False,0.31034234234234237,0.125573547045687,-0.019406765699386597,0.2524939775466919,0.2719007432460785,0.031245917081832886,True,0.42404204204204204,0.24052608348459512,-0.011497974395751953,0.23772957921028137,0.24922755360603333,0.023337125778198242,True,0.5824804804804805,0.3718351502897458,0.7627687687687688,9,False,0.06018997264779451,0.5396573048079869,0.6801382136881586,0.007544070482254028,0.2937994599342346,0.2862553894519806,0.004295080900192261,False,0.13347147147147148,0.7359761293147065,0.01025158166885376,0.2897706627845764,0.27951908111572266,0.0015875697135925293,False,0.24245645645645644,0.6587746891001074,0.006578385829925537,0.28380537033081055,0.277226984500885,0.005260765552520752,False,0.3008888888888889,0.774813549845311,0.012356936931610107,0.27893275022506714,0.26657581329345703,-0.0005177855491638184,False,0.47775975975975976,0.9222754829087056,0.024736732244491577,0.2844514846801758,0.2597147524356842,-0.012897580862045288,False,0.554006006006006,0.7429590855333121,0.47775975975975976,6,False,0.774813549845311,0.7326293942378196,1.218890999999985,-0.37112393524356635,-0.19297208942983268
7446693604,147448,A man is leaping over a barrier away from a bull.,143838,"A man being hit by a bull during an event, as another man runs to help.",6956989138,0.3612273037433624,0.3169252574443817,0.04430204629898071,0.9882281747316843,13,6.245004513516506e-17,1.1865038999999342,0.0002886000002035871,0.0001098000002457411,0.993947131732741,0.05101151764392853,0.2745881676673889,0.2235766500234604,-0.006709471344947815,False,0.10013813813813814,0.9638800168056026,0.03284120559692383,0.2404719591140747,0.20763075351715088,0.011460840702056885,False,0.2654174174174174,0.987047286532162,0.043334126472473145,0.2695496678352356,0.22621554136276245,0.0009679198265075684,False,0.35463663663663664,0.969367769436164,0.034545913338661194,0.25233232975006104,0.21778641641139984,0.009756132960319519,False,0.4283123123123123,0.9784599672681167,0.038160666823387146,0.2245001345872879,0.18633946776390076,0.006141379475593567,False,0.5157117117117117,0.946741741050589,0.8140720720720721,10,False,0.853982840215646,0.9797324435310524,0.92071265922102,0.024520695209503174,0.3287509083747864,0.3042302131652832,0.01978135108947754,False,0.16527927927927927,0.8234971062197017,0.015402227640151978,0.3269793689250946,0.3115771412849426,0.028899818658828735,False,0.23895495495495495,0.8566309376380755,0.017875850200653076,0.32239246368408203,0.30451661348342896,0.026426196098327637,False,0.3437297297297297,0.7631009186688829,0.011697560548782349,0.3074556589126587,0.29575809836387634,0.032604485750198364,False,0.432948948948949,0.5975717665006759,0.00395357608795166,0.28767263889312744,0.2837190628051758,0.04034847021102905,False,0.5566906906906907,0.6490118548008748,0.6061681681681682,8,False,0.4254739185720035,0.837927120722486,1.6127309999997124,0.2977298862497142,0.1418053228085664
367400736,78373,A street vendor is displaying artwork and other goods.,22782,A man prepares his local stand for the days business.,228947041,0.3422747850418091,0.3041655421257019,0.03810924291610718,0.9783513188518307,12,8.326672684688674e-17,1.2159590000001117,0.00028249999968466,0.00010969999993903912,0.993779288257801,0.050736308097839355,0.32365068793296814,0.2729143798351288,-0.012627065181732178,False,0.2603641791044776,0.993779288257801,0.050736308097839355,0.32365068793296814,0.2729143798351288,-0.012627065181732178,False,0.2603641791044776,0.9668022826191812,0.033715128898620605,0.28999462723731995,0.25627949833869934,0.004394114017486572,False,0.36970149253731344,0.8535458274049161,0.017626866698265076,0.24147047102451324,0.22384360432624817,0.020482376217842102,False,0.4832179104477612,0.5401816873155482,0.0016107410192489624,0.21581755578517914,0.21420681476593018,0.036498501896858215,False,0.5475820895522389,0.6840570376169197,0.8796537313432836,10,False,0.2991539003435076,0.935186186741707,0.9706275784192556,0.03497886657714844,0.33260345458984375,0.2976245880126953,0.0031303763389587402,False,0.1689910447761194,0.9217631463936632,0.024665474891662598,0.30915775895118713,0.28449228405952454,0.01344376802444458,False,0.2825074626865672,0.749166970216245,0.010941743850708008,0.2829616665840149,0.2720199227333069,0.02716749906539917,False,0.3468716417910448,0.5383197861343848,0.0015358030796051025,0.2781011164188385,0.2765653133392334,0.036573439836502075,False,0.42644776119402983,0.3492559799013125,-0.006223112344741821,0.23050585389137268,0.2367289662361145,0.044332355260849,True,0.5357850746268656,0.6629175611744682,0.7428238805970149,8,False,0.6514975175901137,0.7943705710102901,1.5495346000002428,0.02113947644245151,0.14081561573141688
5829317322,134912,"Two young ballerinas pose before a sign reading ""babys"".",114464,Rhythmic gymnasts are new to the competitive olympics.,480048562,0.29887452721595764,0.29042741656303406,0.008447110652923584,0.6994564921444655,16,7.632783294297951e-17,1.2481069999998908,0.000366900000244641,0.00014629999986937037,0.005982899010120791,-0.05112849175930023,0.23774327337741852,0.28887176513671875,0.059575602412223816,True,0.10244332493702771,0.36374112582329726,-0.005591630935668945,0.26082420349121094,0.2664158344268799,0.01403874158859253,True,0.25096725440806045,0.12164047440278218,-0.019769862294197083,0.24836088716983795,0.26813074946403503,0.028216972947120667,True,0.3195264483627204,0.6919431551926044,0.00809219479560852,0.2688427269458771,0.26075053215026855,0.0003549158573150635,False,0.435808564231738,0.11474194103412895,-0.020431935787200928,0.246122807264328,0.26655474305152893,0.02887904644012451,True,0.5281763224181361,0.157886469276047,0.7379244332493703,11,False,0.006965621233587612,0.3119930777180256,0.5588493101685208,0.002364933490753174,0.2839823365211487,0.2816174030303955,0.00608217716217041,False,0.146911838790932,0.14979436923282993,-0.017362147569656372,0.25573647022247314,0.2730986177921295,0.025809258222579956,True,0.24089168765743074,0.02586612501043177,-0.03628614544868469,0.2533048391342163,0.289590984582901,0.044733256101608276,True,0.34819143576826195,0.07601728337091217,-0.02497732639312744,0.25743377208709717,0.2824110984802246,0.033424437046051025,True,0.40506297229219146,0.0791058686710341,-0.0245455801486969,0.2584027945995331,0.28294837474823,0.03299269080162048,True,0.5121662468513853,0.15496849491214928,0.6683979848866499,10,False,0.027121224255772635,0.2857617396488443,2.1816939000000275,0.0029179743638977074,0.026231338069181265
4587060991,102242,Two men are having a conversation in front of a souvenir shop in Rome.,87344,Merchants and customers at a market.,4031513473,0.31335675716400146,0.2995026111602783,0.013854146003723145,0.7998592011286729,11,3.469446951953614e-17,1.2515685000003032,0.00033750000011423253,0.00015039999971122597,0.705083826997434,0.00871625542640686,0.29926273226737976,0.2905464768409729,0.005137890577316284,False,0.14304433497536945,0.6090622479305132,0.004433721303939819,0.2821890413761139,0.2777553200721741,0.009420424699783325,False,0.2161527093596059,0.6784709599922795,0.007467538118362427,0.2807653546333313,0.27329781651496887,0.006386607885360718,False,0.32908866995073893,0.02890915925006903,-0.03514261543750763,0.21427591145038605,0.24941852688789368,0.048996761441230774,True,0.42707881773399015,0.12427445766909861,-0.019525602459907532,0.20792537927627563,0.22745098173618317,0.033379748463630676,True,0.5818620689655173,0.3160089472663136,0.8435467980295567,10,False,0.12304253933331363,0.4724349871855072,0.2856274110818799,-0.00916716456413269,0.2556324005126953,0.264799565076828,0.023021310567855835,True,0.1710985221674877,0.09629987194170628,-0.022390305995941162,0.22438155114650726,0.24677185714244843,0.03624445199966431,True,0.23440886699507388,0.0859530167253264,-0.023640811443328857,0.2167559117078781,0.24039672315120697,0.037494957447052,True,0.31414285714285717,0.11261529382137365,-0.02064301073551178,0.20928514003753662,0.2299281507730484,0.034497156739234924,True,0.43049753694581283,0.09137897531068881,-0.02296912670135498,0.20598545670509338,0.22895458340644836,0.036823272705078125,True,0.5060689655172413,0.25054731454170187,0.5444975369458128,7,False,0.19868300037397252,0.2598038623659662,1.389635200000157,0.06546163272461175,0.212631124819541
3969232921,86012,Security officers are standing near a sporting event tent.,68253,Two police officers observe while a crowd gathers outside a white tarp.,3432637363,0.31561216711997986,0.3035993278026581,0.012012839317321777,0.7687531090657436,12,6.418476861114186e-17,1.044042399999853,0.00027399999999033753,0.00010380000003351597,0.2887320648743856,-0.009015500545501709,0.27404463291168213,0.28306013345718384,0.021028339862823486,True,0.20366978193146418,0.2887320648743856,-0.009015500545501709,0.27404463291168213,0.28306013345718384,0.021028339862823486,True,0.20366978193146418,0.11047070874950662,-0.02085942029953003,0.2713310420513153,0.29219046235084534,0.03287225961685181,True,0.32122118380062303,0.06937956559986026,-0.02596259117126465,0.279214471578598,0.30517706274986267,0.037975430488586426,True,0.4355638629283489,0.08642269363839607,-0.02358117699623108,0.2072175145149231,0.23079869151115417,0.035594016313552856,True,0.5638566978193147,0.19840518112237487,0.7645919003115265,9,False,0.1263404769891182,0.2685589240528921,0.33311918796896633,-0.006941109895706177,0.29673177003860474,0.3036728799343109,0.018953949213027954,True,0.11755140186915888,0.5359102126798156,0.0014388859272003174,0.23602473735809326,0.23458585143089294,0.01057395339012146,False,0.36646728971962617,0.5359102126798156,0.0014388859272003174,0.23602473735809326,0.23458585143089294,0.01057395339012146,False,0.36646728971962617,0.3236152769067568,-0.007372066378593445,0.23571521043777466,0.2430872768163681,0.019384905695915222,True,0.4063613707165109,0.63857317524927,0.0056917667388916016,0.23801299929618835,0.23232123255729675,0.006321072578430176,False,0.5070654205607477,0.5332579801321714,0.5070654205607477,5,False,0.63857317524927,0.4703812289608157,1.2748444999997446,-0.33485279900979653,-0.20182230490792358
2870426310,45325,Three little children in a grassy yard running towards the camera.,132035,"4 kids playing, one in a red dress one in a pink shirt, one in a white shirt and a little boy with his arm through a green toy.",5506383509,0.3544353246688843,0.3281252980232239,0.0263100266456604,0.9328304014831732,12,6.245004513516506e-17,1.3342685000002348,0.0002729000002545945,0.0001067000002876739,0.6820891712466334,0.007633894681930542,0.34381940960884094,0.3361855149269104,0.01867613196372986,False,0.12671148459383755,0.6216338343227873,0.004964888095855713,0.326700359582901,0.3217354714870453,0.021345138549804688,False,0.2535686274509804,0.9601260477419317,0.03181341290473938,0.313303142786026,0.2814897298812866,-0.0055033862590789795,False,0.34383193277310925,0.9986874197480291,0.06634446978569031,0.27628278732299805,0.20993831753730774,-0.04003444314002991,False,0.40398879551820727,0.9984141989603432,0.06445078551769257,0.24666540324687958,0.182214617729187,-0.038140758872032166,False,0.561047619047619,0.9109255324125153,0.8046442577030812,9,False,0.9999082088749113,0.8415406989142955,0.6820891712466334,0.007633894681930542,0.34381940960884094,0.3361855149269104,0.01867613196372986,False,0.12671148459383755,0.6767763285549315,0.007389962673187256,0.3268280029296875,0.31943804025650024,0.018920063972473145,False,0.21680112044817929,0.35003531815136035,-0.006188839673995972,0.3078596591949463,0.31404849886894226,0.03249886631965637,True,0.3693501400560224,0.49760167649950454,-9.593367576599121e-05,0.30869773030281067,0.30879366397857666,0.02640596032142639,True,0.4883249299719888,0.5548427238444759,0.0022025704383850098,0.3085792362689972,0.3063766658306122,0.02410745620727539,False,0.5617591036414565,0.4688692749041513,0.3693501400560224,4,False,0.35003531815136035,0.5890607544988402,1.4436094000002413,0.44205625750836397,0.2524799444154553
4637947642,104662,Young man with a cigarette placing food on a paper plate.,9905,A man in a blue and white t-shirt is grilling outdoors.,157910841,0.32290971279144287,0.30782970786094666,0.015080004930496216,0.8187646909572157,12,3.122502256758253e-17,0.9855568999996649,0.00026049999996757833,0.00010569999994913815,0.027250998316380216,-0.035750359296798706,0.22211793065071106,0.25786828994750977,0.05083036422729492,True,0.1463012048192771,0.29306076265939973,-0.008805647492408752,0.21557368338108063,0.22437933087348938,0.023885652422904968,True,0.2682409638554217,0.20774780208598334,-0.013385549187660217,0.20636627078056335,0.21975181996822357,0.028465554118156433,True,0.3624759036144578,0.05036410975931248,-0.029367998242378235,0.15105780959129333,0.18042580783367157,0.04444800317287445,True,0.5167590361445783,0.05036410975931248,-0.029367998242378235,0.15105780959129333,0.18042580783367157,0.04444800317287445,True,0.5167590361445783,0.2345872868134761,0.7110120481927711,8,False,0.30384567660773426,0.24174500622480352,0.6365064495635906,0.005602329969406128,0.24497568607330322,0.2393733561038971,0.009477674961090088,False,0.1478855421686747,0.1355474538458342,-0.018527746200561523,0.22104692459106445,0.23957467079162598,0.03360775113105774,True,0.30216867469879516,0.1355474538458342,-0.018527746200561523,0.22104692459106445,0.23957467079162598,0.03360775113105774,True,0.30216867469879516,0.18646164104580237,-0.014731675386428833,0.21260011196136475,0.22733178734779358,0.02981168031692505,True,0.4359518072289157,0.11200560562107213,-0.02070416510105133,0.2094816416501999,0.23018580675125122,0.035784170031547546,True,0.5043734939759036,0.2091174638636072,0.6668192771084337,8,False,0.09237084108325716,0.3943798384961653,1.1582493000000795,0.02546982294986891,-0.1526348322713618
1489286545,8618,A man and his dog watch the sunset from a bench.,124230,A woman with a dog sitting on a bench near the ocean.,4953536921,0.35131803154945374,0.3041378855705261,0.04718014597892761,0.9911461937877841,14,4.85722573273506e-17,1.0074885999997605,0.0002598999999463558,0.00011959999983446323,0.995768926604961,0.05461059510707855,0.3017193377017975,0.24710874259471893,-0.00743044912815094,False,0.1598918918918919,0.9986294185266242,0.06591148674488068,0.30360719561576843,0.23769570887088776,-0.018731340765953064,False,0.22932732732732733,0.8366645677484588,0.016336172819137573,0.26024821400642395,0.24391204118728638,0.03084397315979004,False,0.3586006006006006,0.9330215518971081,0.026340574026107788,0.24074974656105042,0.21440917253494263,0.020839571952819824,False,0.44345345345345344,0.9569077535021923,0.031003639101982117,0.23771972954273224,0.20671609044075012,0.016176506876945496,False,0.5108588588588588,0.772281580792801,0.7752252252252252,11,False,0.459253556623853,0.9503430803486781,0.928635607033687,0.025659173727035522,0.3379303812980652,0.31227120757102966,0.02152097225189209,False,0.1423903903903904,0.9168481252048348,0.02400273084640503,0.3214223384857178,0.29741960763931274,0.023177415132522583,False,0.21182582582582582,0.9380204619151484,0.02716967463493347,0.3122261166572571,0.2850564420223236,0.02001047134399414,False,0.33136336336336336,0.9233464428207773,0.0248870849609375,0.29646408557891846,0.27157700061798096,0.022293061017990112,False,0.414012012012012,0.9717191794413337,0.03536882996559143,0.2738317847251892,0.23846295475959778,0.011811316013336182,False,0.5413153153153153,0.8375668255944876,0.6804564564564565,10,False,0.7150716930497468,0.9405926769256998,1.4746290999996745,-0.06528524480168663,0.009750403422978282
6887015851,142851,"Two little boys smiling and holding a tiny, black puppy.",112097,A black and a brown dog are running toward the camera.,475816542,0.3678779602050781,0.2855426073074341,0.08233535289764404,0.9997344748115978,15,1.1102230246251565e-16,1.115027199999986,0.00024260000009235227,0.00011180000001331791,0.9994317087081249,0.07472307980060577,0.2964901030063629,0.22176702320575714,0.007612273097038269,False,0.128688,0.9971349148403148,0.05852288007736206,0.2805904448032379,0.22206756472587585,0.023812472820281982,False,0.23220266666666667,0.9940821914244485,0.0512385368347168,0.252686470746994,0.20144793391227722,0.031096816062927246,False,0.3197333333333333,0.9539209608930509,0.030302226543426514,0.2573334872722626,0.22703126072883606,0.05203312635421753,False,0.4872106666666667,0.517985761081334,0.0007197409868240356,0.22754475474357605,0.22682501375675201,0.08161561191082001,False,0.5457546666666667,0.5464475125309908,0.8362506666666667,12,False,0.004235583473175192,0.9625688351435238,0.9994949934150839,0.07590433955192566,0.3588043749332428,0.28290003538131714,0.006431013345718384,False,0.10351466666666667,0.9919568612805298,0.04814860224723816,0.27534833550453186,0.2271997332572937,0.034186750650405884,False,0.2913173333333333,0.8985671858299403,0.021814048290252686,0.2540195882320404,0.23220553994178772,0.06052130460739136,False,0.391008,0.8415895232623062,0.016701027750968933,0.24520212411880493,0.228501096367836,0.06563432514667511,False,0.459008,0.5227907960251359,0.0009122639894485474,0.2273424118757248,0.22643014788627625,0.0814230889081955,False,0.5465386666666666,0.5338703581584611,0.8429813333333334,12,False,0.0053334662129595894,0.9214104875183889,2.044999100000041,0.012577154372529709,0.04115834762513482
6317293855,139086,"Young man sitting on a skateboard, holding a cellphone, and posing on the escalator.",122289,A boy is sitting down while smoking.,4926882194,0.3794932961463928,0.3407100439071655,0.038783252239227295,0.9797337760847166,13,3.209238430557093e-17,1.070838399999957,0.0002691999998205574,0.0001119000003200199,0.793789414481334,0.01347920298576355,0.2783205807209015,0.26484137773513794,0.025304049253463745,False,0.19566366366366367,0.9704801455624367,0.03492727875709534,0.28279149532318115,0.24786421656608582,0.003855973482131958,False,0.24535735735735736,0.9650535903447902,0.03318367898464203,0.2815122604370117,0.2483285814523697,0.005599573254585266,False,0.30992792792792795,0.8712288799080695,0.01911868155002594,0.2679316997528076,0.24881301820278168,0.019664570689201355,False,0.5196096096096096,0.8712288799080695,0.01911868155002594,0.2679316997528076,0.24881301820278168,0.019664570689201355,False,0.5196096096096096,0.6738513688692254,0.8787267267267267,11,False,0.10243460224206022,0.9090482669957197,0.21667221594294198,-0.01285165548324585,0.3122861385345459,0.32513779401779175,0.051634907722473145,True,0.1431111111111111,0.02911952168397239,-0.03506794571876526,0.31518155336380005,0.3502494990825653,0.07385119795799255,True,0.3302282282282282,0.02911952168397239,-0.03506794571876526,0.31518155336380005,0.3502494990825653,0.07385119795799255,True,0.3302282282282282,0.14609075660474014,-0.01765596866607666,0.3191298246383667,0.33678579330444336,0.056439220905303955,True,0.4567087087087087,0.09788729394232201,-0.022209227085113525,0.30981412529945374,0.33202335238456726,0.06099247932434082,True,0.507033033033033,0.17392511593559248,0.7462762762762762,9,False,0.0014902246039986702,0.24815892313415736,1.5053603000001203,0.4999262529336329,0.6608893438615624
3155400369,56390,Several people in yellow and black uniforms are lined up carrying drums.,53456,People are holding various types of drumsticks above different kinds of drums.,3083847439,0.39118272066116333,0.2965802848339081,0.09460243582725525,0.9999221184493821,10,6.591949208711867e-17,1.4059424000001854,0.00022679999983665766,0.00010040000006483751,0.9998119973953067,0.08578866720199585,0.3858575224876404,0.30006885528564453,0.0088137686252594,False,0.15058133333333334,0.9990788695402053,0.06988987326622009,0.3563404381275177,0.2864505648612976,0.024712562561035156,False,0.2516,0.9985645755261546,0.0654485821723938,0.33542317152023315,0.26997458934783936,0.02915385365486145,False,0.406208,0.9985645755261546,0.0654485821723938,0.33542317152023315,0.26997458934783936,0.02915385365486145,False,0.406208,0.9989940641824516,0.06900830566883087,0.3153652548789978,0.24635694921016693,0.025594130158424377,False,0.5896853333333333,0.9547143677561266,1.0,10,False,0.05228838528867562,0.9991823123277891,0.999847278813914,0.08786743879318237,0.3708913326263428,0.2830238938331604,0.006734997034072876,False,0.10101866666666667,0.9990788695402053,0.06988987326622009,0.3563404381275177,0.2864505648612976,0.024712562561035156,False,0.2516,0.9988089777336336,0.06731751561164856,0.331331729888916,0.26401421427726746,0.02728492021560669,False,0.355296,0.999536216980177,0.0767562985420227,0.34724706411361694,0.27049076557159424,0.017846137285232544,False,0.416048,0.9988030103007312,0.06726747751235962,0.35855790972709656,0.29129043221473694,0.02733495831489563,False,0.653104,0.9728800548934872,0.8600746666666667,8,False,0.8818467226406113,0.9993123240317271,1.4408496000000923,-0.018165687137360553,-0.00013001170393800443
2844641033,44350,A black boy in orange and white trucks on playing in the sand.,148864,A bare chested smiling child plays in water.,766061382,0.3388245105743408,0.3286893665790558,0.010135143995285034,0.7337073594034246,13,6.938893903907228e-17,0.9866406999999526,0.0002611999998407555,0.00010979999979099375,0.03472161796355994,-0.03325054049491882,0.3054693937301636,0.3387199342250824,0.04338568449020386,True,0.10988484848484849,0.9937989983057088,0.05076824128627777,0.27850931882858276,0.227741077542305,-0.04063309729099274,False,0.2815939393939394,0.9992085880425847,0.07140900194644928,0.2938753068447113,0.22246630489826202,-0.061273857951164246,False,0.35,0.9936207199985443,0.05048300325870514,0.2741124629974365,0.22362945973873138,-0.040347859263420105,False,0.4554909090909091,0.9909529970886166,0.04696233570575714,0.2694755792617798,0.22251324355602264,-0.03682719171047211,False,0.5421818181818182,0.7522561601038378,1.0,13,False,0.936777583470135,0.7189919399780547,0.11500678458734705,-0.020405888557434082,0.3279497027397156,0.34835559129714966,0.030541032552719116,True,0.11557575757575758,0.06335633961183211,-0.026935279369354248,0.3235014081001282,0.3504366874694824,0.03707042336463928,True,0.20396969696969697,0.00403690410629167,-0.05508232116699219,0.2927889823913574,0.3478713035583496,0.06521746516227722,True,0.38941818181818183,0.012513412680878924,-0.04368361830711365,0.2803806662559509,0.3240642845630646,0.05381876230239868,True,0.4280060606060606,0.01594194686230088,-0.0412273108959198,0.28425294160842896,0.32548025250434875,0.051362454891204834,True,0.5146969696969697,0.043874173521795616,0.6069030303030303,8,False,0.004363497544155062,0.12576374499128332,1.3940174999997907,0.7083819865820422,0.5932281949867714
4808471657,115031,A group of three people climb a path of wooden stairs up a rocky hill.,14546,A boy in blue shorts and a white shirt begins repelling down a rock.,202175131,0.30844512581825256,0.28671514987945557,0.021729975938796997,0.8977983433763498,13,3.7947076036992655e-17,1.0533832999999504,0.0002544000003581459,0.0001077000001714623,0.723645664707954,0.009626179933547974,0.25089937448501587,0.2412731945514679,0.012103796005249023,False,0.13230933333333333,0.23294500058707324,-0.011917561292648315,0.23844924569129944,0.25036680698394775,0.03364753723144531,True,0.23789333333333335,0.1605587495279265,-0.0165407657623291,0.23532873392105103,0.2518694996833801,0.0382707417011261,True,0.301536,0.7597650547241478,0.01151391863822937,0.22112350165843964,0.20960958302021027,0.010216057300567627,False,0.414992,0.4179202384826262,-0.0033131688833236694,0.16575154662132263,0.1690647155046463,0.025043144822120667,True,0.5794293333333334,0.46457506650472324,0.5794293333333334,8,False,0.4179202384826262,0.5511009906368978,0.766367352815557,0.011879116296768188,0.3063472509384155,0.29446813464164734,0.009850859642028809,False,0.12501866666666667,0.1291998616600053,-0.019080519676208496,0.2157561182975769,0.2348366379737854,0.04081049561500549,True,0.257328,0.01741941544848345,-0.04032596945762634,0.2137507200241089,0.25407668948173523,0.06205594539642334,True,0.3209706666666667,0.004842445083399184,-0.05325481295585632,0.19562849402427673,0.24888330698013306,0.07498478889465332,True,0.44567466666666666,0.02445838354839088,-0.03686019778251648,0.19614386558532715,0.23300406336784363,0.05859017372131348,True,0.508048,0.17344518366867742,0.44567466666666666,6,False,0.004842445083399184,0.33508512260618467,1.231341799999882,0.2911298828360458,0.2160158680307131
4914029409,121575,A little boy with a blue bike helmet and a woman in a green bike helmet are riding bikes down a street with other various bike riders.,132059,A group of kids playing on bicycles on a trial.,5506399373,0.3208276033401489,0.31323498487472534,0.007592618465423584,0.6811934512349104,13,9.020562075079397e-17,1.0886611999999332,0.00025419999974474194,0.0001077000001714623,0.7971765378315783,0.01368740200996399,0.26342540979385376,0.24973800778388977,-0.006094783544540405,False,0.11384384384384384,0.8767814503550132,0.019622981548309326,0.25222334265708923,0.2326003611087799,-0.012030363082885742,False,0.2646366366366366,0.8872601557346546,0.020630553364753723,0.23279905319213867,0.21216849982738495,-0.01303793489933014,False,0.3343843843843844,0.9442312962564582,0.02829158306121826,0.18015295267105103,0.15186136960983276,-0.020698964595794678,False,0.40285885885885886,0.7695175212452915,0.012055888772010803,0.21222539246082306,0.20016950368881226,-0.004463270306587219,False,0.5407207207207207,0.9002883195263975,0.45935735735735733,6,False,0.9398170231750281,0.8372465063021282,0.8598836166505155,0.01814323663711548,0.30161723494529724,0.28347399830818176,-0.010550618171691895,False,0.11998198198198198,0.8806672738734361,0.019987642765045166,0.29998496174812317,0.279997318983078,-0.012395024299621582,False,0.25565765765765763,0.8986559746329725,0.021823793649673462,0.30004724860191345,0.27822345495224,-0.014231175184249878,False,0.3483063063063063,0.8535746972823504,0.017629176378250122,0.2754422724246979,0.25781309604644775,-0.010036557912826538,False,0.4335555555555556,0.6765128943368985,0.007377922534942627,0.2752044200897217,0.26782649755477905,0.00021469593048095703,False,0.5843483483483484,0.7596700261643528,0.5843483483483484,7,False,0.6765128943368985,0.8265671724540755,1.1382434000001922,0.1406182933620448,0.010679333848052641
271396631,39546,A young red-haired man is fishing and caught some seaweed.,21566,A person rappelling a cliff above a body of water.,2255338013,0.30557817220687866,0.30263203382492065,0.002946138381958008,0.5731252998243764,14,8.326672684688674e-17,1.111965699999928,0.00025849999974525417,0.00011039999981221627,0.07480441473780303,-0.02515128254890442,0.2932596206665039,0.3184109032154083,0.028097420930862427,True,0.11828828828828829,0.7174722234466343,0.009319573640823364,0.29808309674263,0.28876352310180664,-0.0063734352588653564,False,0.2024924924924925,0.03794843803095146,-0.032328397035598755,0.26841843128204346,0.3007468283176422,0.03527453541755676,True,0.3462702702702703,0.07440525651278429,-0.025209099054336548,0.2639123201370239,0.2891214191913605,0.028155237436294556,True,0.4175915915915916,0.11707755753078598,-0.020204007625579834,0.2542492747306824,0.2744532823562622,0.023150146007537842,True,0.5055435435435436,0.18843033669932488,0.7903423423423424,10,False,0.021914042817461062,0.27378722311382964,0.9618878008703131,0.032283633947372437,0.3195827007293701,0.2872990667819977,-0.02933749556541443,False,0.12628228228228228,0.02272914839999811,-0.037611156702041626,0.2702305018901825,0.3078416585922241,0.040557295083999634,True,0.24457057057057058,0.015858009100351348,-0.04128095507621765,0.2671700119972229,0.30845096707344055,0.04422709345817566,True,0.328006006006006,0.05910372107867077,-0.027675390243530273,0.27262407541275024,0.3002994656562805,0.03062152862548828,True,0.40183783783783783,0.002026515144011958,-0.06199409067630768,0.23458369076251984,0.2965777814388275,0.06494022905826569,True,0.5056936936936937,0.17186263157211126,0.46707507507507506,6,False,0.005216570209692036,0.321752521775657,1.4254744999998366,0.016567705127213617,-0.04796529866182736
4972129585,125347,Several elderly men are grouped around a table.,116202,Eight men gathered around a table at night.,4823948097,0.3531801104545593,0.32711151242256165,0.02606859803199768,0.9313017621823763,14,3.599551212651875e-17,1.0063207999996848,0.00024660000008225325,0.00011210000002392917,0.9271199225404051,0.025432676076889038,0.33757245540618896,0.3121397793292999,0.0006359219551086426,False,0.169552,0.8949757348148759,0.02142605185508728,0.33251988887786865,0.31109383702278137,0.0046425461769104,False,0.27768533333333334,0.877930760259721,0.019729793071746826,0.32690754532814026,0.30717775225639343,0.0063388049602508545,False,0.35466133333333333,0.9194864016343468,0.024353891611099243,0.3088935613632202,0.28453966975212097,0.0017147064208984375,False,0.40818666666666664,0.6522475542636111,0.00628933310508728,0.29161468148231506,0.2853253483772278,0.0197792649269104,False,0.5468106666666667,0.6516467503413684,0.781632,11,False,0.2609729744414583,0.8802745632554376,0.9067809117935786,0.022749483585357666,0.3458114266395569,0.3230619430541992,0.0033191144466400146,False,0.18709866666666666,0.8656354705380277,0.018629074096679688,0.3421550989151001,0.3235260248184204,0.007439523935317993,False,0.25138666666666665,0.855122617870526,0.017753571271896362,0.3266363739967346,0.30888280272483826,0.008315026760101318,False,0.34197333333333335,0.7832463358035083,0.01284685730934143,0.3263772130012512,0.3135303556919098,0.01322174072265625,False,0.424848,0.5835793436821886,0.003374844789505005,0.3117360472679138,0.3083612024784088,0.022693753242492676,False,0.531424,0.7135534609768432,0.531424,7,False,0.5835793436821886,0.8422424992186951,1.57064470000023,-0.061906710635474815,0.03803206403674253
7900347098,150555,A girl with orange hair and tattoos takes a picture of a painting with her phone.,102814,A tattooed blond woman is holding a purse.,4603095253,0.37470367550849915,0.31467485427856445,0.06002882122993469,0.997534475442663,15,4.5102810375396984e-17,1.194156699999894,0.00025550000009388896,0.00011130000029879739,0.9899886384309265,0.04593972861766815,0.27703922986984253,0.23109950125217438,0.01408909261226654,False,0.12662462462462462,0.9925713661745634,0.04894956946372986,0.2781640589237213,0.22921448945999146,0.011079251766204834,False,0.20723723723723725,0.9823861749290904,0.040213003754615784,0.273298978805542,0.2330859750509262,0.01981581747531891,False,0.3004984984984985,0.987121375697952,0.04339224100112915,0.2751821279525757,0.23178988695144653,0.016636580228805542,False,0.44218618618618616,0.9866839420102281,0.04305379092693329,0.27001744508743286,0.22696365416049957,0.016975030303001404,False,0.5595495495495495,0.9879543441485219,0.7778198198198198,11,False,0.9861776479727853,0.9886373274837515,0.9807175193236054,0.03929087519645691,0.32176682353019714,0.28247594833374023,0.020737946033477783,False,0.12433633633633634,0.9851333657177419,0.04193657636642456,0.3184395730495453,0.2765029966831207,0.018092244863510132,False,0.20494894894894894,0.9702832252754741,0.034858763217926025,0.32832837104797363,0.2934696078300476,0.025170058012008667,False,0.34524324324324324,0.9941855813560061,0.051415830850601196,0.29987025260925293,0.24845442175865173,0.008612990379333496,False,0.4055495495495495,0.9975484319885757,0.060085728764534,0.27681827545166016,0.21673254668712616,-5.69075345993042e-05,False,0.5415315315315316,0.9862331655088274,0.711945945945946,10,False,0.9889878847501511,0.9861702468097828,1.648418600000241,0.001721178639694454,0.0024670806739687245
86350713,153370,"There is lady with the white apron has an utensil standing over a wok, a man in blue shorts and blue shirt sitting down, a person in a pink shirt and others are in the background all in one place.",1141,"Woman wearing a yellow hat, pink shirt, and red apron is holding food in a kitchen.",1082250005,0.34732818603515625,0.33844056725502014,0.008887618780136108,0.7086346015853425,14,6.245004513516506e-17,1.1487319000002572,0.0002509999999347201,0.00011029999996026163,0.9278523148835071,0.025541573762893677,0.31014785170555115,0.28460627794265747,-0.01665395498275757,False,0.1396156156156156,0.4213304206059658,-0.003173142671585083,0.28816378116607666,0.29133692383766174,0.012060761451721191,True,0.23904504504504503,0.09209860694116205,-0.02288275957107544,0.26369932293891907,0.2865820825099945,0.03177037835121155,True,0.30363963963963964,0.10478192458231037,-0.021451860666275024,0.25224512815475464,0.27369698882102966,0.030339479446411133,True,0.4065045045045045,0.4558461991652039,-0.0017707645893096924,0.22008804976940155,0.22185881435871124,0.0106583833694458,True,0.5687567567567567,0.6222369494583246,0.8210690690690691,11,False,0.9669656025305425,0.4457156743752459,0.6704719686970206,0.0071032047271728516,0.33283427357673645,0.3257310688495636,0.0017844140529632568,False,0.16318318318318317,0.618155767443291,0.004817277193069458,0.328199177980423,0.3233819007873535,0.00407034158706665,False,0.22777777777777777,0.44664761960775906,-0.0021422505378723145,0.30870673060417175,0.31084898114204407,0.011029869318008423,True,0.39265465465465466,0.4512844400737376,-0.0019548237323760986,0.308588445186615,0.3105432689189911,0.010842442512512207,True,0.4491171171171171,0.4391406912195691,-0.002446502447128296,0.2950000464916229,0.2974465489387512,0.011334121227264404,True,0.5033273273273273,0.49954059386911626,0.5033273273273273,7,False,0.4391406912195691,0.5789636289807494,1.4875041000000238,0.12269635558920838,-0.13324795460550348
2268207503,22010,"A lady pushes a stroller, behind a child, riding a tricycle, while another child walks along side.",40079,A child walks next to a woman down a park path.,2728583298,0.32858848571777344,0.32620319724082947,0.0023852884769439697,0.5593510751218826,14,4.683753385137379e-17,1.2607598999998118,0.000268199999936769,0.00011019999965355964,0.0035809186404691567,-0.05628548562526703,0.23263047635555267,0.2889159619808197,0.058670774102211,True,0.11912,0.006317037383869005,-0.0505816787481308,0.19388249516487122,0.24446417391300201,0.05296696722507477,True,0.25345066666666666,0.004205073976379213,-0.054672494530677795,0.18812435865402222,0.2427968531847,0.057057783007621765,True,0.3395146666666667,0.012265795561512728,-0.04388599097728729,0.20061150193214417,0.24449749290943146,0.04627127945423126,True,0.41885866666666666,0.01671499340419491,-0.04074592888355255,0.2127724438905716,0.25351837277412415,0.04313121736049652,True,0.5713333333333334,0.03228810113956333,0.768464,11,False,0.0006373518420867446,0.06565110904057546,0.0035809186404691567,-0.05628548562526703,0.23263047635555267,0.2889159619808197,0.058670774102211,True,0.11912,0.007460609037054685,-0.048906296491622925,0.20178350806236267,0.2506898045539856,0.051291584968566895,True,0.23521066666666668,0.011618522370272484,-0.04443468153476715,0.20275291800498962,0.24718759953975677,0.04681997001171112,True,0.366208,0.0037694871239371402,-0.0557703971862793,0.2116316556930542,0.2674020528793335,0.05815568566322327,True,0.445552,0.005706285598915961,-0.05160464346408844,0.21143083274364471,0.26303547620773315,0.05398993194103241,True,0.5379093333333334,0.03171843432757392,0.445552,7,False,0.0037694871239371402,0.06779367037197129,1.5172245999997358,0.0005696668119894097,-0.0021425613313958286
4494095559,98195,"A man on a skateboard waits at the corner of a city street, with an overpass in the background.",103283,A man is skateboarding on a road while another man watches from the sidewalk.,4612060755,0.36206603050231934,0.3273365795612335,0.034729450941085815,0.9699080942186923,10,5.2909066017292616e-17,1.1454828999999336,0.0002454000000398082,0.00010109999993801466,0.9159857028083949,0.023890137672424316,0.3018081486225128,0.2779180109500885,0.010839313268661499,False,0.1805945945945946,0.7776940632961783,0.012522786855697632,0.2935851216316223,0.2810623347759247,0.022206664085388184,False,0.33374174174174176,0.7776940632961783,0.012522786855697632,0.2935851216316223,0.2810623347759247,0.022206664085388184,False,0.33374174174174176,0.5932922988188524,0.0037759244441986084,0.2729652225971222,0.2691892981529236,0.030953526496887207,False,0.42656456456456454,0.7376535460377106,0.010338082909584045,0.24985691905021667,0.23951883614063263,0.02439136803150177,False,0.545981981981982,0.6583525554656487,0.8399219219219219,8,False,0.12365306324401737,0.8115298847077136,0.9159857028083949,0.023890137672424316,0.3018081486225128,0.2779180109500885,0.010839313268661499,False,0.1805945945945946,0.6972233457801077,0.008341103792190552,0.29471129179000854,0.286370187997818,0.026388347148895264,False,0.28011411411411413,0.8611823282089882,0.0182514488697052,0.2922206521034241,0.27396920323371887,0.016478002071380615,False,0.3729369369369369,0.8835767269805485,0.020267456769943237,0.29670706391334534,0.2764396071434021,0.014461994171142578,False,0.45096096096096094,0.8253026379685362,0.015526950359344482,0.27191609144210815,0.25638914108276367,0.019202500581741333,False,0.5252132132132132,0.6318943167932729,0.7205045045045045,7,False,0.28913832164243247,0.8651771034457808,1.1385361000002376,0.026458238672375844,-0.053647218738067215
400598822,86880,Two men are barbecuing their food while another prepares the meat.,97177,A man in white apron and blue shirt is cooking eggs outside for a woman in a tan coat.,4469735380,0.3592424690723419,0.3581312596797943,0.0011112093925476074,0.5277516845218899,12,8.066464163292153e-17,1.0066959999999199,0.00022920000037629507,0.00010680000013962854,0.7672956085809428,0.011931031942367554,0.3066340684890747,0.29470303654670715,-0.010819822549819946,False,0.21210133333333334,0.7672956085809428,0.011931031942367554,0.3066340684890747,0.29470303654670715,-0.010819822549819946,False,0.21210133333333334,0.8533275677347314,0.01760941743850708,0.26968899369239807,0.252079576253891,-0.016498208045959473,False,0.3851733333333333,0.634714560784465,0.005524963140487671,0.2821313738822937,0.27660641074180603,-0.0044137537479400635,False,0.48533333333333334,0.8410346814327674,0.016659468412399292,0.27078965306282043,0.25413018465042114,-0.015548259019851685,False,0.5497173333333333,0.8385514464833018,0.7125066666666666,9,False,0.9031245075956471,0.7269396854609567,0.8937280136134651,0.021293997764587402,0.35368800163269043,0.332394003868103,-0.020182788372039795,False,0.16926933333333333,0.7432306664623198,0.010628283023834229,0.34103792905807495,0.3304096460342407,-0.009517073631286621,False,0.2662293333333333,0.7048668816354592,0.008705824613571167,0.29381707310676575,0.2851112484931946,-0.00759461522102356,False,0.361648,0.68453145259831,0.007746756076812744,0.2900378108024597,0.282291054725647,-0.006635546684265137,False,0.41250133333333333,0.15094957563458522,-0.017271727323532104,0.2872513234615326,0.3045230507850647,0.018382936716079712,True,0.5563946666666667,0.7209614114144876,0.361648,4,False,0.7048668816354592,0.6545566502188256,1.2475914000001467,0.11759003506881427,0.07238303524213108
2872099696,45372,A man creates a sculpture with a hammer and chisel.,83194,A woman wearing a hat with making bread.,3827317206,0.33346664905548096,0.30155372619628906,0.031912922859191895,0.9605052723627593,14,3.5344990823027445e-17,1.3814254999997502,0.0002474000002621324,0.00010769999971671496,0.9852978858842514,0.042049527168273926,0.3174434304237366,0.27539390325546265,-0.010136604309082031,False,0.14778879310344828,0.8790930038979867,0.019838690757751465,0.31136104464530945,0.291522353887558,0.01207423210144043,False,0.21947413793103449,0.7062673288469489,0.008773237466812134,0.30642083287239075,0.2976475954055786,0.02313968539237976,False,0.3167758620689655,0.7292633773449017,0.009908884763717651,0.29613757133483887,0.2862286865711212,0.022004038095474243,False,0.435823275862069,0.35800304418196377,-0.005840420722961426,0.28617143630981445,0.2920118570327759,0.03775334358215332,True,0.5577327586206896,0.6639295884094638,0.9238448275862069,13,False,0.07944129176683072,0.7879400926647484,0.9250165629576159,0.025125443935394287,0.31945371627807617,0.2943282723426819,0.006787478923797607,False,0.15058189655172413,0.8866252635657956,0.020567238330841064,0.30688950419425964,0.2863222658634186,0.01134568452835083,False,0.23194827586206895,0.3838221732218157,-0.004733562469482422,0.276050329208374,0.28078389167785645,0.036646485328674316,True,0.35048706896551723,0.5336695516668234,0.0013488233089447021,0.27390262484550476,0.27255380153656006,0.030564099550247192,False,0.42664224137931034,0.8985025194022784,0.021806955337524414,0.2753719985485077,0.2535650432109833,0.01010596752166748,False,0.5371508620689656,0.773634913644111,0.4682586206896552,7,False,0.8287075758011561,0.7540419775022187,2.0864142000000356,-0.10970532523464716,0.03389811516252972
14559446,7881,Two men wearing hats and using walking sticks are walking near a body of water during sundown.,33228,Three men are walking up hill.,2547291721,0.3211488425731659,0.29146134853363037,0.029687494039535522,0.9511421936791243,12,6.591949208711867e-17,0.8303701999998339,0.00024399999983870657,0.00010679999968488119,0.9435350010043846,0.028160125017166138,0.31480735540390015,0.286647230386734,0.0015273690223693848,False,0.11174166666666667,0.7293357459379564,0.009912550449371338,0.2728073298931122,0.26289477944374084,0.019774943590164185,False,0.23319166666666666,0.8814935161273448,0.020066499710083008,0.2795620262622833,0.2594955265522003,0.009620994329452515,False,0.33145833333333335,0.974718368269153,0.03652070462703705,0.246923565864563,0.21040286123752594,-0.006833210587501526,False,0.42115833333333336,0.8770371893516374,0.019646674394607544,0.24044685065746307,0.22080017626285553,0.010040819644927979,False,0.5211333333333333,0.7507071712738729,1.0,12,False,0.26219797129688327,0.8873034698105363,0.7166135976644823,0.009277254343032837,0.2786971628665924,0.26941990852355957,0.020410239696502686,False,0.12145,0.9056372643778634,0.02261492609977722,0.2898228168487549,0.26720789074897766,0.007072567939758301,False,0.21971666666666667,0.8814935161273448,0.020066499710083008,0.2795620262622833,0.2594955265522003,0.009620994329452515,False,0.33145833333333335,0.8500864128471408,0.017352789640426636,0.28060758113861084,0.2632547914981842,0.012334704399108887,False,0.4931333333333333,0.8069485002199053,0.014303028583526611,0.2767176032066345,0.2624145746231079,0.015384465456008911,False,0.5853166666666667,0.6918375595249107,0.8509666666666666,9,False,0.30138556281812995,0.8494233471512647,1.0206066999999166,0.058869611748962214,0.03788012265927165
4817447781,115724,Pedestrians walk by outside a cafe.,98864,A group of people walk along a sidewalk.,4510809964,0.303032785654068,0.28959184885025024,0.013440936803817749,0.7931623396395506,12,3.469446951953614e-17,0.9797438000000511,0.00023869999995440594,0.00010750000001280569,0.9438308650330883,0.028215795755386353,0.27701613306999207,0.2488003373146057,-0.014774858951568604,False,0.20733180778032037,0.9438308650330883,0.028215795755386353,0.27701613306999207,0.2488003373146057,-0.014774858951568604,False,0.20733180778032037,0.89555264793404,0.021487578749656677,0.24463187158107758,0.2231442928314209,-0.008046641945838928,False,0.3585537757437071,0.9734447510292711,0.03601613640785217,0.24902580678462982,0.21300967037677765,-0.022575199604034424,False,0.44155606407322656,0.9261881792227902,0.02529558539390564,0.24260547757148743,0.2173098921775818,-0.01185464859008789,False,0.5108604118993135,0.8964551461506243,0.8560823798627002,9,False,0.8301863219240182,0.9054068358848326,0.46873351076814196,-0.001252293586730957,0.269945353269577,0.271197646856308,0.014693230390548706,True,0.15122196796338672,0.6826698610416515,0.00766068696975708,0.28577515482902527,0.2781144678592682,0.005780249834060669,False,0.2003203661327231,0.5763266782297016,0.0030771195888519287,0.2797665596008301,0.27668944001197815,0.01036381721496582,False,0.3310983981693364,0.5094931339180779,0.00037977099418640137,0.2723971903324127,0.2720174193382263,0.013061165809631348,False,0.4349610983981693,0.6220725394534631,0.00498354434967041,0.2600354850292206,0.25505194067955017,0.008457392454147339,False,0.5179633867276888,0.5975147054555074,0.3310983981693364,4,False,0.5763266782297016,0.597249012771254,1.5806287000000339,0.2989404406951168,0.30815782311357864
4813957025,115457,An older man in a tropical shirt plays a drum.,10805,An African American man with a black hat and black tank top plays the drums on some buckets for donations.,1675332284,0.3289291262626648,0.32797372341156006,0.0009554028511047363,0.5238669193761699,11,8.673617379884035e-17,1.1414481000001615,0.00024220000022978638,0.00010640000027706265,0.5527033673648295,0.002115994691848755,0.301634818315506,0.2995188236236572,-0.0011605918407440186,False,0.16126726726726726,0.23364065136845252,-0.011878669261932373,0.2658710181713104,0.2777496874332428,0.01283407211303711,True,0.2622702702702703,0.1264469318676163,-0.01932746171951294,0.26093143224716187,0.2802588939666748,0.020282864570617676,True,0.34075675675675676,0.22620986185315867,-0.012298375368118286,0.22526216506958008,0.23756054043769836,0.013253778219223022,True,0.47885285285285284,0.19041321716535348,-0.01447327435016632,0.22009126842021942,0.23456454277038574,0.015428677201271057,True,0.6153093093093093,0.21597284250725057,0.8453393393393394,9,False,0.023680783834939507,0.31435579987784895,0.4530783695385615,-0.001882404088973999,0.3177850544452667,0.3196674585342407,0.0028378069400787354,True,0.1380960960960961,0.4538635075431355,-0.001850724220275879,0.3054347634315491,0.30728548765182495,0.0028061270713806152,True,0.20633033033033032,0.3777078326146664,-0.004992887377738953,0.24817536771297455,0.2531682550907135,0.005948290228843689,True,0.30733333333333335,0.23060248713404127,-0.012049123644828796,0.24678166210651398,0.2588307857513428,0.013004526495933533,True,0.43387987987987986,0.283590406257862,-0.009267210960388184,0.23054710030555725,0.23981431126594543,0.01022261381149292,True,0.6158498498498498,0.3073663132739145,0.43387987987987986,5,False,0.23060248713404127,0.3664328676994534,1.1273755000001984,-0.09139347076666393,-0.05207706782160443
7249763658,146252,A man in a striped polo is signing autographs for children at a convention.,15814,A boy with writing on his hand is standing in a store.,2076906555,0.36888307332992554,0.29472196102142334,0.0741611123085022,0.9993988779306573,8,2.7755575615628914e-17,1.2250442999998086,0.00023989999999685097,9.679999993750243e-05,0.9899441015171306,0.045894891023635864,0.34061264991760254,0.2947177588939667,0.028266221284866333,False,0.2944,0.9899441015171306,0.045894891023635864,0.34061264991760254,0.2947177588939667,0.028266221284866333,False,0.2944,0.47731961633157344,-0.0009078383445739746,0.29323408007621765,0.2941419184207916,0.07506895065307617,True,0.3566285714285714,0.5726797471781657,0.002927929162979126,0.2847445011138916,0.2818165719509125,0.07123318314552307,False,0.4974571428571429,0.13615955279477013,-0.01847560703754425,0.24686314165592194,0.2653387486934662,0.09263671934604645,True,0.5347028571428571,0.5344826257834703,1.0,8,False,0.01937450272794316,0.7959929737180786,0.47731961633157344,-0.0009078383445739746,0.29323408007621765,0.2941419184207916,0.07506895065307617,True,0.3566285714285714,0.47731961633157344,-0.0009078383445739746,0.29323408007621765,0.2941419184207916,0.07506895065307617,True,0.3566285714285714,0.47731961633157344,-0.0009078383445739746,0.29323408007621765,0.2941419184207916,0.07506895065307617,True,0.3566285714285714,0.0720621447520048,-0.025554358959197998,0.26136699318885803,0.28692135214805603,0.0997154712677002,True,0.44901714285714284,0.010483094615427041,-0.04547452926635742,0.25325897336006165,0.29873350262641907,0.11963564157485962,True,0.5682628571428572,0.3107684738810957,0.8528114285714286,7,False,0.0015908318981900018,0.5166973010237951,1.044071399999666,0.2237141519023746,0.27929567269428357
3591283677,75022,Little boy playing tennis with a black and yellow racket.,60387,A child jumping on a tennis court.,3245460937,0.3291007876396179,0.313899964094162,0.015200823545455933,0.8205506073979475,12,4.163336342344337e-17,1.2214982000000418,0.00025129999994533136,0.0001071000001502398,0.03333899854352842,-0.03367120027542114,0.2698102295398712,0.30348142981529236,0.048872023820877075,True,0.16882985074626866,0.004792103755545332,-0.05335982143878937,0.22479315102100372,0.2781529724597931,0.0685606449842453,True,0.24399402985074628,0.007688235606949808,-0.04860346019268036,0.2232116013765335,0.27181506156921387,0.06380428373813629,True,0.31398208955223883,0.020300514046127944,-0.03876599669456482,0.23660492897033691,0.27537092566490173,0.05396682024002075,True,0.44268059701492535,0.03243281868665691,-0.0339561402797699,0.22524625062942505,0.25920239090919495,0.04915696382522583,True,0.5710805970149254,0.08968621499486477,0.8883283582089552,10,False,0.10798289990207467,0.13857474191930602,0.03333899854352842,-0.03367120027542114,0.2698102295398712,0.30348142981529236,0.048872023820877075,True,0.16882985074626866,0.07622288836841076,-0.024948090314865112,0.2782680094242096,0.3032160997390747,0.040148913860321045,True,0.24653731343283583,0.07116280669168522,-0.025689631700515747,0.28993144631385803,0.3156210780143738,0.04089045524597168,True,0.3546865671641791,0.019804193854400142,-0.03901858627796173,0.23581598699092865,0.2748345732688904,0.054219409823417664,True,0.4298507462686567,0.018140178968276015,-0.03991319239139557,0.2363247126340866,0.2762379050254822,0.0551140159368515,True,0.5582507462686567,0.07663456173440031,0.6869492537313433,7,False,0.05915487016766943,0.1615089657226248,1.3275613000000703,0.013051653260464466,-0.022934223803318776
3344531479,64512,A man in a orange shirt and white shorts playing tennis.,147544,A tennis player strikes the ball.,7468663062,0.34210851788520813,0.3189406991004944,0.023167818784713745,0.9102574028206982,16,1.1102230246251565e-16,1.221359200000279,0.00024759999996604165,0.00011790000007749768,0.08549054637306447,-0.023699820041656494,0.30447375774383545,0.32817357778549194,0.04686763882637024,True,0.11099,0.10854222048306147,-0.021057188510894775,0.2975602447986603,0.31861743330955505,0.04422500729560852,True,0.21057,0.11750892390152877,-0.020162343978881836,0.3065049350261688,0.32666727900505066,0.04333016276359558,True,0.32828,0.16928180934049727,-0.015907257795333862,0.3108406662940979,0.32674792408943176,0.03907507658004761,True,0.44546,0.1334093184843447,-0.018711447715759277,0.28676527738571167,0.30547672510147095,0.04187926650047302,True,0.536095,0.14035733337578224,0.536095,9,False,0.1334093184843447,0.2028454625595874,0.06667069021869154,-0.02638992667198181,0.2969723641872406,0.3233622908592224,0.04955774545669556,True,0.156195,0.0876276739920673,-0.023429512977600098,0.29732567071914673,0.3207551836967468,0.04659733176231384,True,0.218415,0.07004364943133763,-0.025860190391540527,0.2960863709449768,0.32194656133651733,0.04902800917625427,True,0.363885,0.0543932352925344,-0.028555870056152344,0.2914515435695648,0.32000741362571716,0.05172368884086609,True,0.42521,0.04786658329637327,-0.029902875423431396,0.28857338428497314,0.31847625970840454,0.05307069420814514,True,0.533555,0.0928542183211532,0.363885,6,False,0.07004364943133763,0.19101930178949714,1.7505311999998412,0.047503115054629036,0.011826160770090272
416992999,90140,A girl wearing glasses is in a blue harness while rock climbing.,14546,A boy in blue shorts and a white shirt begins repelling down a rock.,202175131,0.3365326225757599,0.3328176438808441,0.0037149786949157715,0.5918208668656639,14,4.5102810375396984e-17,1.1897915999998077,0.00024350000012418604,0.00010849999989659409,0.030198467404878106,-0.034693002700805664,0.2870398163795471,0.3217328190803528,0.038407981395721436,True,0.15728,0.06675418991037872,-0.02637651562690735,0.2880910336971283,0.31446754932403564,0.03009149432182312,True,0.24322666666666667,0.10011464950262054,-0.021959513425827026,0.27378225326538086,0.2957417666912079,0.025674492120742798,True,0.30757866666666667,0.11819178722069934,-0.020096659660339355,0.26464125514030457,0.2847379148006439,0.023811638355255127,True,0.46174933333333334,0.12502252504106826,-0.01945704221725464,0.25578927993774414,0.2752463221549988,0.02317202091217041,True,0.52784,0.12010098513194967,0.6926506666666666,10,False,0.1054672639447786,0.1578441829874696,0.014817349776448404,-0.041970282793045044,0.2862815260887146,0.32825180888175964,0.045685261487960815,True,0.13127466666666668,0.009343132099698611,-0.046637266874313354,0.27248597145080566,0.319123238325119,0.050352245569229126,True,0.20144533333333334,0.282342955421232,-0.009328693151473999,0.28563499450683594,0.29496368765830994,0.01304367184638977,True,0.36001066666666665,0.24587511964610792,-0.011207342147827148,0.265495240688324,0.2767025828361511,0.01492232084274292,True,0.42436266666666667,0.08061315863612444,-0.024340450763702393,0.2340187132358551,0.2583591639995575,0.028055429458618164,True,0.5465973333333334,0.18069146654968274,0.4755413333333333,7,False,0.20740881703964115,0.1843065741814631,1.416300400000182,-0.06059048141773307,-0.02646239119399349
7194590496,145927,There is a goalie in a swimming pool blocking the ball.,145218,Soccer players are jumping in the air to hit the ball with their heads.,7099368287,0.3295801281929016,0.28585726022720337,0.04372286796569824,0.987534994760533,12,2.7755575615628914e-17,1.0238217999999506,0.00023680000003878376,0.00010539999993852689,0.9783600278868329,0.03811335563659668,0.28978481888771057,0.2516714632511139,0.0056095123291015625,False,0.1755855855855856,0.9901632454225723,0.04611743986606598,0.2893799841403961,0.24326254427433014,-0.002394571900367737,False,0.2504084084084084,0.9873064357817555,0.04353885352611542,0.26979750394821167,0.22625865042209625,0.0001840144395828247,False,0.3110510510510511,0.9715095433212929,0.035292819142341614,0.2559615969657898,0.22066877782344818,0.008430048823356628,False,0.4607747747747748,0.9171542259445956,0.024042949080467224,0.23964634537696838,0.21560339629650116,0.019679918885231018,False,0.5200840840840841,0.8316341995780463,0.7864924924924925,9,False,0.8505031444053602,0.9783887657439599,0.9783600278868329,0.03811335563659668,0.28978481888771057,0.2516714632511139,0.0056095123291015625,False,0.1755855855855856,0.9787846410506722,0.03831586241722107,0.28191402554512024,0.24359816312789917,0.005407005548477173,False,0.2375975975975976,0.9888641734622053,0.04486389458179474,0.2778218388557434,0.23295794427394867,-0.0011410266160964966,False,0.3124204204204204,0.9832320237602783,0.04071374237537384,0.2629002034664154,0.22218646109104156,0.003009125590324402,False,0.43237237237237236,0.9802234117173889,0.039032816886901855,0.26702016592025757,0.2279873490333557,0.004690051078796387,False,0.5155495495495496,0.9315938174342315,0.8696696696696696,10,False,0.8032916940151535,0.9830731264456399,1.4104215000002114,-0.09995961785618523,-0.00468436070167999
3665179773,77940,"Two teenage girls hugging, one wearing a bicycle helmet, with cyclists in the background.",15439,Two people on a bicycle are posing for a picture,2064792226,0.39887890219688416,0.28783631324768066,0.11104258894920349,0.9999849521275604,12,1.249000902703301e-16,1.2664580999999089,0.00023480000027120695,0.00010829999973793747,0.9990083715574579,0.06915169954299927,0.3270563781261444,0.25790467858314514,0.041890889406204224,False,0.1545120481927711,0.9987816796318649,0.06709063053131104,0.31260278820991516,0.24551215767860413,0.043951958417892456,False,0.2575240963855422,0.9942696108545417,0.05156224966049194,0.3148949146270752,0.26333266496658325,0.05948033928871155,False,0.34745180722891567,0.9383155669851365,0.027220547199249268,0.2826157212257385,0.25539517402648926,0.08382204174995422,False,0.4311566265060241,0.15870988388728008,-0.016678586602211,0.22780154645442963,0.24448013305664062,0.1277211755514145,True,0.5664759036144579,0.5378468544566382,0.9588373493975904,11,False,0.004609999109798364,0.886278582697639,0.9990083715574579,0.06915169954299927,0.3270563781261444,0.25790467858314514,0.041890889406204224,False,0.1545120481927711,0.989155645543848,0.045132070779800415,0.31475722789764404,0.26962515711784363,0.06591051816940308,False,0.24443975903614457,0.9744663913531196,0.03641894459724426,0.28101763129234314,0.24459868669509888,0.07462364435195923,False,0.3621325301204819,0.9227000811813018,0.02479611337184906,0.2589181065559387,0.23412199318408966,0.08624647557735443,False,0.44583734939759034,0.5037322990261986,0.00014929473400115967,0.22276610136032104,0.22261680662631989,0.11089329421520233,False,0.5384036144578314,0.5730617155346648,0.8235180722891566,10,False,0.010844578235971299,0.9375914071690943,1.481083000000126,-0.03521486107802663,-0.05131282447145524
4846324908,117545,"Three people, two in black and one in yellow, are seated on a wooden bench, only their heads and shoulders visible, in front of a sign for a furniture showroom &amp; restaurant.",95137,Asian people sitting at a restaurant with yellow chairs.,4427860005,0.3396831154823303,0.33553647994995117,0.00414663553237915,0.6022055824867633,13,7.806255641895632e-17,0.9125704999996742,0.0002596999997876992,0.00011689999973896192,0.9995055999805111,0.07611671090126038,0.3097379207611084,0.23362120985984802,-0.07197007536888123,False,0.12854225352112675,0.9945490929980929,0.05206507444381714,0.28355950117111206,0.23149442672729492,-0.04791843891143799,False,0.2344507042253521,0.9972375152843678,0.05888858437538147,0.24302101135253906,0.1841324269771576,-0.05474194884300232,False,0.3187535211267606,0.9640849989711795,0.03290024399757385,0.2047760784626007,0.17187583446502686,-0.028753608465194702,False,0.4223591549295775,0.9820876102437847,0.04004187881946564,0.21228450536727905,0.17224262654781342,-0.03589524328708649,False,0.5114577464788732,0.7074460407450044,0.797725352112676,10,False,0.16874332504063674,0.9400515848826542,0.48691008648365686,-0.0005237162113189697,0.3141079843044281,0.31463170051574707,0.00467035174369812,True,0.10590845070422535,0.2559154429393767,-0.010673075914382935,0.3090258836746216,0.3196989595890045,0.014819711446762085,True,0.2108380281690141,0.16581686674862184,-0.01615568995475769,0.31055930256843567,0.32671499252319336,0.02030232548713684,True,0.3177042253521127,0.05119387864549173,-0.029195845127105713,0.28728172183036804,0.31647756695747375,0.03334248065948486,True,0.451830985915493,0.31234660128403274,-0.007891714572906494,0.256961464881897,0.26485317945480347,0.012038350105285645,True,0.5205633802816901,0.2898845576361886,0.5205633802816901,6,False,0.31234660128403274,0.28090124779797865,1.0519682999997713,0.4175614831088158,0.6591503370846755
102617084,447,"Five people wearing winter clothing, helmets, and ski goggles stand outside in the snow.",57115,"Two large black dogs, one small black dog, and one large white dog are standing in some snow.",317383917,0.34502366185188293,0.29848217964172363,0.0465414822101593,0.9905677932202023,14,4.85722573273506e-17,1.0548955999997816,0.000247500000114087,0.00010990000009769574,0.984341303939634,0.041409462690353394,0.3390088379383087,0.2975993752479553,0.005132019519805908,False,0.10037866666666667,0.9658568167166035,0.03342452645301819,0.327033132314682,0.2936086058616638,0.013116955757141113,False,0.258336,0.8976442850750211,0.021713197231292725,0.33151036500930786,0.30979716777801514,0.024828284978866577,False,0.31256,0.7991009871937758,0.013806849718093872,0.3102847933769226,0.29647794365882874,0.03273463249206543,False,0.4116106666666667,0.6097574432733007,0.004462927579879761,0.23047223687171936,0.2260093092918396,0.04207855463027954,False,0.5804266666666666,0.8317990201720029,0.883152,12,False,0.9478915689899838,0.8728362889607049,0.984341303939634,0.041409462690353394,0.3390088379383087,0.2975993752479553,0.005132019519805908,False,0.10037866666666667,0.9435667480000742,0.028166085481643677,0.33300578594207764,0.30483970046043396,0.018375396728515625,False,0.23548266666666667,0.8019903711950679,0.013987809419631958,0.31349456310272217,0.2995067536830902,0.032553672790527344,False,0.32420266666666664,0.003951507745831279,-0.05529698729515076,0.2693021297454834,0.32459911704063416,0.10183846950531006,True,0.451728,0.005665654024198049,-0.05167651176452637,0.27131715416908264,0.322993665933609,0.09821799397468567,True,0.5015893333333333,0.38163252634144346,0.5427946666666666,8,False,0.00800430802297972,0.7145588459081373,1.7083136000001105,0.45016649383055946,0.15827744305256752
1255504166,3772,A young boy plays in the water with the mountains in the background.,148861,A child with shoulder-length brown hair is playing in water outdoors.,766061382,0.3786662817001343,0.35098105669021606,0.027685225009918213,0.9409509468116442,12,4.85722573273506e-17,1.4440520000002834,0.00025410000034753466,0.00010640000027706265,0.9983313153601365,0.06394049525260925,0.26621317863464355,0.2022726833820343,-0.03625527024269104,False,0.11087687687687688,0.9964320046627563,0.05632176995277405,0.24243654310703278,0.18611477315425873,-0.028636544942855835,False,0.2486126126126126,0.99901061575693,0.0691743791103363,0.22908450663089752,0.15991012752056122,-0.04148915410041809,False,0.3648588588588589,0.9966839046453999,0.05705645680427551,0.21985766291618347,0.16280120611190796,-0.0293712317943573,False,0.4455315315315315,0.9979071991450161,0.06167156994342804,0.21240714192390442,0.15073557198047638,-0.03398634493350983,False,0.5375315315315315,0.9763198245093306,1.0,12,False,0.7923794571148572,0.9917882004500999,0.9462888133733083,0.028689265251159668,0.3433397114276886,0.31465044617652893,-0.001004040241241455,False,0.16578378378378378,0.8404736694524834,0.016617566347122192,0.32457447052001953,0.30795690417289734,0.01106765866279602,False,0.24482882882882884,0.8406893258585472,0.016633659601211548,0.32785898447036743,0.3112253248691559,0.011051565408706665,False,0.3035195195195195,0.8271553686861124,0.015655994415283203,0.31418749690055847,0.29853150248527527,0.01202923059463501,False,0.458,0.7967536164809861,0.01366126537322998,0.31421345472335815,0.3005521893501282,0.014023959636688232,False,0.55,0.9097951287752525,0.360960960960961,5,False,0.9077634947508496,0.8725692391493731,1.237619900000027,0.06652469573407815,0.11921896130072673
2346401538,25080,A woman with a blue hat and blue and red jacket setting up a camera on a tripod.,129102,Three young girls in winter coats and hats inspect cameras.,5246144625,0.37750232219696045,0.31150928139686584,0.0659930408000946,0.9986405355850488,12,8.326672684688674e-17,1.2933974000002308,0.0002463999999235966,0.0001046000002133951,0.9977555315835152,0.06097039580345154,0.3522034287452698,0.29123303294181824,0.005022644996643066,False,0.10137267080745342,0.8785744546192834,0.01978999376296997,0.2848667502403259,0.26507675647735596,0.046203047037124634,False,0.2955217391304348,0.9735928792472222,0.03607359528541565,0.2843181788921356,0.24824458360671997,0.029919445514678955,False,0.3800869565217391,0.7295127917432318,0.009921520948410034,0.214931458234787,0.20500993728637695,0.05607151985168457,False,0.45283850931677017,0.8906643916552083,0.02097545564174652,0.21112404763698578,0.19014859199523926,0.045017585158348083,False,0.544527950310559,0.6318832326856615,0.7297391304347826,8,False,0.20562945847697225,0.9143271480068019,0.9977555315835152,0.06097039580345154,0.3522034287452698,0.29123303294181824,0.005022644996643066,False,0.10137267080745342,0.9761924146673374,0.03713655471801758,0.31484198570251465,0.27770543098449707,0.028856486082077026,False,0.27239751552795033,0.9968927460503967,0.05770903825759888,0.29470565915107727,0.2369966208934784,0.008284002542495728,False,0.3872111801242236,0.9867015704912672,0.043067216873168945,0.2759242355823517,0.23285701870918274,0.02292582392692566,False,0.47177639751552797,0.9440750977020553,0.028261959552764893,0.28128117322921753,0.25301921367645264,0.03773108124732971,False,0.5780993788819876,0.9530932403710414,0.6569875776397516,7,False,0.9125197009905853,0.9855920436104108,1.2151223000000755,-0.3212100076853799,-0.07126489560360882
4800006797,114430,Graffiti with saying CRAZI with bright green and pink with women in a red skirt walking by.,120357,A group of people walking up stairs surrounded by buildings covered in graffiti.,4890769146,0.3385782539844513,0.30292826890945435,0.03564998507499695,0.9724816595256635,11,7.632783294297951e-17,1.075231199999962,0.0002610000001368462,9.949999957825639e-05,0.7646930182141563,0.011785835027694702,0.29949113726615906,0.28770530223846436,0.023864150047302246,False,0.21616077170418008,0.7646930182141563,0.011785835027694702,0.29949113726615906,0.28770530223846436,0.023864150047302246,False,0.21616077170418008,0.4417664894521949,-0.002339959144592285,0.26048821210861206,0.26282817125320435,0.03798994421958923,True,0.30012861736334406,0.0578501659778104,-0.027903079986572266,0.22605636715888977,0.25395944714546204,0.06355306506156921,True,0.4937234726688103,0.10986638447993975,-0.020921066403388977,0.2223072052001953,0.2432282716035843,0.056571051478385925,True,0.5731511254019293,0.4400301207396965,0.718064308681672,7,False,0.33788663825344,0.5119569208652828,0.6799890747349282,0.007537215948104858,0.3031676411628723,0.29563042521476746,0.02811276912689209,False,0.12153054662379421,0.22608312439709655,-0.012305617332458496,0.2837485074996948,0.2960541248321533,0.047955602407455444,True,0.3376913183279743,0.22608312439709655,-0.012305617332458496,0.2837485074996948,0.2960541248321533,0.047955602407455444,True,0.3376913183279743,0.24715246281256667,-0.011138573288917542,0.24016280472278595,0.2513013780117035,0.04678855836391449,True,0.42165916398713826,0.12226148093453862,-0.019711866974830627,0.20852576196193695,0.22823762893676758,0.055361852049827576,True,0.5700128617363344,0.2743326010975826,0.6494405144694534,6,False,0.08559942028507989,0.43088802698635986,1.1441115000002355,0.16569751964211388,0.08106889387892291
4752074240,111635,"Two nuns, one with paper in her hand, and the other holding a bag.",125294,A woman wearing all black looking at something.,4971580248,0.35340988636016846,0.2857832908630371,0.06762659549713135,0.9988451848973726,12,3.642919299551295e-17,1.087412299999869,0.0002533000001676555,0.00010689999999158317,0.9974461804565747,0.05967608094215393,0.35287755727767944,0.2932014763355255,0.007950514554977417,False,0.11254819277108434,0.9956719766572615,0.05438306927680969,0.3349754810333252,0.2805924117565155,0.013243526220321655,False,0.2925301204819277,0.9940277523905025,0.05114641785621643,0.3178580701351166,0.26671165227890015,0.016480177640914917,False,0.38847590361445783,0.8026714635631459,0.014030754566192627,0.28477171063423157,0.27074095606803894,0.05359584093093872,False,0.48023493975903614,0.8219259329877687,0.015294507145881653,0.25152042508125305,0.2362259179353714,0.052332088351249695,False,0.5508674698795181,0.9329925324785673,0.7190783132530121,8,False,0.9304953522207846,0.9566006368679578,0.9884161462471179,0.04446491599082947,0.33637553453445435,0.2919106185436249,0.02316167950630188,False,0.15541566265060242,0.9869414335006734,0.04325166344642639,0.33333760499954224,0.29008594155311584,0.024374932050704956,False,0.24717469879518073,0.9630168373205532,0.032596081495285034,0.31724056601524353,0.2846444845199585,0.035030514001846313,False,0.38428915662650603,0.6698949096129769,0.0070770978927612305,0.2773616313934326,0.2702845335006714,0.06054949760437012,False,0.45492168674698796,0.8219259329877687,0.015294507145881653,0.25152042508125305,0.2362259179353714,0.052332088351249695,False,0.5508674698795181,0.663644311081776,0.7477590361445783,9,False,0.18504222045211433,0.9221333424389504,1.2698717000002944,0.26934822139679127,0.03446729442900742
464340358,104906,Three men with hard hats in front of a large hole in the ground.,110967,A man in a reflective vest stands in a hole in the ground.,4739632460,0.3416261076927185,0.2948967516422272,0.04672935605049133,0.9907417201521133,12,6.938893903907228e-17,1.122484799999711,0.00025279999999838765,0.00010229999998045969,0.8810385417355049,0.02002301812171936,0.2875621020793915,0.2675390839576721,0.026706337928771973,False,0.16076047904191618,0.39134620862156694,-0.004416570067405701,0.23923003673553467,0.24364660680294037,0.051145926117897034,True,0.24660479041916167,0.32758720885028375,-0.007191181182861328,0.22658661007881165,0.23377779126167297,0.05392053723335266,True,0.31194610778443116,0.2110879061224109,-0.013183802366256714,0.2225530445575714,0.23573684692382812,0.05991315841674805,True,0.46677245508982035,0.32977170374894127,-0.007092177867889404,0.22093483805656433,0.22802701592445374,0.05382153391838074,True,0.5124790419161677,0.40169502694934783,0.9447844311377246,11,False,0.30965777322587124,0.5514696619598916,0.9409958053025705,0.02769330143928528,0.32227158546447754,0.29457828402519226,0.019036054611206055,False,0.1637065868263473,0.8425915487695643,0.01677638292312622,0.31393861770629883,0.2971622347831726,0.029952973127365112,False,0.3185329341317365,0.8425915487695643,0.01677638292312622,0.31393861770629883,0.2971622347831726,0.029952973127365112,False,0.3185329341317365,0.04404453697224423,-0.030775099992752075,0.2573177218437195,0.28809282183647156,0.07750445604324341,True,0.40035928143712574,0.0336193827439378,-0.03358455002307892,0.21769140660762787,0.2512759566307068,0.08031390607357025,True,0.6056107784431137,0.3475968837347968,0.6914550898203593,7,False,0.014590032113446947,0.5621393511922842,1.393077700000049,0.05409814321455103,-0.010669689232392643
374124237,80995,"A woman is propping her leg up revealing cleavage, a great tatoo, and some kicking boots.",61465,"A drunken woman in a blue dress, black tights, and black leather pumps, laying on a couch, smoking a cigarette, laughing.",3269841412,0.3328007161617279,0.30997124314308167,0.02282947301864624,0.9074548602934852,13,1.0408340855860843e-16,1.2553419000000758,0.00025120000009337673,0.00010819999988598283,0.25609197659431127,-0.010663807392120361,0.28995299339294434,0.3006168007850647,0.0334932804107666,True,0.14848,0.06630997782956975,-0.026448041200637817,0.27033305168151855,0.29678109288215637,0.04927751421928406,True,0.232608,0.16171005728551988,-0.01645559072494507,0.27462342381477356,0.29107901453971863,0.03928506374359131,True,0.3146986666666667,0.03038220883809287,-0.03463044762611389,0.25780412554740906,0.29243457317352295,0.05745992064476013,True,0.453776,0.34102201690427963,-0.006587430834770203,0.2430156171321869,0.2496030479669571,0.029416903853416443,True,0.5187573333333333,0.28246313883491747,0.8419253333333333,11,False,0.4153480928502485,0.2597118028657228,0.1424207776663306,-0.01795327663421631,0.29677584767341614,0.31472912430763245,0.04078274965286255,True,0.16725333333333334,0.03420446495371317,-0.033405959606170654,0.27150020003318787,0.3049061596393585,0.056235432624816895,True,0.25138133333333335,0.05038913093125836,-0.029362767934799194,0.25032249093055725,0.27968525886535645,0.052192240953445435,True,0.366384,0.051990647367837435,-0.029033005237579346,0.24966368079185486,0.2786966860294342,0.051862478256225586,True,0.42422933333333335,0.5432739589529659,0.001735299825668335,0.22280964255332947,0.22107434272766113,0.021094173192977905,False,0.5514453333333333,0.2665090557774171,0.763008,10,False,0.327780896011412,0.2555395567603106,1.658219100000224,0.015954083057500346,0.004172246105412225
2729685399,40115,Three people standing near each other wearing coats with other people in the background,27901,"A man in a brown coat, with a fancy scarf, waits next to a woman and a man wearing headphones.",2421340833,0.339910626411438,0.33362826704978943,0.00628235936164856,0.6520893585493833,12,4.5102810375396984e-17,1.2024159000002328,0.0002718000000641041,0.00010720000000219443,0.8718166898854521,0.019171178340911865,0.27712804079055786,0.257956862449646,-0.012888818979263306,False,0.23201066666666667,0.8718166898854521,0.019171178340911865,0.27712804079055786,0.257956862449646,-0.012888818979263306,False,0.23201066666666667,0.8356622566981703,0.01626300811767578,0.27377238869667053,0.25750938057899475,-0.009980648756027222,False,0.338384,0.9770480266872723,0.03751131892204285,0.27114155888557434,0.2336302399635315,-0.031228959560394287,False,0.44082133333333334,0.9858059480450964,0.042406365275382996,0.2658692002296448,0.22346283495426178,-0.036124005913734436,False,0.50768,0.8593495345022835,0.835232,9,False,0.927446974089239,0.8392251935542164,0.46287589248607314,-0.0014877021312713623,0.3262521028518677,0.32773980498313904,0.007770061492919922,True,0.138656,0.5424337905996715,0.001701444387435913,0.3187696635723114,0.3170682191848755,0.0045809149742126465,False,0.20551466666666668,0.6722184473221503,0.00718235969543457,0.2962650656700134,0.28908270597457886,-0.0009000003337860107,False,0.38624533333333333,0.2539873181852226,-0.010774582624435425,0.2843829095363617,0.2951574921607971,0.017056941986083984,True,0.473872,0.26684384064048783,-0.010106950998306274,0.28476130962371826,0.29486826062202454,0.016389310359954834,True,0.5078666666666667,0.37261972418982536,0.473872,6,False,0.2539873181852226,0.5318334875488615,1.3367238000000725,0.4867298103124581,0.3073917060053549
2773744784,41820,A man with glasses wearing a tuxedo and corsage stands near a man in a suit at a formal event.,18241,A man on a brown coat is talking to a man with black pants and a man in a suit.,2152057198,0.3195297122001648,0.29266253113746643,0.026867181062698364,0.9362383456549729,14,3.2959746043559335e-17,1.1898196000001917,0.00026459999980943394,0.00011300000005576294,0.7875819389193216,0.013104110956192017,0.2763737440109253,0.2632696330547333,0.013763070106506348,False,0.16840336134453782,0.3912415071365242,-0.004420965909957886,0.2506195902824402,0.25504055619239807,0.03128814697265625,True,0.257781512605042,0.5273297755230322,0.0010942816734313965,0.25195106863975525,0.25085678696632385,0.025772899389266968,False,0.3130028011204482,0.8388138502364677,0.01649428904056549,0.25582969188690186,0.23933540284633636,0.010372892022132874,False,0.4469467787114846,0.8435492833149503,0.016848772764205933,0.2364528775215149,0.21960410475730896,0.010018408298492432,False,0.5098431372549019,0.4522122503122483,0.81303081232493,11,False,0.0777000596110392,0.720990489712435,0.8821674222677451,0.020131170749664307,0.28910884261131287,0.26897767186164856,0.006736010313034058,False,0.11396078431372549,0.10295996849562276,-0.021647602319717407,0.25324368476867676,0.27489128708839417,0.04851478338241577,True,0.2849859943977591,0.06167917215003271,-0.027221456170082092,0.24198679625988007,0.26920825242996216,0.05408863723278046,True,0.353327731092437,0.025974027014799093,-0.03624340891838074,0.2332945466041565,0.26953795552253723,0.0631105899810791,True,0.41622408963585433,0.009912776524069019,-0.04603968560695648,0.2239076942205429,0.2699473798274994,0.07290686666965485,True,0.5009523809523809,0.18377508810196044,0.8163025210084034,11,False,0.012358082031152448,0.3947620581345884,1.7872357000001102,0.2684371622102879,0.32622843157784653
4709819574,108996,Harnessed Asian child lying on ground in front of stroller.,22010,"A lady pushes a stroller, behind a child, riding a tricycle, while another child walks along side.",2268207503,0.3370857536792755,0.3229745030403137,0.014111250638961792,0.8039433351019227,12,3.469446951953614e-17,1.1397425999998632,0.0002564000001257227,0.00010890000021390733,0.11312871839076112,-0.02059173583984375,0.25600937008857727,0.276601105928421,0.03470298647880554,True,0.16666666666666666,0.10404508296251141,-0.02153065800666809,0.2532021105289459,0.274732768535614,0.03564190864562988,True,0.26384384384384385,0.7730806820004225,0.012257888913154602,0.22057805955410004,0.20832017064094543,0.00185336172580719,False,0.3667027027027027,0.8685772805336088,0.01888437569141388,0.21305082738399506,0.19416645169258118,-0.004773125052452087,False,0.41315315315315315,0.6378120882431979,0.0056588053703308105,0.19844290614128113,0.19278410077095032,0.008452445268630981,False,0.5729189189189189,0.440779975286621,0.8886606606606606,10,False,0.09500368364634969,0.5071354935064271,0.03170636936263444,-0.03419017791748047,0.25935083627700806,0.2935410141944885,0.04830142855644226,True,0.15338738738738739,0.01025865531455541,-0.04569321870803833,0.249372661113739,0.29506587982177734,0.05980446934700012,True,0.23330330330330332,0.009301571271790411,-0.046682268381118774,0.24941271543502808,0.29609498381614685,0.060793519020080566,True,0.3046726726726727,0.008963015396302496,-0.04705645143985748,0.24200226366519928,0.28905871510505676,0.061167702078819275,True,0.40184984984984984,0.015356452487234017,-0.041607439517974854,0.23589593172073364,0.2775033712387085,0.055718690156936646,True,0.5213093093093093,0.056712240668764666,0.3046726726726727,4,False,0.009301571271790411,0.13198295940974358,1.1183326999998826,0.3840677346178563,0.3751525340966835
3815960082,82661,A blond child sleeps with her book open and resting on her chest.,25280,"A little girl in cuffed jeans, a long-sleeve pink shirt and no shoes is sleeping on the sofa.",2352452459,0.35778406262397766,0.3029632866382599,0.05482077598571777,0.995856563004392,14,5.551115123125783e-17,0.9629598999999871,0.00023980000014489633,0.00010629999997036066,0.9988140826364135,0.067360520362854,0.3405535817146301,0.2731930613517761,-0.01253974437713623,False,0.14523123123123124,0.9804144818643159,0.03913185000419617,0.30417391657829285,0.2650420665740967,0.015688925981521606,False,0.2284024024024024,0.438225576669702,-0.002483665943145752,0.2664949893951416,0.26897865533828735,0.057304441928863525,True,0.34237837837837837,0.6268445421152079,0.005187034606933594,0.2665361166000366,0.261349081993103,0.04963374137878418,False,0.4316036036036036,0.296667387832689,-0.008632183074951172,0.2582322061061859,0.2668643891811371,0.06345295906066895,True,0.5412852852852853,0.5056637536509863,0.8583603603603603,11,False,0.07226508139180694,0.7503599317807886,0.9988140826364135,0.067360520362854,0.3405535817146301,0.2731930613517761,-0.01253974437713623,False,0.14523123123123124,0.9804144818643159,0.03913185000419617,0.30417391657829285,0.2650420665740967,0.015688925981521606,False,0.2284024024024024,0.5569800497467302,0.0022891461849212646,0.27134308218955994,0.26905393600463867,0.05253162980079651,False,0.32274474474474474,0.19139439879915443,-0.014409750699996948,0.25311529636383057,0.2675250470638275,0.06923052668571472,True,0.4193393393393393,0.03144491484596874,-0.03427568078041077,0.24766167998313904,0.2819373607635498,0.08909645676612854,True,0.5486546546546547,0.34994702419605717,0.7485285285285286,10,False,0.02360442191714687,0.6383342320502751,1.5823064000001068,0.1557167294549291,0.11202569973051357
1916798494,13391,A large group of kids in a room sitting on front of there computers with orange barriers separating them.,143306,Several people are sitting at tables within a large classroom having a discussion.,6917718093,0.3559524714946747,0.32545205950737,0.030500411987304688,0.954784305150145,10,4.163336342344337e-17,1.1907106999997268,0.0002451999998811516,0.00010010000005422626,0.9025919429468375,0.02226361632347107,0.32582464814186096,0.3035610318183899,0.008236795663833618,False,0.1423843843843844,0.4093502605692867,-0.003666520118713379,0.30490413308143616,0.30857065320014954,0.034166932106018066,True,0.25383183183183183,0.34112616847284727,-0.006582796573638916,0.285637229681015,0.29222002625465393,0.037083208560943604,True,0.3783303303303303,0.9217128398567797,0.024658501148223877,0.3069646656513214,0.28230616450309753,0.0058419108390808105,False,0.46611411411411413,0.9878331731984763,0.04396800696849823,0.24453340470790863,0.2005653977394104,-0.013467594981193542,False,0.5688228228228228,0.5843704211113465,0.8091171171171171,8,False,0.0665258169858371,0.712955714106888,0.9025919429468375,0.02226361632347107,0.32582464814186096,0.3035610318183899,0.008236795663833618,False,0.1423843843843844,0.4093502605692867,-0.003666520118713379,0.30490413308143616,0.30857065320014954,0.034166932106018066,True,0.25383183183183183,0.34112616847284727,-0.006582796573638916,0.285637229681015,0.29222002625465393,0.037083208560943604,True,0.3783303303303303,0.21529954295927223,-0.01293271780014038,0.2703288793563843,0.28326159715652466,0.04343312978744507,True,0.5044984984984985,0.21529954295927223,-0.01293271780014038,0.2703288793563843,0.28326159715652466,0.04343312978744507,True,0.5044984984984985,0.3123461623993332,0.636,6,False,0.026298193123580137,0.5691893895150496,1.1361814000001687,0.2720242587120133,0.14376632459183836
246231741,29737,A German shepherd barking at another German shepherd in a forest.,38955,Two brown and white dogs play roughly in a clearing of a wooded area.,270263570,0.32080191373825073,0.299226850271225,0.021575063467025757,0.8963681361990041,13,3.5128150388530344e-17,1.1855727000001934,0.0002730000001065491,0.00010979999979099375,0.19550343332987696,-0.014146387577056885,0.2770172953605652,0.29116368293762207,0.03572145104408264,True,0.18723733333333334,0.2351241677315075,-0.011795997619628906,0.27099692821502686,0.28279292583465576,0.03337106108665466,True,0.25717866666666667,0.6527476101100337,0.006311386823654175,0.27770018577575684,0.27138879895210266,0.015263676643371582,False,0.33064,0.8773883657289642,0.019679278135299683,0.28457003831863403,0.26489076018333435,0.0018957853317260742,False,0.448544,0.7990210754338691,0.013801872730255127,0.27623242139816284,0.2624305486679077,0.00777319073677063,False,0.5203413333333333,0.7481675395097915,0.7842986666666667,10,False,0.9728539158871609,0.5770759262359355,0.7694649238393922,0.012052923440933228,0.3021136522293091,0.29006072878837585,0.00952214002609253,False,0.11964266666666666,0.293174074444208,-0.00880017876625061,0.30236318707466125,0.31116336584091187,0.030375242233276367,True,0.26004266666666664,0.5462103628815248,0.0018537044525146484,0.2920801341533661,0.29022642970085144,0.01972135901451111,False,0.3238666666666667,0.7223953140676698,0.009563744068145752,0.28620821237564087,0.2766444683074951,0.012011319398880005,False,0.46697066666666665,0.7975044880419325,0.01370769739151001,0.2667425870895386,0.25303488969802856,0.007867366075515747,False,0.5444266666666666,0.6567650073808469,0.46697066666666665,7,False,0.7223953140676698,0.6441087900522761,1.4491402999997263,0.09140253212894467,-0.06703286381634055
3514194772,71660,A brown dog with white paws is trotting through a field of green grass.,92497,A brown dog running to catch a Frisbee in a field of grass.,430173345,0.36265072226524353,0.3425274193286896,0.020123302936553955,0.8820856132814663,14,5.898059818321144e-17,0.9596529000000373,0.0002488000000084867,0.00010819999988598283,0.39320587189036665,-0.004338562488555908,0.3335205316543579,0.3378590941429138,0.024461865425109863,True,0.10942342342342343,0.8544534287359337,0.01769965887069702,0.3451767563819885,0.3274770975112915,0.0024236440658569336,False,0.21306906906906906,0.8475200785497881,0.0171528160572052,0.3307317793369293,0.3135789632797241,0.002970486879348755,False,0.3318378378378378,0.8995037123986824,0.021917223930358887,0.3404605984687805,0.31854337453842163,-0.0017939209938049316,False,0.42052252252252253,0.9260199178952445,0.02527099847793579,0.3109548091888428,0.285683810710907,-0.005147695541381836,False,0.5588408408408408,0.8454707772391963,0.7705765765765765,11,False,0.9518183404016991,0.7859483955884826,0.47351564492880666,-0.0010603666305541992,0.353721559047699,0.3547819256782532,0.021183669567108154,True,0.15574774774774774,0.7394085027067914,0.010428965091705322,0.36010605096817017,0.34967708587646484,0.009694337844848633,False,0.22243243243243244,0.7958026696159474,0.013602644205093384,0.3469037413597107,0.3333010971546173,0.006520658731460571,False,0.34864264264264266,0.8067761981917885,0.014291971921920776,0.34707126021385193,0.33277928829193115,0.005831331014633179,False,0.4373273273273273,0.3176116929466389,-0.007647693157196045,0.3228750228881836,0.33052271604537964,0.02777099609375,True,0.5587447447447448,0.5960222597388727,0.6623903903903904,9,False,0.5268305652120411,0.6840503777429047,1.3936932999999954,0.2494485175003236,0.10189801784557795
502529086,126575,A man with gray hair and a bear sits in a chair on the street with a guitar by his side.,22783,A man sits on a small chair on a sidewalk.,228947041,0.3145201802253723,0.313385009765625,0.0011351704597473145,0.5283488258327246,11,2.862293735361732e-17,1.209415799999988,0.00024089999988063937,0.00010440000005473848,0.2896528277276123,-0.008970707654953003,0.30862167477607727,0.3175923824310303,0.010105878114700317,True,0.12259733333333334,0.09363280123904742,-0.022700637578964233,0.22718383371829987,0.2498844712972641,0.023835808038711548,True,0.310896,0.09363280123904742,-0.022700637578964233,0.22718383371829987,0.2498844712972641,0.023835808038711548,True,0.310896,0.09748105434689569,-0.022255316376686096,0.22170232236385345,0.24395763874053955,0.02339048683643341,True,0.422512,0.045339563074663386,-0.03047175705432892,0.21683119237422943,0.24730294942855835,0.03160692751407623,True,0.5653173333333333,0.11881608123833311,0.796496,8,False,0.06905728051805657,0.18943688051770635,0.10641699878933954,-0.021278738975524902,0.25059521198272705,0.27187395095825195,0.022413909435272217,True,0.18829866666666667,0.044293092248529946,-0.030716225504875183,0.23814605176448822,0.2688622772693634,0.0318513959646225,True,0.272592,0.10914855762150195,-0.020994678139686584,0.22167545557022095,0.24267013370990753,0.0221298485994339,True,0.33592,0.017638001277673496,-0.04019904136657715,0.2263396680355072,0.26653870940208435,0.04133421182632446,True,0.44500266666666666,0.010501876369897198,-0.04545643925666809,0.24173271656036377,0.28718915581703186,0.046591609716415405,True,0.587808,0.07801430987852342,0.39293866666666666,5,False,0.04943248103663629,0.13592474729423246,1.1939250999998876,0.04080177135980968,0.053512133223473896
6439261679,139943,Two sweepers work frantically as their curling teammates look on.,65850,A man is guiding the hockey puck across the ice while an opposing player races towards it.,3373481779,0.3613375723361969,0.2925584614276886,0.0687791109085083,0.9989707664237526,13,9.71445146547012e-17,1.1623390999998264,0.00024780000012469827,0.00010780000002341694,0.9987971633919938,0.06721869111061096,0.3598559498786926,0.29263725876808167,0.0015604197978973389,False,0.12568072289156626,0.9912094935547384,0.047252535820007324,0.32426631450653076,0.27701377868652344,0.021526575088500977,False,0.2588975903614458,0.9935409930655552,0.05035799741744995,0.3237617611885071,0.27340376377105713,0.01842111349105835,False,0.33069879518072287,0.9605273121487587,0.031918734312057495,0.2922423779964447,0.2603236436843872,0.036860376596450806,False,0.410644578313253,0.6031696992911187,0.004186898469924927,0.249511256814003,0.24532435834407806,0.06459221243858337,False,0.5218614457831325,0.8154003746243492,0.8737048192771084,11,False,0.7097986689528197,0.947396918382963,0.9900357146497365,0.045987337827682495,0.32904234528541565,0.28305500745773315,0.022791773080825806,False,0.17722289156626506,0.9385124337774562,0.027254611253738403,0.3128751218318939,0.2856205105781555,0.0415244996547699,False,0.3029036144578313,0.9385124337774562,0.027254611253738403,0.3128751218318939,0.2856205105781555,0.0415244996547699,False,0.3029036144578313,0.8796831566911996,0.019894331693649292,0.2988305389881134,0.2789362072944641,0.04888477921485901,False,0.43846385542168675,0.5712336273467936,0.002868860960006714,0.2720530331134796,0.2691841721534729,0.06591024994850159,False,0.5079216867469879,0.7978252752545995,0.8556807228915663,11,False,0.7764635656124497,0.9274376301939852,1.6214927999999418,0.01757509936974977,0.019959288188977853
4562512283,101200,Man standing at a counter in a convenience store with a woman on the other side of the counter wearing a white shirt looking at him very expectantly.,134530,"A woman with long brown hair wearing a white sleeveless shirt, a man with long brown hair wearing a green t-shirt and tattoos on his arms, and another woman with black hair wearing a green dress, also with tattoos, are in the checkout line at a supermarket.",5787072819,0.314715713262558,0.29983797669410706,0.014877736568450928,0.8157438754841528,13,5.724587470723463e-17,1.4781403999995746,0.0002555999999458436,0.00010730000030889641,0.9845084983732741,0.04151850938796997,0.3272428810596466,0.28572437167167664,-0.026640772819519043,False,0.12145403899721448,0.9636353923113333,0.032771170139312744,0.30727657675743103,0.2745054066181183,-0.017893433570861816,False,0.2220891364902507,0.9816480705545192,0.039794981479644775,0.3056933879852295,0.2658984065055847,-0.024917244911193848,False,0.3308579387186629,0.9920401986272522,0.04825359582901001,0.30249661207199097,0.25424301624298096,-0.03337585926055908,False,0.4511922005571031,0.8714495565085192,0.019138365983963013,0.2704097628593445,0.25127139687538147,-0.004260629415512085,False,0.6000557103064067,0.6767926664047057,0.7546629526462395,9,False,0.03674524105902761,0.9509064336370563,0.713265780870275,0.00911298394203186,0.307169109582901,0.29805612564086914,0.005764752626419067,False,0.10063509749303622,0.528468392943569,0.0011399686336517334,0.32260146737098694,0.3214614987373352,0.013737767934799194,False,0.24579387186629525,0.9184910881060682,0.024220198392868042,0.30709272623062134,0.2828725278377533,-0.009342461824417114,False,0.35456267409470754,0.944723039314424,0.028385356068611145,0.27295809984207153,0.2445727437734604,-0.013507619500160217,False,0.476016713091922,0.945049499911218,0.028448045253753662,0.26789334416389465,0.239445298910141,-0.013570308685302734,False,0.5195877437325905,0.8156150993044953,0.6057994428969359,7,False,0.8380933002859887,0.7699747774884251,1.467171700000108,-0.13882243289978957,0.18093165614863116
5829827359,134921,A small group of women in traditional dark blue and white kimonos and sandals dancing in front of a tall brown brick church.,96865,"A woman holds sticks attached to large striped banners, causing one to launch its banner in a wide loop through the air.",4463538995,0.3220095932483673,0.29649320244789124,0.025516390800476074,0.9276835523521129,14,3.469446951953614e-17,0.9149916999999732,0.00024759999996604165,0.00010849999989659409,0.7032567417268197,0.008628547191619873,0.3423337936401367,0.33370524644851685,0.0168878436088562,False,0.11393898305084746,0.9186932252721327,0.02424722909927368,0.2515387535095215,0.2272915244102478,0.0012691617012023926,False,0.27033898305084747,0.24632991316460812,-0.011182829737663269,0.21230782568454742,0.2234906554222107,0.03669922053813934,True,0.3492813559322034,0.08272798564843033,-0.02405846118927002,0.21258558332920074,0.23664404451847076,0.049574851989746094,True,0.47597966101694916,0.06926141561299656,-0.025980904698371887,0.206098735332489,0.2320796400308609,0.05149729549884796,True,0.5241627118644068,0.34110330046972354,0.8438508474576272,11,False,0.02004615100365248,0.5537257060993469,0.45107855051127876,-0.0019631385803222656,0.295220285654068,0.29718342423439026,0.02747952938079834,True,0.19247457627118644,0.7674674422083233,0.01194065809249878,0.273444265127182,0.2615036070346832,0.013575732707977295,False,0.2714169491525424,0.4360257505307731,-0.002573072910308838,0.265429824590683,0.2680028975009918,0.028089463710784912,True,0.36896949152542374,0.27867815596988155,-0.009510278701782227,0.2561124861240387,0.2656227648258209,0.0350266695022583,True,0.4487389830508475,0.15160867765741512,-0.0172203928232193,0.1946410983800888,0.2118614912033081,0.042736783623695374,True,0.5266033898305085,0.31120664902296147,0.5266033898305085,6,False,0.15160867765741512,0.5407209596386036,1.262760900000103,0.029896651446762068,0.013004746460743344
7890007278,150526,"Bicycle rider wearing black, riding down a dirt trail in a mountain bike.",3671,"Men, surrounded by nature, are riding mountain bikes.",1250181412,0.3257408142089844,0.31480860710144043,0.010932207107543945,0.7489877171428839,15,6.245004513516506e-17,1.0080153999997492,0.00023690000034548575,0.00011150000000270666,0.22768379388685867,-0.012214362621307373,0.2621362805366516,0.274350643157959,0.02314656972885132,True,0.13817417417417419,0.13252391430524108,-0.018788248300552368,0.23967301845550537,0.25846126675605774,0.029720455408096313,True,0.20475675675675675,0.37232557735972655,-0.005222529172897339,0.24894407391548157,0.2541666030883789,0.016154736280441284,True,0.34033033033033033,0.44260633744866235,-0.0023059099912643433,0.22573672235012054,0.2280426323413849,0.013238117098808289,True,0.48102702702702704,0.4093189162134578,-0.0036678165197372437,0.22183147072792053,0.22549928724765778,0.014600023627281189,True,0.5534654654654655,0.2589239740775036,0.7973273273273274,12,False,0.037540318186091624,0.36474629162601646,0.41878285225573986,-0.003277719020843506,0.2950085699558258,0.2982862889766693,0.014209926128387451,True,0.12494294294294295,0.6324791453024932,0.005428671836853027,0.3035361170768738,0.29810744524002075,0.005503535270690918,False,0.2497957957957958,0.6162997555825497,0.004738718271255493,0.3029663860797882,0.2982276678085327,0.006193488836288452,False,0.32223423423423425,0.8053314388664417,0.014199554920196533,0.3100055456161499,0.29580599069595337,-0.003267347812652588,False,0.4602942942942943,0.16944217422391808,-0.01589585840702057,0.23657356202602386,0.25246942043304443,0.026828065514564514,True,0.538894894894895,0.38743492170841526,0.6243483483483484,9,False,0.17306630625177408,0.594276945508142,1.496025400000235,-0.12851094763091164,-0.22953065388212557
136693281,6010,"A father and daughter holding a young tree upright, ready to be planted, as the son stands to their side wielding a shovel.",154466,Some children are outside playing in the dirt where two trees are.,95758790,0.3477468192577362,0.2971072196960449,0.050639599561691284,0.9937192165101852,15,3.5561831257524545e-17,1.1704750999997486,0.00026590000015858095,0.00011289999974906095,0.9904194611468489,0.046383947134017944,0.30532440543174744,0.2589404582977295,0.00425565242767334,False,0.12923123123123123,0.955761312541871,0.030729085206985474,0.2836848497390747,0.25295576453208923,0.01991051435470581,False,0.2018978978978979,0.9151045140721211,0.02377617359161377,0.26718074083328247,0.2434045672416687,0.026863425970077515,False,0.3190630630630631,0.8172778223751562,0.014980122447013855,0.24910464882850647,0.23412452638149261,0.03565947711467743,False,0.42781381381381384,0.10310043170538798,-0.021632403135299683,0.20171239972114563,0.2233448028564453,0.07227200269699097,True,0.5324864864864864,0.5662430548252352,0.7531771771771771,12,False,0.2938779833494434,0.8467555625021632,0.9649679060241559,0.033158302307128906,0.33172276616096497,0.29856446385383606,0.017481297254562378,False,0.15417417417417417,0.955761312541871,0.030729085206985474,0.2836848497390747,0.25295576453208923,0.01991051435470581,False,0.2018978978978979,0.8036382948809474,0.014091908931732178,0.26474374532699585,0.25065183639526367,0.036547690629959106,False,0.35418018018018016,0.06090883576625876,-0.027355343103408813,0.24250981211662292,0.26986515522003174,0.0779949426651001,True,0.40406006006006007,0.011707117140001597,-0.044357821345329285,0.2157088667154312,0.2600666880607605,0.09499742090702057,True,0.5668708708708708,0.352910374641067,0.6773153153153153,10,False,0.0072871533927887045,0.6319912645352799,1.6220425999999861,0.21333268018416818,0.21476429796688334
1664475761,10697,Two young men are loading fruit unto a bicycle.,92130,A group of five dark-skinned people sitting at what looks to be a farmer's market right behind a fruit that is green and spiky.,4284980126,0.34118688106536865,0.3160645067691803,0.025122374296188354,0.9249952688793455,13,2.949029909160572e-17,1.1376108999997996,0.0002730000001065491,0.00010830000019268482,0.8458492304617795,0.017024099826812744,0.2971632480621338,0.28013914823532104,0.00809827446937561,False,0.14853453453453452,0.8247398977561013,0.015487968921661377,0.2957301139831543,0.2802421450614929,0.009634405374526978,False,0.22356756756756757,0.8543143874489633,0.017688482999801636,0.30786406993865967,0.29017558693885803,0.007433891296386719,False,0.31546546546546544,0.9375876272292727,0.02709546685218811,0.29899218678474426,0.27189671993255615,-0.001973092555999756,False,0.4123123123123123,0.9992119873726025,0.0714520812034607,0.30947285890579224,0.23802077770233154,-0.04632970690727234,False,0.5544624624624624,0.8908074823392864,0.8278738738738739,10,False,0.7582446811028976,0.8941443065005621,0.8458492304617795,0.017024099826812744,0.2971632480621338,0.28013914823532104,0.00809827446937561,False,0.14853453453453452,0.8994322979667716,0.021909326314926147,0.30083414912223816,0.278924822807312,0.003213047981262207,False,0.20926126126126127,0.8085331778796544,0.01440507173538208,0.2902221381664276,0.27581706643104553,0.010717302560806274,False,0.3491591591591592,0.46286626014075666,-0.0014880895614624023,0.29991719126701355,0.30140528082847595,0.026610463857650757,True,0.5342342342342342,0.46286626014075666,-0.0014880895614624023,0.29991719126701355,0.30140528082847595,0.026610463857650757,True,0.5342342342342342,0.7961483428167626,0.3929129129129129,6,False,0.758741470808616,0.789224903646072,1.220127500000217,0.0946591395225238,0.10491940285449008
3425756814,67901,A tennis player in a green striped shirt is holding his hand up to his mouth.,64511,The tennis player holds his racket in preparation for the ball.,3344531479,0.32873421907424927,0.29477787017822266,0.03395634889602661,0.9675678359641924,11,3.469446951953614e-17,1.2469716999999036,0.0002430999998068728,0.00010530000008657225,0.6584879017936374,0.0065656304359436035,0.2990068793296814,0.2924412488937378,0.027390718460083008,False,0.23613,0.6584879017936374,0.0065656304359436035,0.2990068793296814,0.2924412488937378,0.027390718460083008,False,0.23613,0.09905668483494057,-0.022077500820159912,0.27897217869758606,0.30104967951774597,0.05603384971618652,True,0.38931,0.056106286242172516,-0.028227657079696655,0.27314940094947815,0.3013770580291748,0.06218400597572327,True,0.492525,0.1290168995194011,-0.019096791744232178,0.2764528691768646,0.2955496609210968,0.05305314064025879,True,0.592145,0.2775286953557477,0.742935,7,False,0.04976106027853834,0.451290088544034,0.3302645965883888,-0.007069885730743408,0.2941904366016388,0.3012603223323822,0.04102623462677002,True,0.23872,0.3302645965883888,-0.007069885730743408,0.2941904366016388,0.3012603223323822,0.04102623462677002,True,0.23872,0.20034316120069032,-0.013841509819030762,0.28275346755981445,0.2965949773788452,0.04779785871505737,True,0.300865,0.15070833691765315,-0.017290562391281128,0.28966429829597473,0.30695486068725586,0.05124691128730774,True,0.400485,0.1920908961073593,-0.014364808797836304,0.298267662525177,0.3126324713230133,0.048321157693862915,True,0.592345,0.29026540730218114,0.655445,7,False,0.15302761753662444,0.3743885645168633,1.3862583000000086,-0.012736711946433443,0.07690152402717071
4786476156,113755,A man with an orange shirt and sunglasses along with a young boy and train conductor ride a children's train through a park.,72268,Two adults and two children pose on a park bench.,3527184455,0.3784868121147156,0.32683080434799194,0.05165600776672363,0.9943227832213605,14,9.71445146547012e-17,1.1277636999998322,0.00024990000019897707,0.00011069999982282752,0.9906364332320242,0.04661521315574646,0.3262360394001007,0.27962082624435425,0.005040794610977173,False,0.2062694610778443,0.9906364332320242,0.04661521315574646,0.3262360394001007,0.27962082624435425,0.005040794610977173,False,0.2062694610778443,0.9934503261563749,0.05021768808364868,0.2924323081970215,0.2422146201133728,0.0014383196830749512,False,0.3891497005988024,0.9970141815339454,0.05810891091823578,0.28945133090019226,0.23134241998195648,-0.006452903151512146,False,0.4437425149700599,0.973196020965777,0.03592035174369812,0.2822168171405792,0.2462964653968811,0.015735656023025513,False,0.5154790419161677,0.7516783209693273,0.894437125748503,13,False,0.2643598883412623,0.9915900969402925,0.9906364332320242,0.04661521315574646,0.3262360394001007,0.27962082624435425,0.005040794610977173,False,0.2062694610778443,0.9906364332320242,0.04661521315574646,0.3262360394001007,0.27962082624435425,0.005040794610977173,False,0.2062694610778443,0.9716917300801853,0.03535884618759155,0.2605848014354706,0.22522595524787903,0.01629716157913208,False,0.30147904191616764,0.5910254628270677,0.003682062029838562,0.22653181850910187,0.2228497564792633,0.04797394573688507,False,0.46965269461077847,0.610612701667576,0.004498884081840515,0.23020173609256744,0.22570285201072693,0.04715712368488312,False,0.51862874251497,0.7501937050889865,0.51862874251497,7,False,0.610612701667576,0.8849569848866528,1.4499550999998974,0.0014846158803407672,0.10663311205363979
624080960,138355,A guy inside a sports arena wearing a yellow shirt and black cap is holding up a red bag containing snacks and a bottle containing something to drink.,85355,"A many in an orange t-shirt, tan shorts and tan and black baseball cap is moving a tall metal cart with sheets of pretzels that is surrounded by similar carts.",3938498023,0.3962950110435486,0.3166479170322418,0.07964709401130676,0.9996526080419689,13,8.326672684688674e-17,1.2908230999996704,0.00026249999973515514,0.00010789999987537158,0.9987243822391744,0.06663048267364502,0.3701222240924835,0.3034917414188385,0.013016611337661743,False,0.1013189448441247,0.9930686899850409,0.049647510051727295,0.2939097285270691,0.2442622184753418,0.029999583959579468,False,0.28117505995203834,0.9725031451380801,0.03565801680088043,0.2751215100288391,0.23946349322795868,0.04398907721042633,False,0.3730071942446043,0.9561671653982752,0.030825495719909668,0.27289068698883057,0.2420651912689209,0.048821598291397095,False,0.4626091127098321,0.8885753801174171,0.020762711763381958,0.27332258224487305,0.2525598704814911,0.058884382247924805,False,0.5213189448441247,0.719338092184931,0.8840191846522781,11,False,0.5452099859163125,0.9805219664947671,0.9982632753073089,0.06354016065597534,0.36178290843963623,0.2982427477836609,0.01610693335533142,False,0.16002877697841728,0.9790993727549728,0.03846853971481323,0.33457642793655396,0.2961078882217407,0.04117855429649353,False,0.2518609112709832,0.9839693540502537,0.04117092490196228,0.31005069613456726,0.268879771232605,0.03847616910934448,False,0.34256594724220624,0.992126800840832,0.04836386442184448,0.32876819372177124,0.28040432929992676,0.03128322958946228,False,0.44496882494004797,0.9748627526576744,0.03657945990562439,0.28785499930381775,0.25127553939819336,0.04306763410568237,False,0.5341199040767386,0.8992965718031914,0.6237218225419664,7,False,0.7767505206448646,0.9895595101250437,1.7819054999999935,-0.1799584796182604,-0.009037543630276645
45543081,100772,Two men are sitting in a horse drawn cart with potatoes in the back.,72453,Mexican villagers are buying potatoes at an outdoor market.,3532476966,0.32656076550483704,0.3238743543624878,0.002686411142349243,0.5667592701245633,13,4.5102810375396984e-17,1.2145128000001932,0.0002570999999988999,0.00010830000019268482,0.03736353384062972,-0.03248980641365051,0.2967439293861389,0.32923373579978943,0.035176217555999756,True,0.141176,0.11877916269556829,-0.020040422677993774,0.3050461411476135,0.3250865638256073,0.022726833820343018,True,0.202356,0.021777442978199536,-0.038048624992370605,0.2615649104118347,0.2996135354042053,0.04073503613471985,True,0.332948,0.014678280895022155,-0.04206599295139313,0.24586723744869232,0.28793323040008545,0.04475240409374237,True,0.428896,0.017978909339582922,-0.04000413417816162,0.23894494771957397,0.2789490818977356,0.042690545320510864,True,0.525428,0.3201134498185048,0.930184,12,False,0.927381070078587,0.11404639367976027,0.11150165651970154,-0.02075493335723877,0.28659701347351074,0.3073519468307495,0.023441344499588013,True,0.139284,0.03979689531158569,-0.03183355927467346,0.2711774706840515,0.303011029958725,0.034519970417022705,True,0.205672,0.007468038745019674,-0.048896268010139465,0.22216396033763885,0.2710602283477783,0.05158267915248871,True,0.30162,0.23750032399042828,-0.011664330959320068,0.2646012306213379,0.27626556158065796,0.014350742101669312,True,0.427272,0.8276197296888881,0.01568850874900818,0.2543957531452179,0.23870724439620972,-0.013002097606658936,False,0.5362,0.076474374484619,0.357456,5,False,0.02104927920756103,0.23857929968311598,1.8486515000004147,0.24363907533388582,-0.1245329060033557
277119391,41688,A boy is leaning up against a car adorned with flowers.,113891,A man on a city street takes a picture while a taxi and bus drive by.,4789309483,0.3449499011039734,0.29269641637802124,0.05225348472595215,0.9946502879693847,12,6.938893903907228e-17,1.4304202000002988,0.0002689000002646935,0.00011380000023564207,0.0472087681389446,-0.03004816174507141,0.24743714928627014,0.27748531103134155,0.08230164647102356,True,0.13322535211267605,0.2775879518541842,-0.009564578533172607,0.27754291892051697,0.2871074974536896,0.061818063259124756,True,0.30558685446009387,0.2775879518541842,-0.009564578533172607,0.27754291892051697,0.2871074974536896,0.061818063259124756,True,0.30558685446009387,0.8026587182013608,0.01402994990348816,0.26642194390296936,0.2523919939994812,0.03822353482246399,False,0.5224788732394366,0.8026587182013608,0.01402994990348816,0.26642194390296936,0.2523919939994812,0.03822353482246399,False,0.5224788732394366,0.5874933767681536,0.8731877934272301,10,False,0.7020880443078824,0.4106207860664217,0.11772264696633927,-0.02014175057411194,0.27070024609565735,0.2908419966697693,0.07239523530006409,True,0.12889671361502347,0.30968484993837875,-0.008015930652618408,0.2781924307346344,0.2862083613872528,0.06026941537857056,True,0.2162488262910798,0.30636266331736023,-0.008171796798706055,0.28018876910209656,0.2883605659008026,0.0604252815246582,True,0.34242723004694836,0.032533412270915774,-0.03392413258552551,0.25030580163002014,0.28422993421554565,0.08617761731147766,True,0.493037558685446,0.005831256938442006,-0.051386743783950806,0.23962941765785217,0.291016161441803,0.10364022850990295,True,0.5755258215962441,0.10636595054320526,0.5755258215962441,7,False,0.005831256938442006,0.2716245977355308,1.7676480000000083,0.48112742622494836,0.1389961883308909
3224375029,59531,Four females of Asian descent are wearing golden dresses while performing point ballet.,89891,Several men are wearing martial arts uniforms while they perform some moves in unison.,415755815,0.36059123277664185,0.3044978678226471,0.05609336495399475,0.9963498729377953,12,6.158268339717665e-17,1.3993216999997458,0.0002679999997781124,0.00010089999977935804,0.3903319140779697,-0.004459172487258911,0.2993852496147156,0.3038444221019745,0.06055253744125366,True,0.1251299093655589,0.2914946352841966,-0.008881360292434692,0.29079362750053406,0.29967498779296875,0.06497472524642944,True,0.23058006042296073,0.7973475451106815,0.013697981834411621,0.2201860249042511,0.20648804306983948,0.04239538311958313,False,0.42386706948640485,0.7973475451106815,0.013697981834411621,0.2201860249042511,0.20648804306983948,0.04239538311958313,False,0.42386706948640485,0.7357574592902325,0.010240331292152405,0.20607781410217285,0.19583748281002045,0.045853033661842346,False,0.5448700906344411,0.5838863534638744,0.7175226586102719,9,False,0.5394820758796802,0.5885654907822616,0.3903319140779697,-0.004459172487258911,0.2993852496147156,0.3038444221019745,0.06055253744125366,True,0.1251299093655589,0.3923017597949793,-0.004376471042633057,0.2797231376171112,0.28409960865974426,0.06046983599662781,True,0.24260422960725075,0.2969497821512137,-0.008618652820587158,0.24301224946975708,0.25163090229034424,0.06471201777458191,True,0.351583081570997,0.3069583002618962,-0.008143782615661621,0.22210834920406342,0.23025213181972504,0.06423714756965637,True,0.4214138972809668,0.6176678047168742,0.004796609282493591,0.227242112159729,0.2224455028772354,0.05129675567150116,False,0.5378851963746224,0.35229229644639515,0.351583081570997,6,False,0.2969497821512137,0.4558894424472476,1.083182399999714,0.23159405701747926,0.132676048335014
3970114165,86043,Two men in blue shirts looking at a soccer game.,98622,"A group of people stand, talking at a soccer game.",450697885,0.3146739602088928,0.2891969084739685,0.025477051734924316,0.9274191948002856,12,5.898059818321144e-17,1.3515175000002273,0.00025379999988217605,0.00010700000029828516,0.9372573834324222,0.027039170265197754,0.3024565279483795,0.27541735768318176,-0.0015621185302734375,False,0.11392215568862275,0.9641275924693905,0.03291255235671997,0.305812805891037,0.272900253534317,-0.007435500621795654,False,0.2644610778443114,0.9840363450834984,0.04121348261833191,0.29655060172080994,0.255337119102478,-0.015736430883407593,False,0.3655508982035928,0.9393472110979509,0.027400195598602295,0.2849002480506897,0.2575000524520874,-0.0019231438636779785,False,0.4446586826347305,0.8834888649894453,0.020258918404579163,0.20170511305332184,0.18144619464874268,0.005218133330345154,False,0.5635508982035928,0.8966725294903075,0.7004790419161676,8,False,0.8388529318619811,0.9444360728073969,0.9319965347666788,0.026177704334259033,0.31164664030075073,0.2854689359664917,-0.0007006525993347168,False,0.18019760479041916,0.9656966515484101,0.033376067876815796,0.294405996799469,0.2610299289226532,-0.00789901614189148,False,0.2941197604790419,0.7667550604094274,0.011900782585144043,0.27695193886756897,0.2650511562824249,0.013576269149780273,False,0.3859880239520958,0.6858698403013985,0.007808804512023926,0.27862969040870667,0.27082088589668274,0.01766824722290039,False,0.4645449101796407,0.8421301135954962,0.016741633415222168,0.2198176085948944,0.20307597517967224,0.008735418319702148,False,0.583437125748503,0.8468077803703951,0.583437125748503,6,False,0.8421301135954962,0.862295039418522,1.2436534999997093,0.049864749119912455,0.0821410333888749
2725508159,39982,"A girl is kayaking in a blue boat, on a blue lake wearing an orange life jacket.",35765,A man in an orange kayak and a man in a blue kayak paddle around a beautiful lake.,2613889835,0.32811158895492554,0.3094523549079895,0.018659234046936035,0.8659858763614481,14,3.209238430557093e-17,1.2779148999998142,0.00025970000024244655,0.00010829999973793747,0.9262643416126661,0.025306731462478638,0.2898092269897461,0.26450249552726746,-0.0066474974155426025,False,0.10536533333333334,0.7296574328608649,0.009928852319717407,0.25788313150405884,0.24795427918434143,0.008730381727218628,False,0.20390933333333333,0.8344959856044648,0.016178324818611145,0.23942863941192627,0.22325031459331512,0.00248090922832489,False,0.3397653333333333,0.8907186507913997,0.02098102867603302,0.23814135789871216,0.21716032922267914,-0.002321794629096985,False,0.4188213333333333,0.8560896674270659,0.017831847071647644,0.23697887361049652,0.21914702653884888,0.0008273869752883911,False,0.5547733333333333,0.7696039830111037,0.68144,9,False,0.6870699590975122,0.8457440365161228,0.16917119662971603,-0.015915125608444214,0.2847275137901306,0.30064263939857483,0.03457435965538025,True,0.14965866666666666,0.44573812922947553,-0.002179056406021118,0.29490426182746887,0.29708331823349,0.020838290452957153,True,0.222144,0.28822067059003004,-0.009040415287017822,0.28907740116119385,0.29811781644821167,0.027699649333953857,True,0.36648,0.3633005056109058,-0.005610674619674683,0.2924642264842987,0.2980749011039734,0.024269908666610718,True,0.42985066666666666,0.2995645802867266,-0.00849372148513794,0.28400638699531555,0.2925001084804535,0.027152955532073975,True,0.5593973333333333,0.376960203953279,0.49068266666666666,7,False,0.355569617548491,0.38665549507825386,1.5000638999999865,0.39264377905782466,0.459088541437869
7037413229,144830,A man who wearing blue color jacket and light green color trouser is cleaning his fishing nets after went for fishing.,133413,A man throws a fishing net into the bay.,566945636,0.34298428893089294,0.30062684416770935,0.042357444763183594,0.9857373326893487,11,2.7755575615628914e-17,1.6595486999999594,0.00025219999997716513,0.00010720000000219443,0.9961399583003072,0.055532097816467285,0.32927340269088745,0.27374130487442017,-0.013174653053283691,False,0.10279466666666667,0.9946791512628692,0.05230787396430969,0.32571324706077576,0.27340537309646606,-0.009950429201126099,False,0.21429333333333334,0.9914771716577636,0.04756447672843933,0.332058846950531,0.2844943702220917,-0.005207031965255737,False,0.3361013333333333,0.975794546710246,0.03696674108505249,0.2964928150177002,0.2595260739326477,0.0053907036781311035,False,0.5240746666666667,0.975794546710246,0.03696674108505249,0.2964928150177002,0.2595260739326477,0.0053907036781311035,False,0.5240746666666667,0.9499978112578136,0.8225546666666667,8,False,0.8537829793080068,0.9897677846623749,0.9829485718539893,0.04054322838783264,0.3402722477912903,0.29972901940345764,0.0018142163753509521,False,0.11149866666666666,0.9761958083151243,0.037138015031814575,0.3305009603500366,0.29336294531822205,0.0052194297313690186,False,0.26946133333333333,0.9602563681661511,0.0318475067615509,0.311726838350296,0.2798793315887451,0.01050993800163269,False,0.45743466666666666,0.9602563681661511,0.0318475067615509,0.311726838350296,0.2798793315887451,0.01050993800163269,False,0.45743466666666666,0.9427302179804394,0.028010070323944092,0.3031858205795288,0.2751757502555847,0.014347374439239502,False,0.540976,0.8225928174321906,0.7830293333333334,9,False,0.455699092684847,0.9722768951806345,1.481758400000217,0.12740499382562298,0.01749088948174038
164969525,10565,"Three people dancing acrobatically in a subway station, with one girl in a skirt doing a cartwheel over another person bending over.",34606,A group of young teenagers are jumping at night making funny poses for the camera.,2582413611,0.37209421396255493,0.31069132685661316,0.06140288710594177,0.9978503294797315,12,9.71445146547012e-17,1.1475197999998272,0.000252700000146433,0.0001081000000340282,0.9466712073264457,0.0287647545337677,0.32109901309013367,0.29233425855636597,0.03263813257217407,False,0.15374933333333332,0.9932567041663454,0.04992440342903137,0.3236163854598999,0.27369198203086853,0.0114784836769104,False,0.22406933333333334,0.9604909119010587,0.03190913796424866,0.3050041198730469,0.2730949819087982,0.029493749141693115,False,0.3083786666666667,0.7605094870102341,0.011554747819900513,0.2449445128440857,0.23338976502418518,0.04984813928604126,False,0.456736,0.6829829005623876,0.007675141096115112,0.2186572253704071,0.210982084274292,0.05372774600982666,False,0.5414186666666667,0.6899674229576523,0.8464746666666667,10,False,0.2529361794857478,0.9028739258701484,0.9001401313711742,0.021987825632095337,0.3391282856464386,0.31714046001434326,0.039415061473846436,False,0.14501333333333333,0.5532242128168032,0.0021370649337768555,0.31941813230514526,0.3172810673713684,0.05926582217216492,False,0.20812266666666668,0.2213978658195565,-0.012575387954711914,0.2745257318019867,0.2871011197566986,0.07397827506065369,True,0.386416,0.16972945578753912,-0.01587545871734619,0.25714030861854553,0.2730157673358917,0.07727834582328796,True,0.525344,0.16972945578753912,-0.01587545871734619,0.25714030861854553,0.2730157673358917,0.07727834582328796,True,0.525344,0.32388322086367144,0.7440266666666666,9,False,0.09176448204834765,0.5324161570560455,1.3899799000000712,0.3660842020939809,0.37045776881410286
6502187283,140289,A football player wearing white and green has a football.,47864,A University of Miami player holds a football.,2933637854,0.3220008611679077,0.2919412851333618,0.0300595760345459,0.9528425469229692,12,4.163336342344337e-17,0.9932859999998982,0.00022650000028079376,0.000105000000075961,0.9131620414453239,0.023528695106506348,0.30192869901657104,0.2784000039100647,0.006530880928039551,False,0.20458258258258258,0.9131620414453239,0.023528695106506348,0.30192869901657104,0.2784000039100647,0.006530880928039551,False,0.20458258258258258,0.7600863869749505,0.011531531810760498,0.2882001996040344,0.2766686677932739,0.0185280442237854,False,0.33996396396396394,0.18682629395800235,-0.01470765471458435,0.27413633465766907,0.2888439893722534,0.04476723074913025,True,0.5229129129129129,0.18682629395800235,-0.01470765471458435,0.27413633465766907,0.2888439893722534,0.04476723074913025,True,0.5229129129129129,0.40444483292570516,0.697033033033033,7,False,0.1010555994158402,0.7472710865015174,0.9519427659695241,0.029861122369766235,0.31446924805641174,0.2846081256866455,0.00019845366477966309,False,0.14001201201201202,0.6026445649958964,0.004164963960647583,0.295363187789917,0.2911982238292694,0.025894612073898315,False,0.27222822822822823,0.2760939615089973,-0.009639203548431396,0.279918909072876,0.2895581126213074,0.039698779582977295,True,0.3875315315315315,0.18682629395800235,-0.01470765471458435,0.27413633465766907,0.2888439893722534,0.04476723074913025,True,0.5229129129129129,0.18682629395800235,-0.01470765471458435,0.27413633465766907,0.2888439893722534,0.04476723074913025,True,0.5229129129129129,0.41465742273285144,0.6371531531531531,7,False,0.20816799375784445,0.6083486385364106,1.1644421000000875,-0.010212589807146288,0.13892244796510678
616564448,137479,A row of bikers wearing red and black.,149762,Two Black women in a brown motorcycle amidst many other motorcycles with the woman in the rear giving a smile to the camera.,7764093618,0.3825593590736389,0.32482436299324036,0.05773499608039856,0.9969007763805574,11,4.5102810375396984e-17,1.1271867000000384,0.00023570000030304072,0.00010310000016033882,0.9991932848062621,0.07121732831001282,0.3457433581352234,0.27452602982521057,-0.013482332229614258,False,0.17450666666666667,0.9929178249506402,0.049430668354034424,0.3277297616004944,0.27829909324645996,0.008304327726364136,False,0.32154133333333335,0.9929178249506402,0.049430668354034424,0.3277297616004944,0.27829909324645996,0.008304327726364136,False,0.32154133333333335,0.3635893997439628,-0.005598187446594238,0.26595205068588257,0.2715502381324768,0.0633331835269928,True,0.4543893333333333,0.8382064993392905,0.01644943654537201,0.19663050770759583,0.18018107116222382,0.04128555953502655,False,0.5407306666666667,0.8603431476164672,0.729744,6,False,0.8529887423378215,0.855523001652566,0.9791672649437285,0.03850176930427551,0.3276958167552948,0.2891940474510193,0.019233226776123047,False,0.132848,0.9230141958272126,0.024840235710144043,0.30927181243896484,0.2844315767288208,0.03289476037025452,False,0.27988266666666667,0.3635893997439628,-0.005598187446594238,0.26595205068588257,0.2715502381324768,0.0633331835269928,True,0.4543893333333333,0.3635893997439628,-0.005598187446594238,0.26595205068588257,0.2715502381324768,0.0633331835269928,True,0.4543893333333333,0.4469415316040621,-0.002130359411239624,0.2687072455883026,0.27083760499954224,0.059865355491638184,True,0.5724373333333334,0.761375463935523,0.799712,8,False,0.897685350898201,0.7532752618738435,1.4619471999999405,0.09896768368094422,0.10224773977872248
1287704027,4282,A woman at a fish market is looking at the fish that are frozen.,109984,People are shopping for fish at a market.,4725026501,0.36594510078430176,0.3537105321884155,0.01223456859588623,0.7726713202985498,12,1.9081958235744878e-17,0.9505991999999424,0.00024450000000797445,0.00010689999999158317,0.6822998095394139,0.007643610239028931,0.3176227807998657,0.3099791705608368,0.0045909583568573,False,0.15335735735735737,0.5792725511149887,0.00319787859916687,0.30401137471199036,0.3008134961128235,0.00903668999671936,False,0.272006006006006,0.6378045151822332,0.005658477544784546,0.2684662938117981,0.26280781626701355,0.006576091051101685,False,0.3825165165165165,0.7222458751280371,0.009556293487548828,0.25391197204589844,0.2443556785583496,0.0026782751083374023,False,0.48176576576576574,0.7548304146721398,0.011245429515838623,0.23041146993637085,0.21916604042053223,0.0009891390800476074,False,0.5576036036036036,0.5357115703057107,1.0,12,False,0.5975789333348838,0.6763912918056851,0.5534540254964943,0.0021463632583618164,0.3212670683860779,0.31912070512771606,0.010088205337524414,False,0.13682282282282282,0.7614196666122095,0.011604785919189453,0.29638001322746277,0.2847752273082733,0.0006297826766967773,False,0.3025705705705706,0.7614196666122095,0.011604785919189453,0.29638001322746277,0.2847752273082733,0.0006297826766967773,False,0.3025705705705706,0.48984327577078735,-0.0004063248634338379,0.27459755539894104,0.2750038802623749,0.012640893459320068,True,0.45926726726726724,0.2760802618301489,-0.009639889001846313,0.26585641503334045,0.27549630403518677,0.021874457597732544,True,0.5065165165165165,0.5583984020487633,0.45926726726726724,6,False,0.48984327577078735,0.6235133777243121,1.17512540000007,-0.022686831743052638,0.05287791408137299
5244864049,129095,A man in a white shirt playing a white guitar standing in front of a microphone with the light casting a somewhat reddish hue on his shirt,51176,"A man with short dreads, and solemn expression, playing guitar.",3021953768,0.3563414514064789,0.3111751675605774,0.04516628384590149,0.989192283708102,12,4.163336342344337e-17,1.0430103000003328,0.0002517999996598519,0.00010530000008657225,0.9942230855880023,0.05148091912269592,0.35695022344589233,0.3054693043231964,-0.006314635276794434,False,0.11752533333333333,0.9804238647573985,0.03913673758506775,0.3183121681213379,0.27917543053627014,0.00602954626083374,False,0.22826133333333334,0.9981589230217228,0.06295561790466309,0.31555262207984924,0.25259700417518616,-0.017789334058761597,False,0.37045866666666666,0.9945645329026712,0.05209359526634216,0.3184741735458374,0.26638057827949524,-0.006927311420440674,False,0.457072,0.9875203854639331,0.04371100664138794,0.2945220470428467,0.25081104040145874,0.0014552772045135498,False,0.55416,0.8823827243610513,0.7743306666666666,9,False,0.6295425475883714,0.990822447301647,0.9982748209127627,0.06360697746276855,0.3684879541397095,0.3048809766769409,-0.018440693616867065,False,0.20413866666666666,0.9982748209127627,0.06360697746276855,0.3684879541397095,0.3048809766769409,-0.018440693616867065,False,0.20413866666666666,0.9989259809058086,0.06835272908210754,0.35342395305633545,0.2850712239742279,-0.023186445236206055,False,0.346336,0.9986131102014072,0.06579303741455078,0.3374195694923401,0.2716265320777893,-0.020626753568649292,False,0.443424,0.9875203854639331,0.04371100664138794,0.2945220470428467,0.25081104040145874,0.0014552772045135498,False,0.55416,0.9601268805941444,0.7482133333333333,9,False,0.9157297427812213,0.9957314376573322,1.442801099999997,-0.07774415623309316,-0.00490899035568515
133010954,5115,A man in a military-type uniform is standing in the street listening to another man who has a piece of paper in his hands.,39605,A man in a hat and a man in glasses talk on the side of the road as a man walks past them.,271572671,0.3249053657054901,0.31659141182899475,0.008313953876495361,0.6966498963386266,15,9.8879238130678e-17,1.185979999999745,0.00025080000023081084,0.0001129000002038083,0.03892551134116568,-0.03206402063369751,0.28692564368247986,0.31898966431617737,0.04037797451019287,True,0.10263793103448277,0.005711149000143205,-0.05159607529640198,0.26007744669914246,0.31167352199554443,0.05991002917289734,True,0.20407471264367816,0.1375997876912528,-0.018353700637817383,0.21689091622829437,0.23524461686611176,0.026667654514312744,True,0.3154540229885057,0.029652394111012365,-0.0348811149597168,0.20943422615528107,0.24431534111499786,0.04319506883621216,True,0.4322528735632184,0.08175422866779271,-0.024187475442886353,0.21789634227752686,0.2420838177204132,0.032501429319381714,True,0.5064425287356322,0.11344474252132458,0.6958160919540229,11,False,0.1625882506758886,0.1222129707905936,0.03892551134116568,-0.03206402063369751,0.28692564368247986,0.31898966431617737,0.04037797451019287,True,0.10263793103448277,0.10521742752645444,-0.021405518054962158,0.27502715587615967,0.2964326739311218,0.02971947193145752,True,0.2374367816091954,0.4907083331678059,-0.0003717094659805298,0.23912785947322845,0.23949956893920898,0.008685663342475891,True,0.3430804597701149,0.14617628646214623,-0.01764911413192749,0.23845267295837402,0.2561017870903015,0.02596306800842285,True,0.4016954022988506,0.08213604619237147,-0.024136722087860107,0.22548392415046692,0.24962064623832703,0.03245067596435547,True,0.5399597701149426,0.15573358086063993,0.4016954022988506,7,False,0.14617628646214623,0.2099993906771663,1.4210191000001942,-0.04228883833931535,-0.08778641988657271
4337180031,93330,A kid in a red and black coat is laying on his back in the snow with his arm in the air and a red sled is next to him.,63531,An Asian girl in glasses is laying in a deep pit of snow.,3324049172,0.3574819564819336,0.3135146200656891,0.04396733641624451,0.9878323672490966,13,4.163336342344337e-17,1.1698833999998897,0.00025379999988217605,0.00010900000006586197,0.9973905382437879,0.05945998430252075,0.38210272789001465,0.3226427435874939,-0.015492647886276245,False,0.123696,0.9567732954124168,0.03097108006477356,0.33584827184677124,0.3048771917819977,0.012996256351470947,False,0.22313066666666667,0.8731710434466149,0.0192929208278656,0.2944946885108948,0.2752017676830292,0.024674415588378906,False,0.30322133333333334,0.09621030088742637,-0.02240060269832611,0.226321741938591,0.24872234463691711,0.06636793911457062,True,0.4876586666666667,0.0036705929463722673,-0.05603724718093872,0.1402396857738495,0.1962769329547882,0.10000458359718323,True,0.626448,0.38683655178798804,1.0,13,False,0.022975610388605832,0.6218311310688223,0.9461779780428887,0.028667479753494263,0.3246648609638214,0.29599738121032715,0.015299856662750244,False,0.160272,0.9567732954124168,0.03097108006477356,0.33584827184677124,0.3048771917819977,0.012996256351470947,False,0.22313066666666667,0.8731710434466149,0.0192929208278656,0.2944946885108948,0.2752017676830292,0.024674415588378906,False,0.30322133333333334,0.09621030088742637,-0.02240060269832611,0.226321741938591,0.24872234463691711,0.06636793911457062,True,0.4876586666666667,0.029136251131812486,-0.0350620299577713,0.2014729529619217,0.236534982919693,0.07902936637401581,True,0.5485973333333334,0.4036318178821841,0.5485973333333334,8,False,0.029136251131812486,0.6950222535294444,1.4013278000002174,-0.01679526609419607,-0.0731911224606221
3773310720,81738,A man in brown building a raft.,144832,A fisherman is handling a net on a small boat near a dock.,7037413229,0.312653511762619,0.2971239387989044,0.0155295729637146,0.8253404469787765,13,7.632783294297951e-17,1.0619116000002577,0.0002376000002186629,0.00010689999999158317,0.6945795285967985,0.008216172456741333,0.30604252219200134,0.29782634973526,0.007313400506973267,False,0.16141866666666665,0.26206366280401416,-0.01035270094871521,0.278399258852005,0.2887519598007202,0.02588227391242981,True,0.22479466666666667,0.05797642445816204,-0.02787993848323822,0.24402587115764618,0.2719058096408844,0.04340951144695282,True,0.414736,0.05797642445816204,-0.02787993848323822,0.24402587115764618,0.2719058096408844,0.04340951144695282,True,0.414736,0.08120120815121241,-0.024261370301246643,0.24779503047466278,0.2720564007759094,0.03979094326496124,True,0.614944,0.2713605064852647,0.8346186666666666,10,False,0.14753261006932256,0.3208625428980619,0.5444332226218324,0.0017820298671722412,0.28332948684692383,0.2815474569797516,0.013747543096542358,False,0.13293333333333332,0.18109825690642772,-0.015089243650436401,0.27294430136680603,0.28803354501724243,0.030618816614151,True,0.22831466666666667,0.2701691796081747,-0.009937644004821777,0.2633329927921295,0.2732706367969513,0.025467216968536377,True,0.34869866666666666,0.05797642445816204,-0.02787993848323822,0.24402587115764618,0.2719058096408844,0.04340951144695282,True,0.414736,0.08230640106064388,-0.024114146828651428,0.23689241707324982,0.26100656390190125,0.03964371979236603,True,0.6388906666666667,0.20756844523489684,0.6388906666666667,7,False,0.08230640106064388,0.2807452418148351,1.4602246000004016,0.06379206125036788,0.04011730108322675
4796827555,114237,A train stop with a band including a tuba and drum.,133077,"Three men are dressed in strange costumes, two are carrying musical instruments.",5622966650,0.3767991364002228,0.2984607517719269,0.0783383846282959,0.9996040546995935,14,6.938893903907228e-17,1.420409099999688,0.0002921000000242202,0.00011099999983343878,0.975807706476256,0.03697231411933899,0.2978596091270447,0.2608872950077057,0.04136607050895691,False,0.2055187969924812,0.975807706476256,0.03697231411933899,0.2978596091270447,0.2608872950077057,0.04136607050895691,False,0.2055187969924812,0.9508645998300717,0.02962791919708252,0.27432066202163696,0.24469274282455444,0.04871046543121338,False,0.31013032581453637,0.9967554572038153,0.05727531015872955,0.24782733619213104,0.1905520260334015,0.021063074469566345,False,0.42887719298245613,0.9918247463003214,0.047984346747398376,0.23520010709762573,0.18721576035022736,0.030354037880897522,False,0.5366265664160401,0.9884054440354575,0.9443859649122807,13,False,0.9806241099886895,0.9812022934429405,0.9995599308709894,0.07728138566017151,0.3727843761444092,0.29550299048423767,0.0010569989681243896,False,0.15773934837092732,0.9995856594049629,0.07788407802581787,0.35885339975357056,0.2809693217277527,0.00045430660247802734,False,0.21520802005012532,0.9990312040603643,0.0693848729133606,0.35203638672828674,0.28265151381492615,0.008953511714935303,False,0.3214937343358396,0.9994537513770162,0.07511889934539795,0.3508659899234772,0.2757470905780792,0.0032194852828979492,False,0.42924310776942354,0.99546219297108,0.05390763282775879,0.3181219696998596,0.26421433687210083,0.02443075180053711,False,0.5315087719298246,0.8480430968037638,0.8504912280701754,12,False,0.8477450535931051,0.9990487915709054,2.1735818000001927,0.14036234723169372,-0.017846498127964905
2165461920,18505,Four white dogs are running and jumping with masks over their mouth.,19174,Three gray dogs jump at a woman.,2190227737,0.3518698811531067,0.314161479473114,0.037708401679992676,0.9774858577549039,15,4.336808689942018e-17,0.9479959000000235,0.0002670999997462786,0.00011129999984405003,0.9738623877719896,0.03617894649505615,0.3235955238342285,0.28741657733917236,0.0015294551849365234,False,0.1422811501597444,0.9391862149198176,0.027371972799301147,0.29672423005104065,0.2693522572517395,0.010336428880691528,False,0.23492651757188499,0.6825801140666938,0.00765654444694519,0.24120165407657623,0.23354510962963104,0.030051857233047485,False,0.31936741214057507,0.39636636824710114,-0.0042062848806381226,0.22025500237941742,0.22446128726005554,0.0419146865606308,True,0.4352779552715655,0.26241422618780513,-0.010334581136703491,0.2110743671655655,0.22140894830226898,0.04804298281669617,True,0.562996805111821,0.4812662475162651,0.6608370607028754,9,False,0.20512825534163398,0.7113881715935361,0.9738623877719896,0.03617894649505615,0.3235955238342285,0.28741657733917236,0.0015294551849365234,False,0.1422811501597444,0.9391862149198176,0.027371972799301147,0.29672423005104065,0.2693522572517395,0.010336428880691528,False,0.23492651757188499,0.6825801140666938,0.00765654444694519,0.24120165407657623,0.23354510962963104,0.030051857233047485,False,0.31936741214057507,0.6167172332456358,0.004756376147270203,0.2326885461807251,0.2279321700334549,0.03295202553272247,False,0.4520894568690096,0.5728245100651902,0.0029338449239730835,0.23033097386360168,0.2273971289396286,0.03477455675601959,False,0.5121022364217253,0.7012493158191502,0.5121022364217253,6,False,0.5728245100651902,0.8159031640879684,1.4132074999997712,-0.21998306830288505,-0.1045149924944323
4469735380,97178,An Asian man is cooking eggs in a pan outside while a woman watches.,149582,An asian woman demonstrating cooking with margarine in a public place,7738684358,0.3889559805393219,0.34429192543029785,0.04466405510902405,0.9886419502337234,14,6.245004513516506e-17,1.2254602000002706,0.0002766000002338842,0.00011130000029879739,0.901165443417722,0.022102415561676025,0.3314354419708252,0.30933302640914917,0.022561639547348022,False,0.15215466666666666,0.7735506080248724,0.012284696102142334,0.3216184079647064,0.3093337118625641,0.032379359006881714,False,0.23758933333333335,0.8853821160584298,0.020444154739379883,0.30663010478019714,0.28618595004081726,0.024219900369644165,False,0.317328,0.8634974356229387,0.01844647526741028,0.306257039308548,0.2878105640411377,0.02621757984161377,False,0.42002133333333336,0.929173996279908,0.025740697979927063,0.27140477299690247,0.2456640750169754,0.018923357129096985,False,0.5721333333333334,0.8306865646646722,0.816288,11,False,0.6364609397327068,0.8871953036412785,0.901165443417722,0.022102415561676025,0.3314354419708252,0.30933302640914917,0.022561639547348022,False,0.15215466666666666,0.8141339209078516,0.014770984649658203,0.28112077713012695,0.26634979248046875,0.029893070459365845,False,0.24651733333333334,0.6994351908567185,0.008446097373962402,0.26338377594947815,0.25493767857551575,0.036217957735061646,False,0.33020266666666664,0.5908730969045545,0.0036757588386535645,0.2629542350769043,0.25927847623825073,0.04098829627037048,False,0.42434133333333335,0.6453722098929822,0.005987584590911865,0.3024107813835144,0.29642319679260254,0.03867647051811218,False,0.532736,0.6627061455391347,0.6181706666666666,9,False,0.5542883768117877,0.780440097518319,1.665965099999994,0.16798041912553752,0.10675520612295952
3780768589,81907,Four black men are sitting on the steps of a church.,107119,Four men sit on the found in front of a church or synagogue.,4683565867,0.3800501227378845,0.3151281177997589,0.06492200493812561,0.9984870812670792,11,3.469446951953614e-17,1.0227857999998378,0.000251500000103988,0.00010399999973742524,0.9986235341517063,0.06586858630180359,0.33666330575942993,0.27079471945762634,-0.0009465813636779785,False,0.10703903903903904,0.9813485545122206,0.039630040526390076,0.27490293979644775,0.23527289927005768,0.025291964411735535,False,0.28915315315315315,0.7690091687160351,0.012027248740196228,0.2561503052711487,0.24412305653095245,0.05289475619792938,False,0.36294894894894897,0.6846916809786131,0.00775417685508728,0.24370786547660828,0.235953688621521,0.05716782808303833,False,0.42855855855855857,0.390569881630685,-0.004449173808097839,0.20755580067634583,0.21200497448444366,0.06937117874622345,True,0.5582462462462462,0.6238486410560272,0.8413153153153153,9,False,0.5844673513068374,0.84043882283241,0.9541971008437704,0.0303652286529541,0.31940439343452454,0.28903916478157043,0.03455677628517151,False,0.1821141141141141,0.4925555575036338,-0.0002977997064590454,0.24512945115566254,0.24542725086212158,0.06521980464458466,True,0.3118018018018018,0.4925555575036338,-0.0002977997064590454,0.24512945115566254,0.24542725086212158,0.06521980464458466,True,0.3118018018018018,0.5111691696511281,0.00044684112071990967,0.231144517660141,0.23069767653942108,0.0644751638174057,False,0.4512072072072072,0.6631922933462809,0.006775528192520142,0.22914735972881317,0.22237183153629303,0.05814647674560547,False,0.5424384384384384,0.52557452983869,0.7916816816816817,8,False,0.28448040176224587,0.7284701779672512,1.2808555999999953,0.0982741112173372,0.11196864486515878
1313869424,4860,"A shirtless man is fishing, standing on large rocks that rest next to a boardwalk with a tall lamp post in the forefront.",30639,A child in colorful shorts is standing on a post in the street.,2484190118,0.40877795219421387,0.3568192720413208,0.051958680152893066,0.9944911100392575,14,9.71445146547012e-17,1.1623266000001422,0.00026590000015858095,0.0001111999999920954,0.9900789277998836,0.04603123664855957,0.28733062744140625,0.24129939079284668,0.005927443504333496,False,0.154018018018018,0.5311143466864171,0.0012461841106414795,0.2548261284828186,0.2535799443721771,0.05071249604225159,False,0.22917117117117117,0.23232280669131997,-0.011952415108680725,0.20557627081871033,0.21752868592739105,0.06391109526157379,True,0.37154954954954955,0.3188324378785051,-0.007591426372528076,0.18982428312301636,0.19741570949554443,0.05955010652542114,True,0.44522522522522523,0.16795179853180273,-0.01600213348865509,0.17331084609031677,0.18931297957897186,0.06796081364154816,True,0.5157177177177177,0.32377022247225634,0.8557657657657658,12,False,0.0325748047208764,0.5852041798353994,0.9900789277998836,0.04603123664855957,0.28733062744140625,0.24129939079284668,0.005927443504333496,False,0.154018018018018,0.5311143466864171,0.0012461841106414795,0.2548261284828186,0.2535799443721771,0.05071249604225159,False,0.22917117117117117,0.47712109874205705,-0.0009157955646514893,0.2523457407951355,0.253261536359787,0.052874475717544556,True,0.3648228228228228,0.23423108436048293,-0.011845722794532776,0.2068849354982376,0.21873065829277039,0.06380440294742584,True,0.43674474474474473,0.15788236751145932,-0.016740694642066956,0.1972198784351349,0.21396057307720184,0.06869937479496002,True,0.5045105105105105,0.43776622529194714,0.5781861861861862,8,False,0.25868410607478964,0.6288119768488802,1.5033551000001353,-0.1139960028196908,-0.04360779701348083
3256456935,60890,The girl with the red belt is kicking a pad that the person in black is holding.,257,A girl kicking a stick that a man is holding in tae kwon do class.,101362133,0.3531133830547333,0.34690049290657043,0.006212890148162842,0.6505116580727284,12,5.551115123125783e-17,1.3586397000003672,0.00023569999984829337,0.00010620000011840602,0.6430326463582163,0.005885511636734009,0.33091557025909424,0.32503005862236023,0.000327378511428833,False,0.19688195991091315,0.8282824178364844,0.01573503017425537,0.3241438567638397,0.30840882658958435,-0.00952214002609253,False,0.25820935412026724,0.8984522282232681,0.02180144190788269,0.3195081353187561,0.2977066934108734,-0.015588551759719849,False,0.36010244988864143,0.928779059532562,0.025680840015411377,0.305556058883667,0.2798752188682556,-0.019467949867248535,False,0.41321603563474385,0.9731903452939963,0.03591817617416382,0.31251657009124756,0.27659839391708374,-0.029705286026000977,False,0.5089220489977728,0.8254361457943297,0.9470512249443207,11,False,0.7295442523895339,0.7859067140276457,0.5822635325366091,0.00332072377204895,0.3427102565765381,0.33938953280448914,0.0028921663761138916,False,0.10027616926503341,0.7391241526489511,0.010414212942123413,0.3319709599018097,0.3215567469596863,-0.004201322793960571,False,0.31205790645879733,0.7391241526489511,0.010414212942123413,0.3319709599018097,0.3215567469596863,-0.004201322793960571,False,0.31205790645879733,0.8003768168384298,0.013886511325836182,0.3359511196613312,0.322064608335495,-0.00767362117767334,False,0.40109576837416483,0.8546812180922799,0.017717987298965454,0.3260077238082886,0.3082897365093231,-0.011505097150802612,False,0.502988864142539,0.7782324625076993,0.502988864142539,5,False,0.8546812180922799,0.7049625402328535,1.705748500000027,0.04720368328663038,0.08094417379479213
4752799475,111696,"A woman in a tank top, walks through a market on her cellphone.",67089,A young girl plays as a woman talks on phone.,3405279045,0.36478564143180847,0.32803279161453247,0.036752849817276,0.9752841706224895,13,4.163336342344337e-17,1.207074399999783,0.0002531000000089989,0.0001077000001714623,0.9986959980018296,0.0664101243019104,0.32930538058280945,0.26289525628089905,-0.0296572744846344,False,0.16035435435435436,0.9992050793792369,0.07136473059654236,0.32876962423324585,0.2574048936367035,-0.03461188077926636,False,0.24770570570570571,0.9897106464112494,0.045663028955459595,0.29067519307136536,0.24501216411590576,-0.008910179138183594,False,0.3471171171171171,0.992005341016085,0.048209547996520996,0.28619584441185,0.23798629641532898,-0.011456698179244995,False,0.4423303303303303,0.9639604465136788,0.03286433219909668,0.2698572874069214,0.2369929552078247,0.0038885176181793213,False,0.5935015015015015,0.8512422196847849,0.8636756756756757,11,False,0.3084740494252791,0.9883275582668379,0.9592957041216986,0.03159865736961365,0.3382827043533325,0.30668404698371887,0.0051541924476623535,False,0.17168168168168169,0.9523614928063782,0.029953032732009888,0.3346777558326721,0.30472472310066223,0.006799817085266113,False,0.2710930930930931,0.9587400435325132,0.03145727515220642,0.3361593186855316,0.3047020435333252,0.00529557466506958,False,0.31696096096096094,0.45809587646960864,-0.0016801059246063232,0.3037906885147095,0.3054707944393158,0.038432955741882324,True,0.4305285285285285,0.5068622988677686,0.0002745091915130615,0.3043529689311981,0.30407845973968506,0.03647834062576294,False,0.520984984984985,0.6493670327202308,0.4305285285285285,6,False,0.45809587646960864,0.8234631995654604,1.3484455999996499,0.2018751869645541,0.1648643587013775
6224066807,138181,A guy dressed in a white uniform with a number 3 on it playing soccer.,139022,Soccer players in blue and white fight for the ball in midair.,6312211170,0.31996801495552063,0.30889517068862915,0.01107284426689148,0.7516224980786752,14,6.245004513516506e-17,1.1973484000000099,0.00024100000018734136,0.00010830000019268482,0.3374340735720306,-0.006747499108314514,0.2451988309621811,0.2519463300704956,0.017820343375205994,True,0.13323555555555555,0.4607407961227138,-0.001573607325553894,0.2427060455083847,0.2442796528339386,0.012646451592445374,True,0.20980444444444443,0.4141667766898697,-0.003467664122581482,0.23538662493228912,0.2388542890548706,0.014540508389472961,True,0.3042311111111111,0.15965403858890073,-0.016608044505119324,0.2151605486869812,0.23176859319210052,0.027680888772010803,True,0.4245466666666667,0.1291834329595979,-0.019081979990005493,0.21252603828907013,0.23160801827907562,0.030154824256896973,True,0.51396,0.22416400467181335,0.6973333333333334,10,False,0.11388982556644317,0.37327468802174985,0.5441441905953494,0.0017703771591186523,0.2989710569381714,0.29720067977905273,0.009302467107772827,False,0.10616444444444445,0.47204554581884417,-0.0011193454265594482,0.28323808312416077,0.2843574285507202,0.012192189693450928,True,0.26670666666666665,0.42882914826717805,-0.002866297960281372,0.27989670634269714,0.2827630043029785,0.013939142227172852,True,0.3352311111111111,0.39534323931876664,-0.004249066114425659,0.280098021030426,0.2843470871448517,0.015321910381317139,True,0.4063866666666667,0.0742572045712209,-0.025230616331100464,0.25323286652565,0.2784634828567505,0.03630346059799194,True,0.5111155555555555,0.27657036963378534,0.5876844444444445,9,False,0.11503742433699547,0.46003571868767595,1.796950299999935,-0.052406364961971985,-0.08676103066592611
3339751521,64265,A group of traveling people relaxing on top of a hill overlooking a range.,115497,An adult Asian male instructs a group of Asian children.,4814335297,0.3543437719345093,0.3139203190803528,0.040423452854156494,0.9827466543651066,14,6.245004513516506e-17,0.9953402000001006,0.00025959999993574456,0.00011969999968641787,0.9952772985630601,0.05350640416145325,0.3224114775657654,0.26890507340431213,-0.013082951307296753,False,0.1742135231316726,0.9805105618365666,0.03918200731277466,0.3104754686355591,0.2712934613227844,0.001241445541381836,False,0.2657081850533808,0.9925935714559097,0.048979729413986206,0.30523717403411865,0.25625744462013245,-0.008556276559829712,False,0.3460996441281139,0.9987555877725077,0.06687846779823303,0.27758273482322693,0.2107042670249939,-0.026455014944076538,False,0.4131103202846975,0.999706977205321,0.08134967088699341,0.29772406816482544,0.21637439727783203,-0.040926218032836914,False,0.525067615658363,0.978502235536246,0.7767188612099644,11,False,0.9420408263136408,0.9914698321045604,0.9871545981128821,0.04341840744018555,0.3162009119987488,0.27278250455856323,-0.0029949545860290527,False,0.17876868327402134,0.9928344352302655,0.0493127703666687,0.31999796628952026,0.27068519592285156,-0.008889317512512207,False,0.21402135231316727,0.9998933468193059,0.09145821630954742,0.3046102523803711,0.21315203607082367,-0.05103476345539093,False,0.36797153024911033,0.9998993055577626,0.09203319251537323,0.3048138916492462,0.21278069913387299,-0.051609739661216736,False,0.4294661921708185,0.9994721623880523,0.07546193897724152,0.2900615334510803,0.2145995944738388,-0.03503848612308502,False,0.541423487544484,0.9972060757209705,0.48829893238434163,7,False,0.9998981236305102,0.9932688252510583,1.2328847000003407,-0.018703840184724485,-0.0017989931464978959
3514685438,71687,"A white woman holding a donation check for ""Kids Food Basket.""",26308,A check with a green shirt uses a blowtorch on some food.,238177432,0.4011039435863495,0.2826674282550812,0.11843651533126831,0.9999928160322572,14,4.163336342344337e-17,1.2091341000000284,0.00025820000018939027,0.00011180000001331791,0.999828925229677,0.08673238754272461,0.34611785411834717,0.25938546657562256,0.0317041277885437,False,0.17597005988023953,0.7876711715498481,0.013109445571899414,0.27242511510849,0.2593156695365906,0.1053270697593689,False,0.22947904191616766,0.022256168978282878,-0.037826284766197205,0.1743442565202713,0.2121705412864685,0.15626280009746552,True,0.38745508982035926,0.04318463191466712,-0.030981257557868958,0.17158275842666626,0.20256401598453522,0.14941777288913727,True,0.4307245508982036,0.03077511726202225,-0.03449790179729462,0.17531602084636688,0.2098139226436615,0.15293441712856293,True,0.5435449101796407,0.32052436175647164,0.7215269461077845,11,False,0.06722498660264015,0.5396802776990147,0.9973306102616027,0.05923232436180115,0.3357396721839905,0.27650734782218933,0.05920419096946716,False,0.13722754491017963,0.7876711715498481,0.013109445571899414,0.27242511510849,0.2593156695365906,0.1053270697593689,False,0.22947904191616766,0.09877365522344228,-0.022109255194664,0.22241930663585663,0.24452856183052063,0.1405457705259323,True,0.33889820359281436,0.04318463191466712,-0.030981257557868958,0.17158275842666626,0.20256401598453522,0.14941777288913727,True,0.4307245508982036,0.07160255443990424,-0.025623291730880737,0.1759973168373108,0.20162060856819153,0.14405980706214905,True,0.5152095808383234,0.30382284268031967,0.6385868263473053,10,False,0.05533449486295422,0.541997137820383,1.5002242000000479,0.01670151907615197,-0.002316860121368225
4735200580,110728,A skinny shirtless indian boy wearing shorts is jumping to the lake.,68148,A boy takes a flying leap into the water.,3430607596,0.37769731879234314,0.3439822793006897,0.03371503949165344,0.9668019956606992,11,2.7755575615628914e-17,0.9567993999999089,0.00024720000010347576,0.0001029000000016822,0.7268755001066398,0.009788274765014648,0.30178868770599365,0.292000412940979,0.023926764726638794,False,0.1777142857142857,0.5274285711174443,0.00109824538230896,0.28990212082862854,0.2888038754463196,0.03261679410934448,False,0.2827337662337662,0.3114530631415677,-0.007933348417282104,0.2660212814807892,0.2739546298980713,0.04164838790893555,True,0.3462662337662338,0.5741967639572972,0.00298994779586792,0.22983193397521973,0.2268419861793518,0.030725091695785522,False,0.402474025974026,0.2751957381049343,-0.009684190154075623,0.15855500102043152,0.16823919117450714,0.043399229645729065,True,0.760538961038961,0.4069334344030699,0.8343311688311689,9,False,0.1743407963245727,0.5521948277013959,0.8598232820786572,0.018138229846954346,0.35234376788139343,0.3342055380344391,0.015576809644699097,False,0.1150974025974026,0.6714312773513068,0.007146656513214111,0.2892773747444153,0.28213071823120117,0.02656838297843933,False,0.22762337662337662,0.47548230946188236,-0.0009814947843551636,0.2302287220954895,0.23121021687984467,0.034696534276008606,True,0.4997857142857143,0.47548230946188236,-0.0009814947843551636,0.2302287220954895,0.23121021687984467,0.034696534276008606,True,0.4997857142857143,0.4147565888496416,-0.0034433603286743164,0.2244872748851776,0.22793063521385193,0.03715839982032776,True,0.5833636363636364,0.7062858491568633,0.22762337662337662,4,False,0.6714312773513068,0.6591915299347757,0.8756220000000212,-0.2993524147537934,-0.10699670223337976
7001949951,144428,A woman paints a brown vase with white flowers.,149581,"A woman, wearing a yellow apron, is taking the lid off of a large pot.",7738684358,0.4244880676269531,0.34745872020721436,0.07702934741973877,0.9995487035603581,14,6.938893903907228e-17,0.9533837000003587,0.00026479999996809056,0.00011059999997087289,0.9995231663919405,0.07647866010665894,0.40193408727645874,0.3254554271697998,0.000550687313079834,False,0.1200843373493976,0.9558659079617421,0.03075385093688965,0.3066439926624298,0.27589014172554016,0.04627549648284912,False,0.2566686746987952,0.0605732035406814,-0.027414172887802124,0.2783295512199402,0.3057437241077423,0.1044435203075409,True,0.3338734939759036,0.01598192340162172,-0.04120185971260071,0.2464020550251007,0.2876039147377014,0.11823120713233948,True,0.4105180722891566,0.6816136691205951,0.007611975073814392,0.2065916508436203,0.1989796757698059,0.06941737234592438,False,0.595855421686747,0.67316335816207,1.0,14,False,0.8341041760363131,0.6048151673765099,0.999745870711499,0.08277413249015808,0.42420023679733276,0.3414261043071747,-0.0057447850704193115,False,0.131,0.8404896521087926,0.0166187584400177,0.3180292248725891,0.3014104664325714,0.06041058897972107,False,0.26758433734939757,0.0605732035406814,-0.027414172887802124,0.2783295512199402,0.3057437241077423,0.1044435203075409,True,0.3338734939759036,0.04682127157749387,-0.030134648084640503,0.27881184220314026,0.30894649028778076,0.10716399550437927,True,0.4552289156626506,0.046640716795558396,-0.03017517924308777,0.27931275963783264,0.3094879388809204,0.10720452666282654,True,0.5205481927710843,0.31891432969870354,0.390933734939759,6,False,0.042435129188490156,0.5687498439190133,1.4285608000000138,0.3542490284633664,0.03606532345749658
4868221344,119139,A man and woman sitting on the sidewalk.,41372,A woman sitting with a guitar talking to a man sitting with an umbrella.,2762599124,0.3229404389858246,0.30543118715286255,0.017509251832962036,0.8520694566271058,12,3.2959746043559335e-17,1.3086141000003408,0.0002519999998185085,0.00010649999967426993,0.5083479722796631,0.0003339499235153198,0.24526342749595642,0.2449294775724411,0.017175301909446716,False,0.10680597014925373,0.1550661635316017,-0.01695406436920166,0.20368915796279907,0.22064322233200073,0.034463316202163696,True,0.2803940298507463,0.07675666208819888,-0.02487252652645111,0.20817513763904572,0.23304766416549683,0.04238177835941315,True,0.35764776119402986,0.16747859752984917,-0.016036033630371094,0.2056240290403366,0.2216600626707077,0.03354528546333313,True,0.4278686567164179,0.24591656672167145,-0.011205106973648071,0.20710235834121704,0.2183074653148651,0.028714358806610107,True,0.5867701492537314,0.24403914024091947,0.7890985074626866,9,False,0.1629216616921422,0.30779529422315227,0.29484243271587185,-0.008719801902770996,0.26722413301467896,0.27594393491744995,0.026229053735733032,True,0.17358805970149255,0.17082504000718834,-0.015797913074493408,0.26852020621299744,0.28431811928749084,0.033307164907455444,True,0.2420179104477612,0.07167549421686202,-0.025612324476242065,0.258022278547287,0.28363460302352905,0.0431215763092041,True,0.3192716417910448,0.05069381819799789,-0.02929927408695221,0.23776791989803314,0.26706719398498535,0.046808525919914246,True,0.4872417910447761,0.0998491536701967,-0.021989017724990845,0.2505611181259155,0.27255013585090637,0.03949826955795288,True,0.5684179104477612,0.17442038351665717,0.6752238805970149,7,False,0.06795559873303848,0.24846571249359983,1.3954923999999664,0.06961875672426229,0.05932958172955244
327142149,61526,"A woman sitting, a woman sweeping, and a woman holding a shovel.",42062,A young woman sweeping with a straw broom.,2778313163,0.35188210010528564,0.33850863575935364,0.013373464345932007,0.7920532248825558,13,3.469446951953614e-17,1.069638699999814,0.000241100000039296,0.00011170000016136328,0.6534525213570078,0.006342500448226929,0.3309536576271057,0.3246111571788788,0.007030963897705078,False,0.10078933333333333,0.09921398368055558,-0.022059887647628784,0.30163314938545227,0.32369303703308105,0.03543335199356079,True,0.200144,0.3494395602920023,-0.006215035915374756,0.2708587348461151,0.27707377076148987,0.019588500261306763,True,0.35884266666666664,0.5070388435036894,0.0002815723419189453,0.271987646818161,0.27170607447624207,0.013091892004013062,False,0.4481866666666667,0.5176155645163901,0.0007049143314361572,0.2392171025276184,0.23851218819618225,0.01266855001449585,False,0.5601706666666667,0.5276578164473619,0.8870613333333334,11,False,0.6262462301456252,0.4310644450967824,0.722121504206361,0.009550094604492188,0.32517582178115845,0.31562572717666626,0.0038233697414398193,False,0.11416533333333333,0.7122431544585697,0.009063035249710083,0.3111169636249542,0.30205392837524414,0.004310429096221924,False,0.280192,0.3125841323785206,-0.00788065791130066,0.27620044350624084,0.2840811014175415,0.021254122257232666,True,0.380048,0.1933501999537756,-0.014283865690231323,0.272336483001709,0.2866203486919403,0.02765733003616333,True,0.47940266666666664,0.2678683356427322,-0.01005464792251587,0.2752112150192261,0.28526586294174194,0.023428112268447876,True,0.530208,0.3768104463983515,0.47940266666666664,6,False,0.1933501999537756,0.553597359595621,1.5332114000002548,0.1508473700490104,-0.12253291449883857
2961247549,48985,"The Dali Lama during a reception where participants have brought carnations, parasols and prayer flags.",15653,Two Indian men participating in a ceremony.,2072331027,0.29655247926712036,0.29579833149909973,0.0007541477680206299,0.5188447635892743,12,4.336808689942018e-17,1.0879125999999815,0.0002444000001560198,0.00010799999972732621,0.7232384151161081,0.009605824947357178,0.2832137942314148,0.2736079692840576,-0.008851677179336548,False,0.21628169014084508,0.7232384151161081,0.009605824947357178,0.2832137942314148,0.2736079692840576,-0.008851677179336548,False,0.21628169014084508,0.7692692617476089,0.01204189658164978,0.28004878759384155,0.2680068910121918,-0.01128774881362915,False,0.3260450704225352,0.9730639346470532,0.03586983680725098,0.2912130653858185,0.2553432285785675,-0.03511568903923035,False,0.40700281690140844,0.5154021810860951,0.0006162822246551514,0.2518174946308136,0.25120121240615845,0.00013786554336547852,False,0.5785239436619718,0.7301577871989253,0.7342422535211267,8,False,0.8386602699539021,0.7163241042016711,0.09468259627167551,-0.022577553987503052,0.2597450017929077,0.28232255578041077,0.02333170175552368,True,0.2539830985915493,0.09468259627167551,-0.022577553987503052,0.2597450017929077,0.28232255578041077,0.02333170175552368,True,0.2539830985915493,0.20346412777790607,-0.01364782452583313,0.26987114548683167,0.2835189700126648,0.01440197229385376,True,0.4031887323943662,0.20346412777790607,-0.01364782452583313,0.26987114548683167,0.2835189700126648,0.01440197229385376,True,0.4031887323943662,0.10924146785723687,-0.020985126495361328,0.2580290138721466,0.27901414036750793,0.021739274263381958,True,0.5694535211267605,0.1456756000043944,0.5694535211267605,6,False,0.10924146785723687,0.22153052996381406,1.3498770999999579,0.5844821871945309,0.4947935742378571
3432637363,68251,A man in a turban looks at two police officers who are near a tent and a pile of refuse.,123120,A man wearing black pants and jacket is on a blue scooter next to a crowd of people and a green tent.,4937639267,0.36138203740119934,0.3405056595802307,0.020876377820968628,0.8896958175717888,13,1.1275702593849246e-16,1.3537507999999434,0.0002585000002000015,0.00010849999989659409,0.7106089363922886,0.008983433246612549,0.2788967490196228,0.26991331577301025,0.011892944574356079,False,0.28426605504587155,0.7106089363922886,0.008983433246612549,0.2788967490196228,0.26991331577301025,0.011892944574356079,False,0.28426605504587155,0.5267882189979505,0.0010725557804107666,0.26950445771217346,0.2684319019317627,0.01980382204055786,False,0.36536697247706423,0.9071776769370974,0.02279651165008545,0.2785763144493103,0.25577980279922485,-0.0019201338291168213,False,0.43928440366972477,0.9963709472023787,0.05615147948265076,0.23612844944000244,0.17997696995735168,-0.03527510166168213,False,0.5383899082568807,0.8570069720151201,0.8250779816513761,10,False,0.9960450480413056,0.7893104728765007,0.5410517234461918,0.0016457736492156982,0.3286067545413971,0.3269609808921814,0.01923060417175293,False,0.13475229357798166,0.19292989061672702,-0.014310836791992188,0.2991933524608612,0.3135041892528534,0.035187214612960815,True,0.21585321100917432,0.512477876225759,0.0004992187023162842,0.2979744076728821,0.2974751889705658,0.020377159118652344,False,0.3311100917431193,0.13867237387189754,-0.01826360821723938,0.2889561057090759,0.3072197139263153,0.03913998603820801,True,0.42244495412844035,0.4165568197404899,-0.003369241952896118,0.2871321141719818,0.29050135612487793,0.024245619773864746,True,0.5157339449541284,0.3208021669099933,0.4646926605504587,7,False,0.213047453475833,0.43132286307680545,1.7677217000000383,0.5362048051051268,0.35798760979969524
3501083764,71156,An african family are standing in front of some makeshift houses.,113067,A woman is standing and talking to a group of children.,4773842539,0.3526923358440399,0.30784928798675537,0.044843047857284546,0.988841194014082,11,2.2985086056692694e-17,1.0464078999998492,0.00025180000011459924,0.00010689999999158317,0.992050852103694,0.048267096281051636,0.3478142023086548,0.29954710602760315,-0.00342404842376709,False,0.10830538922155689,0.996859036030185,0.05760079622268677,0.33262529969215393,0.27502450346946716,-0.012757748365402222,False,0.21479640718562873,0.7188580981665064,0.009388044476509094,0.2237173616886139,0.2143293172121048,0.03545500338077545,False,0.42820958083832333,0.7188580981665064,0.009388044476509094,0.2237173616886139,0.2143293172121048,0.03545500338077545,False,0.42820958083832333,0.6015632298910597,0.0041198283433914185,0.22527463734149933,0.2211548089981079,0.04072321951389313,False,0.5712634730538922,0.5802131928339589,0.9014610778443114,10,False,0.01861781859754636,0.8589647492100211,0.8968474712243164,0.021626770496368408,0.3302065432071686,0.30857977271080017,0.023216277360916138,False,0.2134131736526946,0.8968474712243164,0.021626770496368408,0.3302065432071686,0.30857977271080017,0.023216277360916138,False,0.2134131736526946,0.904765711578766,0.022513359785079956,0.3143230080604553,0.29180964827537537,0.02232968807220459,False,0.3199041916167665,0.63884688659852,0.005703628063201904,0.3116122782230377,0.3059086501598358,0.03913941979408264,False,0.463,0.7160237417049736,0.009248226881027222,0.3115515410900116,0.3023033142089844,0.035594820976257324,False,0.5214670658682635,0.7973183082535551,0.3957365269461078,4,False,0.7212876953986457,0.8575673189726384,1.148976699999821,-0.2171051154195962,0.0013974302373827019
76485985,148770,Two girls wearing pink have their hands in or near a fountain in a shopping complex where people throw coins in it.,75236,A girl is playing in the fountain fully clothed.,3597007663,0.38497334718704224,0.3374994695186615,0.04747387766838074,0.9914002718443574,14,6.245004513516506e-17,1.1668398000001616,0.0002509000000827655,0.00011350000022503082,0.9481069468357504,0.029052823781967163,0.33659693598747253,0.30754411220550537,0.018421053886413574,False,0.13445866666666667,0.9557555157627089,0.03072771430015564,0.3299762010574341,0.29924848675727844,0.016746163368225098,False,0.22442666666666666,0.9190234129929234,0.024291515350341797,0.3100409209728241,0.2857494056224823,0.02318236231803894,False,0.35557333333333335,0.9527189257182808,0.030032098293304443,0.29746994376182556,0.2674378454685211,0.017441779375076294,False,0.41029333333333334,0.8804494283012086,0.019966930150985718,0.2997935712337494,0.27982664108276367,0.02750694751739502,False,0.5503893333333333,0.831718265171176,1.0,14,False,0.9621668880811057,0.9422262492896156,0.8985677290904065,0.02181410789489746,0.3512638211250305,0.32944971323013306,0.025659769773483276,False,0.13605866666666666,0.9112131989105405,0.023285388946533203,0.30799582600593567,0.28471043705940247,0.024188488721847534,False,0.23418133333333332,0.8446290240697633,0.016930818557739258,0.28264835476875305,0.2657175362110138,0.03054305911064148,False,0.3377813333333333,0.933547804133979,0.026425093412399292,0.27974292635917664,0.25331783294677734,0.021048784255981445,False,0.42382933333333334,0.9712956572936687,0.035215824842453,0.29698020219802856,0.26176437735557556,0.012258052825927734,False,0.502112,0.9306901174105571,0.275968,5,False,0.9393759002451417,0.9148925904429015,1.524371599999995,-0.0989718522393811,0.027333658846714126
251586160,31673,A black dog in a red harness jumping.,52887,A black and white dog running through an obstacle course,3064716525,0.36213138699531555,0.3575270175933838,0.004604369401931763,0.6131178253784492,15,9.71445146547012e-17,1.408675900000162,0.00025950000008378993,0.00011390000008759671,0.188176096514169,-0.014619052410125732,0.3280537724494934,0.34267282485961914,0.019223421812057495,True,0.100808,0.6145285988235714,0.00466388463973999,0.26883700489997864,0.26417312026023865,-5.951523780822754e-05,False,0.264452,0.15250187542987131,-0.0171511173248291,0.2415785789489746,0.2587296962738037,0.021755486726760864,True,0.325272,0.06759041003708917,-0.02624306082725525,0.17793124914169312,0.20417430996894836,0.03084743022918701,True,0.418112,0.14657827360191103,-0.017616942524909973,0.14938241243362427,0.16699935495853424,0.022221311926841736,True,0.552768,0.20263870600609013,0.791384,11,False,0.08884577059875602,0.2786502694918487,0.188176096514169,-0.014619052410125732,0.3280537724494934,0.34267282485961914,0.019223421812057495,True,0.100808,0.004421258122491119,-0.05416899919509888,0.2690262198448181,0.323195219039917,0.05877336859703064,True,0.263188,0.0021084155342208184,-0.061597079038619995,0.24923080205917358,0.3108278810977936,0.06620144844055176,True,0.32904,0.00956567569442347,-0.04639962315559387,0.258527934551239,0.3049275577068329,0.051003992557525635,True,0.429264,0.032308384542298986,-0.033995866775512695,0.26547086238861084,0.29946672916412354,0.03860023617744446,True,0.50296,0.08215122237234013,0.50296,7,False,0.032308384542298986,0.11604974854481358,2.317068599999857,0.12048748363375,0.1626005209470351
567903453,133487,A person in a bright yellow vest and hard hat is standing by the railroad tracks.,136192,A man is observing a small white motor vehicle perpendicular on the tracks against a large blue and gray train.,5984974054,0.37666457891464233,0.3456522226333618,0.031012356281280518,0.9569436847432222,13,5.551115123125783e-17,1.5608422999998766,0.00025920000007317867,0.0001073999997061037,0.0433806671351126,-0.030933916568756104,0.3008408844470978,0.3317748010158539,0.06194627285003662,True,0.174268,0.05361795495379094,-0.02870762348175049,0.307439386844635,0.3361470103263855,0.059719979763031006,True,0.238104,0.04793454166817929,-0.02988797426223755,0.3003087639808655,0.330196738243103,0.060900330543518066,True,0.313504,0.2222178430552511,-0.012527883052825928,0.2499987781047821,0.26252666115760803,0.043540239334106445,True,0.407368,0.47227096980112826,-0.0011103004217147827,0.20014744997024536,0.20125775039196014,0.0321226567029953,True,0.50338,0.2514476652280891,0.78766,10,False,0.016841590727828495,0.2783289262363862,0.0433806671351126,-0.030933916568756104,0.3008408844470978,0.3317748010158539,0.06194627285003662,True,0.174268,0.0660287788758683,-0.026493549346923828,0.3143892288208008,0.3408827781677246,0.057505905628204346,True,0.22758,0.07951673361780343,-0.02448931336402893,0.2969558835029602,0.32144519686698914,0.05550166964530945,True,0.366816,0.050745546275990976,-0.029288530349731445,0.26210808753967285,0.2913966178894043,0.06030088663101196,True,0.418108,0.15744659866661612,-0.016773506999015808,0.23105281591415405,0.24782632291316986,0.047785863280296326,True,0.54082,0.1915298789541774,0.54082,7,False,0.15744659866661612,0.21509154882118794,2.2371407999999064,0.0599177862739117,0.06323737741519828
3278581900,61832,Two kids run through gray sand.,8859,Two children playing in the sand.,150411291,0.34211915731430054,0.32991963624954224,0.0121995210647583,0.7720551209463263,15,2.970713952610282e-17,1.2371545999999398,0.000266999999894324,0.00011350000022503082,0.8363144216559716,0.016310572624206543,0.3214550316333771,0.30514445900917053,-0.004111051559448242,False,0.156448,0.6711682344426424,0.007134735584259033,0.309562087059021,0.30242735147476196,0.005064785480499268,False,0.22475733333333334,0.5212875885761816,0.0008520185947418213,0.29753467440605164,0.2966826558113098,0.01134750247001648,False,0.34314133333333335,0.5600524610104125,0.0024137496948242188,0.29915252327919006,0.29673877358436584,0.009785771369934082,False,0.416704,0.5545777143134394,0.0021918416023254395,0.2979147136211395,0.2957228720188141,0.010007679462432861,False,0.5408213333333334,0.6400000819341833,0.8201066666666667,12,False,0.7425430222236917,0.6597929503256295,0.7500558118641362,0.010989099740982056,0.3378240168094635,0.32683491706848145,0.0012104213237762451,False,0.15258666666666668,0.7173435301579234,0.009313225746154785,0.3294684886932373,0.3201552629470825,0.0028862953186035156,False,0.221296,0.6795252121707444,0.007515907287597656,0.3046344220638275,0.29711851477622986,0.0046836137771606445,False,0.3394666666666667,0.6184117910125658,0.004828125238418579,0.29794713854789734,0.29311901330947876,0.007371395826339722,False,0.41666133333333333,0.7912460826420199,0.013324528932571411,0.30925920605659485,0.29593467712402344,-0.0011250078678131104,False,0.5653013333333333,0.748619953548358,0.48497066666666666,7,False,0.7814168053874546,0.7145499997999054,1.6900508000003356,-0.10861987161417463,-0.054757049474275954
6956989138,143835,"A large bull targets a man, inches away, in a rodeo with his horns, while a rodeo clown runs to help.",147448,A man is leaping over a barrier away from a bull.,7446693604,0.3484469950199127,0.3340037763118744,0.01444321870803833,0.8091230258371707,11,6.938893903907228e-17,1.005461799999921,0.00043540000024222536,0.00010869999960050336,0.6976874465148903,0.008363097906112671,0.2932061553001404,0.2848430573940277,0.006080120801925659,False,0.23561783439490447,0.6976874465148903,0.008363097906112671,0.2932061553001404,0.2848430573940277,0.006080120801925659,False,0.23561783439490447,0.13491367474273616,-0.018581941723823547,0.21831747889518738,0.23689942061901093,0.03302516043186188,True,0.32481528662420384,0.10554517251640323,-0.02137075364589691,0.20411595702171326,0.22548671066761017,0.03581397235393524,True,0.4882356687898089,0.5211198801344485,0.000845298171043396,0.21832866966724396,0.21748337149620056,0.013597920536994934,False,0.5347579617834395,0.3403514647931356,0.8915859872611465,10,False,0.030276681533774417,0.46539474542937936,0.13491367474273616,-0.018581941723823547,0.21831747889518738,0.23689942061901093,0.03302516043186188,True,0.32481528662420384,0.13491367474273616,-0.018581941723823547,0.21831747889518738,0.23689942061901093,0.03302516043186188,True,0.32481528662420384,0.13491367474273616,-0.018581941723823547,0.21831747889518738,0.23689942061901093,0.03302516043186188,True,0.32481528662420384,0.15421081585938584,-0.017019495368003845,0.2131028026342392,0.23012229800224304,0.031462714076042175,True,0.4178152866242038,0.19493548185891518,-0.01418253779411316,0.21465884149074554,0.2288413792848587,0.02862575650215149,True,0.5539363057324841,0.3020367248085223,0.5539363057324841,5,False,0.19493548185891518,0.3439495435021636,1.2612997000001087,0.03831473998461332,0.12144520192721575
2421340833,27900,A man with a bright reflective vest and headphones is standing next to a man with a suit and scarf.,18240,A man in a brown jacket holding a red bag is speaking to another man with a white beard and green cap.,2152057198,0.3612392544746399,0.3244166374206543,0.036822617053985596,0.9754517877616888,12,4.5102810375396984e-17,1.20678689999977,0.00025669999968158663,0.00010610000026645139,0.6684757828828931,0.007012993097305298,0.30672982335090637,0.2997168302536011,0.029809623956680298,False,0.10640455840455841,0.8511195591228632,0.01743409037590027,0.3021275997161865,0.28469350934028625,0.019388526678085327,False,0.20905982905982906,0.7186466395572656,0.009377583861351013,0.24382339417934418,0.23444581031799316,0.027445033192634583,False,0.33927065527065525,0.6778536735080595,0.007439255714416504,0.2376261055469513,0.2301868498325348,0.029383361339569092,False,0.418968660968661,0.652821914004499,0.006314665079116821,0.21609799563884735,0.20978333055973053,0.030507951974868774,False,0.516,0.47469096213547346,0.9213048433048433,11,False,0.00929802921366119,0.7516782325505587,0.29422195287020364,-0.008749663829803467,0.30824679136276245,0.3169964551925659,0.04557228088378906,True,0.1181994301994302,0.2864624546293796,-0.009126275777816772,0.2974579334259033,0.3065842092037201,0.04594889283180237,True,0.22085470085470085,0.26766382140914696,-0.010065078735351562,0.2929704487323761,0.30303552746772766,0.04688769578933716,True,0.30055270655270655,0.2767442856439791,-0.009606689214706421,0.24201226234436035,0.2516189515590668,0.04642930626869202,True,0.49895726495726495,0.4329495062176596,-0.002698272466659546,0.2259213924407959,0.22861966490745544,0.03952088952064514,True,0.5641595441595442,0.40137098405022476,0.6611908831908831,8,False,0.3690639263049218,0.3617190330875363,1.397474400000192,0.0733199780852487,0.3899591994630224
4077122969,88307,A DJ wearing headphones and mixing some music.,51952,"A DJ in a club, adjusting levels on his mixing board.",3040999637,0.3363814353942871,0.3151862621307373,0.021195173263549805,0.8927857370571829,14,2.2551405187698492e-17,0.9837250000000495,0.0002727999999478925,0.00011480000011943048,0.7676296187646966,0.011949747800827026,0.32596859335899353,0.3140188455581665,0.009245425462722778,False,0.11538138138138138,0.4204638137766486,-0.0032086968421936035,0.306463360786438,0.3096720576286316,0.024403870105743408,True,0.20302102102102101,0.31957398746962845,-0.007557302713394165,0.2844727039337158,0.29203000664711,0.02875247597694397,True,0.3399039039039039,0.23960153403602014,-0.011548653244972229,0.24715061485767365,0.2586992681026459,0.032743826508522034,True,0.4168708708708709,0.29596518686951484,-0.008665859699249268,0.22805246710777283,0.2367183268070221,0.029861032962799072,True,0.5453633633633633,0.4160205344547824,0.9635975975975976,13,False,0.7330625698342097,0.4665311114813896,0.8919860933065128,0.021111905574798584,0.3161240220069885,0.29501211643218994,8.32676887512207e-05,False,0.13163363363363365,0.8496845220926768,0.017321288585662842,0.31371548771858215,0.2963941991329193,0.003873884677886963,False,0.237003003003003,0.38677119341796373,-0.004609048366546631,0.30539560317993164,0.31000465154647827,0.025804221630096436,True,0.3523843843843844,0.3998694829313896,-0.004060089588165283,0.3036086857318878,0.3076687753200531,0.025255262851715088,True,0.42099099099099097,0.3069449864350629,-0.008144408464431763,0.30392512679100037,0.31206953525543213,0.029339581727981567,True,0.5308168168168168,0.46122365336512794,0.6256456456456456,9,False,0.25126954764022674,0.6524981051701895,1.6166791000000558,-0.04520311891034556,-0.18596699368879988
2447284966,29175,"A small boy dressed in a black sweatshirt with a logo on it, holds a red bat in front of blue stadium seats.",23431,A boy wearing a red shirt digs into the sand with a yellow shovel.,230486268,0.37369295954704285,0.3263511061668396,0.04734185338020325,0.9912869775643626,8,6.245004513516506e-17,1.2352802999998858,0.00025550000009388896,0.00010509999992791563,0.9958352219390546,0.05476918816566467,0.3007022738456726,0.24593308568000793,-0.007427334785461426,False,0.4451771771771772,0.9958352219390546,0.05476918816566467,0.3007022738456726,0.24593308568000793,-0.007427334785461426,False,0.4451771771771772,0.9958352219390546,0.05476918816566467,0.3007022738456726,0.24593308568000793,-0.007427334785461426,False,0.4451771771771772,0.9958352219390546,0.05476918816566467,0.3007022738456726,0.24593308568000793,-0.007427334785461426,False,0.4451771771771772,0.9554769874775274,0.030662044882774353,0.25575822591781616,0.2250961810350418,0.016679808497428894,False,0.5381381381381382,0.6571766294863175,0.9421261261261261,7,False,0.2603655966009659,0.9904680917909717,0.9958352219390546,0.05476918816566467,0.3007022738456726,0.24593308568000793,-0.007427334785461426,False,0.4451771771771772,0.9958352219390546,0.05476918816566467,0.3007022738456726,0.24593308568000793,-0.007427334785461426,False,0.4451771771771772,0.9958352219390546,0.05476918816566467,0.3007022738456726,0.24593308568000793,-0.007427334785461426,False,0.4451771771771772,0.9958352219390546,0.05476918816566467,0.3007022738456726,0.24593308568000793,-0.007427334785461426,False,0.4451771771771772,0.9207707281677867,0.02452865242958069,0.26496315002441406,0.24043449759483337,0.02281320095062256,False,0.5287027027027027,0.9437718832354636,0.7758138138138139,5,False,0.9147071797427263,0.9879909496854906,1.169450500000039,-0.2865952537491461,0.0024771421054811116
3712574653,79873,A newlywed couple speak with guests at their wedding.,78796,A man and a woman sitting on each side of a small metal table.,3687062281,0.324207603931427,0.3072202503681183,0.016987353563308716,0.8453694930003016,13,6.245004513516506e-17,1.1274363000002268,0.00024660000008225325,0.000110200000108307,0.5014342328312204,5.7369470596313477e-05,0.3153539001941681,0.3152965307235718,0.016929984092712402,False,0.12570666666666666,0.47955732326758327,-0.0008181631565093994,0.2733818590641022,0.2742000222206116,0.017805516719818115,True,0.2599626666666667,0.8183712129448044,0.015053510665893555,0.2729001045227051,0.2578465938568115,0.0019338428974151611,False,0.33897066666666664,0.8662157123845962,0.018679052591323853,0.27628713846206665,0.2576080858707428,-0.0016916990280151367,False,0.4130933333333333,0.8585979085237558,0.01803693175315857,0.2720404863357544,0.2540035545825958,-0.0010495781898498535,False,0.50232,0.6290938645880422,0.934672,12,False,0.1596060634193734,0.6791670571800138,0.5014342328312204,5.7369470596313477e-05,0.3153539001941681,0.3152965307235718,0.016929984092712402,False,0.12570666666666666,0.6216751904410696,0.004966646432876587,0.3080075681209564,0.30304092168807983,0.012020707130432129,False,0.201856,0.4436075999761552,-0.002265334129333496,0.2972014844417572,0.2994668185710907,0.019252687692642212,True,0.350304,0.33534276789089645,-0.006841182708740234,0.2853982448577881,0.2922394275665283,0.02382853627204895,True,0.429312,0.43456571793562077,-0.0026324689388275146,0.28193578124046326,0.28456825017929077,0.01961982250213623,True,0.5083786666666666,0.49941041316374485,0.7205813333333333,9,False,0.4314012428921883,0.5265590237395977,1.7627124999999069,0.12968345142429732,0.15260803344041607
3263182360,61227,A woman with long curly hair is standing at a podium and speaking.,96867,A woman in the red jacket is holding two multicolored ribbons.,4463538995,0.3392195701599121,0.2922913432121277,0.046928226947784424,0.9909223667964341,13,9.71445146547012e-17,1.0473907000000509,0.00025600000026315683,0.00010849999989659409,0.977330486110443,0.03763803839683533,0.34514912962913513,0.3075110912322998,0.009290188550949097,False,0.1431951951951952,0.9891659025416932,0.045141637325286865,0.32221081852912903,0.27706918120384216,0.0017865896224975586,False,0.21723123123123123,0.9880013479144567,0.04410889744758606,0.3245628774166107,0.28045397996902466,0.0028193295001983643,False,0.37036036036036035,0.9893173511808737,0.04528394341468811,0.31146591901779175,0.26618197560310364,0.0016442835330963135,False,0.41717717717717717,0.9789695657968625,0.03840529918670654,0.31409138441085815,0.2756860852241516,0.00852292776107788,False,0.5672492492492492,0.9879161076590406,0.7642102102102102,10,False,0.9962786303563803,0.9855936460317504,0.977330486110443,0.03763803839683533,0.34514912962913513,0.3075110912322998,0.009290188550949097,False,0.1431951951951952,0.977788438109886,0.03784680366516113,0.3456811308860779,0.30783432722091675,0.009081423282623291,False,0.2221021021021021,0.977760524376396,0.037833958864212036,0.3197605609893799,0.28192660212516785,0.009094268083572388,False,0.3673033033033033,0.9861519905111717,0.04265668988227844,0.3145630657672882,0.27190637588500977,0.0042715370655059814,False,0.45042642642642644,0.9749463841620507,0.036613643169403076,0.3200257420539856,0.2834120988845825,0.010314583778381348,False,0.5204324324324324,0.9033770678733632,0.6344564564564564,9,False,0.7905708817304079,0.9805307466862612,1.2968642000000727,0.08453903978567734,0.005062899345489202
2506460104,31291,Four elderly people sitting under a white tent playing musical instruments.,102299,A group of people gather on a outdoor patio.,4587901777,0.3473970293998718,0.3267870545387268,0.02060997486114502,0.8870541457427751,13,3.382710778154774e-17,1.2009839000002103,0.0002488000000084867,0.00010729999985414906,0.965520188530023,0.033322930335998535,0.3454046845436096,0.3120817542076111,-0.012712955474853516,False,0.12148266666666667,0.9787629703681822,0.038305431604385376,0.3096180856227875,0.2713126540184021,-0.017695456743240356,False,0.219632,0.9928452401678936,0.049327969551086426,0.3003542423248291,0.2510262727737427,-0.028717994689941406,False,0.3121333333333333,0.9049983662087289,0.022540390491485596,0.26070407032966614,0.23816367983818054,-0.0019304156303405762,False,0.4620746666666667,0.7235947042623048,0.009623631834983826,0.22880321741104126,0.21917958557605743,0.010986343026161194,False,0.5589386666666667,0.8319448089327526,0.8006613333333333,10,False,0.6997527413150341,0.9308529329795252,0.9121433198721742,0.02340090274810791,0.29744192957878113,0.2740410268306732,-0.0027909278869628906,False,0.18029866666666666,0.845875264022651,0.01702609658241272,0.28976815938949585,0.27274206280708313,0.0035838782787323,False,0.2573493333333333,0.7044680803668083,0.008686661720275879,0.2884458899497986,0.2797592282295227,0.01192331314086914,False,0.32514133333333334,0.23705050628695176,-0.011689186096191406,0.26415976881980896,0.27584895491600037,0.032299160957336426,True,0.48507733333333336,0.7657820119821064,0.011846452951431274,0.25381192564964294,0.24196547269821167,0.008763521909713745,False,0.60656,0.7541882075574334,0.32514133333333334,4,False,0.7044680803668083,0.6902530411164489,1.5747156000002178,0.07775660137531915,0.2405998918630763
3348384389,64635,A brown and white dog with a pink collar is barking at a brown dog with a blue collar in the snow.,69889,Two boxers playfully snap at each other.,3473534758,0.34827834367752075,0.3335625231266022,0.014715820550918579,0.8132977315242,14,4.2500725161431774e-17,1.1601196000001437,0.0002564000001257227,0.00010859999974854873,0.8936677073493773,0.021287649869918823,0.3504093289375305,0.3291216790676117,-0.006571829319000244,False,0.11476876876876876,0.9838439707999409,0.041091740131378174,0.3509161174297333,0.3098243772983551,-0.026375919580459595,False,0.2724024024024024,0.9808642332763412,0.03936874866485596,0.35105806589126587,0.3116893172264099,-0.024652928113937378,False,0.3609189189189189,0.9449427684519373,0.02842751145362854,0.34027644991874695,0.3118489384651184,-0.013711690902709961,False,0.4499039039039039,0.8817131338707944,0.02008754014968872,0.3327926993370056,0.3127051591873169,-0.005371719598770142,False,0.5663063063063063,0.7668709026149643,0.9305405405405406,13,False,0.22213209162293662,0.926856602865317,0.9185174118855087,0.02422371506690979,0.34655091166496277,0.322327196598053,-0.009507894515991211,False,0.15763363363363364,0.6033316153709839,0.004193663597106934,0.333443284034729,0.32924962043762207,0.010522156953811646,False,0.23565765765765767,0.9025518463423602,0.022259056568145752,0.34115323424339294,0.3188941776752472,-0.007543236017227173,False,0.3504264264264264,0.8289908319045948,0.015784919261932373,0.33269202709198,0.3169071078300476,-0.001069098711013794,False,0.43941141141141143,0.3290310920376289,-0.0071257054805755615,0.31549617648124695,0.3226218819618225,0.02184152603149414,True,0.5687747747747748,0.49554195979796156,0.6997717717717717,9,False,0.13264456003368347,0.7634378653741727,1.6910165999997844,0.2713289428170027,0.16341873749114433
4587901777,102299,A group of people gather on a outdoor patio.,11650,A group of spectators sitting in lawn chairs in the street facing a building and drinking beer.,175556963,0.3466286063194275,0.3046205937862396,0.042008012533187866,0.9852376266242302,14,4.683753385137379e-17,1.0452631000002839,0.00026030000026366906,0.00011029999996026163,0.9642197287363028,0.03293922543525696,0.30146530270576477,0.2685260772705078,0.009068787097930908,False,0.13796996996996996,0.9735744456091966,0.03606642782688141,0.2709490656852722,0.2348826378583908,0.0059415847063064575,False,0.31318318318318317,0.9735744456091966,0.03606642782688141,0.2709490656852722,0.2348826378583908,0.0059415847063064575,False,0.31318318318318317,0.8469024547976663,0.0171051025390625,0.23337218165397644,0.21626707911491394,0.024902909994125366,False,0.44344744744744746,0.7696966593434226,0.012065991759300232,0.20936353504657745,0.19729754328727722,0.029942020773887634,False,0.5184144144144144,0.7663048117202866,1.0,14,False,0.924376568686597,0.9324859669769042,0.9444493472371599,0.028333067893981934,0.3382277190685272,0.3098946511745453,0.013674944639205933,False,0.12287087087087087,0.9449824476170694,0.02843514084815979,0.33297741413116455,0.30454227328300476,0.013572871685028076,False,0.2070990990990991,0.9290028799682262,0.025714725255966187,0.3300996422767639,0.30438491702079773,0.01629328727722168,False,0.3675915915915916,0.8463812313349173,0.017064958810806274,0.317170649766922,0.3001056909561157,0.024943053722381592,False,0.4334774774774775,0.8917547312455384,0.02108791470527649,0.30591315031051636,0.28482523560523987,0.020920097827911377,False,0.5625525525525525,0.902956076368721,0.6243063063063063,9,False,0.8814100561113261,0.9228730432863841,1.6064612999998644,-0.13665126464843436,0.009612923690520137
5365075444,130420,Two young children working together to operate a bicycle.,22010,"A lady pushes a stroller, behind a child, riding a tricycle, while another child walks along side.",2268207503,0.3694807291030884,0.35350465774536133,0.01597607135772705,0.8316836836036693,14,2.949029909160572e-17,1.4094743999999082,0.0002507000003788562,0.00011300000005576294,0.531083175303712,0.0012449324131011963,0.34841710329055786,0.34717217087745667,0.014731138944625854,False,0.137584,0.28451528428434697,-0.00922173261642456,0.33053937554359436,0.3397611081600189,0.02519780397415161,True,0.26915733333333336,0.2215371193221597,-0.012567311525344849,0.32048189640045166,0.3330492079257965,0.0285433828830719,True,0.32237333333333335,0.5979422371380885,0.003968983888626099,0.3253386616706848,0.3213696777820587,0.012007087469100952,False,0.44338133333333335,0.4237220781409591,-0.003075122833251953,0.32444456219673157,0.3275196850299835,0.019051194190979004,True,0.5459466666666667,0.2779187821112693,0.864624,12,False,0.0485839735701145,0.48144529432088506,0.7176908601141225,0.00933036208152771,0.32210761308670044,0.31277725100517273,0.006645709276199341,False,0.14497066666666666,0.43890361676026246,-0.0024561285972595215,0.3213646411895752,0.3238207697868347,0.018432199954986572,True,0.21917866666666666,0.06746580419660755,-0.02626284956932068,0.2900480628013611,0.31631091237068176,0.04223892092704773,True,0.31861866666666666,0.04777213756725859,-0.029923617839813232,0.28441405296325684,0.31433767080307007,0.04589968919754028,True,0.450192,0.02946977820315301,-0.034944772720336914,0.2814168334007263,0.31636160612106323,0.050920844078063965,True,0.5289013333333333,0.2064343195030581,0.6948426666666667,9,False,0.025390919984691705,0.3611615951989148,1.8767831999998634,0.0714844626082112,0.12028369912197029
5995817000,136251,A young girl in a white t-shirt and a blue skirt wearing a light colored hat stands in a river next to a big rock.,12293,A blond girl wearing blue jumping across a stream.,1809758121,0.3436937630176544,0.2990446090698242,0.0446491539478302,0.9886252054642256,11,8.326672684688674e-17,1.2146387000002505,0.00023879999980636057,0.00010669999983292655,0.9612413815316874,0.03210872411727905,0.291298508644104,0.25918978452682495,0.012540429830551147,False,0.21853475935828878,0.9612413815316874,0.03210872411727905,0.291298508644104,0.25918978452682495,0.012540429830551147,False,0.21853475935828878,0.9890360442522876,0.0450211763381958,0.31574496626853943,0.27072378993034363,-0.0003720223903656006,False,0.310903743315508,0.9925250327651772,0.04888692498207092,0.29034098982810974,0.24145406484603882,-0.004237771034240723,False,0.41162566844919785,0.878048884041951,0.019740819931030273,0.25454238057136536,0.23480156064033508,0.024908334016799927,False,0.5126524064171123,0.7599717940051849,0.8751336898395722,9,False,0.21201199992951056,0.9702708741456084,0.9834436247163562,0.04084289073944092,0.3271375298500061,0.2862946391105652,0.0038062632083892822,False,0.14761497326203207,0.9892371795083535,0.045208364725112915,0.3239498734474182,0.2787415087223053,-0.0005592107772827148,False,0.22101604278074866,0.9532245937394676,0.030144929885864258,0.3109899163246155,0.2808449864387512,0.014504224061965942,False,0.3133850267379679,0.9164281966538177,0.02394777536392212,0.30639946460723877,0.28245168924331665,0.02070137858390808,False,0.41441176470588237,0.8985174665728749,0.021808594465255737,0.3037785291671753,0.28196993470191956,0.022840559482574463,False,0.5011871657754011,0.9430691792961081,0.7976951871657754,9,False,0.9422167201635446,0.9594265525153766,1.4522886999998263,-0.18309738529092323,0.010844321630231857
111497985,1703,A woman in a striped shirt climbs up a mountain.,21566,A person rappelling a cliff above a body of water.,2255338013,0.3232245445251465,0.3142581284046173,0.008966416120529175,0.7102588642358819,13,3.8163916471489756e-17,1.1417112999997698,0.00024089999988063937,0.00010859999974854873,0.29625340768031,-0.008652031421661377,0.2785510718822479,0.2872031033039093,0.017618447542190552,True,0.16102933333333333,0.7804687744242276,0.01268400251865387,0.2600316107273102,0.2473476082086563,-0.003717586398124695,False,0.24356266666666668,0.7700641414085466,0.012086734175682068,0.258668452501297,0.24658171832561493,-0.003120318055152893,False,0.3273493333333333,0.8803816538058881,0.019960492849349976,0.25932207703590393,0.23936158418655396,-0.0109940767288208,False,0.4030186666666667,0.9791989448730555,0.038517311215400696,0.2700453996658325,0.23152808845043182,-0.02955089509487152,False,0.5634453333333334,0.7876592609922187,0.72144,9,False,0.9336886382944156,0.7135314268998884,0.4925432667753509,-0.0002982914447784424,0.27797964215278625,0.2782779335975647,0.009264707565307617,True,0.18061333333333332,0.9374843933035719,0.02707783877849579,0.27434682846069336,0.24726898968219757,-0.018111422657966614,False,0.26314666666666664,0.9728594640717374,0.03579211235046387,0.266658753156662,0.23086664080619812,-0.026825696229934692,False,0.338816,0.9703694216351776,0.034888699650764465,0.26417893171310425,0.22929023206233978,-0.02592228353023529,False,0.404144,0.8743868510959575,0.019403159618377686,0.23622176051139832,0.21681860089302063,-0.01043674349784851,False,0.5603946666666667,0.8538613128088264,0.404144,5,False,0.9703694216351776,0.7985560937914502,1.3804637000002913,-0.06620205181660765,-0.08502466689156185
2433175169,28505,The man is standing on a stone stump on top of a hill with his arms outstretched.,62714,A man stands on a mountaintop.,330325191,0.3390980064868927,0.31116071343421936,0.02793729305267334,0.9423360254510554,15,2.7755575615628914e-17,1.1075154000000111,0.00025839999989329954,0.00011260000019319705,0.6815441384297953,0.007608771324157715,0.3056218922138214,0.2980131208896637,0.020328521728515625,False,0.11829341317365269,0.6572435949406901,0.006510347127914429,0.3001711666584015,0.29366081953048706,0.02142694592475891,False,0.259059880239521,0.4898805133581652,-0.0004048347473144531,0.30033302307128906,0.3007378578186035,0.028342127799987793,True,0.31736526946107785,0.3132928279036548,-0.007847696542739868,0.2679907977581024,0.2758384943008423,0.03578498959541321,True,0.4660119760479042,0.19188793681806182,-0.014377892017364502,0.24591469764709473,0.26029258966445923,0.04231518507003784,True,0.5429161676646707,0.3038005570967937,0.7360239520958084,11,False,0.003415271036429524,0.5577968483618624,0.38952158535875675,-0.004493236541748047,0.2958887815475464,0.30038201808929443,0.03243052959442139,True,0.10649101796407186,0.5087609860189214,0.0003504753112792969,0.30023297667503357,0.2998825013637543,0.027586817741394043,False,0.24698203592814372,0.5785990962634466,0.0031702518463134766,0.2992883026599884,0.2961180508136749,0.024767041206359863,False,0.31864670658682637,0.15758086623321318,-0.016763389110565186,0.2141966074705124,0.23095999658107758,0.044700682163238525,True,0.4351317365269461,0.0594240632589371,-0.027617931365966797,0.1830972284078598,0.2107151597738266,0.05555522441864014,True,0.5042335329341318,0.2141384538766909,0.6577604790419161,10,False,0.006228316190872125,0.44295564859125186,1.503443900000093,0.08966210322010282,0.11484119977061052
2751602672,40929,A man holds a stick above a jumping dog.,25856,A dog leaps high in the air while another watches.,2368266191,0.35106325149536133,0.33777758479118347,0.013285666704177856,0.7906034464318069,13,2.7538735181131813e-17,0.9975117999997565,0.0002349000001231616,0.00011859999995067483,0.8288399492046084,0.015774279832839966,0.29843947291374207,0.2826651930809021,-0.0024886131286621094,False,0.11051445086705203,0.8639951344643709,0.018488764762878418,0.26469168066978455,0.24620291590690613,-0.0052030980587005615,False,0.27472254335260116,0.5711511426373558,0.0028654932975769043,0.2606489360332489,0.257783442735672,0.010420173406600952,False,0.3806705202312139,0.6333917174783155,0.00546795129776001,0.22895582020282745,0.22348786890506744,0.007817715406417847,False,0.44742774566473986,0.40370495005916796,-0.0039005130529403687,0.2152014523744583,0.21910196542739868,0.017186179757118225,True,0.5177514450867052,0.5367409410680576,0.953485549132948,12,False,0.4311139697563161,0.7362069029025882,0.8844987775766475,0.020357400178909302,0.3185906410217285,0.2982332408428192,-0.007071733474731445,False,0.16420809248554913,0.7770808396231238,0.012487351894378662,0.31668955087661743,0.30420219898223877,0.0007983148097991943,False,0.24122543352601156,0.7825645418642899,0.012806743383407593,0.2713295817375183,0.2585228383541107,0.00047892332077026367,False,0.3517398843930636,0.7184866258237997,0.00936967134475708,0.2599533498287201,0.250583678483963,0.003915995359420776,False,0.4685780346820809,0.7046275143576941,0.008694320917129517,0.2607947289943695,0.25210040807724,0.00459134578704834,False,0.5488034682080924,0.6840198866672463,0.8495260115606936,11,False,0.2639514889713854,0.7880317624886413,1.6855322000001252,-0.14727894559918875,-0.051824859586053096
3335965982,64066,A man in a black shirt sits beneath a 'no child left behind' powerpoint presentation.,20143,A man in Brazil giving an informal talk to young adults.,221586389,0.3501889109611511,0.27597394585609436,0.07421496510505676,0.9994021045097807,12,9.71445146547012e-17,1.19640550000031,0.00024359999997614068,0.00010649999967426993,0.9997708415163825,0.08380867540836334,0.32699069380760193,0.2431820183992386,-0.00959371030330658,False,0.21845645645645645,0.9997708415163825,0.08380867540836334,0.32699069380760193,0.2431820183992386,-0.00959371030330658,False,0.21845645645645645,0.9998015113837151,0.08524580299854279,0.33503907918930054,0.24979327619075775,-0.011030837893486023,False,0.34436636636636636,0.9999523428657637,0.09951430559158325,0.35033267736434937,0.2508183717727661,-0.02529934048652649,False,0.44581981981981983,0.9998979765897034,0.09190206229686737,0.32733023166656494,0.23542816936969757,-0.017687097191810608,False,0.5214054054054054,0.9665496487186124,0.8374954954954955,9,False,0.8784820641405868,0.9997403111729476,0.9990991580317948,0.07011279463768005,0.32931292057037354,0.2592001259326935,0.004102170467376709,False,0.10145345345345345,0.9976180188898834,0.06037437915802002,0.31976282596588135,0.25938844680786133,0.013840585947036743,False,0.26076876876876875,0.9990086697002771,0.06915470957756042,0.33958572149276733,0.2704310119152069,0.005060255527496338,False,0.38667867867867867,0.9997591839245692,0.08331236243247986,0.34528130292892456,0.2619689404964447,-0.009097397327423096,False,0.44212012012012014,0.9997257199350744,0.08201086521148682,0.34539860486984253,0.2633877396583557,-0.007795900106430054,False,0.5262402402402402,0.953344245237873,0.7867507507507507,8,False,0.8503465791152247,0.9988489750039945,1.4478274000002784,0.013205403480739397,0.0008913361689530941
475816542,112097,A black and a brown dog are running toward the camera.,64638,A dark brown dog is biting at a lighter brown colored dog.,3348384389,0.32471516728401184,0.3141981363296509,0.010517030954360962,0.7411018061209815,15,3.469446951953614e-17,1.414140800000041,0.0002930999999080086,0.0001235999998243642,0.33829847007704283,-0.006708860397338867,0.2977607846260071,0.30446964502334595,0.01722589135169983,True,0.10521176470588235,0.24360992639270693,-0.011329889297485352,0.2651327848434448,0.2764626741409302,0.021846920251846313,True,0.2593764705882353,0.16767232503346866,-0.016022145748138428,0.2568487524986267,0.27287089824676514,0.02653917670249939,True,0.32139411764705883,0.22117703865472432,-0.012588202953338623,0.2559341490268707,0.26852235198020935,0.023105233907699585,True,0.4188,0.44176538702497725,-0.0023400038480758667,0.21097949147224426,0.21331949532032013,0.012857034802436829,True,0.5353235294117648,0.3662999296443419,0.5353235294117648,8,False,0.44176538702497725,0.32121389206716794,0.33829847007704283,-0.006708860397338867,0.2977607846260071,0.30446964502334595,0.01722589135169983,True,0.10521176470588235,0.19824542105669524,-0.013972967863082886,0.2792353630065918,0.2932083308696747,0.024489998817443848,True,0.2490294117647059,0.11950885669086035,-0.01997089385986328,0.2604306936264038,0.2804015874862671,0.030487924814224243,True,0.3149411764705882,0.26831481253261563,-0.010031893849372864,0.20771226286888123,0.2177441567182541,0.020548924803733826,True,0.44388235294117645,0.29460641204687926,-0.008731156587600708,0.18915820121765137,0.19788935780525208,0.01924818754196167,True,0.5329117647058823,0.23039216912377816,0.7088235294117647,11,False,0.1557507194063413,0.29254075379412353,1.580266400000255,0.13590776052056372,0.028673138273044407
3532476966,72453,Mexican villagers are buying potatoes at an outdoor market.,92130,A group of five dark-skinned people sitting at what looks to be a farmer's market right behind a fruit that is green and spiky.,4284980126,0.40220075845718384,0.3159184157848358,0.08628234267234802,0.9998210516303819,12,4.163336342344337e-17,1.2093025999997735,0.00024009999970076024,0.00011129999984405003,0.9999247213784124,0.09494239091873169,0.38967621326446533,0.29473382234573364,-0.008660048246383667,False,0.14927466666666667,0.9998844667519979,0.09065836668014526,0.3833444118499756,0.2926860451698303,-0.004376024007797241,False,0.26552,0.9998529025244167,0.08824267983436584,0.37104934453964233,0.2828066647052765,-0.0019603371620178223,False,0.3676586666666667,0.9998420903363644,0.08753329515457153,0.34805095195770264,0.2605176568031311,-0.0012509524822235107,False,0.4687786666666667,0.9998582533045383,0.08861327171325684,0.32796710729599,0.23935383558273315,-0.0023309290409088135,False,0.520624,0.9516658710178891,0.9538453333333333,11,False,0.6868049419871047,0.9998719483769211,0.9999247213784124,0.09494239091873169,0.38967621326446533,0.29473382234573364,-0.008660048246383667,False,0.14927466666666667,0.9999560100962258,0.10031506419181824,0.38314783573150635,0.2828327715396881,-0.014032721519470215,False,0.25039466666666665,0.999920493602123,0.09439593553543091,0.3888733983039856,0.2944774627685547,-0.008113592863082886,False,0.32028266666666666,0.9998434541359074,0.08762004971504211,0.37163570523262024,0.2840156555175781,-0.0013377070426940918,False,0.436528,0.9989121276610151,0.06822443008422852,0.3634786009788513,0.2952541708946228,0.018057912588119507,False,0.5174186666666667,0.973207488598506,0.8568853333333334,10,False,0.9231124007101117,0.9998195438277062,1.866115499999978,-0.0215416175806169,5.240454921484616e-05
4549977232,100516,A clean-shaven man getting dressed in a purple shirt and tie in front of the mirror.,57000,A gray headed guy standing in his bathroom shaving his face and neck.,3171020648,0.3866522014141083,0.31055834889411926,0.07609385251998901,0.9995044691301271,11,9.367506770274758e-17,1.2133472999998958,0.00026479999996809056,0.00010849999989659409,0.7041571335792086,0.008671730756759644,0.32858219742774963,0.31991046667099,0.06742212176322937,False,0.11213813813813814,0.6133355353725465,0.004613548517227173,0.25373873114585876,0.2491251826286316,0.07148030400276184,False,0.3025045045045045,0.6133355353725465,0.004613548517227173,0.25373873114585876,0.2491251826286316,0.07148030400276184,False,0.3025045045045045,0.3868680362354081,-0.004604965448379517,0.259860098361969,0.2644650638103485,0.08069881796836853,True,0.4233873873873874,0.3829020785275934,-0.004772484302520752,0.2512987554073334,0.2560712397098541,0.08086633682250977,True,0.589915915915916,0.4055970133489224,0.9518558558558559,10,False,0.021963122643022446,0.5856325362044159,0.7041571335792086,0.008671730756759644,0.32858219742774963,0.31991046667099,0.06742212176322937,False,0.11213813813813814,0.6133355353725465,0.004613548517227173,0.25373873114585876,0.2491251826286316,0.07148030400276184,False,0.3025045045045045,0.6133355353725465,0.004613548517227173,0.25373873114585876,0.2491251826286316,0.07148030400276184,False,0.3025045045045045,0.3713148512709028,-0.0052658021450042725,0.2496674656867981,0.25493326783180237,0.08135965466499329,True,0.4998198198198198,0.3829020785275934,-0.004772484302520752,0.2512987554073334,0.2560712397098541,0.08086633682250977,True,0.589915915915916,0.4133749225903381,0.8293933933933934,8,False,0.006962869728468043,0.5967717735290076,1.4949230999995962,-0.0077779092414156925,-0.011139237324591655
4756089627,111946,An oriental person in a red shirt and black pants crouching over a purse on concrete.,72794,A man sits on a bench listing to his iPod,3539612893,0.3482975661754608,0.31719309091567993,0.031104475259780884,0.9573216440546648,12,8.326672684688674e-17,1.417459400000098,0.0002519999998185085,0.00011440000025686459,0.9963124418626075,0.05599096417427063,0.3064095973968506,0.25041863322257996,-0.024886488914489746,False,0.13413213213213213,0.053784319830758806,-0.028674885630607605,0.1898178905248642,0.2184927761554718,0.05977936089038849,True,0.22885285285285284,0.062256645779414255,-0.02712211012840271,0.19656357169151306,0.22368568181991577,0.058226585388183594,True,0.32144144144144143,0.0041690940354808135,-0.05475878715515137,0.19226358830928802,0.2470223754644394,0.08586326241493225,True,0.4848108108108108,0.026834236849438173,-0.03590875864028931,0.20861706137657166,0.24452582001686096,0.06701323390007019,True,0.5774714714714715,0.2260481256041685,0.8018558558558558,9,False,0.1317609025833841,0.3341981691588079,0.9145019973239588,0.023698866367340088,0.3207361698150635,0.2970373034477234,0.007405608892440796,False,0.1873093093093093,0.5851240447559523,0.0034384429454803467,0.28643232583999634,0.282993882894516,0.027666032314300537,False,0.32348948948948947,0.5851240447559523,0.0034384429454803467,0.28643232583999634,0.282993882894516,0.027666032314300537,False,0.32348948948948947,0.2143504629619193,-0.01298898458480835,0.21604108810424805,0.2290300726890564,0.04409345984458923,True,0.4576216216216216,0.11585334239200173,-0.020322978496551514,0.2072877585887909,0.2276107370853424,0.0514274537563324,True,0.5503183183183183,0.3653472961574697,0.7535255255255255,8,False,0.04049401266779949,0.6293388183442326,1.4192637999999533,-0.13929917055330118,-0.29514064918542465
4043318461,87550,A middle-aged man is using a hammer and metal spike and splitting a log.,28837,A man in blue overalls is sawing wood.,2441818017,0.35351985692977905,0.31766363978385925,0.0358562171459198,0.9730282138057015,17,6.938893903907228e-17,1.4802064000000428,0.00027170000021214946,0.00011449999965407187,0.7086192180130269,0.008886873722076416,0.2998589873313904,0.29097211360931396,0.026969343423843384,False,0.17663896103896104,0.34977364204193273,-0.006200343370437622,0.27665331959724426,0.2828536629676819,0.04205656051635742,True,0.26122597402597403,0.2749434674755867,-0.0096968412399292,0.2662819027900696,0.2759787440299988,0.045553058385849,True,0.3147220779220779,0.6961896240260744,0.00829218327999115,0.2487167865037918,0.24042460322380066,0.02756403386592865,False,0.4206909090909091,0.6057946313063713,0.004296690225601196,0.2093823254108429,0.2050856351852417,0.031559526920318604,False,0.5426233766233767,0.5473112582684777,0.7789402597402597,12,False,0.3913902217235564,0.6281103045949169,0.42830073689865394,-0.0028878748416900635,0.29624143242836,0.29912930727005005,0.03874409198760986,True,0.14066493506493508,0.36013333727452707,-0.005747854709625244,0.2960377633571625,0.3017856180667877,0.041604071855545044,True,0.2382077922077922,0.24370658977257056,-0.011324644088745117,0.2933487892150879,0.304673433303833,0.04718086123466492,True,0.31246233766233766,0.19393234790298183,-0.014246582984924316,0.2894713878631592,0.3037179708480835,0.050102800130844116,True,0.43235844155844155,0.13682113546836996,-0.018419474363327026,0.29298269748687744,0.31140217185020447,0.054275691509246826,True,0.5005350649350649,0.28265317792023154,0.5950753246753246,10,False,0.16144883973904472,0.3934616216020827,2.1989510000003065,0.26465808034824617,0.2346486829928342
480048562,114462,A rhythmic gymnast in a blue and pink outfit performs a ribbon routine.,82081,A gymnast wearing red and white is mid-twirl on an uneven bar.,378969774,0.43340009450912476,0.3692478537559509,0.06415224075317383,0.9983662204254907,14,6.938893903907228e-17,1.074610599999687,0.00025529999993523234,0.00011110000014014076,0.9592251250801718,0.031580597162246704,0.3648698925971985,0.3332892954349518,0.032571643590927124,False,0.14747733333333332,0.8164090396714135,0.01492205262184143,0.3268270194530487,0.3119049668312073,0.0492301881313324,False,0.21570666666666666,0.7583795928919873,0.011438161134719849,0.30443620681762695,0.2929980456829071,0.05271407961845398,False,0.335968,0.6703593638901776,0.007098108530044556,0.28690019249916077,0.2798020839691162,0.05705413222312927,False,0.40609066666666666,0.39979296134090414,-0.004063278436660767,0.2855863869190216,0.2896496653556824,0.0682155191898346,True,0.5712426666666667,0.5222443147331337,0.7837973333333333,11,False,0.18485174060257312,0.7668909387633945,0.9592251250801718,0.031580597162246704,0.3648698925971985,0.3332892954349518,0.032571643590927124,False,0.14747733333333332,0.9722223149681122,0.03555351495742798,0.3551791310310364,0.3196256160736084,0.02859872579574585,False,0.214368,0.29151248493160115,-0.00888049602508545,0.29773133993148804,0.3066118359565735,0.07303273677825928,True,0.34350933333333333,0.09538307421829181,-0.02249610424041748,0.2362668216228485,0.258762925863266,0.08664834499359131,True,0.41173866666666664,0.015631548212566123,-0.041427090764045715,0.207059845328331,0.2484869360923767,0.10557933151721954,True,0.563792,0.32162310133319355,0.6470133333333333,9,False,0.010225377965492024,0.5537275491551881,1.5955228000002535,0.20062121339994016,0.21316338960820647
3232994074,59898,An older man plays a game with a small child.,43701,An older woman and a young child in a pink shirt playing with multicolored blocks.,2830561413,0.34228360652923584,0.341172456741333,0.001111149787902832,0.5277501989960123,12,4.163336342344337e-17,1.049745300000268,0.0002454000000398082,0.00010520000023461762,0.8481951459934945,0.017205148935317993,0.300197035074234,0.282991886138916,-0.01609399914741516,False,0.18970570570570572,0.28176782248882754,-0.009357094764709473,0.2768216133117676,0.28617870807647705,0.010468244552612305,True,0.3055075075075075,0.28176782248882754,-0.009357094764709473,0.2768216133117676,0.28617870807647705,0.010468244552612305,True,0.3055075075075075,0.013437239844425587,-0.0429619699716568,0.24178485572338104,0.28474682569503784,0.04407311975955963,True,0.4261621621621622,0.027525958028336087,-0.03564713895320892,0.2173031121492386,0.2529502511024475,0.036758288741111755,True,0.5258678678678679,0.32592968497638114,0.7357117117117117,9,False,0.42258106120367783,0.41034885964140305,0.24104310652801483,-0.01146969199180603,0.29582610726356506,0.3072957992553711,0.012580841779708862,True,0.1478918918918919,0.03338224606167272,-0.03365778923034668,0.27639925479888916,0.31005704402923584,0.03476893901824951,True,0.2195075075075075,0.006863058240056441,-0.049747154116630554,0.2198522537946701,0.26959940791130066,0.050858303904533386,True,0.3778858858858859,0.0072060785084912945,-0.04925598204135895,0.22590719163417816,0.2751631736755371,0.05036713182926178,True,0.45796396396396394,0.003988067107576321,-0.05520452558994293,0.22904916107654572,0.28425368666648865,0.056315675377845764,True,0.5328048048048049,0.07354476169219644,0.5328048048048049,7,False,0.003988067107576321,0.13296598533867954,1.1519352999998773,0.2523849232841847,0.2773828743027235
5787072819,134530,"A woman with long brown hair wearing a white sleeveless shirt, a man with long brown hair wearing a green t-shirt and tattoos on his arms, and another woman with black hair wearing a green dress, also with tattoos, are in the checkout line at a supermarket.",115352,A young man in a green shirt is making a purchase at a store.,4812991208,0.44820502400398254,0.34104058146476746,0.10716444253921509,0.9999778232570018,10,9.71445146547012e-17,1.1086147000000892,0.0002376000002186629,0.00010100000008606003,0.9990671559316875,0.06976339221000671,0.414607971906662,0.3448445796966553,0.037401050329208374,False,0.11865465465465465,0.999543799779021,0.07692122459411621,0.4226152002811432,0.345693975687027,0.030243217945098877,False,0.23512912912912912,0.9972181624656241,0.05881857872009277,0.4012056589126587,0.3423870801925659,0.048345863819122314,False,0.3407927927927928,0.9937302742004513,0.05065733194351196,0.379902184009552,0.32924485206604004,0.056507110595703125,False,0.46323723723723725,0.9986235177654433,0.06586846709251404,0.3407900929450989,0.27492162585258484,0.04129597544670105,False,0.553051051051051,0.9476279286226261,1.0,10,False,0.7928747043334958,0.9978191004750543,0.9992249456548588,0.07161802053451538,0.43426597118377686,0.3626479506492615,0.03554642200469971,False,0.11102702702702703,0.998124836871912,0.06277182698249817,0.4086783230304718,0.34590649604797363,0.04439261555671692,False,0.23347147147147146,0.9129135803678913,0.023497402667999268,0.3374280333518982,0.3139306306838989,0.08366703987121582,False,0.4048768768768769,0.9129135803678913,0.023497402667999268,0.3374280333518982,0.3139306306838989,0.08366703987121582,False,0.4048768768768769,0.1669797224347282,-0.016071856021881104,0.31894391775131226,0.33501577377319336,0.12323629856109619,True,0.6146186186186187,0.7472708468431929,0.8162462462462462,8,False,0.8667854033091341,0.8302636059987772,1.2633474999997816,0.20035708177943323,0.16755549447627704
5745120660,134217,A rock band is performing in a concert hall with hexagonal roof panels.,42806,"Eight men play instruments on stage, with a guitarist highlighted in lights.",2802158972,0.32497450709342957,0.31830456852912903,0.006669938564300537,0.6608297069110982,12,6.938893903907228e-17,1.2127018000001044,0.00025250000044252374,0.00010489999976925901,0.9435143564539308,0.028156250715255737,0.2949613034725189,0.2668050527572632,-0.0214863121509552,False,0.14721568627450982,0.983377428274948,0.04080231487751007,0.26634693145751953,0.22554461658000946,-0.034132376313209534,False,0.28804481792717085,0.8570122686264899,0.017906934022903442,0.25884726643562317,0.24094033241271973,-0.011236995458602905,False,0.36594957983193277,0.9968922105736842,0.05770730972290039,0.3061850666999817,0.2484777569770813,-0.051037371158599854,False,0.48265546218487393,0.9877891989581538,0.04393148422241211,0.294999897480011,0.2510684132575989,-0.03726154565811157,False,0.5589243697478992,0.8882261507632434,0.8661176470588235,10,False,0.7265070379737241,0.9112621728750534,0.31856065798271765,-0.007603943347930908,0.2986729145050049,0.3062768578529358,0.014273881912231445,True,0.146375350140056,0.46421505490483095,-0.0014338493347167969,0.28713399171829224,0.28856784105300903,0.008103787899017334,True,0.2630812324929972,0.38925657061760127,-0.004504382610321045,0.2867748439311981,0.29127922654151917,0.011174321174621582,True,0.33935014005602243,0.4609670161504405,-0.0015645027160644531,0.2904141843318939,0.2919786870479584,0.00823444128036499,True,0.46262745098039215,0.5202113466436785,0.0008088946342468262,0.29386675357818604,0.2930578589439392,0.005861043930053711,False,0.5559047619047619,0.36577953581603045,0.3916470588235294,5,False,0.3408730164299701,0.44624680074390677,1.2637519999998403,0.5224466149472129,0.46501537213114663
1313961775,4868,A girl wearing a life vest floats in water.,154715,A young girl wades out into the water wearing safety floatation devices on her arms.,97234558,0.35356512665748596,0.3322870433330536,0.021278083324432373,0.8935767663047868,12,1.43982048506075e-16,1.070544599999721,0.00023320000036619604,0.00010419999989608186,0.3158103858075477,-0.007730931043624878,0.28031954169273376,0.28805047273635864,0.02900901436805725,True,0.1913974358974359,0.05483902025947546,-0.02846953272819519,0.278096079826355,0.30656561255455017,0.049747616052627563,True,0.26980128205128207,0.11365604223837812,-0.020539283752441406,0.2621341347694397,0.2826734185218811,0.04181736707687378,True,0.3380641025641026,0.20630768012542638,-0.013473272323608398,0.22028030455112457,0.23375357687473297,0.03475135564804077,True,0.45350641025641025,0.45325672249807525,-0.0018752068281173706,0.1952849179506302,0.19716012477874756,0.023153290152549744,True,0.5355705128205128,0.4521762237195616,0.6183141025641026,8,False,0.6449891307953518,0.33898412041048553,0.60822316804506,0.0043984949588775635,0.3030947744846344,0.29869627952575684,0.01687958836555481,False,0.17294871794871794,0.05483902025947546,-0.02846953272819519,0.278096079826355,0.30656561255455017,0.049747616052627563,True,0.26980128205128207,0.1530619985876723,-0.017107844352722168,0.2839810252189636,0.3010888695716858,0.03838592767715454,True,0.35186538461538464,0.15324211954993977,-0.017093956470489502,0.25832632184028625,0.27542027831077576,0.038372039794921875,True,0.48946153846153845,0.1504525588056548,-0.01731055974960327,0.2396792769432068,0.25698983669281006,0.038588643074035645,True,0.557724358974359,0.25482726595560223,0.6493589743589744,7,False,0.19379239004743112,0.3620894213020277,1.1389710999997078,0.1973489577639594,-0.02310530089154217
1351500610,5589,Two men jumping excitedly at a rocky beach.,144779,Two males playing volleyball on the beach.,7034076961,0.34717458486557007,0.32281339168548584,0.02436119318008423,0.9195404394419916,14,4.9439619065339e-17,1.211073899999974,0.00025379999988217605,0.00011869999980262946,0.6332879068282103,0.0054634809494018555,0.24944564700126648,0.24398216605186462,0.018897712230682373,False,0.177328,0.434178372458066,-0.0026482343673706055,0.2433837354183197,0.2460319697856903,0.027009427547454834,True,0.23504,0.01256429790504712,-0.043642520904541016,0.19032277166843414,0.23396529257297516,0.06800371408462524,True,0.3335786666666667,0.018194401227801492,-0.03988279402256012,0.20919059216976166,0.24907338619232178,0.06424398720264435,True,0.41582933333333333,0.3748907877660296,-0.0051129162311553955,0.21951960027217865,0.22463251650333405,0.029474109411239624,True,0.5502453333333334,0.4776189470720074,0.7614133333333334,10,False,0.6242641045017229,0.3965084497928775,0.5311907897632985,0.0012492537498474121,0.28599223494529724,0.28474298119544983,0.023111939430236816,False,0.15269333333333332,0.01293061382995839,-0.0433514267206192,0.2477378100156784,0.2910892367362976,0.06771261990070343,True,0.251232,0.03177900631193371,-0.034166544675827026,0.25294145941734314,0.28710800409317017,0.058527737855911255,True,0.32382933333333336,0.015791009985975223,-0.04132397472858429,0.24437351524829865,0.28569748997688293,0.06568516790866852,True,0.45205866666666666,0.05531938571326879,-0.028377234935760498,0.25849705934524536,0.28687429428100586,0.05273842811584473,True,0.5343093333333333,0.15906034673151012,0.45205866666666666,6,False,0.015791009985975223,0.2716858145525302,1.6065605000003416,0.3185586003404973,0.12482263524034731
4150353377,89726,Military Families are marching through New York on a rainy day.,124871,Men in hard hats and industrial equipment march with children and others in a parade.,4965629392,0.3254423141479492,0.294023334980011,0.03141897916793823,0.9585882874972134,8,8.326672684688674e-17,0.9938263000003644,0.0002334000000701053,9.739999995872495e-05,0.966333964745556,0.03357020020484924,0.2748604416847229,0.24129024147987366,-0.0021512210369110107,False,0.3794054054054054,0.966333964745556,0.03357020020484924,0.2748604416847229,0.24129024147987366,-0.0021512210369110107,False,0.3794054054054054,0.966333964745556,0.03357020020484924,0.2748604416847229,0.24129024147987366,-0.0021512210369110107,False,0.3794054054054054,0.7619036008780256,0.011631444096565247,0.25162750482559204,0.2399960607290268,0.019787535071372986,False,0.5200420420420421,0.7619036008780256,0.011631444096565247,0.25162750482559204,0.2399960607290268,0.019787535071372986,False,0.5200420420420421,0.5549139431086026,0.8912192192192192,7,False,0.04307080715067209,0.9358660909436161,0.7098637361003546,0.008947223424911499,0.2619478404521942,0.2530006170272827,0.022471755743026733,False,0.20663063063063064,0.7098637361003546,0.008947223424911499,0.2619478404521942,0.2530006170272827,0.022471755743026733,False,0.20663063063063064,0.8926337382307236,0.021179303526878357,0.270363450050354,0.24918414652347565,0.010239675641059875,False,0.34726726726726725,0.22984194217957232,-0.012092038989067078,0.23877157270908356,0.25086361169815063,0.04351101815700531,True,0.45604804804804805,0.08332448673731854,-0.02398011088371277,0.22322653234004974,0.2472066432237625,0.055399090051651,True,0.5766786786786787,0.5009240554691543,0.4943903903903904,5,False,0.300659735639767,0.6329386021599,0.853719799999908,0.05398988763944834,0.302927488783716
4758483073,112127,A man tests model airplanes in an open field.,112201,A man in dark clothing watches a model airplane fly above an empty field.,4759256692,0.3682436943054199,0.34810754656791687,0.020136147737503052,0.8822191472520885,14,7.28583859910259e-17,0.9847558999999819,0.00024389999998675194,0.00011260000019319705,0.6956797470280947,0.008268088102340698,0.31295111775398254,0.30468302965164185,0.011868059635162354,False,0.1315568862275449,0.6912191232083225,0.008058249950408936,0.3346334397792816,0.3265751898288727,0.012077897787094116,False,0.24882634730538922,0.508644047339659,0.0003457963466644287,0.2840379476547241,0.2836921513080597,0.019790351390838623,False,0.33376646706586827,0.6515739759595907,0.006259649991989136,0.2592039406299591,0.25294429063796997,0.013876497745513916,False,0.461437125748503,0.48811856108722335,-0.00047534704208374023,0.23041346669197083,0.23088881373405457,0.020611494779586792,True,0.5955928143712574,0.5714621537109471,0.6910538922155689,9,False,0.44129764234102975,0.6490700420806969,0.934837779552759,0.026634931564331055,0.33244019746780396,0.3058052659034729,-0.006498783826828003,False,0.13326347305389222,0.7202854612768008,0.009458780288696289,0.2965729832649231,0.2871142029762268,0.010677367448806763,False,0.28879041916167664,0.6834595640701102,0.007697165012359619,0.29681774973869324,0.2891205847263336,0.012438982725143433,False,0.3649101796407186,0.5825056259419608,0.0033306777477264404,0.29102545976638794,0.2876947820186615,0.01680546998977661,False,0.40894011976047906,0.4044265267157086,-0.003870546817779541,0.2607048749923706,0.26457542181015015,0.024006694555282593,True,0.5438023952095808,0.4779189031887873,0.5977005988023952,9,False,0.15814941732764484,0.7311999812070294,1.3837542000001122,0.09354325052215978,-0.0821299391263326
2830561413,43703,3 kids and one female are playing with blocks in a room.,132035,"4 kids playing, one in a red dress one in a pink shirt, one in a white shirt and a little boy with his arm through a green toy.",5506383509,0.35967957973480225,0.32177650928497314,0.0379030704498291,0.9779103115240928,12,4.90059381963448e-17,1.1633788999997705,0.00023599999985890463,0.00010489999976925901,0.9849292120838558,0.04179811477661133,0.35799896717071533,0.316200852394104,-0.0038950443267822266,False,0.14037333333333332,0.9894517544486084,0.045411914587020874,0.34036046266555786,0.294948548078537,-0.0075088441371917725,False,0.20916266666666666,0.990612241204152,0.046589165925979614,0.2911784052848816,0.24458923935890198,-0.008686095476150513,False,0.42334933333333336,0.990612241204152,0.046589165925979614,0.2911784052848816,0.24458923935890198,-0.008686095476150513,False,0.42334933333333336,0.986246620503174,0.042726218700408936,0.2791331112384796,0.23640689253807068,-0.004823148250579834,False,0.5755733333333334,0.9462447531510445,0.9537493333333333,11,False,0.8079826319595118,0.9871681693104258,0.9820989571297216,0.04004833102226257,0.35084906220436096,0.3108007311820984,-0.0021452605724334717,False,0.10397333333333333,0.9856940274232137,0.04232668876647949,0.34706348180770874,0.30473679304122925,-0.004423618316650391,False,0.236896,0.9256755699920011,0.0252208411693573,0.32227522134780884,0.29705438017845154,0.012682229280471802,False,0.373264,0.8421542810786813,0.016743451356887817,0.3173016905784607,0.3005582392215729,0.021159619092941284,False,0.44205333333333335,0.8708725453694954,0.01908695697784424,0.3164251744747162,0.29733821749687195,0.018816113471984863,False,0.5088266666666666,0.9428629378360733,0.373264,4,False,0.9256755699920011,0.9453071629839599,1.4966706000000158,0.0033818153149711705,0.041861006326465944
3903017514,84692,A man is seen through the window that has intricate detail.,17062,A man is standing in the window of a subway car as people walk past.,211026975,0.32321977615356445,0.3135910630226135,0.009628713130950928,0.7236963213823021,14,8.500145032286355e-17,1.4364219999997658,0.00024140000004990725,0.00010950000023512985,0.8999661382686229,0.021968483924865723,0.2836799621582031,0.2617114782333374,-0.012339770793914795,False,0.12027027027027028,0.971252252458372,0.035200268030166626,0.27590125799179077,0.24070098996162415,-0.025571554899215698,False,0.2588108108108108,0.9558213799382209,0.030743300914764404,0.2641315758228302,0.2333882749080658,-0.021114587783813477,False,0.3718978978978979,0.8906263671687454,0.020971551537513733,0.2623436748981476,0.24137212336063385,-0.011342838406562805,False,0.43885285285285286,0.9204080865669474,0.02447904646396637,0.26351144909858704,0.23903240263462067,-0.014850333333015442,False,0.5146066066066066,0.9068830631346672,0.7384444444444445,10,False,0.8844247725655654,0.9067766966662868,0.1850831215096076,-0.014822810888290405,0.2794414460659027,0.2942642569541931,0.024451524019241333,True,0.140984984984985,0.15209480106415132,-0.017182648181915283,0.2800051271915436,0.29718777537345886,0.02681136131286621,True,0.20735135135135135,0.11433450460847554,-0.02047210931777954,0.26554572582244873,0.28601783514022827,0.03010082244873047,True,0.33721321321321324,0.2881680936289221,-0.009042978286743164,0.2557511031627655,0.26479408144950867,0.018671691417694092,True,0.4049189189189189,0.8941611604641373,0.02133968472480774,0.26410502195358276,0.24276533722877502,-0.011710971593856812,False,0.5426066066066066,0.6001442008333264,0.5426066066066066,8,False,0.8941611604641373,0.3456873122407234,1.4243267000001651,0.30673886230134073,0.5610893844255633
4257593776,91590,Three construction workers in orange vests speak to one another in front of railroad tracks.,133487,A person in a bright yellow vest and hard hat is standing by the railroad tracks.,567903453,0.37063366174697876,0.34346339106559753,0.027170270681381226,0.9380239271239825,12,8.326672684688674e-17,1.5455418000001373,0.00024470000016663107,0.00010669999983292655,0.6414460549875725,0.005816459655761719,0.3369975686073303,0.3311811089515686,0.021353811025619507,False,0.136736,0.9106856841478342,0.023220360279083252,0.35392481088638306,0.3307044506072998,0.003949910402297974,False,0.26266133333333336,0.6995523372835998,0.008451670408248901,0.3393482565879822,0.3308965861797333,0.018718600273132324,False,0.35749333333333333,0.8389614741343586,0.01650521159172058,0.288705438375473,0.27220022678375244,0.010665059089660645,False,0.456608,0.8646863444589276,0.01854771375656128,0.2779838740825653,0.25943616032600403,0.008622556924819946,False,0.549616,0.82521352347469,0.7889173333333334,8,False,0.9271167005542099,0.7960715900217079,0.6414460549875725,0.005816459655761719,0.3369975686073303,0.3311811089515686,0.021353811025619507,False,0.136736,0.7771556875379113,0.012491673231124878,0.34178057312965393,0.32928889989852905,0.014678597450256348,False,0.21008,0.8066827997417466,0.01428598165512085,0.34258878231048584,0.328302800655365,0.012884289026260376,False,0.303088,0.7473441629303689,0.010844975709915161,0.3355552852153778,0.32471030950546265,0.016325294971466064,False,0.42901333333333336,0.689400785604487,0.007973194122314453,0.3413848876953125,0.33341169357299805,0.019197076559066772,False,0.516864,0.7828699175021472,0.6828213333333333,7,False,0.8900270437742939,0.763485509287673,1.4472200999998677,0.04234360597254283,0.032586080734034906
450697885,98622,"A group of people stand, talking at a soccer game.",75388,Three players bring a team opponent to the ground.,3601491447,0.2843446731567383,0.2801624536514282,0.004182219505310059,0.6030577000550648,13,1.7997756063259374e-17,0.9964256000002933,0.0002482000004420115,0.00011189999986527255,0.5931463092746331,0.0037698745727539062,0.2625471353530884,0.2587772607803345,0.00041234493255615234,False,0.11668266666666667,0.5765602515523962,0.003086686134338379,0.2604726552963257,0.2573859691619873,0.0010955333709716797,False,0.21455466666666667,0.47722444595244184,-0.0009116530418395996,0.2544018030166626,0.2553134560585022,0.005093872547149658,True,0.32142933333333334,0.4647495310526374,-0.0014123618602752686,0.2501627504825592,0.2515751123428345,0.005594581365585327,True,0.46950933333333333,0.34018868850332273,-0.006624534726142883,0.24606700241565704,0.2526915371417999,0.010806754231452942,True,0.5272266666666666,0.4079673397447642,0.756272,9,False,0.3064668531954922,0.5240886998671389,0.701261763635554,0.008533135056495667,0.25667256116867065,0.248139426112175,-0.004350915551185608,False,0.13491733333333333,0.6562418837329161,0.006465911865234375,0.26575496792793274,0.25928905606269836,-0.0022836923599243164,False,0.23278933333333332,0.5996984718660753,0.004042088985443115,0.2628002464771271,0.25875815749168396,0.00014013051986694336,False,0.339664,0.44760978501139004,-0.0021033287048339844,0.25745049118995667,0.25955381989479065,0.006285548210144043,True,0.4563466666666667,0.31947160570238875,-0.007562011480331421,0.2594020962715149,0.2669641077518463,0.01174423098564148,True,0.5152266666666667,0.5160872149505067,0.4563466666666667,5,False,0.44760978501139004,0.5923932316605449,1.4599667000002228,-0.10811987520574251,-0.06830453179340601
7099368287,145219,"Two football players, jumping in attempt to win a header.",145421,One soccer player in an orange uniform getting hit in the face by a ball kicked by a player in blue.,7130336193,0.3118669390678406,0.3057680130004883,0.006098926067352295,0.6479163038358973,13,1.0755285551056204e-16,1.256646499999988,0.00026170000001002336,0.00010950000023512985,0.5174555740630925,0.0006985068321228027,0.3106640577316284,0.3099655508995056,0.005400419235229492,False,0.11459139784946236,0.5667007271322154,0.0026840269565582275,0.2805376946926117,0.27785366773605347,0.0034148991107940674,False,0.22980645161290322,0.5390440915920134,0.0015649497509002686,0.2882920205593109,0.28672707080841064,0.004533976316452026,False,0.36353763440860215,0.10391458167006844,-0.021544665098190308,0.2611837387084961,0.2827284038066864,0.027643591165542603,True,0.4818010752688172,0.03872443487526065,-0.03211790323257446,0.22793719172477722,0.2600550949573517,0.03821682929992676,True,0.5555752688172043,0.4877538895170883,0.8099354838709677,10,False,0.9761155505421616,0.4435824384387103,0.47377569077079135,-0.0010499358177185059,0.308043509721756,0.3090934455394745,0.007148861885070801,True,0.167747311827957,0.29947641630432464,-0.008497923612594604,0.2988048493862152,0.3073027729988098,0.0145968496799469,True,0.23979569892473118,0.09049599363409612,-0.02307593822479248,0.2729022800922394,0.29597821831703186,0.029174864292144775,True,0.3111827956989247,0.056455790638655745,-0.028161853551864624,0.26523709297180176,0.2933989465236664,0.03426077961921692,True,0.46323655913978495,0.05474409837034978,-0.028487861156463623,0.26721295714378357,0.2957008183002472,0.03458678722381592,True,0.5197903225806452,0.185589844765233,0.46323655913978495,6,False,0.056455790638655745,0.28890950168640667,1.4909615999999914,0.3021640447518553,0.15467293675230365
1159381599,2435,Person in a brown sweatshirt does a flip in midair over a trampoline with a river and electrical lines in the background.,6534,A person upside down on a water board.,1396064003,0.3628133535385132,0.3280598521232605,0.034753501415252686,0.9699782095789403,15,5.204170427930421e-17,1.4733765000000858,0.0002632999999150343,0.00011189999986527255,0.20600089862509813,-0.013492017984390259,0.28037381172180176,0.293865829706192,0.048245519399642944,True,0.18047904191616768,0.3307981052343487,-0.007045775651931763,0.28878289461135864,0.2958286702632904,0.04179927706718445,True,0.2309880239520958,0.677815275841051,0.00743749737739563,0.2832282483577728,0.2757907509803772,0.027316004037857056,False,0.3788622754491018,0.8018033645508528,0.013976037502288818,0.28833532333374023,0.2743592858314514,0.020777463912963867,False,0.4697245508982036,0.6785229683429918,0.007469922304153442,0.2684231102466583,0.2609531879425049,0.027283579111099243,False,0.5503473053892216,0.34609656506996467,0.7792335329341318,11,False,0.04309046461661209,0.5835317075764385,0.1268797915680973,-0.019288331270217896,0.2660262882709503,0.2853146195411682,0.05404183268547058,True,0.1735748502994012,0.1268797915680973,-0.019288331270217896,0.2660262882709503,0.2853146195411682,0.05404183268547058,True,0.23474251497005988,0.14901530883166894,-0.01742345094680786,0.2744094729423523,0.29183292388916016,0.05217695236206055,True,0.3398682634730539,0.05819597783072526,-0.02783980965614319,0.2659095525741577,0.2937493622303009,0.06259331107139587,True,0.4448502994011976,0.8999631869119872,0.021968156099319458,0.2878604233264923,0.26589226722717285,0.012785345315933228,False,0.5891736526946107,0.35666750058584407,0.39037724550898206,7,False,0.40312289700758686,0.33517344840026453,1.4194235999998455,-0.010570935515879398,0.24835825917617393
2837640996,44055,A man wearing a green t-shirt sits with his legs on a ledge and talks on the phone.,132234,A boat captain steering a large green wheel.,5522182662,0.3650916814804077,0.3098606467247009,0.05523103475570679,0.9960224489300974,11,4.5102810375396984e-17,1.193691399999807,0.00023590000000695,0.00010960000008708448,0.9945240094833376,0.0520189106464386,0.3265514075756073,0.2745324969291687,0.0032121241092681885,False,0.18273839662447258,0.4268050704899507,-0.0029489845037460327,0.21801094710826874,0.22095993161201477,0.05818001925945282,True,0.35573417721518985,0.4268050704899507,-0.0029489845037460327,0.21801094710826874,0.22095993161201477,0.05818001925945282,True,0.35573417721518985,0.06950397318244518,-0.025943338871002197,0.2237192541360855,0.2496625930070877,0.08117437362670898,True,0.4240717299578059,0.6088695719678718,0.00442562997341156,0.21210728585720062,0.20768165588378906,0.05080540478229523,False,0.5170210970464135,0.5273882230383696,0.7809367088607595,9,False,0.11586036376843531,0.683341688607924,0.977071339571364,0.03752171993255615,0.3172900974750519,0.2797683775424957,0.017709314823150635,False,0.1729957805907173,0.39029716312205304,-0.004460632801055908,0.30041587352752686,0.30487650632858276,0.059691667556762695,True,0.24133333333333334,0.06950397318244518,-0.025943338871002197,0.2237192541360855,0.2496625930070877,0.08117437362670898,True,0.4240717299578059,0.06950397318244518,-0.025943338871002197,0.2237192541360855,0.2496625930070877,0.08117437362670898,True,0.4240717299578059,0.07835632615695153,-0.024648919701576233,0.2145274579524994,0.23917637765407562,0.07987995445728302,True,0.5196244725738397,0.33817620012846894,0.6200253164556963,7,False,0.16271773234837056,0.5128042701611598,1.8297145000001365,0.1892120229099007,0.17053741844676418
5566972,132561,A man in a black shirt uses a yellow bulldozer.,14017,A man using a bulldozer on a construction site.,196521598,0.3645506501197815,0.357083261013031,0.007467389106750488,0.6784677093233874,13,7.806255641895632e-17,1.2750083000000814,0.00023989999999685097,0.00011339999991832883,0.526647805112756,0.0010669231414794922,0.3424113392829895,0.34134441614151,0.006400465965270996,False,0.1806269592476489,0.2695391101963403,-0.009969621896743774,0.2959964871406555,0.3059661090373993,0.017437011003494263,True,0.23941692789968652,0.21164429534158155,-0.013150423765182495,0.26649680733680725,0.27964723110198975,0.020617812871932983,True,0.3136238244514107,0.09630907955484422,-0.0223892480134964,0.23794437944889069,0.2603336274623871,0.029856637120246887,True,0.4498871473354232,0.17755601933134796,-0.015329942107200623,0.21592824161052704,0.23125818371772766,0.02279733121395111,True,0.5115297805642633,0.3232604989795318,0.6585141065830721,9,False,0.35284040288488405,0.35094320169357074,0.4004632273391318,-0.004035353660583496,0.3433459401130676,0.3473812937736511,0.011502742767333984,True,0.16522257053291536,0.22783265998305433,-0.012205898761749268,0.32858389616012573,0.340789794921875,0.019673287868499756,True,0.22401253918495298,0.2117626661636896,-0.013143330812454224,0.28202423453330994,0.29516756534576416,0.020610719919204712,True,0.3104514106583072,0.06795852458480381,-0.026184797286987305,0.25095462799072266,0.27713942527770996,0.03365218639373779,True,0.4688275862068966,0.12548276498030295,-0.019415035843849182,0.2235349863767624,0.24295002222061157,0.02688242495059967,True,0.5304702194357367,0.22710401012418008,0.5304702194357367,7,False,0.12548276498030295,0.29165140071725854,1.2646551000002546,0.09615648885535172,0.0592918009763122
1253095131,3742,2 blond girls are sitting on a ledge in a crowded plaza.,104732,"People sitting on concrete benches and walking, with a headless mannequin next to a lamp.",4639459528,0.3205699026584625,0.29422807693481445,0.02634182572364807,0.9330293736234258,12,3.469446951953614e-17,1.270621900000151,0.00024389999998675194,0.00010380000003351597,0.12551727189735654,-0.01941189169883728,0.26284515857696533,0.2822570502758026,0.04575371742248535,True,0.23286027397260273,0.12551727189735654,-0.01941189169883728,0.26284515857696533,0.2822570502758026,0.04575371742248535,True,0.23286027397260273,0.016438413864838432,-0.0409155935049057,0.23913313448429108,0.2800487279891968,0.06725741922855377,True,0.3231013698630137,0.013356920786100407,-0.04302273690700531,0.23558737337589264,0.27861011028289795,0.06936456263065338,True,0.4168164383561644,0.011527839176682647,-0.04451395571231842,0.2269759625196457,0.2714899182319641,0.07085578143596649,True,0.5607945205479452,0.16239838458616376,0.6953095890410959,8,False,0.018175830830885586,0.23687716324603725,0.12551727189735654,-0.01941189169883728,0.26284515857696533,0.2822570502758026,0.04575371742248535,True,0.23286027397260273,0.12551727189735654,-0.01941189169883728,0.26284515857696533,0.2822570502758026,0.04575371742248535,True,0.23286027397260273,0.016438413864838432,-0.0409155935049057,0.23913313448429108,0.2800487279891968,0.06725741922855377,True,0.3231013698630137,0.14740203517101205,-0.0175512433052063,0.2393285632133484,0.2568798065185547,0.04389306902885437,True,0.4548054794520548,0.022538454945459623,-0.037697359919548035,0.23034517467021942,0.26804253458976746,0.0640391856431961,True,0.5485205479452054,0.18012115917953692,0.5485205479452054,6,False,0.022538454945459623,0.27055335007742864,1.337042499999825,-0.017722774593373153,-0.0336761868313914
3927465948,85157,An Asian woman and her two children sit at a table doing crafts.,18855,"A Indian lady sitting making a clothing piece with a young child and older lady looking upon her, young child in the background playing.",217949158,0.350908100605011,0.30425500869750977,0.04665309190750122,0.9906715039271929,14,7.068998164605489e-17,1.4769721999996364,0.00026879999995799153,0.0001173999999082298,0.7521095562084563,0.0110989511013031,0.32660409808158875,0.31550514698028564,0.03555414080619812,False,0.14975375375375374,0.5991259879051098,0.004018247127532959,0.29797619581222534,0.2939579486846924,0.04263484477996826,False,0.23555555555555555,0.3938709184644092,-0.004310697317123413,0.2660345137119293,0.27034521102905273,0.050963789224624634,True,0.3164984984984985,0.7195848123162145,0.009424030780792236,0.2644194960594177,0.2549954652786255,0.037229061126708984,False,0.4128888888888889,0.3394579138241497,-0.006657108664512634,0.22422081232070923,0.23087792098522186,0.053310200572013855,True,0.5689369369369369,0.5395272332197306,0.7846666666666666,11,False,0.3733639165756215,0.6414511674354355,0.735769337066054,0.010240942239761353,0.30115756392478943,0.2909166216850281,0.03641214966773987,False,0.17894894894894894,0.7547620189920046,0.011241734027862549,0.2753777503967285,0.26413601636886597,0.03541135787963867,False,0.2647507507507508,0.9466070764875925,0.028752058744430542,0.28747472167015076,0.2587226629257202,0.01790103316307068,False,0.3149249249249249,0.9094684326745255,0.023071616888046265,0.27681201696395874,0.2537404000759125,0.023581475019454956,False,0.4001141141141141,0.45062661165999196,-0.001981392502784729,0.2455640286207199,0.24754542112350464,0.04863448441028595,True,0.5395015015015016,0.538313983608151,0.6275375375375375,9,False,0.24310204764103566,0.806204894099473,1.5936909000001833,0.0012132496115796476,-0.16475372666403754
3246281818,60420,Two children climb an indoor rock walk as two other children are on belay.,110394,Two people are looking at an inflatable climbing wall.,4730076543,0.3456273674964905,0.3024556338787079,0.04317173361778259,0.9868380176593623,14,3.122502256758253e-17,1.0633593999996265,0.0002441999999973632,0.00011679999988700729,0.5176535152114489,0.0007064342498779297,0.317280650138855,0.31657421588897705,0.04246529936790466,False,0.1776987951807229,0.689497137921012,0.007977694272994995,0.3177008628845215,0.3097231686115265,0.0351940393447876,False,0.27319277108433737,0.8957780931745364,0.021511703729629517,0.31265804171562195,0.29114633798599243,0.021660029888153076,False,0.3279578313253012,0.8491206911663381,0.01727721095085144,0.31453973054885864,0.2972625195980072,0.025894522666931152,False,0.40822289156626507,0.7424618259702008,0.010588034987449646,0.2423936128616333,0.23180557787418365,0.03258369863033295,False,0.564144578313253,0.6060351100503617,0.7692409638554217,11,False,0.3473003536284392,0.7601387227146946,0.9580727423566897,0.031289875507354736,0.3363049030303955,0.30501502752304077,0.011881858110427856,False,0.1123433734939759,0.6824496662047156,0.007650524377822876,0.31273505091667175,0.3050845265388489,0.03552120923995972,False,0.2711204819277108,0.516518628957317,0.0006609857082366943,0.3041316866874695,0.3034707009792328,0.0425107479095459,False,0.30784939759036145,0.5148989843204996,0.0005961358547210693,0.29404348134994507,0.293447345495224,0.04257559776306152,False,0.42725903614457833,0.26833324311335527,-0.010030955076217651,0.29503312706947327,0.3050640821456909,0.053202688694000244,True,0.5852951807228916,0.47562866888050914,0.5852951807228916,8,False,0.26833324311335527,0.6577469599650464,1.4707494999997834,0.13040644116985256,0.10239176274964823
2833502675,43881,A brown-haired man in a green shirt plays a trumpet outdoors.,30029,A street musician playing.,2470317702,0.3537827432155609,0.30053579807281494,0.05324694514274597,0.9951537619432868,12,4.163336342344337e-17,1.0856734000003598,0.00024429999984931783,0.00010840000004463946,0.9918417288398881,0.04800531268119812,0.3256620466709137,0.2776567339897156,0.0052416324615478516,False,0.1545988023952096,0.9865616736426224,0.04296115040779114,0.3232397735118866,0.28027862310409546,0.010285794734954834,False,0.22768263473053893,0.9273840805959886,0.02547183632850647,0.2949947118759155,0.26952287554740906,0.027775108814239502,False,0.35417365269461076,0.8025109211004047,0.01402062177658081,0.281254380941391,0.2672337591648102,0.03922632336616516,False,0.426185628742515,0.7390040334749262,0.010407984256744385,0.2766653597354889,0.2662573754787445,0.04283896088600159,False,0.5261017964071856,0.621089697727137,0.9630119760479042,11,False,0.47697388811496927,0.9242211329705566,0.982962901787429,0.04055178165435791,0.3354427218437195,0.2948909401893616,0.012695163488388062,False,0.1995748502994012,0.95044070076129,0.029537558555603027,0.3086634874343872,0.2791259288787842,0.023709386587142944,False,0.287437125748503,0.9334973133809373,0.02641695737838745,0.3081972002983093,0.2817802429199219,0.02682998776435852,False,0.36022155688622753,0.90383206061709,0.0224054753780365,0.29990625381469727,0.27750077843666077,0.030841469764709473,False,0.4415808383233533,0.8353624459106538,0.01624119281768799,0.29087287187576294,0.27463167905807495,0.03700575232505798,False,0.541497005988024,0.6561618341417652,0.7596646706586826,9,False,0.11202324352353488,0.9464820394117565,1.4137150999999903,-0.03507213641462825,-0.022260906441199824
97234558,154716,The baby walks on the gold and sandy-colored beach with water splashing behind him.,3772,A young boy plays in the water with the mountains in the background.,1255504166,0.3198084831237793,0.3048937916755676,0.01491469144821167,0.8162986807860235,14,4.336808689942018e-17,1.1278605000002244,0.000262999999904423,0.00011170000016136328,0.8890010437946995,0.020805776119232178,0.29452863335609436,0.2737228572368622,-0.005891084671020508,False,0.14975776397515528,0.9283726775061916,0.025619566440582275,0.27173465490341187,0.2461150884628296,-0.010704874992370605,False,0.2283167701863354,0.853055998838298,0.017587736248970032,0.26210805773735046,0.24452032148838043,-0.002673044800758362,False,0.30753416149068324,0.9483775392666449,0.0291079580783844,0.26118913292884827,0.23208117485046387,-0.01419326663017273,False,0.4117080745341615,0.9040823909267112,0.022434309124946594,0.25365325808525085,0.23121894896030426,-0.007519617676734924,False,0.5303354037267081,0.9253671997273141,0.7371614906832298,10,False,0.9732470494579454,0.8925368999598057,0.966658888391624,0.03367054462432861,0.31010907888412476,0.27643853425979614,-0.018755853176116943,False,0.1611304347826087,0.9697555017476438,0.03467729687690735,0.30745863914489746,0.2727813422679901,-0.01976260542869568,False,0.22326708074534163,0.930001762197427,0.025867164134979248,0.2839166224002838,0.25804945826530457,-0.010952472686767578,False,0.30182608695652174,0.9066107286721696,0.02272936701774597,0.2776094675064087,0.2548801004886627,-0.007814675569534302,False,0.406,0.7812541243836613,0.01272989809513092,0.26215702295303345,0.24942712485790253,0.0021847933530807495,False,0.5205217391304348,0.8605934840741926,0.5846211180124223,8,False,0.7990270576766774,0.9043603023151956,1.3959165000001121,0.06477371565312151,-0.011823402355389923
3368671163,65677,A beige dog runs behind a white dog holding a yellow toy.,26650,A white dog with a yellow toy in his mouth runs through a nature trail towards the camera.,2391269207,0.3830164670944214,0.38187938928604126,0.001137077808380127,0.5283963560061967,15,6.245004513516506e-17,1.34252830000014,0.00029339999991861987,0.00011469999981272849,0.09273402482178927,-0.022807002067565918,0.2876473069190979,0.3104543089866638,0.023944079875946045,True,0.11410179640718562,0.10202595865168411,-0.021749138832092285,0.25346094369888306,0.27521008253097534,0.022886216640472412,True,0.2697125748502994,0.08991998790388188,-0.023146122694015503,0.2577649652957916,0.28091108798980713,0.02428320050239563,True,0.32433532934131737,0.07236494667538677,-0.025509163737297058,0.2238062471151352,0.24931541085243225,0.026646241545677185,True,0.4039341317365269,0.20985675150405442,-0.013257890939712524,0.19867631793022156,0.21193420886993408,0.014394968748092651,True,0.5505449101796407,0.2053837039586589,0.6704011976047904,10,False,0.21037635165087962,0.15072148288179354,0.3280311347029043,-0.007171034812927246,0.3481168746948242,0.35528790950775146,0.008308112621307373,True,0.13422155688622756,0.28053186608956077,-0.009418249130249023,0.3476279377937317,0.3570461869239807,0.01055532693862915,True,0.20458682634730538,0.16245317501096446,-0.01640087366104126,0.29460954666137695,0.3110104203224182,0.017537951469421387,True,0.3647305389221557,0.07236494667538677,-0.025509163737297058,0.2238062471151352,0.24931541085243225,0.026646241545677185,True,0.4039341317365269,0.20985675150405442,-0.013257890939712524,0.19867631793022156,0.21193420886993408,0.014394968748092651,True,0.5505449101796407,0.1715817767519056,0.4039341317365269,6,False,0.07236494667538677,0.2536545625273555,1.5812729999997828,0.03380192720675329,-0.10293307964556198
155210731,9477,"An Asian woman selling silk scarfs, bags, and wallets.",46370,An older woman in a red blouse standing in front of her wares.,289583589,0.394080251455307,0.33726662397384644,0.05681362748146057,0.9966026713955974,10,3.122502256758253e-17,1.1647211999998035,0.00024609999991298537,0.00010019999990618089,0.8532186168508067,0.017600715160369873,0.30458205938339233,0.28698134422302246,0.0392129123210907,False,0.23805797101449275,0.8532186168508067,0.017600715160369873,0.30458205938339233,0.28698134422302246,0.0392129123210907,False,0.23805797101449275,0.5406206220709382,0.0016284137964248657,0.22958630323410034,0.22795788943767548,0.055185213685035706,False,0.3732057971014493,0.6367463700599153,0.005612701177597046,0.21617357432842255,0.2105608731508255,0.051200926303863525,False,0.4947710144927536,0.7923054134810185,0.013388782739639282,0.22320592403411865,0.20981714129447937,0.04342484474182129,False,0.5605507246376812,0.725668023133083,0.8921565217391304,9,False,0.6937335918146667,0.7723373586620002,0.7770999404497437,0.012488454580307007,0.28605416417121887,0.27356570959091187,0.044325172901153564,False,0.18194782608695653,0.946660072446732,0.02876254916191101,0.28094935417175293,0.2521868050098419,0.02805107831954956,False,0.31709565217391306,0.946660072446732,0.02876254916191101,0.28094935417175293,0.2521868050098419,0.02805107831954956,False,0.31709565217391306,0.8994395762159381,0.021910130977630615,0.25502312183380127,0.23311299085617065,0.034903496503829956,False,0.4067768115942029,0.8878128600198563,0.02068592607975006,0.21436825394630432,0.19368232786655426,0.03612770140171051,False,0.6502434782608696,0.7625642751785826,0.7160231884057972,7,False,0.4650075319448117,0.889190389053268,1.1939212000002044,-0.03689625204549962,-0.11685303039126782
861661418,153303,A brown puppy chewing on a stick.,74947,A brown dog is digging in the dirt.,3589267801,0.3301963210105896,0.30467191338539124,0.025524407625198364,0.9277373162102931,16,6.938893903907228e-17,1.2737980000001698,0.00026440000010552467,0.00011950000043725595,0.14540078900252226,-0.01771138608455658,0.24477051198482513,0.2624818980693817,0.043235793709754944,True,0.1555294117647059,0.17065077030397727,-0.015810221433639526,0.2447032928466797,0.2605135142803192,0.04133462905883789,True,0.21863800904977376,0.006691693958857999,-0.05000174045562744,0.2016260027885437,0.25162774324417114,0.0755261480808258,True,0.325131221719457,0.00025355184468406344,-0.08279688656330109,0.15190839767456055,0.23470528423786163,0.10832129418849945,True,0.45418552036199095,0.00046615356058477854,-0.07670529186725616,0.12079401314258575,0.19749930500984192,0.10222969949245453,True,0.5350904977375566,0.0748737183942417,0.644868778280543,10,False,0.00044503387978726627,0.19313594619533,0.14540078900252226,-0.01771138608455658,0.24477051198482513,0.2624818980693817,0.043235793709754944,True,0.1555294117647059,0.06478102063276824,-0.026697680354118347,0.22760210931301117,0.2542997896671295,0.05222208797931671,True,0.2207420814479638,0.001848334200275211,-0.06291620433330536,0.18567287921905518,0.24858908355236053,0.08844061195850372,True,0.34496380090497736,0.000146640580285821,-0.0882737934589386,0.15650629997253418,0.24478009343147278,0.11379820108413696,True,0.44127601809954753,0.000410405252356362,-0.07797954976558685,0.15301614999771118,0.23099569976329803,0.10350395739078522,True,0.5001221719457014,0.061194766676680626,0.5001221719457014,8,False,0.000410405252356362,0.18906659137734666,2.074070699999993,0.013678951717561075,0.004069354817983345
16151663,10271,A female performer with a violin plays on a street while a woman with a blue guitar looks on.,107902,A musical street quartet performs with a guitar case set out for donations.,4691655601,0.3401670455932617,0.3328283131122589,0.007338732481002808,0.6756546540694438,13,4.5102810375396984e-17,1.5732802000002266,0.00026939999997921404,0.0001098000002457411,0.8562106060137822,0.01784166693687439,0.3107985258102417,0.2929568588733673,-0.010502934455871582,False,0.21466076696165193,0.8562106060137822,0.01784166693687439,0.3107985258102417,0.2929568588733673,-0.010502934455871582,False,0.21466076696165193,0.24812916680039657,-0.011086151003837585,0.24258176982402802,0.2536679208278656,0.018424883484840393,True,0.32851917404129793,0.5727005325399639,0.0029287785291671753,0.23680809140205383,0.23387931287288666,0.004409953951835632,False,0.4581946902654867,0.681759818883664,0.007618710398674011,0.23415341973304749,0.22653470933437347,-0.0002799779176712036,False,0.5349852507374632,0.48383228000914197,0.7882890855457227,10,False,0.29117960265048065,0.6143552243565289,0.8562106060137822,0.01784166693687439,0.3107985258102417,0.2929568588733673,-0.010502934455871582,False,0.21466076696165193,0.8562106060137822,0.01784166693687439,0.3107985258102417,0.2929568588733673,-0.010502934455871582,False,0.21466076696165193,0.5284238341529227,0.0011381804943084717,0.25677594542503357,0.2556377649307251,0.006200551986694336,False,0.32578761061946904,0.2326596955254907,-0.01193353533744812,0.2217499017715454,0.23368343710899353,0.019272267818450928,True,0.4667138643067847,0.4210652293283288,-0.003184020519256592,0.21868060529232025,0.22186462581157684,0.0105227530002594,True,0.5472802359882006,0.4521369268115464,0.4667138643067847,6,False,0.2326596955254907,0.587109016700122,1.4199961999997868,0.03169535319759559,0.02724620765640684
4688948552,107654,Two doctors perform an operation.,129764,A woman with glasses is undergoing a dental procedure.,530507000,0.3326528072357178,0.30174654722213745,0.030906260013580322,0.9565044164724608,13,5.551115123125783e-17,1.0970830999999635,0.00025689999984024325,0.00010769999971671496,0.551301596725558,0.0020593106746673584,0.3125999867916107,0.31054067611694336,0.028846949338912964,False,0.12381866666666666,0.6974931769723791,0.008353888988494873,0.3070759177207947,0.2987220287322998,0.02255237102508545,False,0.21603733333333333,0.9029965380600914,0.022309720516204834,0.2988266348838806,0.2765169143676758,0.008596539497375488,False,0.35386133333333336,0.8943910847421135,0.0213640034198761,0.29307907819747925,0.27171507477760315,0.009542256593704224,False,0.41081066666666666,0.869458759054273,0.018961817026138306,0.23351074755191803,0.21454893052577972,0.011944442987442017,False,0.5750773333333333,0.7953571878698105,0.8378933333333334,11,False,0.7696731497297883,0.7951490363058232,0.551301596725558,0.0020593106746673584,0.3125999867916107,0.31054067611694336,0.028846949338912964,False,0.12381866666666666,0.33164575424853815,-0.007007509469985962,0.30517813563346863,0.3121856451034546,0.037913769483566284,True,0.224384,0.9172432884933672,0.024054676294326782,0.3058813214302063,0.2818266451358795,0.00685158371925354,False,0.31660266666666664,0.9510648562797156,0.02967086434364319,0.2972506284713745,0.2675797641277313,0.0012353956699371338,False,0.4585226666666667,0.9449664861920146,0.028432071208953857,0.2950882017612457,0.26665613055229187,0.002474188804626465,False,0.507712,0.6568632231514153,0.7005706666666667,9,False,0.4557138769067639,0.737695895281585,1.697925099999793,0.13849396471839515,0.05745314102423826
5163992452,128131,Two African women wearing purple and lime green skirts are dancing in within a circle of clapping women in similar ensembles.,107987,A homely looking woman is doing a dance.,4692834620,0.34038612246513367,0.2980771064758301,0.04230901598930359,0.9856690850862939,9,7.28583859910259e-17,1.0497402000000875,0.00024839999969117343,0.00010000000020227162,0.9759300316181757,0.03702425956726074,0.31943756341934204,0.2824133038520813,0.005284756422042847,False,0.11253453453453453,0.961452787608127,0.03216561675071716,0.31354716420173645,0.2813815474510193,0.010143399238586426,False,0.38823423423423425,0.961452787608127,0.03216561675071716,0.31354716420173645,0.2813815474510193,0.010143399238586426,False,0.38823423423423425,0.976714529622278,0.037363648414611816,0.3241032660007477,0.28673961758613586,0.0049453675746917725,False,0.4815015015015015,0.9300926975625554,0.025881141424179077,0.3040872812271118,0.27820613980293274,0.01642787456512451,False,0.6168048048048048,0.7249670002635757,1.0,9,False,0.0045367907347401365,0.9676062682172326,0.9685956323958657,0.034289002418518066,0.323897123336792,0.2896081209182739,0.008020013570785522,False,0.2756996996996997,0.9685956323958657,0.034289002418518066,0.323897123336792,0.2896081209182739,0.008020013570785522,False,0.2756996996996997,0.961452787608127,0.03216561675071716,0.31354716420173645,0.2813815474510193,0.010143399238586426,False,0.38823423423423425,0.9161836459997591,0.023915886878967285,0.3028932809829712,0.2789773941040039,0.018393129110336304,False,0.5235375375375375,0.9161836459997591,0.023915886878967285,0.3028932809829712,0.2789773941040039,0.018393129110336304,False,0.5235375375375375,0.7684100006425315,0.936966966966967,8,False,0.000859931167334385,0.9646277828886091,1.2537901999999121,-0.043443000378955765,0.002978485328623548
2321764238,24083,A woman is holding a small white statue.,45371,A man with chin-length light hair works on a sculpture.,2872099696,0.37263163924217224,0.3165968060493469,0.05603483319282532,0.9963285241234983,13,2.7755575615628914e-17,1.202087499999834,0.0002729000002545945,0.00010800000018207356,0.7726461923341778,0.012233138084411621,0.2735981345176697,0.26136499643325806,0.043801695108413696,False,0.11269333333333334,0.1869999909234997,-0.01469622552394867,0.2231183797121048,0.23781460523605347,0.07073105871677399,True,0.23489066666666666,0.017216042290255033,-0.040445476770401,0.2047908902168274,0.2452363669872284,0.09648030996322632,True,0.3421226666666667,0.01918541857588545,-0.039342328906059265,0.2027195543050766,0.24206188321113586,0.09537716209888458,True,0.44573866666666667,0.021506203312619522,-0.038176730275154114,0.2072681486606598,0.2454448789358139,0.09421156346797943,True,0.538784,0.168370926426954,0.8183093333333333,11,False,0.023717329903610872,0.321162372010654,0.7726461923341778,0.012233138084411621,0.2735981345176697,0.26136499643325806,0.043801695108413696,False,0.11269333333333334,0.7756584355261017,0.012405425310134888,0.2694210708141327,0.2570156455039978,0.04362940788269043,False,0.27984,0.20221146436207887,-0.013725295662879944,0.22791625559329987,0.2416415512561798,0.06976012885570526,True,0.31437866666666664,0.04543033371912174,-0.03045080602169037,0.2178453505039215,0.24829615652561188,0.08648563921451569,True,0.4216106666666667,0.014305825489388182,-0.04232679307460785,0.21525855362415314,0.257585346698761,0.09836162626743317,True,0.5530346666666667,0.27506412782337925,0.7306506666666667,10,False,0.023831076767063752,0.47585247311804174,1.618050999999923,-0.10669320139642524,-0.15469010110738773
231935782,24006,A man wearing a white button down shirt looking out of a window of a train.,85974,A police officer standing on a train.,3966071063,0.36472514271736145,0.3002171516418457,0.06450799107551575,0.9984232304624926,14,5.647338065933871e-17,1.1569878000000244,0.0002592999999251333,0.00011069999982282752,0.9816412507715986,0.03979119658470154,0.29339471459388733,0.2536035180091858,0.02471679449081421,False,0.10215615615615616,0.8421538849146708,0.01674342155456543,0.2665235698223114,0.24978014826774597,0.04776456952095032,False,0.21301501501501502,0.5203448645916212,0.0008142441511154175,0.23438292741775513,0.2335686832666397,0.06369374692440033,False,0.366996996996997,0.7600146428542965,0.011527597904205322,0.1934906244277954,0.1819630265235901,0.052980393171310425,False,0.4385165165165165,0.6771983066837055,0.007409259676933289,0.18720762431621552,0.17979836463928223,0.05709873139858246,False,0.5332072072072072,0.7143283023785093,0.6769309309309309,9,False,0.643723618582043,0.7894878895500753,0.9816412507715986,0.03979119658470154,0.29339471459388733,0.2536035180091858,0.02471679449081421,False,0.10215615615615616,0.8421538849146708,0.01674342155456543,0.2665235698223114,0.24978014826774597,0.04776456952095032,False,0.21301501501501502,0.6895347810506982,0.00797945261001587,0.2530236840248108,0.24504423141479492,0.05652853846549988,False,0.3077057057057057,0.8910169433370041,0.021011710166931152,0.2675004005432129,0.24648869037628174,0.043496280908584595,False,0.43785585585585585,0.6304407925299741,0.005341082811355591,0.2611529231071472,0.2558118402957916,0.059166908264160156,False,0.514942942942943,0.6173515156559386,0.6322102102102102,9,False,0.3831432935582973,0.847171597137512,1.3783668000000944,0.09697678672257071,-0.05768370758743668
2778313163,42060,A woman in a blue t-shirt and jeans is sweeping concrete.,61525,"A woman in a pick shirt is holding a shovel near a woman in brown sweeping, while a third woman sits on a stoop.",327142149,0.3488543629646301,0.3218075931072235,0.027046769857406616,0.9373020587319951,12,4.85722573273506e-17,1.0058530999999675,0.0002351000002818182,0.00010700000029828516,0.9336172862232136,0.026436299085617065,0.32879069447517395,0.3023543953895569,0.0006104707717895508,False,0.12636036036036036,0.9933701131789476,0.05009515583515167,0.27115145325660706,0.22105629742145538,-0.023048385977745056,False,0.2619159159159159,0.9614406913633071,0.03216235339641571,0.23708391189575195,0.20492155849933624,-0.005115583539009094,False,0.329975975975976,0.9957268509084687,0.05451121926307678,0.24923883378505707,0.19472761452198029,-0.027464449405670166,False,0.5288828828828829,0.9957268509084687,0.05451121926307678,0.24923883378505707,0.19472761452198029,-0.027464449405670166,False,0.5288828828828829,0.9736318161201041,0.7601441441441441,8,False,0.976483165692826,0.9642612816693861,0.9964129564208685,0.05626833438873291,0.3086918592453003,0.2524235248565674,-0.029221564531326294,False,0.13555555555555557,0.9854199693487888,0.04213415086269379,0.2817988991737366,0.23966474831104279,-0.01508738100528717,False,0.2036156156156156,0.9686061464522921,0.03429245948791504,0.28423506021499634,0.2499426007270813,-0.007245689630508423,False,0.4025225225225225,0.9686061464522921,0.03429245948791504,0.28423506021499634,0.2499426007270813,-0.007245689630508423,False,0.4025225225225225,0.9781594873650236,0.03801906108856201,0.27129635214805603,0.23327729105949402,-0.010972291231155396,False,0.545027027027027,0.9659983137156449,0.7668528528528529,8,False,0.9621511002449276,0.975274244346951,1.439449599999989,0.007633502404459147,-0.011012962677564908
3638783842,76870,Two bald ladies in red dresses and matching jewelry laugh.,12149,A woman with pink hair dressed in black talks to a man.,1801663973,0.3424169421195984,0.2852795124053955,0.05713742971420288,0.9967105596461159,15,4.163336342344337e-17,1.2486174999999093,0.0002620000000206346,0.0001142999999501626,0.5141333381454716,0.0005654841661453247,0.24474044144153595,0.24417495727539062,0.056571945548057556,False,0.14554819277108433,0.8479855078856562,0.01718887686729431,0.2594156563282013,0.24222677946090698,0.03994855284690857,False,0.20854819277108433,0.3761680001268521,-0.005058452486991882,0.2304624766111374,0.23552092909812927,0.06219588220119476,True,0.3175301204819277,0.11200723591361768,-0.020704001188278198,0.2211529016494751,0.2418569028377533,0.07784143090248108,True,0.42470481927710846,0.022566474198572373,-0.03768464922904968,0.20462991297245026,0.24231456220149994,0.09482207894325256,True,0.5121746987951807,0.3374724915061302,0.7089036144578313,11,False,0.15633551059049935,0.4912541331848329,0.5141333381454716,0.0005654841661453247,0.24474044144153595,0.24417495727539062,0.056571945548057556,False,0.14554819277108433,0.274116945257833,-0.009738340973854065,0.2208355814218521,0.23057392239570618,0.06687577068805695,True,0.2545301204819277,0.1321160543191844,-0.0188237726688385,0.22280098497867584,0.24162475764751434,0.07596120238304138,True,0.3590180722891566,0.10480009696725974,-0.021449923515319824,0.20615187287330627,0.2276017963886261,0.0785873532295227,True,0.435066265060241,0.023543025849719793,-0.03725101053714752,0.20819313824176788,0.2454441487789154,0.0943884402513504,True,0.5007530120481928,0.25504911322298995,0.435066265060241,7,False,0.10480009696725974,0.37413611774009936,1.4776594999998451,0.08242337828314023,0.11711801544473355
3421480658,67717,"Little girl in kitchen, kissing a fluffy orange cat.",149310,A blond child is being bitten on the nose by a little orange kitten.,771048251,0.37062427401542664,0.34785374999046326,0.02277052402496338,0.9069586129779535,14,9.71445146547012e-17,1.0980907000002844,0.00024970000004032045,0.00011050000011891825,0.4450858761367709,-0.002205461263656616,0.33381882309913635,0.33602428436279297,0.024975985288619995,True,0.16307185628742515,0.742063580027071,0.01056721806526184,0.3275051712989807,0.31693795323371887,0.012203305959701538,False,0.2321437125748503,0.5499314664265676,0.0020039379596710205,0.28189998865127563,0.2798960506916046,0.02076658606529236,False,0.39950898203592816,0.1979533161480194,-0.013991355895996094,0.24219223856925964,0.25618359446525574,0.03676187992095947,True,0.4701556886227545,0.33585975775150934,-0.006817996501922607,0.26115864515304565,0.26797664165496826,0.029588520526885986,True,0.5482874251497006,0.5059432593802646,0.9537904191616766,13,False,0.24703991121058957,0.5592481529331748,0.9225689336614736,0.024777740240097046,0.3738163709640503,0.34903863072395325,-0.002007216215133667,False,0.152562874251497,0.9056275858687665,0.02261379361152649,0.3727535605430603,0.3501397669315338,0.00015673041343688965,False,0.2306946107784431,0.9050403795148675,0.022545278072357178,0.381783664226532,0.3592383861541748,0.00022524595260620117,False,0.3013413173652695,0.9140488563940298,0.02364104986190796,0.361986368894577,0.33834531903266907,-0.0008705258369445801,False,0.43263473053892215,0.8223950150431982,0.015326589345932007,0.3569667339324951,0.3416401445865631,0.007443934679031372,False,0.5017065868263473,0.8659849471841465,0.5017065868263473,7,False,0.8223950150431982,0.905558884760237,1.5485572000002321,-0.3600416878038819,-0.3463107318270623
1459582913,7974,Male cheerleading squad performs at a park.,54601,The man is performing a trick with a bicycle high in the air.,3106782647,0.38422858715057373,0.31854408979415894,0.0656844973564148,0.99859799612049,12,8.326672684688674e-17,1.0772342000000208,0.00024510000002919696,0.00010729999985414906,0.9695404362906429,0.03460422158241272,0.3281952440738678,0.2935910224914551,0.031080275774002075,False,0.156224,0.9580568174995165,0.03128591179847717,0.2779076099395752,0.24662169814109802,0.03439858555793762,False,0.2972533333333333,0.9007447251926921,0.02205526828765869,0.2500876188278198,0.22803235054016113,0.043629229068756104,False,0.364928,0.6370527212598003,0.0056259483098983765,0.23947285115718842,0.23384690284729004,0.06005854904651642,False,0.4445866666666667,0.6652076777800789,0.006865888833999634,0.20489102602005005,0.19802513718605042,0.05881860852241516,False,0.52096,0.7293431382780008,0.6919733333333333,8,False,0.5238427601063494,0.8897697046163341,0.9966705805887488,0.057016223669052124,0.3533795177936554,0.29636329412460327,0.008668273687362671,False,0.14102933333333334,0.9580568174995165,0.03128591179847717,0.2779076099395752,0.24662169814109802,0.03439858555793762,False,0.2972533333333333,0.9007447251926921,0.02205526828765869,0.2500876188278198,0.22803235054016113,0.043629229068756104,False,0.364928,0.7978462227325266,0.013728871941566467,0.24533483386039734,0.23160596191883087,0.05195562541484833,False,0.415904,0.34507198461912364,-0.0064077228307724,0.22729164361953735,0.23369936645030975,0.0720922201871872,True,0.55192,0.7055459973911344,0.7483306666666667,8,False,0.5869261284768407,0.8648020003686702,1.5418281000002025,0.023797140886866353,0.024967704247663924
322516292,59570,A man dressed mainly in black is holding a huge triangular guitar-like instrument with a musical stand in front of him.,30029,A street musician playing.,2470317702,0.38020122051239014,0.3464246690273285,0.033776551485061646,0.9669988580304427,13,1.1102230246251565e-16,1.2824454999999944,0.000250199999754841,0.00011160000030940864,0.8899003812836912,0.020897239446640015,0.3280389606952667,0.3071417212486267,0.01287931203842163,False,0.17042424242424242,0.8948479294826206,0.02141246199607849,0.29295241832733154,0.27153995633125305,0.012364089488983154,False,0.2812060606060606,0.23192387343745857,-0.011974796652793884,0.21878007054328918,0.23075486719608307,0.04575134813785553,True,0.38042424242424244,0.40448251914853495,-0.0038682222366333008,0.2098201960325241,0.2136884182691574,0.037644773721694946,True,0.4545272727272727,0.22084250399228475,-0.0126076340675354,0.1912592649459839,0.2038668990135193,0.046384185552597046,True,0.5259090909090909,0.4779351836420945,0.9452787878787878,12,False,0.1756882726765685,0.6824098026638835,0.7979771748750806,0.013736993074417114,0.3321620523929596,0.3184250593185425,0.02003955841064453,False,0.1457939393939394,0.6078637721315082,0.00438341498374939,0.32137998938560486,0.31699657440185547,0.029393136501312256,False,0.2450121212121212,0.8284116627771525,0.015744119882583618,0.26551318168640137,0.24976906180381775,0.018032431602478027,False,0.3437454545454545,0.40448251914853495,-0.0038682222366333008,0.2098201960325241,0.2136884182691574,0.037644773721694946,True,0.4545272727272727,0.22084250399228475,-0.0126076340675354,0.1912592649459839,0.2038668990135193,0.046384185552597046,True,0.5259090909090909,0.41429573451641855,0.713260606060606,9,False,0.06808548676021203,0.6843722245755651,1.5779230000002826,0.06363944912567593,-0.001962421911681611
514222285,127917,A small child wears skis on a ski hill.,93333,A young boy with a red jacket fell from his sled in the snow.,4337180031,0.34035295248031616,0.3028128743171692,0.03754007816314697,0.9771124313990993,14,3.469446951953614e-17,1.590096999999787,0.00025120000009337673,0.00011210000002392917,0.9504206227959726,0.029533296823501587,0.33482247591018677,0.3052891790866852,0.008006781339645386,False,0.12085483870967742,0.8675771234237742,0.01879703998565674,0.3255310654640198,0.30673402547836304,0.018743038177490234,False,0.27159139784946235,0.8488436688334087,0.01725560426712036,0.3247073292732239,0.3074517250061035,0.02028447389602661,False,0.3245752688172043,0.8197853312294436,0.015148937702178955,0.30756381154060364,0.2924148738384247,0.022391140460968018,False,0.45820967741935487,0.6392572845625091,0.005721420049667358,0.2954203188419342,0.28969889879226685,0.031818658113479614,False,0.5184516129032258,0.8378316515635803,0.847741935483871,12,False,0.7661463673689501,0.8764702597644957,0.9504206227959726,0.029533296823501587,0.33482247591018677,0.3052891790866852,0.008006781339645386,False,0.12085483870967742,0.9344885287574949,0.026577740907669067,0.33629775047302246,0.3097200095653534,0.010962337255477905,False,0.2143279569892473,0.917519313975935,0.024091094732284546,0.3332916498184204,0.30920055508613586,0.013448983430862427,False,0.3450268817204301,0.6551465413126905,0.006417393684387207,0.3029206693172455,0.2965032756328583,0.031122684478759766,False,0.43252688172043013,0.4952675325317861,-0.00018930435180664062,0.29500657320022583,0.29519587755203247,0.03772938251495361,True,0.5005591397849463,0.674915533728779,0.5661612903225807,8,False,0.48235020543593204,0.8661004531290798,1.7207883000000948,0.1629161178348013,0.010369806635415868
1463072715,8050,"A young boy is looking at a checkers board with one fist leaning against his head as a partially visible adult sits across the table from him, in a room full of people sitting in chairs around tables.",59898,An older man plays a game with a small child.,3232994074,0.3534482717514038,0.322254478931427,0.031193792819976807,0.9576850810990427,14,8.326672684688674e-17,1.0513905000002524,0.0002490000001671433,0.00011089999998148414,0.9793524807649954,0.03859296441078186,0.25898459553718567,0.2203916311264038,-0.007399171590805054,False,0.17222933333333335,0.9889027174743051,0.04489895701408386,0.2349211871623993,0.19002223014831543,-0.013705164194107056,False,0.24008,0.9946671187322623,0.05228516459465027,0.23575639724731445,0.18347123265266418,-0.021091371774673462,False,0.30367466666666665,0.9911437350883133,0.04717734456062317,0.22489942610263824,0.17772208154201508,-0.015983551740646362,False,0.4489493333333333,0.9343010872275119,0.026547163724899292,0.2234574556350708,0.1969102919101715,0.004646629095077515,False,0.5441066666666666,0.7532555295875855,0.75192,10,False,0.27174752068927915,0.9786819825092163,0.9793524807649954,0.03859296441078186,0.25898459553718567,0.2203916311264038,-0.007399171590805054,False,0.17222933333333335,0.9889027174743051,0.04489895701408386,0.2349211871623993,0.19002223014831543,-0.013705164194107056,False,0.24008,0.9930340076943659,0.04959724843502045,0.2283128798007965,0.17871563136577606,-0.01840345561504364,False,0.342864,0.9846633401318333,0.041620537638664246,0.24523521959781647,0.20361468195915222,-0.010426744818687439,False,0.47618133333333335,0.9853321247451307,0.042073190212249756,0.24653339385986328,0.20446020364761353,-0.01087939739227295,False,0.539776,0.9883954312688783,0.626928,8,False,0.9951459152000914,0.9817183805209607,1.5813661000001957,-0.23513990168129284,-0.003036398011744379
1082250005,1140,"A woman wearing a pink shirt and red apron stands in her restaurant holding food and surrounded by bagged breads, a microwave and the chalkboard menu up on the wall.",149581,"A woman, wearing a yellow apron, is taking the lid off of a large pot.",7738684358,0.37803295254707336,0.3062514364719391,0.07178151607513428,0.9992375048373157,15,6.245004513516506e-17,1.111256400000002,0.0002563000002737681,0.00011480000011943048,0.9992657278273817,0.07215896248817444,0.36261069774627686,0.2904517352581024,-0.00037744641304016113,False,0.15041066666666666,0.9984608027625727,0.06474953889846802,0.35805147886276245,0.29330193996429443,0.00703197717666626,False,0.22823466666666667,0.9996282292933905,0.07896861433982849,0.3686632215976715,0.289694607257843,-0.007187098264694214,False,0.34964266666666666,0.9989258146287462,0.06835117936134338,0.3474951386451721,0.27914395928382874,0.0034303367137908936,False,0.408928,0.9502156122857468,0.029489874839782715,0.30479204654693604,0.2753021717071533,0.04229164123535156,False,0.5481013333333333,0.8591203719058463,0.8624586666666667,13,False,0.2750569566349708,0.9928863991829857,0.9992657278273817,0.07215896248817444,0.36261069774627686,0.2904517352581024,-0.00037744641304016113,False,0.15041066666666666,0.9996533761589682,0.07966923713684082,0.36770105361938477,0.28803181648254395,-0.007887721061706543,False,0.21160533333333334,0.9980870563332193,0.06257197260856628,0.34087157249450684,0.27829959988594055,0.009209543466567993,False,0.33995733333333333,0.9481298160257672,0.029057472944259644,0.3342816233634949,0.30522415041923523,0.042724043130874634,False,0.4026133333333333,0.9595923397495959,0.03167489171028137,0.3219231367111206,0.29024824500083923,0.040106624364852905,False,0.5288586666666667,0.7536326351706255,0.730816,11,False,0.2692833545313956,0.9852505227909063,1.9522689999998875,0.10548773673522083,0.00763587639207941
3612485097,75881,A black man leans over as a white man jumps on his back backwards.,147120,Two football players leap into the air as a player on the opposing team moves toward them.,7393977570,0.326941579580307,0.30853062868118286,0.018410950899124146,0.8630781703070557,14,5.876375774871434e-17,1.4588386000000355,0.00025439999990339857,0.00011420000009820797,0.6271986046644846,0.005202174186706543,0.2833077013492584,0.2781055271625519,0.013208776712417603,False,0.12476876876876877,0.25369717808857084,-0.0107899010181427,0.2664335072040558,0.2772234082221985,0.029200851917266846,True,0.2499039039039039,0.3370916820216863,-0.0067628175020217896,0.2237834632396698,0.2305462807416916,0.025173768401145935,True,0.32035435435435433,0.6284151747325989,0.005254238843917847,0.23141109943389893,0.22615686058998108,0.013156712055206299,False,0.4499039039039039,0.8262613307575833,0.01559358835220337,0.24624985456466675,0.23065626621246338,0.0028173625469207764,False,0.5124744744744745,0.47409145260954094,0.6289189189189189,9,False,0.332515993220452,0.5404105934838835,0.8870690742192798,0.020611464977264404,0.33449602127075195,0.31388455629348755,-0.002200514078140259,False,0.11192192192192192,0.9492212813168854,0.029281646013259888,0.29627755284309387,0.266995906829834,-0.010870695114135742,False,0.2996276276276276,0.9660018753157855,0.03346860408782959,0.2849678099155426,0.251499205827713,-0.015057653188705444,False,0.3602882882882883,0.9077220641378315,0.022861331701278687,0.267400860786438,0.2445395290851593,-0.004450380802154541,False,0.43073873873873875,0.787287626316086,0.013086527585983276,0.23634441196918488,0.2232578843832016,0.005324423313140869,False,0.5597657657657658,0.8902488580399933,0.43073873873873875,6,False,0.9077220641378315,0.8998830766575596,1.3586473000000296,-0.4161574054304524,-0.3594724831736761
2422589651,27975,A man wearing a baseball hat and jacket reads while sitting in an Italian restaurant.,119315,Three people sit at a table in front of an establishment displaying the words Bar Gleati Tabacchi.,4871230195,0.37951117753982544,0.35009703040122986,0.02941414713859558,0.949856151741678,14,5.204170427930421e-17,1.3051925999998275,0.00026070000012623495,0.00011150000000270666,0.9726027062645693,0.03569531440734863,0.3500937819480896,0.31439846754074097,-0.006281167268753052,False,0.14944144144144145,0.9070498622013987,0.022781342267990112,0.3125203847885132,0.28973904252052307,0.006632804870605469,False,0.27956756756756757,0.49068338236547465,-0.0003727078437805176,0.28921693563461304,0.28958964347839355,0.0297868549823761,True,0.36366366366366365,0.4019492225130912,-0.0039734989404678345,0.22853870689868927,0.2325122058391571,0.033387646079063416,True,0.4456936936936937,0.30987633546218313,-0.008006975054740906,0.2296309620141983,0.2376379370689392,0.03742112219333649,True,0.5127327327327328,0.4028638079039603,0.9136336336336336,13,False,0.006106036643691911,0.7512428706763027,0.9940905308455522,0.05125272274017334,0.33055686950683594,0.2793041467666626,-0.02183857560157776,False,0.15725525525525524,0.9497252571966837,0.029386699199676514,0.32311075925827026,0.29372406005859375,2.7447938919067383e-05,False,0.24135135135135136,0.8681570800708985,0.018847614526748657,0.3242127299308777,0.30536511540412903,0.010566532611846924,False,0.30013213213213213,0.0037367431096685883,-0.05585797131061554,0.21986322104930878,0.2757211923599243,0.08527211844921112,True,0.4085105105105105,0.0033352196334073703,-0.056998759508132935,0.21447840332984924,0.2714771628379822,0.08641290664672852,True,0.5245645645645646,0.33618052378126684,0.5245645645645646,8,False,0.0033352196334073703,0.6398972673721346,1.557867299999998,0.06668328412269348,0.1113456033041681
226481576,21839,A police woman smiling and wearing sunglasses and a hat.,4530,A security officer with a tiny face and big glasses leans on a metal gate looking into the camera.,129860826,0.3829415440559387,0.3354021906852722,0.047539353370666504,0.9914559157090338,14,2.0122792321330962e-16,1.1358764999999948,0.0002509000000827655,0.00010960000008708448,0.24785044010628923,-0.011101096868515015,0.3136526942253113,0.3247537910938263,0.05864045023918152,True,0.13573573573573575,0.29328154363074077,-0.008794993162155151,0.32574263215065,0.3345376253128052,0.056334346532821655,True,0.2492972972972973,0.3784054205784236,-0.004963219165802002,0.29463112354278564,0.29959434270858765,0.052502572536468506,True,0.33036036036036037,0.09137130479658959,-0.022970050573349,0.2717624306678772,0.2947324812412262,0.0705094039440155,True,0.4476096096096096,0.06830763073221433,-0.026129812002182007,0.2657748758792877,0.2919046878814697,0.07366916537284851,True,0.5373813813813814,0.15504284558785436,0.8894774774774775,12,False,0.01806945118360881,0.32894197436113953,0.24420459771992037,-0.011297643184661865,0.31612512469291687,0.32742276787757874,0.05883699655532837,True,0.12297297297297298,0.19941422977984208,-0.01389959454536438,0.3270193934440613,0.34091898798942566,0.061438947916030884,True,0.23653453453453455,0.08315937289639565,-0.024001747369766235,0.3066064417362213,0.33060818910598755,0.07154110074043274,True,0.31203003003003005,0.08534293985965036,-0.023718714714050293,0.31306353211402893,0.3367822468280792,0.0712580680847168,True,0.4292792792792793,0.14606845129144194,-0.017657756805419922,0.32072553038597107,0.338383287191391,0.06519711017608643,True,0.5176876876876877,0.11925939305852844,0.7273093093093093,10,False,0.0010235072417115667,0.25486351769726356,1.5648031999999148,0.035783452529325924,0.07407845666387597
1921102799,13450,"A young boy, playing soccer, is wearing a green jersey and black shorts and has his face buried in his hands.",28108,A young boy in a soccer uniform prepares to kick a soccer ball.,2424620984,0.3428003489971161,0.3416173458099365,0.0011830031871795654,0.52954063603103,15,6.591949208711867e-17,1.0784349999998994,0.0002443000003040652,0.0001164000000244414,0.4240874342579974,-0.00306016206741333,0.27358946204185486,0.2766496241092682,0.0042431652545928955,True,0.13812781954887218,0.46753364605355224,-0.0013004839420318604,0.2860874831676483,0.2873879671096802,0.0024834871292114258,True,0.20116541353383458,0.8520008874422108,0.017503812909126282,0.20723998546600342,0.18973617255687714,-0.016320809721946716,False,0.34058646616541355,0.8933951044154232,0.021258994936943054,0.20271219313144684,0.18145319819450378,-0.02007599174976349,False,0.4119624060150376,0.9001299512136051,0.021986693143844604,0.17249715328216553,0.15051046013832092,-0.02080368995666504,False,0.5613308270676691,0.7513839251068531,0.8676842105263158,13,False,0.8663446545137582,0.6808590900856885,0.5713102688838417,0.002871990203857422,0.3417840898036957,0.33891209959983826,-0.0016889870166778564,False,0.12590225563909774,0.5713511429719308,0.002873659133911133,0.34178394079208374,0.3389102816581726,-0.0016906559467315674,False,0.25715037593984963,0.5713511429719308,0.002873659133911133,0.34178394079208374,0.3389102816581726,-0.0016906559467315674,False,0.3169172932330827,0.6606379729300206,0.0066613852977752686,0.33247074484825134,0.3258093595504761,-0.005478382110595703,False,0.43478195488721805,0.673595958334258,0.0072449445724487305,0.3329841196537018,0.32573917508125305,-0.006061941385269165,False,0.5421428571428571,0.6273536856483667,0.39277443609022555,6,False,0.6606693754840904,0.5951568834652471,1.276658100000077,0.12403023945848646,0.08570220662044137
4095309334,88751,A woman in a flowered skirt walks along the dirt streets in her village.,93822,Woman standing barefoot near a small hut and filling a jug with liquid.,4359872414,0.33754634857177734,0.32136741280555725,0.016178935766220093,0.8345044233782586,13,3.382710778154774e-17,1.3164249000001291,0.0002601999999569671,0.00010729999985414906,0.5490063094912879,0.0019665658473968506,0.2897152006626129,0.28774863481521606,0.014212369918823242,False,0.15380588235294118,0.6251608931867407,0.005115121603012085,0.28011858463287354,0.27500346302986145,0.011063814163208008,False,0.22968823529411764,0.9722954219159151,0.03558062016963959,0.2619856894016266,0.226405069231987,-0.019401684403419495,False,0.36818235294117646,0.7466812552152101,0.010809898376464844,0.22690103948116302,0.21609114110469818,0.005369037389755249,False,0.46238235294117647,0.6626572031167931,0.006751582026481628,0.21090750396251678,0.20415592193603516,0.009427353739738464,False,0.5547529411764706,0.738478590726681,0.8796,11,False,0.758180484409899,0.7347757234191629,0.7782963108687682,0.012557655572891235,0.3111518323421478,0.2985941767692566,0.0036212801933288574,False,0.1797294117647059,0.8627379551413782,0.01838219165802002,0.2998354434967041,0.2814532518386841,-0.0022032558917999268,False,0.25561176470588237,0.8582636166645619,0.018009424209594727,0.2966960072517395,0.2786865830421448,-0.0018304884433746338,False,0.33506470588235293,0.837923584275017,0.016428589820861816,0.2972186803817749,0.2807900905609131,-0.00024965405464172363,False,0.4035764705882353,0.9354737274228853,0.026739805936813354,0.3071247637271881,0.28038495779037476,-0.010560870170593262,False,0.5228294117647059,0.8018220387141972,0.4035764705882353,5,False,0.837923584275017,0.8404495894819602,1.4232183999997687,-0.06334344798751623,-0.10567386606279738
3387661249,66381,"A black horse stands in the grass at a fence, while a brown dog looks on.",84441,Two children are in a grassy area near two horses.,388837010,0.35460972785949707,0.31139302253723145,0.043216705322265625,0.9868963025507677,15,4.85722573273506e-17,1.3151385999999547,0.0002855000002455199,0.00011210000002392917,0.9586251831188148,0.03142827749252319,0.32347068190574646,0.29204240441322327,0.011788427829742432,False,0.13153432835820897,0.8258493800771538,0.015564918518066406,0.2828531265258789,0.2672882080078125,0.02765178680419922,False,0.21107462686567163,0.6502893907612389,0.006203114986419678,0.24532702565193176,0.23912391066551208,0.03701359033584595,False,0.3475641791044776,0.5399459099028909,0.0016012489795684814,0.2456476092338562,0.24404636025428772,0.041615456342697144,False,0.41214925373134326,0.1484263345746702,-0.017469972372055054,0.2125452607870102,0.23001523315906525,0.06068667769432068,True,0.5497910447761194,0.4227085103033304,0.6556179104477612,9,False,0.039506713188959625,0.7011193187949517,0.8258493800771538,0.015564918518066406,0.2828531265258789,0.2672882080078125,0.02765178680419922,False,0.21107462686567163,0.8258493800771538,0.015564918518066406,0.2828531265258789,0.2672882080078125,0.02765178680419922,False,0.21107462686567163,0.8255933434766033,0.015547126531600952,0.2850738763809204,0.26952674984931946,0.027669578790664673,False,0.3358805970149254,0.7768396558813989,0.012473434209823608,0.2521790564060211,0.2397056221961975,0.030743271112442017,False,0.40146268656716416,0.48434660434157434,-0.0006263405084609985,0.23540928959846497,0.23603563010692596,0.043843045830726624,True,0.502089552238806,0.5329618278967904,0.5729970149253731,8,False,0.21101173452724103,0.8173189932176416,1.5893043000000944,-0.11025331759345997,-0.11619967442268986
3724738804,80450,Three girls wearing goggles are jumping into a swimming pool together.,131965,We see the backs of a young Asian girl with a green shirt and a red hat holding hands with a young Asian girl with a striped pink shirt and a pink hat by the pool.,5501939468,0.33629053831100464,0.3226686716079712,0.013621866703033447,0.7961148590989375,14,5.0306980803327406e-17,1.0616729999997006,0.0002629000000524684,0.00010990000009769574,0.03830275760204595,-0.03223177790641785,0.2808052599430084,0.31303703784942627,0.045853644609451294,True,0.10340104166666667,0.017162824586147325,-0.040476977825164795,0.27227887511253357,0.31275585293769836,0.05409884452819824,True,0.20818229166666666,0.00017431343978759555,-0.08654481172561646,0.23126369714736938,0.31780850887298584,0.1001666784286499,True,0.354765625,0.0020218644298325493,-0.06201711297035217,0.2050304114818573,0.2670475244522095,0.07563897967338562,True,0.445875,0.0014512891149533057,-0.06533850729465485,0.19796521961688995,0.2633037269115448,0.0789603739976883,True,0.5008229166666667,0.15631181579467726,0.7319895833333333,9,False,0.3651351657662428,0.09486753805611266,0.03830275760204595,-0.03223177790641785,0.2808052599430084,0.31303703784942627,0.045853644609451294,True,0.10340104166666667,0.00034979458015716434,-0.07957814633846283,0.2326257973909378,0.31220394372940063,0.09320001304149628,True,0.249984375,0.00017431343978759555,-0.08654481172561646,0.23126369714736938,0.31780850887298584,0.1001666784286499,True,0.354765625,0.0007796888551792903,-0.07155835628509521,0.2345268726348877,0.3060852289199829,0.08518022298812866,True,0.4080625,0.06570440101462025,-0.02654626965522766,0.21329206228256226,0.23983833193778992,0.04016813635826111,True,0.556828125,0.14431058559300441,0.6479375,8,False,0.23527588036933553,0.09153792286369634,1.6465438000000177,0.012001230201672847,0.003329615192416313
261627889,35850,Two people wearing all white are painting a brick wall.,13004,Three men work behind a short wall.,1874530310,0.3612198233604431,0.3366343080997467,0.02458551526069641,0.9211845625968116,9,5.551115123125783e-17,1.5651824999999917,0.00023739999960525893,0.00010149999980058055,0.9260027660500189,0.025268495082855225,0.33229103684425354,0.3070225417613983,-0.0006829798221588135,False,0.28979828326180257,0.9260027660500189,0.025268495082855225,0.33229103684425354,0.3070225417613983,-0.0006829798221588135,False,0.28979828326180257,0.9374986268809317,0.027080267667770386,0.3101235330104828,0.2830432653427124,-0.0024947524070739746,False,0.36710729613733906,0.9103435474590311,0.02317836880683899,0.3070748746395111,0.2838965058326721,0.0014071464538574219,False,0.46031330472103005,0.2640244497903222,-0.010251551866531372,0.25772592425346375,0.2679774761199951,0.03483706712722778,True,0.6532832618025751,0.644927017015868,1.0,9,False,0.3692013418291616,0.8252353676561165,0.9374986268809317,0.027080267667770386,0.3101235330104828,0.2830432653427124,-0.0024947524070739746,False,0.36710729613733906,0.9374986268809317,0.027080267667770386,0.3101235330104828,0.2830432653427124,-0.0024947524070739746,False,0.36710729613733906,0.9374986268809317,0.027080267667770386,0.3101235330104828,0.2830432653427124,-0.0024947524070739746,False,0.36710729613733906,0.916230549455739,0.023921996355056763,0.31753242015838623,0.29361042380332947,0.0006635189056396484,False,0.40245922746781115,0.24191460265531922,-0.011422112584114075,0.24220548570156097,0.25362759828567505,0.036007627844810486,True,0.5493175965665236,0.6079160638047101,0.5493175965665236,5,False,0.24191460265531922,0.835538839979333,1.6147822000002634,0.03701095321115788,-0.01030347232321649
4158826243,89915,A man and woman perform a martial arts demonstration with practice katanas in front of an audience in an outside park like environment.,60890,The girl with the red belt is kicking a pad that the person in black is holding.,3256456935,0.400308758020401,0.34831181168556213,0.05199694633483887,0.9945120347083147,11,1.5265566588595902e-16,1.0442649999999958,0.00025390000018887804,0.00010530000008657225,0.951611611141156,0.029788970947265625,0.35513463616371155,0.3253456652164459,0.022207975387573242,False,0.149616,0.7982974399210151,0.013756871223449707,0.3176283836364746,0.3038715124130249,0.03824007511138916,False,0.29040533333333335,0.5567079413144936,0.0022781193256378174,0.30303409695625305,0.30075597763061523,0.04971882700920105,False,0.355568,0.22401346301004182,-0.012424290180206299,0.26284515857696533,0.27526944875717163,0.06442123651504517,True,0.454864,0.03747710803168059,-0.03245827555656433,0.23968908190727234,0.27214735746383667,0.0844552218914032,True,0.5683466666666667,0.37535302261695486,0.9480693333333333,10,False,0.03566990599579167,0.6448816637321344,0.951611611141156,0.029788970947265625,0.35513463616371155,0.3253456652164459,0.022207975387573242,False,0.149616,0.7982974399210151,0.013756871223449707,0.3176283836364746,0.3038715124130249,0.03824007511138916,False,0.29040533333333335,0.6829770930884694,0.007674872875213623,0.30384212732315063,0.296167254447937,0.044322073459625244,False,0.342336,0.7553495805301236,0.011273503303527832,0.3001570403575897,0.2888835370540619,0.040723443031311035,False,0.45581866666666665,0.722530961733751,0.009570509195327759,0.29187294840812683,0.2823024392127991,0.04242643713951111,False,0.5407946666666666,0.5058230712390036,0.7550346666666666,8,False,0.0036066054468165513,0.83513477221676,1.5772203999999874,-0.13047004862204875,-0.19025310848462562
3274879561,61671,A deer is jumping over a fence.,69953,A brown dog jumps over an obstacle.,3474406285,0.342295378446579,0.3209126591682434,0.02138271927833557,0.8945677361969148,15,6.938893903907228e-17,1.0492770999999266,0.0002687000001060369,0.00011230000018258579,0.9910496163689855,0.04707068204879761,0.32218047976493835,0.27510979771614075,-0.025687962770462036,False,0.12592192192192192,0.9956059765083518,0.05423106253147125,0.303866446018219,0.24963538348674774,-0.03284834325313568,False,0.21221621621621622,0.9279620647115531,0.025557979941368103,0.27438005805015564,0.24882207810878754,-0.004175260663032532,False,0.3269069069069069,0.6724062264443065,0.007190883159637451,0.24364495277404785,0.2364540696144104,0.01419183611869812,False,0.45354954954954957,0.7391988498775873,0.010418087244033813,0.257002055644989,0.2465839684009552,0.010964632034301758,False,0.516972972972973,0.805284590724631,0.6587927927927928,10,False,0.6684605919692,0.8914360081832637,0.9629350209399133,0.03257313370704651,0.34439748525619507,0.31182435154914856,-0.011190414428710938,False,0.13195195195195195,0.9886830720823268,0.0447007417678833,0.33578750491142273,0.29108676314353943,-0.02331802248954773,False,0.26602402402402403,0.9373684036502079,0.027058064937591553,0.30874311923980713,0.2816850543022156,-0.0056753456592559814,False,0.3225045045045045,0.9205471563545856,0.024498045444488525,0.3047809302806854,0.2802828848361969,-0.003115326166152954,False,0.4761081081081081,0.5542280014909223,0.002177685499191284,0.3068128526210785,0.3046351671218872,0.019205033779144287,False,0.5425285285285285,0.6983811301643494,0.7327987987987988,11,False,0.3976173770956122,0.9205788890876686,1.5430569999998625,0.10690346056028155,-0.029142880904404866
7329031116,146760,"A British gentleman, dressed in full military uniform, waving his hat with a background of people sitting back and looking out onto the waterway.",51652,A man in uniform talks into a microphone to a group of people in various costumes.,3031792444,0.34582626819610596,0.3149626851081848,0.030863583087921143,0.9563265182806452,15,3.469446951953614e-17,1.5486532999998417,0.0002782000001388951,0.00011459999996077386,0.16778964616063413,-0.016013741493225098,0.28501003980636597,0.30102378129959106,0.04687732458114624,True,0.12162626262626262,0.15739106007570478,-0.01677769422531128,0.2729162573814392,0.2896939516067505,0.04764127731323242,True,0.21023232323232324,0.005582802683356762,-0.0518246591091156,0.22111165523529053,0.27293631434440613,0.08268824219703674,True,0.31524242424242427,0.02878609146117316,-0.03518654406070709,0.2008817046880722,0.2360682487487793,0.06605012714862823,True,0.43752525252525254,0.04268091304345237,-0.031103849411010742,0.19774799048900604,0.22885183990001678,0.061967432498931885,True,0.5052424242424243,0.15256326567318704,0.729010101010101,10,False,0.05721051823161307,0.1897022011545463,0.4986767799751204,-5.2928924560546875e-05,0.282938152551651,0.28299108147621155,0.03091651201248169,True,0.16783333333333333,0.6544944737048334,0.006388545036315918,0.28095149993896484,0.2745629549026489,0.024475038051605225,False,0.22280808080808082,0.9447512797200539,0.02839076519012451,0.2823512852191925,0.253960520029068,0.002472817897796631,False,0.3332171717171717,0.9520344389062028,0.029881179332733154,0.2793210446834564,0.24943986535072327,0.0009824037551879883,False,0.4009343434343434,0.963103034176846,0.03262031078338623,0.2861171066761017,0.25349679589271545,-0.0017567276954650879,False,0.5568484848484848,0.8490355611715144,0.3332171717171717,6,False,0.9447512797200539,0.8181818085326545,1.8790309999999408,-0.6964722954983273,-0.6284796073781083
5350403659,130250,"A man in a long gray gown and hat is standing with his hand on a mule that is wearing blankets and decorations on a stone street outside of a building, with a number of other people in the background.",121750,A man riding a vehicle pulled by a donkey in the run down area of town.,4915716087,0.34053537249565125,0.33000874519348145,0.0105266273021698,0.7412858885635185,12,5.377642775528102e-17,1.0048531000002185,0.00025959999993574456,0.00010620000011840602,0.18429689111119227,-0.014875024557113647,0.3309367597103119,0.34581178426742554,0.025401651859283447,True,0.12247619047619047,0.03101384613602066,-0.03441816568374634,0.27817440032958984,0.3125925660133362,0.04494479298591614,True,0.26245833333333335,0.0080584421539803,-0.04812943935394287,0.2607937157154083,0.3089231550693512,0.05865606665611267,True,0.33460119047619047,0.00539927349539295,-0.05216076970100403,0.2385663092136383,0.29072707891464233,0.06268739700317383,True,0.44607142857142856,0.002160588133012644,-0.061352118849754333,0.22183723747730255,0.2831893563270569,0.07187874615192413,True,0.5177202380952381,0.08988246775012554,0.8801488095238095,10,False,0.05673464993866672,0.1432840332035555,0.18429689111119227,-0.014875024557113647,0.3309367597103119,0.34581178426742554,0.025401651859283447,True,0.12247619047619047,0.03101384613602066,-0.03441816568374634,0.27817440032958984,0.3125925660133362,0.04494479298591614,True,0.26245833333333335,0.01718510899126363,-0.040463775396347046,0.2763586938381195,0.31682246923446655,0.050990402698516846,True,0.3341071428571429,0.009396104699454696,-0.04658019542694092,0.2530924379825592,0.2996726334095001,0.05710682272911072,True,0.40625,0.033142379213176296,-0.03373238444328308,0.24357938766479492,0.277311772108078,0.04425901174545288,True,0.5683392857142857,0.08692060022249737,0.6236845238095238,7,False,0.02260305215624695,0.13703749683525016,1.3549012999997103,0.0029618675276281703,0.006246536368305355
3512747808,71581,Two women are holding hands over a table and smiling at the camera.,3744,Two women have a seat in a busy metropolitan area.,1253095131,0.32328861951828003,0.29412880539894104,0.02915981411933899,0.9486308244228008,14,1.3183898417423734e-16,1.1900587000000087,0.0002476999998179963,0.00011210000002392917,0.5005722043400437,2.288818359375e-05,0.26673704385757446,0.2667141556739807,0.02913692593574524,False,0.1329880239520958,0.07362083902528128,-0.02532355487346649,0.2323954552412033,0.2577190101146698,0.05448336899280548,True,0.2935389221556886,0.04864738100913001,-0.02973286807537079,0.23067353665828705,0.26040640473365784,0.05889268219470978,True,0.3398502994011976,0.11753210476838441,-0.02016010880470276,0.2391994595527649,0.25935956835746765,0.04931992292404175,True,0.41307784431137723,0.11995032356685159,-0.019929006695747375,0.20553092658519745,0.22545993328094482,0.049088820815086365,True,0.5530119760479042,0.2276101840865521,0.6972574850299401,10,False,0.15859352581310177,0.30377016533079915,0.5005722043400437,2.288818359375e-05,0.26673704385757446,0.2667141556739807,0.02913692593574524,False,0.1329880239520958,0.3715604686503007,-0.005255281925201416,0.2633884847164154,0.2686437666416168,0.034415096044540405,True,0.2547724550898204,0.28739477285318116,-0.009080708026885986,0.2598305642604828,0.2689112722873688,0.038240522146224976,True,0.328,0.4964185671593785,-0.00014325976371765137,0.2690790295600891,0.26922228932380676,0.02930307388305664,True,0.41064670658682634,0.24525839189141072,-0.011240631341934204,0.25020158290863037,0.2614422142505646,0.04040044546127319,True,0.5020538922155688,0.40840314930402377,0.7270658682634731,10,False,0.3430387718267072,0.4778039819435216,1.4797044000001733,-0.18079296521747168,-0.17403381661272244
3286543624,62135,"An Asian girl makes a surprised face while wearing a shirt that says ""Radio""",119253,An asian girl is flashing the peace-sign.,4869914617,0.3291063606739044,0.2799482047557831,0.04915815591812134,0.992723596744808,15,6.114900252818245e-17,1.092667800000072,0.0002755000000433938,0.00011319999975967221,0.795796615923423,0.013602271676063538,0.22213071584701538,0.20852844417095184,0.0355558842420578,False,0.1604776119402985,0.08035114376815104,-0.024375855922698975,0.19572333991527557,0.22009919583797455,0.07353401184082031,True,0.2004358208955224,0.14959559351807888,-0.017377763986587524,0.17116186022758484,0.18853962421417236,0.06653591990470886,True,0.34042985074626864,0.14716941072639492,-0.01756976544857025,0.17321129143238068,0.19078105688095093,0.06672792136669159,True,0.403689552238806,0.2395200970607974,-0.011553123593330383,0.1807088553905487,0.1922619789838791,0.06071127951145172,True,0.5271522388059702,0.28957585211464487,0.654955223880597,10,False,0.14577391456109426,0.39906205305202913,0.7404740286826998,0.01048433780670166,0.28239649534225464,0.271912157535553,0.03867381811141968,False,0.1265373134328358,0.017276757462325664,-0.04040965437889099,0.1853049248456955,0.2257145792245865,0.08956781029701233,True,0.2702865671641791,0.01583913665487709,-0.041293054819107056,0.17663532495498657,0.21792837977409363,0.0904512107372284,True,0.33623880597014927,0.01977537508151522,-0.039033442735672,0.18265973031520844,0.22169317305088043,0.08819159865379333,True,0.40003582089552236,0.10832886713906531,-0.021079257130622864,0.18683680891990662,0.20791606605052948,0.0702374130487442,True,0.5223402985074627,0.21142495385314225,0.5846865671641791,9,False,0.14181833643601424,0.3334647656962613,1.4621895999998742,0.07815089826150262,0.06559728735576781
3688797852,78870,Two smiling men dressed in provocative leather outfits walk in a parade.,53459,Two men wearing black wife beater's playing the drums.,3083847439,0.39086002111434937,0.30277273058891296,0.0880872905254364,0.9998505992797647,14,2.0816681711721685e-16,1.201775600000019,0.00024210000037783175,0.00011150000000270666,0.9990355383116386,0.06942975521087646,0.351837694644928,0.2824079394340515,0.018657535314559937,False,0.16941040462427745,0.9983113579380222,0.06382140517234802,0.3313348889350891,0.2675134837627411,0.02426588535308838,False,0.2443121387283237,0.9827682182053645,0.04043617844581604,0.2954959571361542,0.25505977869033813,0.04765111207962036,False,0.3510462427745665,0.9022439496374977,0.022224098443984985,0.27945366501808167,0.2572295665740967,0.06586319208145142,False,0.4675375722543353,0.6992171164188137,0.008435726165771484,0.25508826971054077,0.2466525435447693,0.07965156435966492,False,0.5382080924855491,0.5936177755477491,0.9084566473988439,13,False,0.0037528371878240443,0.9591543528501838,0.9974647876974818,0.05974939465522766,0.3464549481868744,0.28670555353164673,0.02833789587020874,False,0.13769364161849712,0.9760156419101357,0.03706076741218567,0.32414156198501587,0.2870807945728302,0.05102652311325073,False,0.2038092485549133,0.9479271070654804,0.02901633083820343,0.2569178342819214,0.22790150344371796,0.05907095968723297,False,0.37117919075144507,0.9295604697717106,0.025799572467803955,0.2554091513156891,0.22960957884788513,0.062287718057632446,False,0.40921387283236993,0.6439792054734541,0.005926772952079773,0.22935998439788818,0.2234332114458084,0.08216051757335663,False,0.5257052023121387,0.5383717718575012,0.7251098265895953,10,False,0.02313587612804119,0.9341918623727578,1.8023248999998032,0.0552460036902479,0.024962490477426047
5615068475,132991,A woman in a dark tank top and cuffed jeans is smiling while sitting on top of a large rock or boulder outdoors.,90143,Young woman climbing rock face,416992999,0.40913793444633484,0.3128427565097809,0.09629517793655396,0.9999342455724655,14,4.5102810375396984e-17,1.2259365999998408,0.0002546000000620552,0.00011140000015075202,0.9964896415460776,0.05648520588874817,0.30754244327545166,0.2510572373867035,0.039809972047805786,False,0.144608,0.8728042455045646,0.01925984025001526,0.2984754145145416,0.27921557426452637,0.0770353376865387,False,0.23756266666666667,0.10615938220331335,-0.021305859088897705,0.2194756418466568,0.2407815009355545,0.11760103702545166,True,0.34013333333333334,0.09070040712885558,-0.023051127791404724,0.21462947130203247,0.2376805990934372,0.11934630572795868,True,0.411856,0.05399895470135609,-0.028632789850234985,0.21320363879203796,0.24183642864227295,0.12492796778678894,True,0.5376586666666666,0.3066647906356074,0.889744,12,False,0.010779888997291164,0.5535057082788872,0.9958819772471014,0.054882556200027466,0.3631928861141205,0.308310329914093,0.04141262173652649,False,0.10257066666666667,0.24865940932847372,-0.011057749390602112,0.24783848226070404,0.25889623165130615,0.10735292732715607,True,0.2595733333333333,0.10615938220331335,-0.021305859088897705,0.2194756418466568,0.2407815009355545,0.11760103702545166,True,0.34013333333333334,0.08325064905012872,-0.023989781737327576,0.21158240735530853,0.2355721890926361,0.12028495967388153,True,0.475936,0.041417923994096675,-0.03141741454601288,0.19688823819160461,0.2283056527376175,0.12771259248256683,True,0.54176,0.2532054361939911,0.754064,10,False,0.013731748946901065,0.42696146847648925,1.8486445999997159,0.053459354441616314,0.12654423980239798
477204750,112972,A light brown dog is chasing after a ball.,74160,A German Shepherd is running with a stick in its mouth.,3571193625,0.3479756712913513,0.34205108880996704,0.005924582481384277,0.6439289829706336,14,2.862293735361732e-17,1.2370777999999518,0.0002490000001671433,0.00010649999967426993,0.9875566206922929,0.04374045133590698,0.35102808475494385,0.30728763341903687,-0.037815868854522705,False,0.10397597597597598,0.983548257681181,0.0409073531627655,0.3261144757270813,0.2852071225643158,-0.034982770681381226,False,0.2502042042042042,0.9757256080320632,0.036937594413757324,0.29883456230163574,0.2618969678878784,-0.031013011932373047,False,0.3371171171171171,0.9637262449010466,0.03279712796211243,0.25134730339050293,0.2185501754283905,-0.02687254548072815,False,0.4613933933933934,0.9754268338832559,0.036812201142311096,0.2667373716831207,0.22992517054080963,-0.03088761866092682,False,0.5313153153153153,0.9619058304856659,0.7133273273273273,10,False,0.9801906855745903,0.9455494847576792,0.8414390818015168,0.01668974757194519,0.3432881832122803,0.3265984356403351,-0.010765165090560913,False,0.14821021021021022,0.9204350452850178,0.02448272705078125,0.3381699323654175,0.31368720531463623,-0.018558144569396973,False,0.23314114114114115,0.980328400491685,0.039087116718292236,0.32948189973831177,0.29039478302001953,-0.03316253423690796,False,0.3165705705705706,0.9882568467559045,0.044326722621917725,0.33248385787010193,0.2881571352481842,-0.03840214014053345,False,0.4201201201201201,0.9840345659809484,0.04121235013008118,0.34129348397254944,0.30008113384246826,-0.0352877676486969,False,0.5549069069069069,0.9434043482068557,0.3574174174174174,5,False,0.9881760912116385,0.8992939698417253,1.3685915000000932,0.01850148227881021,0.04625551491595392
583865081,134990,An Asian man walking down an alley talking on his cellphone with brightly colored fabric behind him.,83158,A man is walking down a narrow street.,3827298104,0.3763684630393982,0.3499695956707001,0.02639886736869812,0.9333849223512823,11,5.551115123125783e-17,1.1904037999997854,0.00024290000010296353,0.00011169999970661593,0.3406842160647791,-0.006602466106414795,0.3238111138343811,0.3304135799407959,0.033001333475112915,True,0.1864864864864865,0.44482164220191933,-0.002216160297393799,0.2708144783973694,0.2730306386947632,0.02861502766609192,True,0.2635615615615616,0.016014130596437023,-0.041181400418281555,0.19056427478790283,0.2317456752061844,0.06758026778697968,True,0.48296096096096097,0.016014130596437023,-0.041181400418281555,0.19056427478790283,0.2317456752061844,0.06758026778697968,True,0.48296096096096097,0.0012264670827861965,-0.06702390313148499,0.16074763238430023,0.22777153551578522,0.0934227705001831,True,0.5607567567567567,0.1841309886950423,0.7807567567567567,8,False,0.00019416892844761148,0.35718511914946655,0.7583670324221234,0.011437475681304932,0.34907349944114685,0.3376360237598419,0.014961391687393188,False,0.11772372372372372,0.32399668576719415,-0.007354646921157837,0.32497650384902954,0.3323311507701874,0.03375351428985596,True,0.33712312312312315,0.32399668576719415,-0.007354646921157837,0.32497650384902954,0.3323311507701874,0.03375351428985596,True,0.33712312312312315,0.11462756224380012,-0.020443201065063477,0.2656470239162445,0.286090224981308,0.0468420684337616,True,0.40588588588588587,0.0012264670827861965,-0.06702390313148499,0.16074763238430023,0.22777153551578522,0.0934227705001831,True,0.5607567567567567,0.23960822241650312,0.8581021021021021,9,False,0.0025178066451004913,0.4322129988789416,1.2961970999999721,-0.05547723372146082,-0.07502787972947506
3107059919,54625,"A little girl barefoot, wearing a white shirt and brown skirt runs along the sandy shoreline.",98123,A young girl fully dresses running on the beach towards the water.,449236667,0.36730483174324036,0.3603912591934204,0.006913572549819946,0.6662687868374699,14,3.371868756429919e-17,1.1310224000003473,0.0002417000000605185,0.0001111999999920954,0.8063349258530531,0.014263689517974854,0.3236423432826996,0.30937865376472473,-0.007350116968154907,False,0.129488,0.7789230519072238,0.012594014406204224,0.3062514066696167,0.2936573922634125,-0.005680441856384277,False,0.216384,0.2470218950639626,-0.011145591735839844,0.25898173451423645,0.2701273262500763,0.01805916428565979,True,0.33143466666666666,0.3269133731803975,-0.007221788167953491,0.26300960779190063,0.2702313959598541,0.014135360717773438,True,0.426464,0.239173116871503,-0.011572182178497314,0.26741504669189453,0.27898722887039185,0.01848575472831726,True,0.5139466666666667,0.6059970301622996,0.8209706666666666,11,False,0.6567768408113359,0.5355966039227061,0.8063349258530531,0.014263689517974854,0.3236423432826996,0.30937865376472473,-0.007350116968154907,False,0.129488,0.6820238970163958,0.007630884647369385,0.3188225030899048,0.3111916184425354,-0.0007173120975494385,False,0.204336,0.5755696959823584,0.0030461251735687256,0.32415473461151123,0.3211086094379425,0.0038674473762512207,False,0.3143413333333333,0.8006642637514602,0.01390451192855835,0.35052090883255005,0.3366163969039917,-0.006990939378738403,False,0.4264,0.6640837349094337,0.006815463304519653,0.32999756932258606,0.3231821060180664,9.810924530029297e-05,False,0.5494666666666667,0.6372639672690242,0.4821973333333333,7,False,0.6041486956601179,0.7051454040612606,1.649903400000312,-0.03126693710672468,-0.16954880013855445
4692834620,107985,"A man in a red suit is dancing with a woman in a red skirt, in the street.",73982,Two girls in puffy skirts are dancing in front of some musicians in the street.,3565598162,0.3353428542613983,0.30938035249710083,0.025962501764297485,0.9306198571325223,14,2.0816681711721685e-17,1.1136968999999226,0.0002677000002222485,0.00011300000005576294,0.993036872685769,0.049601390957832336,0.2944340705871582,0.24483267962932587,-0.02363888919353485,False,0.22412145748987855,0.993036872685769,0.049601390957832336,0.2944340705871582,0.24483267962932587,-0.02363888919353485,False,0.22412145748987855,0.670793212814188,0.007117748260498047,0.2486240267753601,0.24150627851486206,0.01884475350379944,False,0.3202753036437247,0.02049281954423954,-0.03866975009441376,0.22347910702228546,0.2621488571166992,0.06463225185871124,True,0.47521457489878544,0.011000793426068049,-0.044987261295318604,0.20590734481811523,0.25089460611343384,0.07094976305961609,True,0.522331983805668,0.37125030787828345,0.7836761133603238,9,False,0.05352721617277005,0.6697920913142961,0.9389879505247509,0.027337312698364258,0.32759416103363037,0.3002568483352661,-0.0013748109340667725,False,0.12476113360323887,0.6206302326807716,0.004922240972518921,0.30151140689849854,0.2965891659259796,0.021040260791778564,False,0.22091497975708502,0.0112536803607947,-0.0447574257850647,0.254844069480896,0.2996014952659607,0.07071992754936218,True,0.37585425101214576,0.0066864069377835355,-0.050009697675704956,0.2614041268825531,0.31141382455825806,0.07597219944000244,True,0.41782186234817814,0.03556589937139345,-0.03300154209136963,0.2510843873023987,0.2840859293937683,0.058964043855667114,True,0.5242105263157895,0.2507081226176547,0.6242267206477733,7,False,0.014005041948010631,0.46390653558127914,1.2509546999999657,0.12054218526062876,0.20588555573301692
4528578001,99649,A woman holding a cookie and coffee,92920,A lady with a white tank top holds a blue yard style cocktail cup with her black tank topped phone holding a phone.,43244430,0.34167563915252686,0.31269577145576477,0.028979867696762085,0.9477468259842133,11,3.209238430557093e-17,1.0785188999998354,0.0002368999998907384,0.00010490000022400636,0.07237485016163307,-0.025507688522338867,0.3113992214202881,0.33690690994262695,0.05448755621910095,True,0.13699703264094956,0.05836543339944058,-0.027808934450149536,0.22261548042297363,0.25042441487312317,0.05678880214691162,True,0.23064094955489614,0.12449339002150607,-0.01950550079345703,0.22139623761177063,0.24090173840522766,0.048485368490219116,True,0.30209495548961424,0.1174934721921432,-0.02016383409500122,0.20863492786884308,0.2287987619638443,0.049143701791763306,True,0.4719109792284866,0.12399207141994736,-0.019551575183868408,0.20557990670204163,0.22513148188591003,0.04853144288063049,True,0.5619821958456973,0.39492873503743814,0.8205044510385757,9,False,0.6128473920778946,0.2027704929099582,0.07237485016163307,-0.025507688522338867,0.3113992214202881,0.33690690994262695,0.05448755621910095,True,0.13699703264094956,0.31893730022239797,-0.0075865983963012695,0.28889021277427673,0.296476811170578,0.036566466093063354,True,0.21383976261127596,0.3360472472173761,-0.006809592247009277,0.2902770936489105,0.2970866858959198,0.03578945994377136,True,0.30391097922848664,0.11005349177385162,-0.02090194821357727,0.2607952058315277,0.281697154045105,0.049881815910339355,True,0.503893175074184,0.11005349177385162,-0.02090194821357727,0.2607952058315277,0.281697154045105,0.049881815910339355,True,0.503893175074184,0.21079139189062107,0.39688427299703266,4,False,0.12432295455980959,0.31557343163971935,1.1033171999997649,0.18413734314681707,-0.11280293872976116
4983587808,125942,A woman working on her computer in front of a bright yellow wall.,100080,A woman in a yellow and red outfit is squinting at a computer screen while holding a mouse.,4541692312,0.37022191286087036,0.3386651873588562,0.03155672550201416,0.9591316551418166,12,6.591949208711867e-17,1.0316600000001017,0.0002469000000928645,0.00011169999970661593,0.9945388726241882,0.052046239376068115,0.3566775619983673,0.3046313226222992,-0.020489513874053955,False,0.20735329341317366,0.9945388726241882,0.052046239376068115,0.3566775619983673,0.3046313226222992,-0.020489513874053955,False,0.20735329341317366,0.9919603796053685,0.04815301299095154,0.36158162355422974,0.3134286105632782,-0.016596287488937378,False,0.3774550898203593,0.9769917535149479,0.037486255168914795,0.33873307704925537,0.3012468218803406,-0.005929529666900635,False,0.46097005988023954,0.9611656974483943,0.03208842873573303,0.3258470892906189,0.29375866055488586,-0.0005317032337188721,False,0.5181976047904192,0.845830526598644,0.9633293413173653,11,False,0.26782128859555704,0.982598212673199,0.9811128454288269,0.03950205445289612,0.3570035696029663,0.3175015151500702,-0.007945328950881958,False,0.20825748502994013,0.9811128454288269,0.03950205445289612,0.3570035696029663,0.3175015151500702,-0.007945328950881958,False,0.20825748502994013,0.9919603796053685,0.04815301299095154,0.36158162355422974,0.3134286105632782,-0.016596287488937378,False,0.3774550898203593,0.9799636236068909,0.03889966011047363,0.35174983739852905,0.3128501772880554,-0.007342934608459473,False,0.4346826347305389,0.8783905681478139,0.019772768020629883,0.27299007773399353,0.25321730971336365,0.011783957481384277,False,0.6248922155688623,0.906315075319262,0.6896047904191617,8,False,0.7963515472228945,0.9635540458795309,1.40750319999961,-0.06048454872061804,0.01904416679366816
3182490771,57574,A man in a pink shirt sitting next to a small building.,114781,A man sitting on a chair with a house in the background.,4805425261,0.3376448154449463,0.3091088533401489,0.028535962104797363,0.9455042780503267,11,5.551115123125783e-17,1.47593710000001,0.0002434999996694387,0.00010609999981170404,0.8832455262660265,0.020235300064086914,0.26343321800231934,0.24319791793823242,0.00830066204071045,False,0.287216,0.8832455262660265,0.020235300064086914,0.26343321800231934,0.24319791793823242,0.00830066204071045,False,0.287216,0.9297250866493525,0.025824740529060364,0.2685512900352478,0.24272654950618744,0.0027112215757369995,False,0.3660426666666667,0.8561792325045813,0.01783911883831024,0.2485831379890442,0.23074401915073395,0.010696843266487122,False,0.443696,0.27360518992993443,-0.00976407527923584,0.22167541086673737,0.2314394861459732,0.0383000373840332,True,0.5179093333333333,0.5148962735279796,0.8469493333333333,9,False,0.09725645213144427,0.8598832536752659,0.8832455262660265,0.020235300064086914,0.26343321800231934,0.24319791793823242,0.00830066204071045,False,0.287216,0.8832455262660265,0.020235300064086914,0.26343321800231934,0.24319791793823242,0.00830066204071045,False,0.287216,0.4080117597141534,-0.0037219077348709106,0.22583861649036407,0.22956052422523499,0.032257869839668274,True,0.3614293333333333,0.44106215591953885,-0.002368524670600891,0.22760458290576935,0.22997310757637024,0.030904486775398254,True,0.4253226666666667,0.31010677800832165,-0.007996201515197754,0.2355133295059204,0.24350953102111816,0.03653216361999512,True,0.5041493333333333,0.41815354733343035,0.761056,8,False,0.08172089946846019,0.728491508859852,1.745455199999924,0.09674272619454927,0.13139174481541382
3525403875,72170,"The two dogs, one with a tennis ball in its mouth, are running through tall grass.",44703,Two dogs play catch with a ball in a field.,2854959952,0.35344043374061584,0.3494546711444855,0.003985762596130371,0.59834554317378,14,4.163336342344337e-17,1.175885499999822,0.0002476999998179963,0.00011369999992894009,0.9734348111627096,0.03601229190826416,0.3214811682701111,0.2854688763618469,-0.03202652931213379,False,0.15954666666666667,0.9742014478169826,0.036312997341156006,0.3259475827217102,0.2896345853805542,-0.032327234745025635,False,0.2208,0.9405327794898662,0.027610212564468384,0.3193422853946686,0.2917320728302002,-0.023624449968338013,False,0.316432,0.9393807371047015,0.027406081557273865,0.2670572102069855,0.2396511286497116,-0.023420318961143494,False,0.4582773333333333,0.9450345630545116,0.02844516932964325,0.27591410279273987,0.24746893346309662,-0.02445940673351288,False,0.544256,0.9506440597419181,0.7505546666666667,10,False,0.9809088205774308,0.9020184134202177,0.8330443196658708,0.01607358455657959,0.3462185263633728,0.3301449418067932,-0.012087821960449219,False,0.152432,0.8119872936615218,0.014629751443862915,0.3443330228328705,0.32970327138900757,-0.010643988847732544,False,0.20877866666666667,0.8894947292397493,0.02085590362548828,0.3402915596961975,0.31943565607070923,-0.01687014102935791,False,0.3752373333333333,0.8827488888269499,0.02018722891807556,0.3473338484764099,0.32714661955833435,-0.01620146632194519,False,0.464448,0.8762715089140577,0.01957586407661438,0.35135239362716675,0.33177652955055237,-0.015590101480484009,False,0.56008,0.8467013329415479,0.6424906666666667,8,False,0.8704443062021742,0.8216949094543219,1.6134157999999843,0.1039427268003702,0.08032350396589583
3490867290,70670,An Indian boy looks at a black cow whilst a woman in a blue and green sari looks away.,93824,A woman is processing plant fluid in a tribal village,4359872414,0.3548009395599365,0.28665781021118164,0.06814312934875488,0.9989032568677749,11,9.020562075079397e-17,1.0751199999999699,0.0002552000000832777,0.00010680000013962854,0.9995515312705067,0.0770922303199768,0.35198697447776794,0.27489474415779114,-0.008949100971221924,False,0.1099820895522388,0.528714200765036,0.0011498332023620605,0.29258501529693604,0.291435182094574,0.06699329614639282,False,0.20755223880597015,0.34180302432087206,-0.006552696228027344,0.269197940826416,0.27575063705444336,0.07469582557678223,True,0.3326865671641791,0.01923986377220607,-0.039313435554504395,0.21452268958091736,0.25383612513542175,0.10745656490325928,True,0.4928597014925373,0.023468839089426475,-0.03728333115577698,0.2215624749660492,0.25884580612182617,0.10542646050453186,True,0.5654089552238806,0.30529073958759717,0.9518746268656716,10,False,0.137997066844422,0.4764399183017162,0.9058634369485598,0.022641420364379883,0.2947489023208618,0.27210748195648193,0.045501708984375,False,0.2222268656716418,0.9058634369485598,0.022641420364379883,0.2947489023208618,0.27210748195648193,0.045501708984375,False,0.2222268656716418,0.0758353685213046,-0.025003254413604736,0.2709043025970459,0.29590755701065063,0.09314638376235962,True,0.3322089552238806,0.04555178166538128,-0.030422836542129517,0.2628662884235382,0.2932891249656677,0.0985659658908844,True,0.4082388059701493,0.0048431560408008535,-0.05325333774089813,0.19258327782154083,0.24583661556243896,0.12139646708965302,True,0.5775164179104477,0.2667241661046335,0.6500656716417911,7,False,0.026673219012317985,0.47532795842020287,1.2948578999998972,0.03856657348296366,0.001111959881513358
3240570205,60150,"One young boy in a yellow long-sleeved shirt and jeans sitting down, with five adults in front of him, one operating a video camera.",113067,A woman is standing and talking to a group of children.,4773842539,0.3194461762905121,0.31322747468948364,0.006218701601028442,0.6506437677097429,10,9.71445146547012e-17,1.3486000000002605,0.00023370000008071656,0.00010580000025584013,0.05516866304057767,-0.028406113386154175,0.2425088882446289,0.2709150016307831,0.03462481498718262,True,0.20048048048048048,0.05516866304057767,-0.028406113386154175,0.2425088882446289,0.2709150016307831,0.03462481498718262,True,0.20048048048048048,0.02284175884873595,-0.03756058216094971,0.24485564231872559,0.2824162244796753,0.04377928376197815,True,0.36482882882882883,0.024274180207131683,-0.03693768382072449,0.24330025911331177,0.28023794293403625,0.04315638542175293,True,0.4352792792792793,0.11037658994832789,-0.020869001746177673,0.15318137407302856,0.17405037581920624,0.027087703347206116,True,0.5344144144144144,0.1253338378539514,0.8346126126126127,8,False,0.19028920446211706,0.15997927455796931,0.05516866304057767,-0.028406113386154175,0.2425088882446289,0.2709150016307831,0.03462481498718262,True,0.20048048048048048,0.05516866304057767,-0.028406113386154175,0.2425088882446289,0.2709150016307831,0.03462481498718262,True,0.20048048048048048,0.016043390419131064,-0.041162848472595215,0.21816295385360718,0.2593258023262024,0.04738155007362366,True,0.3822402402402402,0.024051458354311363,-0.03703214228153229,0.2254038006067276,0.2624359428882599,0.04325084388256073,True,0.5465885885885886,0.024051458354311363,-0.03703214228153229,0.2254038006067276,0.2624359428882599,0.04325084388256073,True,0.5465885885885886,0.059193193529024385,0.3822402402402402,4,False,0.016043390419131064,0.14730880456521664,1.0574255000001358,0.06614064432492703,0.012670469992752675
4031513473,87341,A few men stand in the background of fruit market illuminated by red light.,92132,A group of asian sitting and eating in the middle of a market.,4284980126,0.32129794359207153,0.3134802579879761,0.007817685604095459,0.6860611539704905,13,3.0357660829594124e-17,1.1362653999999566,0.0002598000000944012,0.00011480000011943048,0.22951529126485287,-0.012110501527786255,0.271653413772583,0.28376391530036926,0.019928187131881714,True,0.12785889570552147,0.5840427830240997,0.00339391827583313,0.26192834973335266,0.25853443145751953,0.004423767328262329,False,0.2501901840490798,0.5403552701848142,0.001617729663848877,0.266571581363678,0.2649538516998291,0.006199955940246582,False,0.32441717791411046,0.9603365325841995,0.03186853229999542,0.2526683211326599,0.2207997888326645,-0.024050846695899963,False,0.40895092024539875,0.9894485501908926,0.04540884494781494,0.2666742205619812,0.22126537561416626,-0.03759115934371948,False,0.5536196319018405,0.760195284353044,0.6731656441717792,10,False,0.9963756318213197,0.6403140687584211,0.13752695148461905,-0.018359839916229248,0.2838757038116455,0.30223554372787476,0.026177525520324707,True,0.14342331288343557,0.24078749670413835,-0.01148366928100586,0.2563454508781433,0.26782912015914917,0.01930135488510132,True,0.22795705521472392,0.9035712797151556,0.02237550914287567,0.25300008058547974,0.23062457144260406,-0.014557823538780212,False,0.3502883435582822,0.9094203268432849,0.023065775632858276,0.24296945333480835,0.21990367770195007,-0.015248090028762817,False,0.40193865030674847,0.9884052560595359,0.04445540904998779,0.24952471256256104,0.20506930351257324,-0.036637723445892334,False,0.5284969325153375,0.8227275380318284,0.5284969325153375,8,False,0.9884052560595359,0.5902778559291948,1.2716568000000734,-0.06253225367878446,0.05003621282922632
2064792226,15436,A girl is taking a picture of a girl and guy on a colorfully decorated pink bike.,8230,"In foreground, a woman in pink jeans is helping a child in a heart t-shirt to skate, while cyclists and others walk in background with palm trees.",146906547,0.3684517741203308,0.32569536566734314,0.04275640845298767,0.9862875105037627,13,5.377642775528102e-17,1.013003900000058,0.0002586999999039108,0.0001094999997803825,0.9807502924488574,0.03930822014808655,0.33785444498062134,0.2985462248325348,0.003448188304901123,False,0.1297409638554217,0.5790589953135046,0.0031891167163848877,0.32018783688545227,0.3169987201690674,0.03956729173660278,False,0.21662048192771086,0.9451702472333765,0.028471320867538452,0.32066211104393005,0.2921907901763916,0.014285087585449219,False,0.36716867469879516,0.9600799277075268,0.03180137276649475,0.3115518391132355,0.2797504663467407,0.01095503568649292,False,0.4197650602409639,0.9722884368207767,0.03557802736759186,0.2829853296279907,0.24740730226039886,0.007178381085395813,False,0.5743072289156627,0.8935516726550683,0.7599397590361445,10,False,0.8100361495350444,0.887184103486687,0.953628742402926,0.03023594617843628,0.33910781145095825,0.308871865272522,0.012520462274551392,False,0.10518072289156627,0.665235553311817,0.006867140531539917,0.31205224990844727,0.30518510937690735,0.035889267921447754,False,0.267433734939759,0.5189459467748471,0.0007582008838653564,0.30124348402023315,0.3004852831363678,0.041998207569122314,False,0.31093975903614457,0.7166801672730415,0.009280532598495483,0.31065723299980164,0.30137670040130615,0.03347587585449219,False,0.43922289156626504,0.0532957771143568,-0.0287712961435318,0.24282507598400116,0.27159637212753296,0.07152770459651947,True,0.5689638554216867,0.7153762721503375,0.43922289156626504,7,False,0.7166801672730415,0.6824983987118772,1.2914820999999392,0.1781754005047308,0.20468570477480974
4539608494,100028,A man with a top hat is playing guitar on the sidewalk.,26637,"A man wearing leather pants, a leather vest and a cowboy hat is standing here.",2391094555,0.3437221348285675,0.32968828082084656,0.014033854007720947,0.8027205510075611,12,1.3877787807814457e-16,1.0682698999999047,0.00024970000004032045,0.00010830000019268482,0.07718319572835987,-0.0248124897480011,0.23111939430236816,0.25593188405036926,0.038846343755722046,True,0.19020481927710844,0.045858874509115695,-0.030352428555488586,0.21737885475158691,0.2477312833070755,0.044386282563209534,True,0.2596626506024096,0.01896021740424095,-0.039462700486183167,0.19796577095985413,0.2374284714460373,0.053496554493904114,True,0.3854156626506024,0.009797167657243535,-0.046158164739608765,0.14821626245975494,0.1943744271993637,0.06019201874732971,True,0.5356927710843373,0.009797167657243535,-0.046158164739608765,0.14821626245975494,0.1943744271993637,0.06019201874732971,True,0.5356927710843373,0.06964721726229235,0.6054518072289157,6,False,0.015497457103599776,0.17582927321176936,0.023632840327313668,-0.03721201419830322,0.23019006848335266,0.2674020826816559,0.05124586820602417,True,0.22224698795180722,0.023632840327313668,-0.03721201419830322,0.23019006848335266,0.2674020826816559,0.05124586820602417,True,0.22224698795180722,0.01896021740424095,-0.039462700486183167,0.19796577095985413,0.2374284714460373,0.053496554493904114,True,0.3854156626506024,0.010551885413616869,-0.045408427715301514,0.19280725717544556,0.23821568489074707,0.05944228172302246,True,0.45517469879518074,0.0026420542719979337,-0.059335529804229736,0.17635703086853027,0.23569256067276,0.07336938381195068,True,0.5022469879518072,0.059233907972282784,0.5022469879518072,6,False,0.0026420542719979337,0.19241948126832795,1.0762246999997842,0.010413309290009568,-0.016590208056558586
3692072577,79045,A woman in a black shirt is holding the hand of a gentleman in a suit and striped tie and laying her head on his shoulder while smiling.,71581,Two women are holding hands over a table and smiling at the camera.,3512747808,0.3244211971759796,0.2976257801055908,0.026795417070388794,0.9358085990381328,15,4.85722573273506e-17,1.1203605000000607,0.00027619999991657096,0.00011139999969600467,0.650070447840191,0.006193488836288452,0.26119473576545715,0.2550012469291687,0.020601928234100342,False,0.12143543543543543,0.5737197927340861,0.0029704421758651733,0.25030699372291565,0.24733655154705048,0.02382497489452362,False,0.20245645645645646,0.40151623154242244,-0.003991514444351196,0.22026701271533966,0.22425852715969086,0.03078693151473999,True,0.3228228228228228,0.6145998990269764,0.0046668946743011475,0.21505381166934967,0.21038691699504852,0.022128522396087646,False,0.4044924924924925,0.42601929533576244,-0.0029811114072799683,0.17875337600708008,0.18173448741436005,0.029776528477668762,True,0.5221021021021021,0.4211640924894956,0.7716996996996996,12,False,0.04838193942802499,0.58847967424479,0.9116013442789248,0.023333460092544556,0.31122273206710815,0.2878892719745636,0.0034619569778442383,False,0.10452252252252252,0.8189017430935723,0.015089243650436401,0.27605998516082764,0.26097074151039124,0.011706173419952393,False,0.25075675675675674,0.3844944529874243,-0.004705145955085754,0.24496430158615112,0.24966944754123688,0.03150056302547455,True,0.32585585585585586,0.4517519966604365,-0.0019359439611434937,0.24275633692741394,0.24469228088855743,0.028731361031532288,True,0.4445165165165165,0.10170367877824874,-0.02178436517715454,0.20823723077774048,0.23002159595489502,0.048579782247543335,True,0.5176816816816817,0.3463318098140414,0.5906846846846847,9,False,0.010864512942241092,0.6531542137189129,1.5909584000000905,0.07483228267545422,-0.06467453947412294
2391094555,26635,A man dressed in black leather and a cowboy hat is walking around a Renaissance Festival.,122608,A cowboy-looking fellow slings a lasso.,4931319718,0.39893269538879395,0.29874396324157715,0.1001887321472168,0.9999554508625154,13,3.2959746043559335e-17,1.063241299999845,0.0002567999999882886,0.00010789999987537158,0.9967112044723369,0.05713939666748047,0.315974622964859,0.25883522629737854,0.04304933547973633,False,0.22064533333333333,0.9967112044723369,0.05713939666748047,0.315974622964859,0.25883522629737854,0.04304933547973633,False,0.22064533333333333,0.995089861165199,0.05311530828475952,0.2895233631134033,0.2364080548286438,0.047073423862457275,False,0.37600533333333336,0.9915089949554,0.04760220646858215,0.2786993384361267,0.23109713196754456,0.052586525678634644,False,0.421024,0.9383630720504754,0.027228757739067078,0.25594785809516907,0.228719100356102,0.07295997440814972,False,0.606288,0.8510540456771408,0.9197173333333334,12,False,0.016027355639151412,0.9871309044589442,0.9967112044723369,0.05713939666748047,0.315974622964859,0.25883522629737854,0.04304933547973633,False,0.22064533333333333,0.9967112044723369,0.05713939666748047,0.315974622964859,0.25883522629737854,0.04304933547973633,False,0.22064533333333333,0.996187846766072,0.055657416582107544,0.29257845878601074,0.2369210422039032,0.04453131556510925,False,0.3691413333333333,0.9941305925011894,0.05132114887237549,0.2850661277770996,0.23374497890472412,0.04886758327484131,False,0.41416,0.9415648347791922,0.027796253561973572,0.2596881091594696,0.23189185559749603,0.07239247858524323,False,0.538624,0.7906711732801908,0.7145013333333333,9,False,0.47660439225069134,0.9905041320787111,1.7470313999997416,0.06038287239695006,-0.003373227619766883
289583589,46372,Woman selling bags of fruit on a sidewalk.,111696,"A woman in a tank top, walks through a market on her cellphone.",4752799475,0.36299237608909607,0.31796836853027344,0.04502400755882263,0.9890391139313863,13,8.326672684688674e-17,1.1976958000000195,0.00024810000013530953,0.00010799999972732621,0.9994806550397254,0.07562422752380371,0.33585673570632935,0.26023250818252563,-0.03060021996498108,False,0.1295075075075075,0.999305158611224,0.07271131873130798,0.3274840712547302,0.25477275252342224,-0.02768731117248535,False,0.2152072072072072,0.9202353312178635,0.024455487728118896,0.29992014169692993,0.27546465396881104,0.020568519830703735,False,0.33412612612612613,0.789775842166372,0.013235747814178467,0.29850852489471436,0.2852727770805359,0.031788259744644165,False,0.4184144144144144,0.6188382335915426,0.004846200346946716,0.23541559278964996,0.23056939244270325,0.040177807211875916,False,0.5445105105105105,0.7457577947905257,0.8933333333333333,11,False,0.3345464599972358,0.8988328916498671,0.9994806550397254,0.07562422752380371,0.33585673570632935,0.26023250818252563,-0.03060021996498108,False,0.1295075075075075,0.9986524592533438,0.06608125567436218,0.3366834819316864,0.2706022262573242,-0.02105724811553955,False,0.20801801801801803,0.9195256650443852,0.024359196424484253,0.2987586259841919,0.27439942955970764,0.02066481113433838,False,0.3327147147147147,0.8682038062766951,0.01885169744491577,0.27756425738334656,0.2587125599384308,0.02617231011390686,False,0.4077537537537538,0.6650626400476435,0.006859377026557922,0.25114646553993225,0.24428708851337433,0.03816463053226471,False,0.5149309309309309,0.6895035107258146,0.7133033033033033,9,False,0.31750835487019663,0.924467515479938,1.5763424000001578,0.05625428406471111,-0.02563462383007087
2378544134,26200,A dog with a black and brown marbled coat scowls at the camera while a young woman in a black suit walks in the background.,5362,A man walks into a maroon building as a dog looks on.,1341077576,0.31007057428359985,0.28694331645965576,0.023127257823944092,0.9099255131183404,13,1.1102230246251565e-16,1.1424498000001222,0.0002586999999039108,0.00010829999973793747,0.13315438671114357,-0.018733516335487366,0.24941836297512054,0.2681518793106079,0.04186077415943146,True,0.20138138138138137,0.13315438671114357,-0.018733516335487366,0.24941836297512054,0.2681518793106079,0.04186077415943146,True,0.20138138138138137,0.0009139808001546138,-0.06996786594390869,0.16854672133922577,0.23851458728313446,0.09309512376785278,True,0.4011591591591592,0.0009139808001546138,-0.06996786594390869,0.16854672133922577,0.23851458728313446,0.09309512376785278,True,0.4011591591591592,0.0008699769259958662,-0.07046173512935638,0.16572752594947815,0.23618926107883453,0.09358899295330048,True,0.5292252252252252,0.11369115449157101,0.6871591591591591,8,False,0.00022286182905916163,0.22397762313544428,0.1460822059009523,-0.017656654119491577,0.2514931559562683,0.2691498100757599,0.04078391194343567,True,0.16293093093093092,0.03901726088308247,-0.032039523124694824,0.22758182883262634,0.25962135195732117,0.055166780948638916,True,0.260024024024024,0.0009139808001546138,-0.06996786594390869,0.16854672133922577,0.23851458728313446,0.09309512376785278,True,0.4011591591591592,0.0009139808001546138,-0.06996786594390869,0.16854672133922577,0.23851458728313446,0.09309512376785278,True,0.4011591591591592,0.0008699769259958662,-0.07046173512935638,0.16572752594947815,0.23618926107883453,0.09358899295330048,True,0.5292252252252252,0.087944207653761,0.7743183183183183,9,False,0.00047051528316919677,0.18507466839447528,1.3799043999997593,0.02574694683781001,0.038902954740969
85519095,153095,"A young boy, dressed in a gray and blue baseball uniform, preparing to hit the ball off of the t-ball stand while onlookers watch from behind a chain link fence.",29179,A young boy practices his bat swing while in the stands with blue seats.,2447284966,0.3560066819190979,0.33753564953804016,0.01847103238105774,0.8637866310801728,12,4.85722573273506e-17,1.0789773999999852,0.00026380000008430216,0.0001077000001714623,0.8049807853834876,0.014177203178405762,0.3117421567440033,0.29756495356559753,0.0042938292026519775,False,0.2498018018018018,0.8049807853834876,0.014177203178405762,0.3117421567440033,0.29756495356559753,0.0042938292026519775,False,0.2498018018018018,0.7916066811238566,0.013346374034881592,0.2904576361179352,0.2771112620830536,0.0051246583461761475,False,0.37351351351351353,0.9089489776984027,0.023008689284324646,0.2561189830303192,0.23311029374599457,-0.004537656903266907,False,0.434972972972973,0.9067293820111004,0.022743389010429382,0.2526600956916809,0.22991670668125153,-0.004272356629371643,False,0.501975975975976,0.78340884645882,0.7554054054054054,8,False,0.7094732038648154,0.8372400774017531,0.8036759155117053,0.014094293117523193,0.332374632358551,0.31828033924102783,0.004376739263534546,False,0.18383783783783783,0.835027713132063,0.01621687412261963,0.3309769630432129,0.31476008892059326,0.0022541582584381104,False,0.25084084084084085,0.8193856415085904,0.015121906995773315,0.31992238759994507,0.30480048060417175,0.003349125385284424,False,0.3622102102102102,0.7778949422140496,0.012534409761428833,0.29519444704055786,0.28266003727912903,0.005936622619628906,False,0.4281741741741742,0.797572580748533,0.013711914420127869,0.24695399403572083,0.23324207961559296,0.004759117960929871,False,0.5419399399399399,0.6578449733807805,0.8077117117117117,9,False,0.3546339288201297,0.8166854924244196,1.3799263000000792,0.1255638730780395,0.020554584977333534
8052397902,151428,A runner scrambles for yardage while being brought down by two tacklers.,145216,Two football players compete for the ball while another teammate looks on.,7099368287,0.31260743737220764,0.29979124665260315,0.012816190719604492,0.7827252522537337,13,1.43982048506075e-16,1.2414588999999978,0.0002611999998407555,0.00011009999980160501,0.7222972877091067,0.00955885648727417,0.30360203981399536,0.2940431833267212,0.0032573342323303223,False,0.14117117117117117,0.7872062637761972,0.013081669807434082,0.30071336030960083,0.28763169050216675,-0.00026547908782958984,False,0.33757957957957957,0.7872062637761972,0.013081669807434082,0.30071336030960083,0.28763169050216675,-0.00026547908782958984,False,0.33757957957957957,0.6943385984624184,0.008204817771911621,0.28322741389274597,0.27502259612083435,0.004611372947692871,False,0.4065765765765766,0.5578696782815574,0.002325206995010376,0.2859113812446594,0.28358617424964905,0.010490983724594116,False,0.531093093093093,0.5465331712731578,0.9098378378378379,11,False,0.4351641002477498,0.7221782335336056,0.904656262437792,0.022500663995742798,0.31012246012687683,0.28762179613113403,-0.009684473276138306,False,0.10380780780780781,0.7965015773729578,0.013645708560943604,0.3045560121536255,0.2909103035926819,-0.0008295178413391113,False,0.22066066066066067,0.2729665557085076,-0.009796231985092163,0.25463631749153137,0.26443254947662354,0.022612422704696655,True,0.41706906906906904,0.2729665557085076,-0.009796231985092163,0.25463631749153137,0.26443254947662354,0.022612422704696655,True,0.41706906906906904,0.33444462435916344,-0.006881505250930786,0.2397603690624237,0.2466418743133545,0.01969769597053528,True,0.5347987987987988,0.40709428760097677,0.7913933933933934,10,False,0.0946861727575647,0.6128579683695862,1.664017199999762,0.13943888367218105,0.10932026516401938
