image_id,experiment4_index,positive_caption_id,positive_caption,negative_caption,sentence_index,num_boxes,gt_union_area_fraction,point_pointing_game,point_point_xy,point_peak_region,point_eib_numerator,point_eib_denominator,point_eib,point_zero_positive_energy,point_positive_area_fraction,point_num_positive_regions,cr_pointing_game,cr_point_xy,cr_peak_region,cr_eib_numerator,cr_eib_denominator,cr_eib,cr_zero_positive_energy,cr_positive_area_fraction,cr_num_positive_regions
411175971,0,89110,A brown dog is shown standing in the water near a muddy beach.,A reddish brown dog walking in water carrying a stick in his mouth.,0,2,0.6106666666666667,True,"[168, 190]",7,0.18553159223822613,0.21914024562849166,0.8466340434461215,False,0.7493013333333334,11,False,"[400, 36]",3,0.060842595356749046,0.09009320963090461,0.6753294238934324,False,0.7366986666666666,11
4953536921,1,124232,A woman and a dog sit on a white bench near a beach.,A man sits on a bench holding his dog and looking at the water.,2,4,0.331784,False,"[302, 155]",6,0.03990878964161073,0.16403640825391597,0.24329226704253937,False,0.693812,11,False,"[63, 437]",15,0.009460919898602597,0.045690265752573095,0.20706642307217912,False,0.666164,11
6278649113,2,138669,A girl bowling at a bowling alley.,A woman in a white top and khaki pants exercising on a piece of exercise equipment.,4,8,0.34132266666666666,False,"[169, 58]",1,0.06430018270203569,0.14872625848558374,0.43233914008714475,False,0.9308586666666666,9,False,"[169, 58]",1,0.005359330813344588,0.0528036428333526,0.1014954750424804,False,0.42006933333333335,5
566945636,3,133413,A man throws a fishing net into the bay.,A man who wearing blue color jacket and light green color trouser is cleaning his fishing nets after went for fishing.,3,3,0.480928,True,"[319, 197]",8,0.06472888003648383,0.1535437546403982,0.42156634887612227,False,0.777712,11,True,"[234, 181]",7,0.03832332733107429,0.0644845498416354,0.5943024712925927,False,0.4860373333333333,7
6848969863,4,142350,A woman presents a bar code for a smartphone so that a man can use his phone to find the location associated with the code.,A group of people surrounding a man in a black and red striped shirt asking for his autograph.,0,4,0.9376696696696697,True,"[350, 262]",10,0.13951753261206365,0.14905410766174035,0.9360193744454278,False,0.7559159159159159,9,True,"[350, 262]",10,0.051658693113647874,0.05394424867217837,0.9576311541120923,False,0.44177777777777777,5
4434125934,5,95355,"A man, dressed in bright blue jeans and a plaid shirt, mows a shaggy green lawn in his cozy suburban front yard.",A man in black pants cutting bushes.,0,4,0.7119665970772443,True,"[303, 425]",12,0.08993198142578862,0.1433974716078843,0.6271517929667874,False,0.8059582463465553,10,True,"[303, 425]",12,0.0344744284344127,0.055351765507487743,0.6228243691657703,False,0.5789478079331941,7
5519356488,6,132202,A clown takes the time to greet children attending a performance.,A man in a striped blue shirt and a balloon hat is making other balloon animals,2,10,0.7137386666666666,True,"[361, 159]",3,0.14468603146186318,0.17381396765657342,0.8324188982771393,False,0.9231093333333333,11,False,"[306, 354]",11,0.04533498669849676,0.06446946346886982,0.7032009304744335,False,0.818576,9
3243094580,7,60266,A streetlight lit bridge with a cyclist and some cars.,A blurred picture on a bicyclist.,1,3,0.4624144144144144,False,"[304, 170]",6,0.07482446960117659,0.16749453750576268,0.4467278199959341,False,0.651993993993994,9,False,"[440, 165]",8,0.026488937727030978,0.0667215155642023,0.3970074346039425,False,0.7303423423423423,10
3884010975,8,84355,"A woman in a white shirt stands behind a counter, in the kitchen of an empty restaurant with brick walls.",A woman sits at a restaurant with her back against a brick wall.,0,3,0.19173333333333334,True,"[277, 294]",7,0.03721956134490086,0.11861336084272603,0.31378894485800546,False,0.9213833333333333,9,False,"[322, 184]",6,0.0043049921174237935,0.058927797939972285,0.07305537060470409,False,0.7265277777777778,7
4418969015,9,94991,"An African group of men, women, and babies pose in a field with large hills in the background.",A black mother and five children in a rural area,1,12,0.6866613333333333,True,"[305, 189]",7,0.1524198490831236,0.1851049485156883,0.8234239565464965,False,0.7837973333333333,10,True,"[305, 189]",7,0.07063061907313319,0.0931573377402101,0.7581863199021674,False,0.7883573333333334,11
1675332284,10,10807,A muscular African-american man pan-handling using paint buckets as a musical instrument.,An African American man surrounded by empty overturned white buckets and dark colored crates expresses himself through a message handwritten on cardboard.,2,9,0.5589787234042554,True,"[172, 148]",3,0.17452693255979176,0.22492521969083257,0.7759331425781645,False,0.804281914893617,10,True,"[172, 148]",3,0.0689207741222367,0.07793205898305613,0.8843699887003029,False,0.5848723404255319,7
4789309483,11,113890,A man in a black hat and blue shirt taking a picture on the side of an urban street.,A man is photographing a piece of paper with his smartphone.,0,3,0.2377897897897898,True,"[229, 193]",4,0.09363664333028093,0.19196507334709167,0.48777958249194997,False,1.0,7,True,"[229, 193]",4,0.0346922682988125,0.07647286564821289,0.4536546133683854,False,0.699009009009009,5
16437914,12,10516,A dark-skinned girl with goggles and black hair in water.,A young girl wades out into the water wearing safety floatation devices on her arms.,1,4,0.8983157894736842,True,"[272, 127]",4,0.20134440227241765,0.20962155019519385,0.960513850245508,False,0.8856900584795322,13,True,"[272, 127]",4,0.07628668523523259,0.08171130096774398,0.9336124175204016,False,0.6948304093567251,10
4351734575,13,93656,"Three men are standing on a stage, one is wearing clown makeup and holding a guitar.",A band performs in a dimly lit setting.,1,6,0.9926773333333333,True,"[222, 305]",7,0.1708346790028751,0.1716130058909088,0.9954646392679092,False,0.719968,10,True,"[222, 305]",7,0.08495051584317326,0.08559377820280262,0.9924847065623714,False,0.59336,8
42348693,14,91251,"Two men are sitting at a table in a restaurant, one smoking and one reading a newspaper.",A man clinks bottles with another person while smiling in a restaurant.,1,4,0.2831111111111111,True,"[351, 81]",1,0.05830738192491104,0.17114122219147987,0.3406974729891454,False,0.9478018018018018,8,False,"[324, 273]",6,0.0032337110043581772,0.0125816081927436,0.2570188925628132,False,0.42222822822822825,4
1404832008,15,6716,A man on a zip line being propelled through the water.,A man hangs upside in the air over the water.,1,3,0.8756746987951807,True,"[159, 254]",9,0.16891574204103207,0.1725559952746119,0.9789039307050063,False,0.8110963855421687,12,True,"[266, 351]",11,0.04317021309468714,0.0451340975646107,0.9564877869306635,False,0.5783132530120482,9
2924489177,16,47532,An Asian woman in a white shirt working with machinery giving the peace sign.,A craftsperson making metal objects.,2,4,0.7804144144144144,True,"[126, 184]",2,0.2329709133663873,0.28116947895319483,0.8285782448142924,False,0.9008408408408408,10,True,"[103, 66]",0,0.1459930445798847,0.17641118766567232,0.8275724828550279,False,0.8291411411411411,9
4525821347,18,99551,An African American man surrounded by empty overturned white buckets and dark colored crates expresses himself through a message handwritten on cardboard.,A muscular African-american man pan-handling using paint buckets as a musical instrument.,1,7,0.4950838709677419,True,"[253, 237]",9,0.14246702205294004,0.2184977341142846,0.6520297458939464,False,0.906683870967742,11,True,"[253, 237]",9,0.08060971141169401,0.10760866589469793,0.7491005556241711,False,0.7719096774193548,10
3155657768,19,56416,A group of children play together in a fenced yard as an adult watches.,A small child jumping rope as other children clap their hands over their heads nearby.,1,4,0.8684450704225352,True,"[304, 174]",3,0.14271301988251775,0.18473663205329155,0.7725214988294735,False,0.7579549295774648,10,False,"[292, 47]",1,0.06799266979115279,0.0972269128157778,0.699319435555698,False,0.5746535211267606,7
8220955383,20,152473,Dirt biker makes a sloping turn in a forest during the fall.,A mountain biker travels along a dirt trail inside a heavily wooded area.,3,1,0.13765765765765767,True,"[270, 44]",2,0.05283166473712781,0.17218474396990874,0.30683127621550926,False,0.9302402402402402,8,True,"[270, 44]",2,0.007724051250521563,0.033358440987940635,0.23154712935517202,False,0.817051051051051,7
2549933281,21,33307,A bride poses on a boardwalk while her bridal party stands behind her.,A photographer takes a picture of a group of one girl in a pink dress and 10 boys in suits and hats.,2,2,0.7301497797356828,True,"[59, 423]",12,0.1522703810785123,0.24181487139672211,0.6296981662004447,False,0.8531277533039647,11,True,"[212, 407]",11,0.09012716854078667,0.11534032225834669,0.7814020871115136,False,0.821942731277533,11
4459992117,22,96741,A woman with pink hair bent down on the sidewalk holding to pink dogs.,The woman wearing the pink jacket has thrown a Frisbee for the dog to catch.,1,5,0.725952,True,"[196, 348]",6,0.18868412665035614,0.2182306287463746,0.8646088211093544,False,0.7613813333333334,10,True,"[161, 120]",1,0.10828443969649386,0.126524917154494,0.8558348990205029,False,0.8426506666666667,10
3028145992,23,51438,A woman directs a crowd of people with a loudspeaker.,People look on as participants in a marathon pass by.,3,3,0.9477417417417418,True,"[292, 194]",7,0.13249768594912487,0.13380809807036403,0.9902067801565337,False,0.8273153153153153,10,True,"[112, 292]",11,0.053393021494794454,0.05375064847460215,0.9933465550657183,False,0.6742642642642642,8
3222702477,24,59450,Player in blue and white uniform and player in gold and black uniform going after soccer ball.,Three players bring a team opponent to the ground.,0,5,0.3461559633027523,False,"[414, 279]",6,0.07400151551631588,0.1968692097136513,0.37589176907832367,False,0.9352935779816514,11,True,"[81, 198]",5,0.02980687609613234,0.07378358674406932,0.40397705521584987,False,0.7943211009174312,9
4517838680,25,99190,"A man in a black shirt and white pants swinging a baseball bat, with a baseball team and spectators in the background.",A man throws a pitch during a baseball game.,0,26,0.40549101796407183,True,"[166, 185]",5,0.10602105135370217,0.19869740095641222,0.5335804637774791,False,0.7623233532934132,7,True,"[166, 185]",5,0.05517291075075891,0.08844124380172552,0.6238368930501458,False,0.7028323353293413,6
3799701220,26,82275,Two middle-aged Asian men with mustaches working with animal hides in a shop.,An older man in glasses is preparing meat.,0,6,0.992,True,"[271, 203]",7,0.15997825645459704,0.1610533727679037,0.9933244719136927,False,0.7750773333333333,11,True,"[312, 284]",11,0.055314845508365636,0.055589820672849524,0.9950534979038314,False,0.6759893333333333,9
2566294211,27,33981,Several young people congregating by two canoes.,A group of people get set to go fishing.,1,8,0.650016806722689,True,"[424, 300]",8,0.09663074687030611,0.13374941051006317,0.7224760580386685,False,1.0,10,True,"[92, 298]",9,0.03918371318026552,0.0548035234901401,0.7149852908146536,False,0.6316190476190476,7
2424250856,28,28093,A man in a black suit plays the piano.,A man is playing the piano while standing.,3,3,0.7717653333333333,True,"[59, 240]",6,0.15246060764912966,0.17646972097953617,0.8639476891721801,False,0.7899253333333334,9,True,"[59, 240]",6,0.03803064895881559,0.04276122658087556,0.8893722654771632,False,0.6250666666666667,7
202174004,29,14533,Five people in full gear are mountain climbing.,"Three people, with backpacks hiking along a dirt road through the mountains.",3,4,0.6210986666666667,False,"[366, 331]",11,0.0708644230235374,0.13011712492799407,0.5446202647249798,False,0.911312,12,False,"[278, 271]",9,0.023541062243242948,0.03240107293727288,0.7265519351416991,False,0.4697226666666667,6
6250527395,30,138412,"Two rugby teams, one in green and white uniforms, the other in black, are engaged in a scrum.",A group of men playing a game of rugby.,2,15,0.8065525525525525,True,"[238, 158]",7,0.1904059337672938,0.1994168775288846,0.9548135349763182,False,0.7058258258258259,8,True,"[238, 158]",7,0.06382197215724471,0.07006142221111264,0.9109431430742742,False,0.47684684684684686,6
166283675,31,10655,"Several people, including a shirtless man and a woman in purple shorts which say ""P.I.N.K."" on the back, are walking through a crowded outdoor area.","In foreground, a woman in pink jeans is helping a child in a heart t-shirt to skate, while cyclists and others walk in background with palm trees.",0,6,0.7198181818181818,True,"[449, 148]",3,0.16903657051087081,0.2074940920986601,0.8146572695211807,False,0.8719653679653679,11,True,"[449, 148]",3,0.049740311410495106,0.058102947456811584,0.8560720856281431,False,0.5442251082251083,8
1368082221,32,6030,A man wearing a black sweater cooks food in a pan while standing in a cluttered kitchen.,A man in a blue shirt and apron prepares food.,0,6,0.9973333333333333,True,"[125, 319]",8,0.18585895066071434,0.1864588214086828,0.9967828245215942,False,0.9369866666666666,12,True,"[315, 44]",1,0.06304560642524701,0.06334781971635566,0.9952293024059576,False,0.6094613333333333,8
4930533574,33,122475,An old man in dirty clothes rides a bike loaded with possessions down a busy city street.,A chinese man sitting down waiting for customers.,0,5,0.99215,True,"[28, 310]",8,0.141242294217762,0.14287939295956592,0.9885420933845428,False,0.937665,12,True,"[28, 310]",8,0.0392698272092515,0.04022627403033281,0.9762233305436119,False,0.673305,9
2750185692,34,40878,A boy poses with a large green insect on his nose.,A little boy holding a baby reptile.,3,3,0.921888,True,"[371, 54]",2,0.19856413150711943,0.21303036677297835,0.9320930837936582,False,0.8070773333333333,9,True,"[290, 319]",11,0.1163212704942379,0.11973300159862182,0.971505507597471,False,0.8052426666666667,9
4631909374,35,104290,A man bends down in an outdoor area that is also covered while birds walk around him.,Four men are preparing to launch a boat with colorful flags.,0,11,0.07244444444444445,False,"[270, 347]",5,0.02003107904208451,0.14738649988193267,0.1359085062616377,False,0.749063063063063,8,False,"[39, 319]",6,0.012193916015933134,0.11401544806585925,0.10694968289638705,False,0.6891231231231231,7
2190227737,36,19170,A woman stands in a field surrounded by three attentive gray dogs.,Young girl plays with small livestock on farm.,0,5,0.726,True,"[78, 335]",10,0.1684936264431004,0.19050197178714853,0.8844718238998677,False,0.6794733096085409,9,True,"[78, 335]",10,0.05889993148211755,0.07528548382989747,0.7823544259235687,False,0.6707829181494662,9
3269841412,37,61465,"A drunken woman in a blue dress, black tights, and black leather pumps, laying on a couch, smoking a cigarette, laughing.",A small child is laughing and playing while lying on her back on a gray rug.,0,7,0.6346971428571428,True,"[102, 179]",5,0.11499810755894063,0.1761207969748209,0.6529501883606701,False,0.59648,7,True,"[102, 179]",5,0.05272604828185161,0.0720414535588396,0.731884847920063,False,0.5127428571428572,6
4442323516,38,95814,A man in blue watches a family walk by while sitting in the snow.,People waiting at a bus stop.,4,5,0.4121077844311377,True,"[165, 255]",9,0.05584165312310848,0.11982867202019121,0.4660124507905681,False,0.8510059880239521,10,True,"[207, 281]",10,0.032483190890622037,0.05179388681240353,0.627162641959572,False,0.40665269461077846,6
2891943949,39,46205,Woman in orange jacket is sitting crossed legged on a bench while woman in blue is leaning against the glass.,A man sits on a fence while a group of people walks on the sidewalk in front of him.,0,7,0.6563012048192771,True,"[258, 160]",5,0.11521809779423686,0.1428683195190772,0.8064635895633377,False,0.8114638554216868,12,True,"[258, 160]",5,0.0675940066963538,0.08170509501409565,0.8272924312087586,False,0.48259638554216866,7
4655102365,40,105637,Group of people near a water fountain and a city skyline.,A group of children play in a public fountain while others sit where it is dryer.,2,7,0.16637837837837838,True,"[268, 209]",5,0.03565383065908346,0.14546215534210208,0.24510726226510088,False,1.0,8,True,"[268, 209]",5,0.009036173687296345,0.03957333673918882,0.22833994886127384,False,0.5325585585585586,4
3039200576,41,51897,A girl in white and a girl in green walk past a blue car wash station.,"Two woman, one in red and the other in blue, race each other on rollerblades.",2,5,0.19437866666666667,True,"[273, 163]",5,0.07585928275648052,0.18334698968679358,0.4137470862546953,False,0.788608,11,True,"[171, 169]",4,0.012447674929171993,0.06882607157732534,0.18085697242195736,False,0.659136,9
2451114871,42,29337,Dogs with muzzles are racing around a sandy track.,A greyhound racing.,2,9,0.7394879518072289,False,"[353, 51]",3,0.1351699937503384,0.180252692722275,0.7498916754525384,False,0.7736927710843373,11,False,"[353, 51]",3,0.062100751190153125,0.07981673704511415,0.7780417176794941,False,0.654210843373494,9
4806000438,43,114840,Men wearing red and white stripe shirts and wearing blue hats carrying flags outside a brick building.,"A woman holds sticks attached to large striped banners, causing one to launch its banner in a wide loop through the air.",0,14,0.9256936936936937,True,"[205, 151]",4,0.17597567785308554,0.17949364001552792,0.9804006305619628,False,0.6888468468468468,7,True,"[349, 234]",6,0.06629495609915555,0.06736943043727119,0.9840510105081547,False,0.35636036036036034,5
1690926854,44,10986,Two female members of team USA performing a jump high-five surrounded by two other female members.,A female volleyball player wearing a bikini jumps and spikes the ball.,1,4,0.7912489082969433,True,"[200, 111]",1,0.19410420493262323,0.2471159959337869,0.7854781079596003,False,0.8894192139737991,8,True,"[200, 111]",1,0.08380813047973565,0.1031945947618341,0.8121368243478154,False,0.8177510917030568,7
388837010,45,84440,Two children looking at horses through a small fence.,"A young child wearing a red hat and a tag ""513"" participant tag rides a horse.",0,5,0.562066066066066,True,"[311, 133]",4,0.11607034876179952,0.1626494488398483,0.713622761034299,False,0.9195735735735736,12,False,"[257, 274]",10,0.0351983923392597,0.059112722929217446,0.5954452881726805,False,0.5206066066066066,7
4604969760,46,102961,Three little girls wearing brown and pick sweaters are walking on the street.,A woman and a few children in an alleyway in between a vehicle and a fence.,1,5,0.42876165803108807,True,"[190, 74]",1,0.08222545812644086,0.14645730124772421,0.5614295595093697,False,0.792160621761658,12,True,"[68, 174]",5,0.04622777302464398,0.058027724350284304,0.7966497659909955,False,0.4696580310880829,9
6515331737,47,140342,Spectators laugh as three people ride exercise balls down a field.,A young girls soccer team with green jerseys and black shorts doing warm up stretches with two adults.,2,12,0.715472,True,"[444, 202]",6,0.13737122522859516,0.1713061254151248,0.8019049225222071,False,0.7955733333333334,8,True,"[444, 202]",6,0.0694599659229146,0.08320253195070246,0.8348299540219482,False,0.4364693333333333,4
2957682838,48,48880,"Two men in the US Army are in uniform and talking with another woman, who is wearing a black sweater with a purse inside of what looks like a conference room.",Two men and a woman standing in a circle having a conversation.,0,7,0.7987190332326284,False,"[155, 43]",1,0.14210366605500904,0.18150939547367545,0.7828997814915787,False,0.7541087613293052,9,True,"[265, 60]",2,0.05353491000016928,0.06639597111386394,0.8062975674888625,False,0.6305679758308157,9
479807465,49,114302,A fallen dirt biker is aided by another.,"Two motocross bikers wearing full protective gear, with one in midair after a jump and the other looking down at his motorcycle.",2,1,0.24650151057401812,False,"[288, 225]",6,0.07490664068154748,0.19112779832388427,0.39191913127472455,False,0.7936918429003021,10,False,"[288, 225]",6,0.012225010584758604,0.04625474947743665,0.2642974121116371,False,0.5301510574018127,7
1395410911,50,6525,Many people are walking along a sidewalk with a variety of little shops.,A street corner with stores and two men walking the sidewalk.,0,6,0.9972252252252253,True,"[191, 185]",6,0.16313786830450583,0.1637010773021857,0.9965595278481876,False,0.6907447447447448,9,True,"[270, 135]",5,0.0380981440580016,0.03814638334821096,0.9987354164149974,False,0.4590810810810811,6
2470493181,51,30040,"Two boys holding a green rope and competing against each other on a balancing rod, while others look on.",Elementary school students play tug-of-war.,0,5,0.5111306666666666,False,"[155, 67]",2,0.13404184165076197,0.2213536223054001,0.6055552208936764,False,0.7004853333333333,7,True,"[173, 313]",10,0.029473932291291933,0.04005329734564651,0.7358678122538025,False,0.432064,5
4634848106,52,104458,A group of men standing on a field of black balls.,"A pool player lines up his shot, as friends stand by awaiting their turn.",3,11,0.6304802431610942,True,"[350, 250]",9,0.11679476943519784,0.13979502036962455,0.8354716006792448,False,0.8419088145896656,10,False,"[126, 147]",7,0.03470748907787769,0.05637989761045067,0.6156004276148996,False,0.5881033434650456,8
160792599,53,10220,Three men and two women stand facing the ocean from the shore on a sunny day.,Three construction workers stand at the front of a large group of people all wearing white shirts.,0,7,0.92518,True,"[261, 270]",12,0.16956639295878026,0.18248340103253952,0.9292154354825075,False,0.9054666666666666,11,True,"[441, 152]",8,0.08368024317289316,0.09393298315114004,0.8908504804776611,False,0.6297533333333334,8
2330536645,54,24396,A group of kids is splashing in deep water nearby a rock formation.,The boy wearing red shorts is jumping into the river as other children swim.,1,7,0.34558718861209964,True,"[290, 154]",8,0.1212020257695495,0.20793604992695103,0.5828812551365113,False,0.6892170818505338,10,True,"[256, 22]",1,0.04582809331433153,0.08848753107548293,0.5179045313767268,False,0.5904768683274021,8
3572346664,55,74205,The woman's face falls into silhouette as she stands in front of the sun.,A woman wearing a black tank top and a cross necklace stares off into the distance near sunset.,0,2,0.08981927710843374,True,"[376, 150]",5,0.027025396866256428,0.15009338714466636,0.18005721224885282,False,0.695921686746988,10,False,"[238, 142]",4,0.012267334731401545,0.07388900596256759,0.1660238160142013,False,0.4983012048192771,6
2613889835,56,35765,A man in an orange kayak and a man in a blue kayak paddle around a beautiful lake.,"A girl is kayaking in a blue boat, on a blue lake wearing an orange life jacket.",0,4,0.18461333333333332,False,"[301, 177]",5,0.057556495451321216,0.14987586771334777,0.38402777131141375,False,0.8555306666666667,9,False,"[301, 177]",5,0.01681179660050113,0.039451626349766324,0.4261369721859567,False,0.648688,9
4727540499,57,110211,Two young men playing electric guitars in a grunge-type setting.,A band performs in a dimly lit setting.,1,4,0.628,True,"[240, 52]",1,0.1597780652307655,0.2045682799436782,0.7810500497670295,False,0.8468562874251497,8,True,"[240, 52]",1,0.06864910638913158,0.07949213745968288,0.8635961817475255,False,0.6100239520958084,6
8052387530,58,151418,A football player being tackled on a rainy day.,A runner scrambles for yardage while being brought down by two tacklers.,3,1,0.09744144144144144,False,"[296, 195]",7,0.03645958919153019,0.20149393835875556,0.18094633262175205,False,0.718,10,False,"[168, 168]",5,0.0050727335060765915,0.05366142968245641,0.09453220937449279,False,0.6159579579579579,9
4683565867,59,107115,"Four older men sitting on a blue patterned rug in an ethnic looking place of worship, 3 of them wearing some sort of head covering.","Three men are dress up with some colors of blue, orange and white.",0,6,0.6541204819277109,True,"[116, 165]",7,0.13793327085536705,0.195454567880119,0.7057050257324642,False,0.9583975903614458,11,True,"[116, 165]",7,0.06577076785967821,0.08630065099238822,0.7621120710373233,False,0.8092409638554217,9
2993318965,60,50052,A small group of people meeting together at a tree by water.,A man wearing a hat is showing a group of children how to throw a net off of a dock.,2,6,0.437984,False,"[243, 442]",10,0.08464873179484142,0.14740232213423482,0.5742700017829732,False,0.866984,9,True,"[262, 137]",1,0.0402316141138696,0.06969143094339367,0.5772820785750177,False,0.606664,6
3446941415,61,68852,A young girl has lifted her friend and is carrying her in her arms.,Two girls hugging.,2,4,0.48738922155688624,True,"[270, 140]",5,0.11058659885231581,0.1275109632579442,0.867271299869394,False,0.8072694610778444,10,True,"[207, 207]",8,0.024632318148248053,0.03765080629159763,0.6542308272889535,False,0.8009401197604791,10
2975627633,62,49427,Two people smile while sitting on chairs in a yard.,A man wearing dark sunglasses and a hat sits next to a woman with a black hat.,2,4,0.6221077844311377,True,"[271, 88]",2,0.08028577517491219,0.1651417281244596,0.48616286196547825,False,0.6739880239520958,7,False,"[182, 46]",1,0.030612592848252653,0.06390790673870839,0.47901103964199954,False,0.6054191616766467,6
10287332,63,489,Three men are working on a roof.,A man wearing a blue shirt trying to get something with a pole from the roof of the room.,4,4,0.47906133333333334,True,"[172, 279]",11,0.0811356150769645,0.1522532905409153,0.5328989264449479,False,0.7713013333333333,11,True,"[271, 188]",8,0.03707712088855421,0.05833884843663001,0.6355476990401835,False,0.6926346666666666,10
6337111139,64,139318,A group of young adults singing in a choir.,A choir group is gathered together in a church.,3,14,0.7011351351351351,True,"[199, 175]",6,0.12281460004199087,0.15779984231192637,0.7782935536730169,False,0.9213153153153153,11,True,"[413, 167]",7,0.03240408601682945,0.044188861085170096,0.733308920417149,False,0.6430990990990991,8
5986222648,65,136200,"A singer with medium-short curly white hair, wearing a white sleeveless t-shirt, is accompanied by a guitarist who has long white hair and wears a black shirt.",A man in a brown shirt and a woman in a white tank top singing into their microphones.,0,6,0.4108048048048048,True,"[195, 56]",1,0.0817430760941972,0.17182856082297293,0.47572461587694576,False,0.804990990990991,10,True,"[195, 56]",1,0.03508906771919504,0.07023332783570903,0.4996070782987241,False,0.5807807807807808,7
4675063973,66,106679,A woman and a man at a crosswalk in nyc.,A bald man in a black shirt with a girl sitting on his shoulders walking in the street.,4,3,0.99742,True,"[58, 94]",0,0.18176935295042893,0.1827528593648516,0.9946183801564539,False,0.770436,10,True,"[133, 257]",6,0.05812642261961416,0.05822385429277823,0.998326602140179,False,0.410188,6
2115631346,67,17256,Two brown dogs are running through the snow.,Two dogs running and jumping through a snowy area.,1,3,0.8418303341902313,True,"[148, 140]",3,0.18518659467623874,0.1951145954305816,0.9491170779283138,False,0.6709614395886889,11,True,"[148, 140]",3,0.031509664364816455,0.041201289543344885,0.7647737416487274,False,0.5182724935732648,9
3660516586,68,77782,Four people are playing soccer on a beach.,"Two men, both with hats on, are playing volleyball on a beach.",2,5,0.09264264264264264,True,"[143, 183]",7,0.014280802963605801,0.13971175253391266,0.10221618943717264,False,1.0,12,False,"[84, 282]",8,0.003154111118396102,0.036873562865041246,0.0855385504769441,False,0.4861141141141141,5
2088705195,69,16227,Two silhouetted people paddle a canoe on the ocean during sunset.,Two men are paddling their small canoes through the water.,2,3,0.04034567901234568,False,"[246, 262]",6,0.019289821466115804,0.19226018638519532,0.10033185668232134,False,0.8345123456790123,7,False,"[73, 224]",5,0.006968699386235066,0.08100111612903875,0.08603214028722253,False,0.7007345679012346,5
511643051,70,127625,A person with a scarf over their head and a boy in a black t-shirt looking at what appear to be olives in a pile on a tarp on the ground.,A man and child working on a puzzle.,0,7,0.2018978978978979,False,"[159, 294]",10,0.05108803496184626,0.14737340011667072,0.34665709633761266,False,0.8636576576576577,9,False,"[237, 53]",1,0.019609105200261778,0.06721462717170289,0.2917386590595736,False,0.7232852852852852,8
3364114507,71,65425,Lady with short brown hair and a red and white striped shirt with a name tag taking a sip from a cup.,A woman in an apron drinking a coffee drink and eating a cookie.,0,5,0.8046761565836299,True,"[184, 76]",1,0.2579268857261197,0.2671852286740901,0.9653485973236057,False,0.8635373665480427,7,True,"[305, 101]",2,0.1319063722854521,0.13331752482605264,0.9894151009595944,False,0.8635373665480427,7
1659358141,72,10622,A brown dog is panting hard on grass during a sunny day.,A brown dog with white paws is trotting through a field of green grass.,2,2,0.9991231231231231,True,"[189, 165]",5,0.12426821392259661,0.12432590470237567,0.9995359713656042,False,0.71209009009009,10,True,"[189, 165]",5,0.03804414639054056,0.03806924562310558,0.9993406952999933,False,0.6131771771771771,8
2205958052,73,19755,A boy is hanging out of the window of a yellow taxi.,A man on a city street takes a picture while a taxi and bus drive by.,0,2,0.23648533333333333,True,"[272, 165]",4,0.04156349939106437,0.11585068753465178,0.35876782672206786,False,0.681968,8,True,"[448, 287]",5,0.018859892134885384,0.052687585063691936,0.35795704267117967,False,0.5017173333333333,6
6489895665,74,140213,Two Formula-1 cars are racing side by side on a track.,A racing car with man ads emblazoned on it rounds a corner on a racetrack with two cars close behind it.,3,3,0.47736170212765955,True,"[249, 218]",13,0.11570554617804835,0.17263568125764034,0.6702296149622172,False,0.5747173252279635,9,False,"[297, 94]",6,0.010805731330461423,0.03618838381438719,0.2985966819044695,False,0.6055866261398176,10
562588230,75,133093,A girl plays in an inflatable pool.,A child with shoulder-length brown hair is playing in water outdoors.,3,2,0.457296,True,"[452, 338]",13,0.10062904508554754,0.16840072320135155,0.5975570839160144,False,0.6955413333333333,10,True,"[251, 284]",9,0.05047085145952004,0.06826002446202674,0.7393910543878742,False,0.5592213333333333,8
4871230195,76,119315,Three people sit at a table in front of an establishment displaying the words Bar Gleati Tabacchi.,The picture shows several people eating at outdoor tables.,0,6,0.6350674157303371,True,"[223, 97]",3,0.17487825822924588,0.19625474676528198,0.891077852187687,False,0.8864325842696629,12,True,"[223, 97]",3,0.11619622732596058,0.12257924554590359,0.947927414698007,False,0.43369101123595505,5
3350002347,77,64736,A little boy is running excitedly in a mountainous area.,A child in a blue shirt jumping off a bench.,1,2,0.7724444444444445,True,"[343, 84]",2,0.11366459601672715,0.12792529369173408,0.8885232367777758,False,0.6597177177177177,7,True,"[45, 125]",4,0.02567640249067861,0.033376101935479845,0.7693050117210898,False,0.7559039039039039,8
3671851846,78,78254,A woman holding a white dog points at a brown dog in the grass.,Woman with camera is throwing a Frisbee for her brown dog to catch.,4,3,0.19403003003003003,True,"[132, 127]",4,0.032559068281964997,0.1462393096638081,0.22264238224876445,False,0.8038798798798799,10,True,"[132, 127]",4,0.024905942806334392,0.04611254176661698,0.5401121224760802,False,0.45363963963963966,6
273603643,79,40273,A teenage girl holds a little boy near ivy covered walls.,A young blond girl holds a smaller blond boy in her lap outdoors.,3,3,0.8457777777777777,True,"[145, 324]",6,0.15214635745432945,0.17743002406335057,0.8575006302203189,False,0.6979851851851852,9,True,"[290, 411]",10,0.1087442348227582,0.12395447807328036,0.8772917002520066,False,0.7155654320987654,10
384806138,80,83576,A solitary woman uses a large primitive mortar and pestle to crush plant material as she stands in a stubble field.,A young woman sweeping with a straw broom.,1,5,0.8008048048048048,True,"[50, 154]",5,0.13824109139062324,0.14649520015585643,0.943656114627294,False,0.7901561561561562,11,True,"[50, 154]",5,0.032176287958139316,0.03330106215907935,0.9662240743082913,False,0.33816216216216216,5
314739483,81,56038,A man is walking past a large sign that says E.S.E. Electronics.,A man is stooping in front of a billboard.,3,2,0.4881910447761194,True,"[168, 133]",4,0.1684864790104197,0.23184872483916352,0.7267086723349501,False,0.6955820895522388,9,True,"[168, 133]",4,0.16171753037326808,0.20148270396719037,0.8026372844370915,False,0.4804238805970149,5
5510073103,82,132098,"A boy in an over-sized chef hat and apron, cutting sausages in the kitchen.",Young white male preparing food on the stove top.,3,4,0.6022941176470589,False,"[66, 351]",9,0.12694169635672103,0.20326709117560443,0.6245068772448505,False,0.9445133689839572,12,False,"[66, 351]",9,0.06179320409451904,0.08688312209326009,0.7112221868384333,False,0.7289732620320856,10
3050114829,83,52345,A lone surfer surfing a large collapsing wave in the ocean.,A surfer has just fallen off his surfboard and only his feet are visible above the water.,0,2,0.6821192052980133,True,"[323, 121]",9,0.10795706948600002,0.15307375120854966,0.7052618011491593,False,0.37043708609271525,5,True,"[242, 119]",13,0.010773006678029124,0.014670198112911752,0.7343463663621166,False,0.5064635761589404,7
6474645169,84,140130,A basketball player from Penn State dribbles a ball while being surrounded by Lafayette players.,A basketball player leaps with the ball while opponents try to block him.,0,3,0.6621325301204819,True,"[262, 309]",6,0.18728481629640656,0.20178427644005423,0.9281437562953269,False,0.6029819277108434,7,True,"[262, 309]",6,0.08270708063589897,0.08695755832503735,0.9511200892595146,False,0.34850602409638554,4
4475663002,85,97357,A woman wearing jeans and a blue shirt is standing next to a street post and is holding a white bag.,A woman in a blue shirt is walking across the street of an older looking district.,2,5,0.42584984984984986,True,"[199, 311]",6,0.11977412206605119,0.18720367654630807,0.6398064625425398,False,0.7935495495495496,9,True,"[116, 319]",8,0.030796642832963607,0.04825634311238329,0.6381884918474217,False,0.8062162162162162,8
139245992,86,6421,An elderly man tossing a red rubber ball on the beach.,"A man in a green t-shirt walks down a beach, carrying his tennis shoes.",1,3,0.6048614457831325,False,"[60, 226]",7,0.13287219920252685,0.1993698206619269,0.6664609456003844,False,0.5893855421686747,8,False,"[60, 226]",7,0.04621401756736837,0.12239861740678823,0.37756976791475866,False,0.6376867469879518,9
2367139509,87,25801,A brown and black dog running on a trail in the woods.,A black and a brown dog are running toward the camera.,1,2,0.3136,True,"[200, 234]",5,0.0803550712268979,0.1523708322529481,0.5273651790094701,False,0.7011573333333333,8,True,"[183, 139]",3,0.007402112101450774,0.04727379291467397,0.15657961092335218,False,0.6623146666666667,7
3928395936,88,85186,Young female tennis player in a red shirt hitting the ball.,A woman in a blue shirt and white shorts playing tennis.,1,3,0.16450450450450452,True,"[213, 222]",6,0.06686721587884979,0.1977874204968054,0.3380761815432535,False,0.8557477477477478,11,True,"[213, 222]",6,0.04828396623682147,0.05852825874853594,0.8249684386523676,False,0.2992792792792793,5
1801663973,89,12145,A large woman with long pink hair dressed in black is laying on a tree trunk talking to a man who is crouched down next to her.,A man hangs upside down in a busy park as three people are clearly seen looking at him.,0,5,0.895424,True,"[271, 151]",5,0.19129457036366684,0.2133240787497103,0.8967321995943537,False,0.9585973333333333,12,True,"[271, 151]",5,0.11132360165150765,0.1198154963849805,0.9291252384734321,False,0.480144,6
319750026,90,58280,"Several older men, some in traditional headdress convene on a street corner.",A man in a brown jacket holding a red bag is speaking to another man with a white beard and green cap.,0,8,0.6657964071856287,True,"[201, 61]",1,0.12281862204288412,0.1875024288892746,0.6550241656624722,False,1.0,13,True,"[247, 144]",3,0.04014102419915931,0.06095319242622675,0.6585549107660448,False,0.8799281437125749,11
2537755800,91,32745,Two men wearing helmets and orange suits are having a conversation at a construction site.,A man in an orange vest and yellow hard hat looks on as a yellow vehicle lays track.,0,6,0.6588862275449102,True,"[348, 204]",9,0.15271052774286617,0.17719496251848182,0.8618220606973414,False,0.6130179640718563,8,True,"[196, 278]",13,0.021339557120805232,0.03378576935454043,0.6316137690064895,False,0.4159520958083832,6
2661138991,92,37536,A man in army fatigues is reading something while laying on the floor.,A uniformed soldier is kneeling on the ground looking at a metal object.,1,4,0.9065800604229607,True,"[196, 141]",6,0.13668966652054762,0.14059742679382783,0.9722060327675089,False,0.8523323262839879,10,True,"[158, 33]",1,0.043144640283879244,0.04714693375660914,0.9151102064581486,False,0.4321389728096677,6
4814603619,93,115535,"Four men in green, red, gray, and white shirts standing near a blue handrail smiling for a picture.",Three boys wearing green shirts and tan pants pose at the top of a slide.,0,9,0.7358203592814371,True,"[211, 81]",1,0.1118155814891191,0.14388920366764069,0.7770950053166871,False,1.0,7,True,"[378, 268]",5,0.029476246320372632,0.030716195063931594,0.9596320852573642,False,0.609748502994012,5
2468466969,94,29945,An silver-haired man stands on the cobblestones of an open-air square playing the accordion.,"Two guys in front of a souvenir shop, with one guy in a red scarf talking on the phone.",0,3,0.3598078078078078,True,"[277, 348]",8,0.08152619777835962,0.15356676728385477,0.5308843783086582,False,0.8475915915915916,10,True,"[277, 348]",8,0.04765026797577623,0.0668420078010169,0.7128790642798629,False,0.8284804804804805,9
97233789,95,154713,An old man playing a game at the casino.,A man stands next to a bank of computer gambling machines.,3,2,0.7018078078078078,True,"[126, 287]",6,0.12877968635894585,0.1766698527368753,0.728928475141398,False,0.9337057057057057,9,True,"[89, 69]",0,0.010678229814722414,0.02510399575016619,0.42535976826126265,False,0.3570870870870871,4
317383917,96,57115,"Two large black dogs, one small black dog, and one large white dog are standing in some snow.",A brown and white dog with a pink collar is barking at a brown dog with a blue collar in the snow.,0,4,0.6932921810699588,False,"[138, 29]",1,0.1525981512248501,0.23265198461985057,0.6559073694307526,False,0.6825925925925926,11,True,"[211, 128]",6,0.031580727957567604,0.03922839232641103,0.8050477239747973,False,0.7397942386831275,11
5501939468,97,131965,We see the backs of a young Asian girl with a green shirt and a red hat holding hands with a young Asian girl with a striped pink shirt and a pink hat by the pool.,A girl in pink is holding onto a young boy wearing red.,0,8,0.943616,True,"[192, 110]",3,0.2464079169298411,0.2565055973245547,0.9606336840207932,False,0.8010933333333333,10,True,"[192, 110]",3,0.1271820472862339,0.1331575412917944,0.9551246294607818,False,0.7716213333333334,10
2686849571,98,38410,"A squatting couple outdoors, engaged with a kneeling street performer or vendor reading from a book of manga.",A man in straw hat is looking at pictures on a table.,0,3,0.3377185628742515,True,"[82, 152]",5,0.06813579946194741,0.14560956451100382,0.4679349168494926,False,0.9310718562874252,11,True,"[82, 152]",5,0.024079035046484776,0.044031306123201816,0.5468617028781845,False,0.46894610778443113,6
483039719,99,116729,Teenager standing up with a headband on,Overhead shot of 2 teenagers both looking at a shirt being held up by one of them.,4,2,0.5563293413173652,False,"[440, 136]",6,0.06494870292401704,0.11343930452949426,0.5725414413760828,False,0.5006646706586826,7,False,"[440, 136]",6,0.02356054099598544,0.05997921417871457,0.3928117651855901,False,0.45597005988023953,7
5229996710,100,128880,"A long-haired skateboarder is about to exit a clean nosegrind on a public handrail, unaware of his surroundings while ignoring the negative public perception of skateboarders.",A skateboarder grinds a curb.,0,2,0.23286486486486485,True,"[353, 51]",3,0.08456559457097972,0.1578052744719847,0.5358857291300027,False,0.7266306306306306,10,True,"[353, 51]",3,0.016476847718863707,0.03228605709888721,0.5103394220111073,False,0.4826006006006006,6
5060850038,101,126881,A female athlete is high jumping at the 2010 Barcelona.,"A female gymnast, captured in midair during a jump.",1,2,0.7113173333333334,True,"[181, 134]",4,0.17249694663611448,0.2442077047861702,0.70635341660147,False,0.8311146666666667,12,True,"[267, 329]",12,0.06478435119125202,0.11039813313463989,0.586824698495961,False,0.77208,11
4756010841,102,111916,A Japanese shop with people sitting inside it.,Many people are walking along a sidewalk with a variety of little shops.,1,3,0.9750630630630631,True,"[151, 177]",5,0.11669248360684191,0.11800190112507554,0.9889034201504455,False,0.8218438438438438,7,True,"[388, 293]",9,0.042775946297064785,0.04299574180843893,0.9948879702470674,False,0.40325525525525524,5
3285342629,103,62086,"While visiting the Mayan ruins, a guide points in the direction of more attractions.",Tourists walk among the grounds near a historic site.,1,2,0.4638346666666667,False,"[322, 256]",6,0.08876299231517684,0.19934538801049148,0.4452723647185922,False,0.8474986666666666,12,False,"[322, 256]",6,0.04001704639371037,0.07552731308833033,0.5298354298253644,False,0.7289226666666667,10
185404966,104,12759,A man in a gray shirt holds his hands in the air.,Two people waving their hands in the air and looking up.,4,4,0.8009653333333333,True,"[280, 169]",6,0.12281892942273898,0.14327244665638217,0.8572403995954788,False,0.797264,11,True,"[280, 169]",6,0.05279682094897349,0.05592032091294777,0.9441437403616355,False,0.8530773333333334,12
900144365,105,153906,Two women runners in athletic shorts and bras going down a city street.,"A female runner dressed in blue athletic wear is running in a competition, while spectators line the street.",1,7,0.7750701298701299,True,"[341, 216]",5,0.1413115415766638,0.1963472955881564,0.7197020012593832,False,0.8080051948051948,8,True,"[341, 216]",5,0.022409137956371342,0.024864001888715705,0.9012683499892075,False,0.5492155844155844,6
4795824646,106,114175,"Two women wearing hijab garments walk on a sidewalk, one of the women is carrying a child on her shoulders.",A woman and a few children in an alleyway in between a vehicle and a fence.,0,7,0.7357317073170732,True,"[350, 65]",3,0.12710083565918523,0.16755176680642314,0.7585765168685334,False,0.8039329268292683,12,True,"[243, 192]",8,0.03370485248119655,0.040263424294324474,0.8371084444982883,False,0.5532134146341463,8
3128856481,107,55431,A white duck spreads its wings while in the water.,A flock of birds fly away with food in their beaks.,1,2,0.605139896373057,True,"[151, 221]",9,0.145327601839537,0.20393507940576575,0.7126169870480273,False,0.6048963730569948,10,True,"[55, 98]",4,0.09261886593896589,0.1284864093211777,0.7208456242826924,False,0.6219637305699481,11
4773842539,108,113067,A woman is standing and talking to a group of children.,"A boy wearing shorts, crocs, and a white shirt plays with a yo-yo while another boy looks at his yo-yo in the background.",2,2,0.5504533333333334,True,"[461, 125]",3,0.076214243198388,0.11535451748034839,0.6606957825589426,False,0.915968,10,True,"[218, 186]",5,0.04250848565511133,0.056561378684762374,0.7515461370209335,False,0.47928533333333334,6
2658439322,109,37461,Two men participate in a recreation of a medieval sword fight while a crowd watches.,A man and woman perform a martial arts demonstration with practice katanas in front of an audience in an outside park like environment.,1,3,0.515384,True,"[228, 225]",4,0.1410445201407879,0.22859822658767362,0.6169974380212153,False,0.838716,12,True,"[228, 225]",4,0.09426912631242398,0.10389933854518558,0.9073120929583836,False,0.65398,9
3391716619,110,66513,A man with mismatched shoes sits in front of an entrance.,A man sits on a small chair on a sidewalk.,3,4,0.66562,True,"[159, 309]",10,0.11435360289738493,0.16137856412545593,0.7086046620695315,False,0.692875,8,True,"[193, 79]",1,0.0321463614644612,0.04210979856293571,0.7633938551479049,False,0.754575,9
2558911884,111,33665,A group of boys in swim gear is playing in a field surrounded by trees.,Three children in swimsuites are having fun outside near a white building.,0,7,0.9540481927710843,True,"[326, 287]",9,0.17060095736432512,0.18197210381244006,0.9375115954045613,False,0.923421686746988,9,True,"[197, 179]",4,0.06812158331205767,0.06898999604836889,0.987412483170714,False,0.8755,8
378434971,112,81975,"A bulldozer works to demolish a decrepit building; in the background, another brick building waits for its demise, its face covered with a grid of blackened window-holes.",A man using a bulldozer on a construction site.,0,4,0.7671359516616314,True,"[150, 252]",7,0.1533192883604143,0.203440408090131,0.7536324263195966,False,0.9056616314199396,10,True,"[241, 264]",8,0.06832146598352111,0.085687607215085,0.7973319387017888,False,0.5981510574018127,7
394707439,113,85546,A gray-haired man singing in a crowd and playing an acoustic guitar.,A man in a black windbreaker strumming on a large stringed instrument on the sidewalk in front of a building.,1,3,0.9946958762886597,True,"[161, 295]",11,0.22584019455562543,0.22703729393459227,0.9947273007080867,False,0.7386494845360825,10,True,"[179, 57]",1,0.06951824724183295,0.07024803165003592,0.9896113187649351,False,0.5420773195876288,8
1749702972,114,11595,Several people walking past a food cart on a city street.,A man in an orange visor crossing the street with a ice cream vendor in the background and a woman about to cross the street as well.,0,4,0.7983123123123124,True,"[399, 167]",4,0.13835494898288087,0.14761404693126678,0.9372749535638893,False,1.0,8,True,"[399, 167]",4,0.013813250796067704,0.015909094123129772,0.8682613031992197,False,0.3943303303303303,3
3974197857,115,86250,Military men in blue and red suits stand in the street.,Men in uniform are standing on a street.,0,13,0.79372,True,"[379, 204]",4,0.1645992520849613,0.19062820076942444,0.8634569881087708,False,1.0,7,True,"[326, 302]",6,0.04996622773686848,0.05079133773133867,0.9837549072081027,False,0.8781542857142857,6
4830651041,116,116758,Two female soldiers standing in a crowd.,A group of Asian students in their uniforms.,3,6,0.8574174174174174,True,"[37, 190]",7,0.09167306607950053,0.10304822676574157,0.8896132321412956,False,0.7627687687687688,9,True,"[72, 291]",11,0.04203955808762135,0.0447957509892512,0.9384720014563167,False,0.47775975975975976,6
7446693604,117,147448,A man is leaping over a barrier away from a bull.,"A man being hit by a bull during an event, as another man runs to help.",3,9,0.3864324324324324,True,"[135, 250]",9,0.12851080679769736,0.2091978202440434,0.6143028003245006,False,0.8140720720720721,10,True,"[240, 93]",3,0.024396922050617352,0.05406678846517929,0.45123675260145585,False,0.6061681681681682,8
367400736,118,78373,A street vendor is displaying artwork and other goods.,A man prepares his local stand for the days business.,3,12,0.3011044776119403,False,"[272, 83]",3,0.06717770266059551,0.1923213833224801,0.34929918608142224,False,0.8796537313432836,10,False,"[71, 40]",0,0.02544343840052712,0.0788394594106658,0.3227246684683001,False,0.7428238805970149,8
5829317322,119,134912,"Two young ballerinas pose before a sign reading ""babys"".",Rhythmic gymnasts are new to the competitive olympics.,2,5,0.6667506297229219,True,"[141, 191]",4,0.11086942536220128,0.1730035188440079,0.6408506954252701,False,0.7379244332493703,11,True,"[57, 76]",0,0.03388230218176369,0.05474640919330531,0.6188954249424454,False,0.6683979848866499,10
4587060991,120,102242,Two men are having a conversation in front of a souvenir shop in Rome.,Merchants and customers at a market.,2,2,0.30582758620689654,True,"[180, 205]",5,0.04534075342892769,0.14727839395921177,0.3078574678203284,False,0.8435467980295567,10,True,"[392, 216]",6,0.029176512830008692,0.04835781440639578,0.6033463916464724,False,0.5444975369458128,7
3969232921,121,86012,Security officers are standing near a sporting event tent.,Two police officers observe while a crowd gathers outside a white tarp.,2,3,0.6839252336448598,False,"[173, 342]",8,0.11349373511000037,0.1449127996300058,0.7831864086524778,False,0.7645919003115265,9,True,"[39, 318]",7,0.03251746320402243,0.03373429566788461,0.9639289204125693,False,0.5070654205607477,5
2870426310,122,45325,Three little children in a grassy yard running towards the camera.,"4 kids playing, one in a red dress one in a pink shirt, one in a white shirt and a little boy with his arm through a green toy.",0,4,0.7379719887955182,False,"[309, 59]",1,0.0835228958752259,0.1523958192122798,0.54806553294538,False,0.8046442577030812,9,False,"[309, 59]",1,0.01726038661165829,0.0444228666554758,0.38854733859303253,False,0.3693501400560224,4
4637947642,123,104662,Young man with a cigarette placing food on a paper plate.,A man in a blue and white t-shirt is grilling outdoors.,2,4,0.4480240963855422,True,"[175, 267]",10,0.16734757537183167,0.19759518041534235,0.8469213420087948,False,0.7110120481927711,8,True,"[175, 267]",10,0.06275115268229828,0.0737596047549515,0.8507522903732179,False,0.6668192771084337,8
1489286545,124,8618,A man and his dog watch the sunset from a bench.,A woman with a dog sitting on a bench near the ocean.,3,4,0.8691111111111111,True,"[348, 54]",3,0.1811079175347589,0.18760488854244087,0.9653688608108302,False,0.7752252252252252,11,True,"[87, 188]",9,0.10351516469966889,0.10632225403204518,0.9735982898600867,False,0.6804564564564565,10
6887015851,125,142851,"Two little boys smiling and holding a tiny, black puppy.",A black and a brown dog are running toward the camera.,1,3,0.9939413333333333,True,"[443, 285]",11,0.24332259044880847,0.24523162451673267,0.9922153838368675,False,0.8362506666666667,12,True,"[443, 285]",11,0.1718507930178289,0.17307730359809054,0.9929135100052763,False,0.8429813333333334,12
6317293855,126,139086,"Young man sitting on a skateboard, holding a cellphone, and posing on the escalator.",A boy is sitting down while smoking.,1,4,0.990018018018018,True,"[136, 160]",3,0.2192968354082182,0.2212323741450708,0.991251105339658,False,0.8787267267267267,11,True,"[37, 356]",9,0.112205317683125,0.11360814027379906,0.9876520944072034,False,0.7462762762762762,9
3155400369,127,56390,Several people in yellow and black uniforms are lined up carrying drums.,People are holding various types of drumsticks above different kinds of drums.,0,16,0.9091093333333333,True,"[78, 301]",9,0.22082788982336696,0.23563140630722046,0.9371751129620115,False,1.0,10,True,"[78, 301]",9,0.11001865853906963,0.12575866842578104,0.8748395630794971,False,0.8600746666666667,8
2844641033,128,44350,A black boy in orange and white trucks on playing in the sand.,A bare chested smiling child plays in water.,0,2,0.8965151515151515,True,"[252, 112]",2,0.12496989097132329,0.1406521052122116,0.888503522807373,False,1.0,13,True,"[131, 337]",8,0.05165013603349761,0.05849231835471518,0.8830242583355219,False,0.6069030303030303,8
4808471657,129,115031,A group of three people climb a path of wooden stairs up a rocky hill.,A boy in blue shorts and a white shirt begins repelling down a rock.,1,5,0.754,True,"[207, 220]",4,0.1776614402405366,0.17768544844590828,0.9998648836717825,False,0.5794293333333334,8,True,"[275, 427]",10,0.0646984932248775,0.06470259779853123,0.9999365624597252,False,0.44567466666666666,6
4914029409,130,121575,A little boy with a blue bike helmet and a woman in a green bike helmet are riding bikes down a street with other various bike riders.,A group of kids playing on bicycles on a trial.,0,21,0.8502102102102103,True,"[232, 132]",3,0.1592664171737993,0.17485944220573102,0.9108253758834154,False,0.45935735735735733,6,True,"[49, 120]",4,0.02256186811158536,0.024114893874778862,0.9355988970443793,False,0.5843483483483484,7
271396631,131,39546,A young red-haired man is fishing and caught some seaweed.,A person rappelling a cliff above a body of water.,1,2,0.2616336336336336,False,"[154, 83]",1,0.03270123244642603,0.13344719779156738,0.24504997472859968,False,0.7903423423423424,10,False,"[471, 193]",7,0.010002050431504634,0.03829863964041157,0.26115941781260477,False,0.46707507507507506,6
4972129585,132,125347,Several elderly men are grouped around a table.,Eight men gathered around a table at night.,2,9,0.7386186666666666,True,"[62, 55]",0,0.15824091691376604,0.20272237796091458,0.7805794234728014,False,0.781632,11,True,"[62, 55]",0,0.04652142373233274,0.0550373158054537,0.8452705778162766,False,0.531424,7
7900347098,133,150555,A girl with orange hair and tattoos takes a picture of a painting with her phone.,A tattooed blond woman is holding a purse.,0,5,0.24216216216216216,True,"[191, 268]",8,0.09512533132361245,0.1562664430537726,0.6087380595901771,False,0.7778198198198198,11,True,"[191, 268]",8,0.027040524311363386,0.06378327635602622,0.4239437961830038,False,0.711945945945946,10
86350713,134,153370,"There is lady with the white apron has an utensil standing over a wok, a man in blue shorts and blue shirt sitting down, a person in a pink shirt and others are in the background all in one place.","Woman wearing a yellow hat, pink shirt, and red apron is holding food in a kitchen.",0,9,0.2345165165165165,False,"[370, 175]",7,0.06988508208715652,0.20140133925848097,0.3469941279658778,False,0.8210690690690691,11,False,"[446, 286]",13,0.006942992844539094,0.051386746042278435,0.13511252179359146,False,0.5033273273273273,7
2268207503,135,22010,"A lady pushes a stroller, behind a child, riding a tricycle, while another child walks along side.",A child walks next to a woman down a park path.,0,5,0.069712,False,"[36, 337]",8,0.03921844105685409,0.16807720727019676,0.23333586804430595,False,0.768464,11,False,"[36, 337]",8,0.017014138836035204,0.06439423028369055,0.2642183742406571,False,0.445552,7
4494095559,136,98195,"A man on a skateboard waits at the corner of a city street, with an overpass in the background.",A man is skateboarding on a road while another man watches from the sidewalk.,0,3,0.1356996996996997,False,"[334, 127]",3,0.027761127846258334,0.17929587028612648,0.15483417326877735,False,0.8399219219219219,8,False,"[181, 140]",4,0.007825557692044864,0.043590602555615456,0.1795239623508429,False,0.7205045045045045,7
400598822,137,86880,Two men are barbecuing their food while another prepares the meat.,A man in white apron and blue shirt is cooking eggs outside for a woman in a tan coat.,0,13,0.6391733333333334,True,"[276, 302]",10,0.13872664881528524,0.1816796999349471,0.7635781480537354,False,0.7125066666666666,9,False,"[388, 319]",11,0.006683234045700071,0.012448141857369793,0.536886076835904,False,0.361648,4
2872099696,138,45372,A man creates a sculpture with a hammer and chisel.,A woman wearing a hat with making bread.,2,4,0.6100344827586207,True,"[175, 437]",11,0.0733106032975685,0.14371058414565205,0.5101266808801466,False,0.9238448275862069,13,True,"[175, 437]",11,0.042178381285651025,0.05131940155030297,0.8218798351400888,False,0.4682586206896552,7
14559446,139,7881,Two men wearing hats and using walking sticks are walking near a body of water during sundown.,Three men are walking up hill.,1,6,0.227225,True,"[57, 267]",10,0.04762359540719744,0.1395815759897232,0.3411882626307627,False,1.0,12,False,"[230, 219]",8,0.019119503354859922,0.0648653648028391,0.29475673825275517,False,0.8509666666666666,9
4817447781,140,115724,Pedestrians walk by outside a cafe.,A group of people walk along a sidewalk.,4,7,0.6227231121281465,True,"[87, 204]",5,0.08836121805463319,0.13802648745908466,0.640175807421211,False,0.8560823798627002,9,True,"[153, 185]",6,0.03490425965850483,0.037237779323186275,0.9373346180386092,False,0.3310983981693364,4
4813957025,141,115457,An older man in a tropical shirt plays a drum.,An African American man with a black hat and black tank top plays the drums on some buckets for donations.,2,3,0.7703123123123123,True,"[101, 117]",2,0.15196060576391077,0.18059857844541446,0.841427474523785,False,0.8453393393393394,9,True,"[101, 117]",2,0.04335754306404394,0.05762096112664643,0.7524612956168399,False,0.43387987987987986,5
7249763658,142,146252,A man in a striped polo is signing autographs for children at a convention.,A boy with writing on his hand is standing in a store.,2,4,0.7197314285714286,True,"[403, 304]",7,0.17409900404967762,0.22714221477508545,0.7664757703541333,False,1.0,8,True,"[209, 68]",1,0.0965470192637207,0.12101059881338955,0.7978393645717419,False,0.8528114285714286,7
3591283677,143,75022,Little boy playing tennis with a black and yellow racket.,A child jumping on a tennis court.,2,2,0.36608955223880596,True,"[256, 267]",9,0.0939436109507944,0.13351126933767712,0.7036380630401462,False,0.8883283582089552,10,True,"[256, 267]",9,0.04289687604316649,0.053148501482515514,0.8071135562924282,False,0.6869492537313433,7
3344531479,144,64512,A man in a orange shirt and white shorts playing tennis.,A tennis player strikes the ball.,2,3,0.5633,True,"[199, 126]",4,0.16432385683761513,0.22186355264072138,0.7406527790696467,False,0.536095,9,True,"[199, 126]",4,0.0774725242604967,0.09249153739239573,0.8376174344666711,False,0.363885,6
416992999,145,90140,A girl wearing glasses is in a blue harness while rock climbing.,A boy in blue shorts and a white shirt begins repelling down a rock.,0,3,0.11821333333333334,True,"[235, 185]",7,0.05733352728900317,0.1835861255455441,0.312297713776741,False,0.6926506666666666,10,False,"[468, 312]",10,0.01837980614717529,0.058397393408962925,0.31473675577366317,False,0.4755413333333333,7
7194590496,146,145927,There is a goalie in a swimming pool blocking the ball.,Soccer players are jumping in the air to hit the ball with their heads.,2,4,0.5713393393393393,True,"[185, 179]",6,0.07758364800530636,0.1381377046730055,0.56163990989252,False,0.7864924924924925,9,True,"[158, 272]",9,0.03755960792766881,0.05858837145512706,0.6410761554694481,False,0.8696696696696696,10
3665179773,147,77940,"Two teenage girls hugging, one wearing a bicycle helmet, with cyclists in the background.",Two people on a bicycle are posing for a picture,0,6,0.7426807228915663,True,"[232, 72]",3,0.19630910545695146,0.23919111041839647,0.8207207413083404,False,0.9588373493975904,11,True,"[232, 72]",3,0.14814211059814264,0.17056712209451835,0.8685267640035043,False,0.8235180722891566,10
4846324908,148,117545,"Three people, two in black and one in yellow, are seated on a wooden bench, only their heads and shoulders visible, in front of a sign for a furniture showroom &amp; restaurant.",Asian people sitting at a restaurant with yellow chairs.,0,11,0.2857816901408451,False,"[349, 169]",8,0.08670575131304198,0.17003229956922458,0.5099369445258947,False,0.797725352112676,10,False,"[191, 51]",1,0.014504998879342977,0.10750014285369712,0.13493004282872098,False,0.5205633802816901,6
102617084,149,447,"Five people wearing winter clothing, helmets, and ski goggles stand outside in the snow.","Two large black dogs, one small black dog, and one large white dog are standing in some snow.",2,26,0.8611466666666666,True,"[198, 151]",5,0.13377137385569357,0.16888355285781792,0.7920923712939347,False,0.883152,12,False,"[146, 64]",1,0.08398799654450854,0.10767656716740158,0.7800025460872548,False,0.5427946666666666,8
1255504166,150,3772,A young boy plays in the water with the mountains in the background.,A child with shoulder-length brown hair is playing in water outdoors.,2,3,0.6703303303303303,True,"[182, 165]",5,0.17717197758879163,0.20671162009239197,0.8570973296498897,False,1.0,12,False,"[237, 39]",1,0.011825940140247206,0.03866084189023631,0.30588935889763474,False,0.360960960960961,5
2346401538,151,25080,A woman with a blue hat and blue and red jacket setting up a camera on a tripod.,Three young girls in winter coats and hats inspect cameras.,0,4,0.5530807453416149,True,"[339, 268]",10,0.19509228766983316,0.26770177296497943,0.7287672603324709,False,0.7297391304347826,8,True,"[339, 268]",10,0.10683880655337628,0.13975803998456962,0.7644555301803898,False,0.6569875776397516,7
4800006797,152,114430,Graffiti with saying CRAZI with bright green and pink with women in a red skirt walking by.,A group of people walking up stairs surrounded by buildings covered in graffiti.,0,4,0.49677170418006433,False,"[247, 257]",9,0.1115587978069205,0.18865607651293584,0.5913342409581549,False,0.718064308681672,7,True,"[404, 152]",5,0.05874714768043845,0.078312610303857,0.7501620422623695,False,0.6494405144694534,6
4752074240,153,111635,"Two nuns, one with paper in her hand, and the other holding a bag.",A woman wearing all black looking at something.,0,5,0.9018313253012048,True,"[275, 150]",5,0.19131109431267324,0.19530648732234926,0.9795429580222713,False,0.7190783132530121,8,True,"[275, 150]",5,0.11445865612062289,0.11940062047541294,0.9586102288655384,False,0.7477590361445783,9
464340358,154,104906,Three men with hard hats in front of a large hole in the ground.,A man in a reflective vest stands in a hole in the ground.,1,7,0.39734131736526945,True,"[249, 272]",10,0.0907028431739943,0.167366073830719,0.5419428268702469,False,0.9447844311377246,11,True,"[156, 282]",8,0.06567227372777938,0.08843646010097105,0.7425927457159526,False,0.6914550898203593,7
374124237,155,80995,"A woman is propping her leg up revealing cleavage, a great tatoo, and some kicking boots.","A drunken woman in a blue dress, black tights, and black leather pumps, laying on a couch, smoking a cigarette, laughing.",0,5,1.0,True,"[109, 104]",1,0.15935078271145414,0.15935078271145414,1.0,False,0.8419253333333333,11,True,"[109, 104]",1,0.06195396046830285,0.06195396046830285,1.0,False,0.763008,10
2729685399,156,40115,Three people standing near each other wearing coats with other people in the background,"A man in a brown coat, with a fancy scarf, waits next to a woman and a man wearing headphones.",0,9,0.9437973333333334,True,"[57, 135]",3,0.16004311175344857,0.164686419125287,0.9718051591837333,False,0.835232,9,True,"[160, 377]",7,0.038157251053273604,0.03938989841118291,0.9687065108662644,False,0.473872,6
2773744784,157,41820,A man with glasses wearing a tuxedo and corsage stands near a man in a suit at a formal event.,A man on a brown coat is talking to a man with black pants and a man in a suit.,0,6,0.9108851540616246,True,"[67, 166]",6,0.16255094603210263,0.17591781576468898,0.9240163955283179,False,0.81303081232493,11,True,"[313, 258]",9,0.07254043527335749,0.07440788410535823,0.9749025408469281,False,0.8163025210084034,11
4709819574,158,108996,Harnessed Asian child lying on ground in front of stroller.,"A lady pushes a stroller, behind a child, riding a tricycle, while another child walks along side.",1,2,0.3456516516516516,True,"[237, 138]",4,0.06886788922996943,0.15682946505200585,0.43912595893336953,False,0.8886606606606606,10,True,"[237, 138]",4,0.03396696338297247,0.06796476623126493,0.49977312167002047,False,0.3046726726726727,4
3815960082,159,82661,A blond child sleeps with her book open and resting on her chest.,"A little girl in cuffed jeans, a long-sleeve pink shirt and no shoes is sleeping on the sofa.",1,3,0.996996996996997,True,"[273, 145]",7,0.18744060592678696,0.18775656519994413,0.9983171865504639,False,0.8583603603603603,11,True,"[273, 145]",7,0.10502171400904442,0.10526895287520495,0.9976513600695389,False,0.7485285285285286,10
1916798494,160,13391,A large group of kids in a room sitting on front of there computers with orange barriers separating them.,Several people are sitting at tables within a large classroom having a discussion.,1,4,0.6526906906906907,False,"[253, 75]",2,0.13684627778036362,0.203088353867736,0.673826318319989,False,0.8091171171171171,8,False,"[361, 105]",3,0.04965045662209329,0.07313126685361476,0.6789224193459893,False,0.636,6
246231741,161,29737,A German shepherd barking at another German shepherd in a forest.,Two brown and white dogs play roughly in a clearing of a wooded area.,2,2,0.5962613333333333,False,"[360, 57]",2,0.063879668150223,0.13077513857734135,0.48846951221117696,False,0.7842986666666667,10,True,"[339, 159]",5,0.045197029559821,0.05203374672028947,0.8686099389071548,False,0.46697066666666665,7
3514194772,162,71660,A brown dog with white paws is trotting through a field of green grass.,A brown dog running to catch a Frisbee in a field of grass.,0,5,1.0,True,"[338, 74]",4,0.13086499150036318,0.13086499150036315,1.0000000000000002,False,0.7705765765765765,11,True,"[333, 268]",10,0.032854312389162234,0.03285431238916223,1.0000000000000002,False,0.6623903903903904,9
502529086,163,126575,A man with gray hair and a bear sits in a chair on the street with a guitar by his side.,A man sits on a small chair on a sidewalk.,0,4,0.32205866666666666,True,"[229, 58]",1,0.06921104893536913,0.14743716917383348,0.46942741320383685,False,0.796496,8,True,"[229, 58]",1,0.011833287885088436,0.041476469970066876,0.285301229676209,False,0.39293866666666666,5
6439261679,164,139943,Two sweepers work frantically as their curling teammates look on.,A man is guiding the hockey puck across the ice while an opposing player races towards it.,3,4,0.4699879518072289,True,"[339, 276]",10,0.08551653018346796,0.18057556960600685,0.47357751865357123,False,0.8737048192771084,11,False,"[289, 157]",5,0.05067188970290032,0.08742335999954667,0.5796149873805247,False,0.8556807228915663,11
4562512283,165,101200,Man standing at a counter in a convenience store with a woman on the other side of the counter wearing a white shirt looking at him very expectantly.,"A woman with long brown hair wearing a white sleeveless shirt, a man with long brown hair wearing a green t-shirt and tattoos on his arms, and another woman with black hair wearing a green dress, also with tattoos, are in the checkout line at a supermarket.",0,5,0.7602116991643454,True,"[141, 164]",3,0.14479672920303566,0.1690103159937495,0.8567330837272127,False,0.7546629526462395,9,True,"[214, 364]",7,0.06994610467316867,0.0777519078631209,0.8996062809970652,False,0.6057994428969359,7
5829827359,166,134921,A small group of women in traditional dark blue and white kimonos and sandals dancing in front of a tall brown brick church.,"A woman holds sticks attached to large striped banners, causing one to launch its banner in a wide loop through the air.",1,14,0.8171728813559322,True,"[152, 369]",8,0.20867402282589165,0.21772293552462588,0.9584384039424696,False,0.8438508474576272,11,True,"[138, 154]",4,0.11049570921214036,0.11083258537886437,0.996960495276976,False,0.5266033898305085,6
7890007278,167,150526,"Bicycle rider wearing black, riding down a dirt trail in a mountain bike.","Men, surrounded by nature, are riding mountain bikes.",1,3,0.16996396396396396,True,"[353, 151]",5,0.07240472662277159,0.15251843568158804,0.47472770291147337,False,0.7973273273273274,12,True,"[353, 151]",5,0.020135573663418473,0.045335190045037374,0.44414887515449203,False,0.6243483483483484,9
136693281,168,6010,"A father and daughter holding a young tree upright, ready to be planted, as the son stands to their side wielding a shovel.",Some children are outside playing in the dirt where two trees are.,0,6,0.5254834834834835,True,"[276, 257]",10,0.13662533691440715,0.20490176316638853,0.6667845840031247,False,0.7531771771771771,12,True,"[288, 129]",5,0.08305585573810904,0.11115384149132787,0.747215342481789,False,0.6773153153153153,10
1664475761,169,10697,Two young men are loading fruit unto a bicycle.,A group of five dark-skinned people sitting at what looks to be a farmer's market right behind a fruit that is green and spiky.,2,4,0.519957957957958,True,"[102, 266]",5,0.11068249103024637,0.16418279201991604,0.6741418492677365,False,0.8278738738738739,10,True,"[51, 366]",9,0.061874320723757655,0.07796032385566429,0.7936642341085158,False,0.3929129129129129,6
3425756814,170,67901,A tennis player in a green striped shirt is holding his hand up to his mouth.,The tennis player holds his racket in preparation for the ball.,1,4,0.5704,True,"[176, 116]",1,0.11793253319534765,0.17952434743367224,0.6569166515918932,False,0.742935,7,True,"[176, 116]",1,0.04127786472868658,0.07044159322996982,0.5859870970539698,False,0.655445,7
4786476156,171,113755,A man with an orange shirt and sunglasses along with a young boy and train conductor ride a children's train through a park.,Two adults and two children pose on a park bench.,0,6,0.807065868263473,True,"[174, 269]",11,0.18046437789925485,0.23123080449153804,0.7804512824149215,False,0.894437125748503,13,True,"[266, 221]",10,0.1635908624319574,0.17846469266335624,0.9166567346771731,False,0.51862874251497,7
624080960,172,138355,A guy inside a sports arena wearing a yellow shirt and black cap is holding up a red bag containing snacks and a bottle containing something to drink.,"A many in an orange t-shirt, tan shorts and tan and black baseball cap is moving a tall metal cart with sheets of pretzels that is surrounded by similar carts.",0,4,0.381189448441247,True,"[223, 308]",7,0.15350853059830225,0.2790031787659393,0.5502035183874492,False,0.8840191846522781,11,True,"[321, 372]",12,0.0786901520858315,0.13961708085722974,0.5636140764631716,False,0.6237218225419664,7
45543081,173,100772,Two men are sitting in a horse drawn cart with potatoes in the back.,Mexican villagers are buying potatoes at an outdoor market.,2,5,0.446024,True,"[292, 191]",4,0.07133967403483363,0.1208896678936263,0.5901221773361732,False,0.930184,12,True,"[146, 392]",9,0.04358091617005431,0.050493737895841766,0.8630954646287586,False,0.357456,5
277119391,174,41688,A boy is leaning up against a car adorned with flowers.,A man on a city street takes a picture while a taxi and bus drive by.,3,3,0.7392488262910798,True,"[150, 150]",3,0.16518022858215778,0.2072149894697241,0.797144207592627,False,0.8731877934272301,10,True,"[150, 150]",3,0.10176889346532421,0.1183711111170682,0.8597443456003001,False,0.5755258215962441,7
3224375029,175,59531,Four females of Asian descent are wearing golden dresses while performing point ballet.,Several men are wearing martial arts uniforms while they perform some moves in unison.,1,8,0.9265075528700907,True,"[303, 230]",7,0.1887422423091618,0.19254554217850714,0.9802472712361249,False,0.7175226586102719,9,True,"[303, 230]",7,0.08444575359028282,0.08581880510610956,0.9840005752337259,False,0.351583081570997,6
3970114165,176,86043,Two men in blue shirts looking at a soccer game.,"A group of people stand, talking at a soccer game.",3,4,0.7579880239520959,True,"[310, 126]",4,0.13070529708278977,0.17533001377431548,0.7454815879443975,False,0.7004790419161676,8,True,"[372, 260]",8,0.04901437635262075,0.05202588319149255,0.9421152193075263,False,0.583437125748503,6
2725508159,177,39982,"A girl is kayaking in a blue boat, on a blue lake wearing an orange life jacket.",A man in an orange kayak and a man in a blue kayak paddle around a beautiful lake.,2,4,0.5226666666666666,True,"[197, 220]",8,0.13680930448667372,0.15558120547680715,0.8793433889870984,False,0.68144,9,False,"[252, 142]",6,0.01479330251475874,0.022097638514327857,0.6694517382555123,False,0.49068266666666666,7
7037413229,178,144830,A man who wearing blue color jacket and light green color trouser is cleaning his fishing nets after went for fishing.,A man throws a fishing net into the bay.,0,4,0.16626133333333334,True,"[365, 180]",5,0.045380840481374064,0.15418798068020187,0.29432151767716275,False,0.8225546666666667,8,True,"[365, 180]",5,0.015696877258856483,0.07827877374305096,0.2005253341139614,False,0.7830293333333334,9
164969525,179,10565,"Three people dancing acrobatically in a subway station, with one girl in a skirt doing a cartwheel over another person bending over.",A group of young teenagers are jumping at night making funny poses for the camera.,0,5,0.37944,True,"[166, 280]",8,0.09245460657241057,0.18177942553110327,0.5086087509754572,False,0.8464746666666667,10,False,"[152, 56]",1,0.04086496167424884,0.10671373071499855,0.3829400527977727,False,0.7440266666666666,9
6502187283,180,140289,A football player wearing white and green has a football.,A University of Miami player holds a football.,4,3,0.825027027027027,True,"[285, 129]",5,0.1607159495416141,0.1837579727734127,0.8746066748341248,False,0.697033033033033,7,True,"[285, 129]",5,0.0447547407133286,0.05255216499955042,0.8516250608078939,False,0.6371531531531531,7
616564448,181,137479,A row of bikers wearing red and black.,Two Black women in a brown motorcycle amidst many other motorcycles with the woman in the rear giving a smile to the camera.,4,7,0.47847466666666666,True,"[424, 265]",6,0.14005751655731788,0.20252074892438576,0.6915711960437718,False,0.729744,6,False,"[212, 123]",1,0.03245051275786579,0.06245324117365188,0.519596936012285,False,0.799712,8
1287704027,182,4282,A woman at a fish market is looking at the fish that are frozen.,People are shopping for fish at a market.,2,3,0.31467867867867866,True,"[333, 40]",3,0.06440344193060228,0.1687690019607544,0.3816070556936675,False,1.0,12,True,"[436, 283]",10,0.025604429805198142,0.050038795553993806,0.5116915689461383,False,0.45926726726726724,6
5244864049,183,129095,A man in a white shirt playing a white guitar standing in front of a microphone with the light casting a somewhat reddish hue on his shirt,"A man with short dreads, and solemn expression, playing guitar.",0,4,0.6790773333333333,True,"[223, 214]",4,0.148666937083241,0.17759217891570087,0.837125474730562,False,0.7743306666666666,9,False,"[80, 323]",8,0.045772860242377596,0.06368097637600661,0.7187838950852464,False,0.7482133333333333,9
133010954,184,5115,A man in a military-type uniform is standing in the street listening to another man who has a piece of paper in his hands.,A man in a hat and a man in glasses talk on the side of the road as a man walks past them.,0,5,0.42586206896551726,True,"[136, 341]",9,0.08665568823698544,0.14868404891784828,0.5828176517096659,False,0.6958160919540229,11,True,"[132, 236]",8,0.039215425370246255,0.05651020520554667,0.6939529811935125,False,0.4016954022988506,7
4337180031,185,93330,A kid in a red and black coat is laying on his back in the snow with his arm in the air and a red sled is next to him.,An Asian girl in glasses is laying in a deep pit of snow.,0,5,1.0,True,"[195, 338]",12,0.17006185650825506,0.170061856508255,1.0000000000000002,False,1.0,13,True,"[300, 223]",7,0.11589080242680663,0.11589080242680662,1.0000000000000002,False,0.5485973333333334,8
3773310720,186,81738,A man in brown building a raft.,A fisherman is handling a net on a small boat near a dock.,3,3,0.9199733333333333,True,"[184, 330]",11,0.1377333749752177,0.1411334936567281,0.9759084920707743,False,0.8346186666666666,10,True,"[273, 275]",9,0.05010776620950572,0.05284817381877062,0.9481456517558691,False,0.6388906666666667,7
4796827555,187,114237,A train stop with a band including a tuba and drum.,"Three men are dressed in strange costumes, two are carrying musical instruments.",2,9,0.7648070175438596,True,"[307, 94]",2,0.18130801292287121,0.20395841476750876,0.8889459801378794,False,0.9443859649122807,13,True,"[307, 94]",2,0.06669067722314764,0.08739808233966717,0.7630679694316232,False,0.8504912280701754,12
2165461920,188,18505,Four white dogs are running and jumping with masks over their mouth.,Three gray dogs jump at a woman.,0,11,0.5080830670926517,True,"[240, 125]",5,0.18182040731621843,0.2124997323538866,0.855626523865092,False,0.6608370607028754,9,True,"[240, 125]",5,0.10330635267110544,0.11053358015444913,0.9346150963965426,False,0.5121022364217253,6
4469735380,189,97178,An Asian man is cooking eggs in a pan outside while a woman watches.,An asian woman demonstrating cooking with margarine in a public place,3,7,0.48506666666666665,True,"[313, 211]",7,0.13691712098491543,0.2086836097194726,0.6560990638841698,False,0.816288,11,True,"[313, 211]",7,0.04683680222294527,0.07358091041223266,0.6365346930412369,False,0.6181706666666666,9
3780768589,190,81907,Four black men are sitting on the steps of a church.,Four men sit on the found in front of a church or synagogue.,2,5,0.4962402402402402,True,"[315, 199]",5,0.1292023245607772,0.20595222108763586,0.6273412536094943,False,0.8413153153153153,9,True,"[315, 199]",5,0.04480139589522819,0.0842047284237945,0.532053208101889,False,0.7916816816816817,8
1313869424,191,4860,"A shirtless man is fishing, standing on large rocks that rest next to a boardwalk with a tall lamp post in the forefront.",A child in colorful shorts is standing on a post in the street.,0,6,0.38055255255255255,False,"[170, 380]",10,0.13790319575097448,0.2583551875499895,0.5337736666282012,False,0.8557657657657658,12,False,"[170, 380]",10,0.057409232748535044,0.10502643104793427,0.5466170008417535,False,0.5781861861861862,8
3256456935,192,60890,The girl with the red belt is kicking a pad that the person in black is holding.,A girl kicking a stick that a man is holding in tae kwon do class.,0,5,0.6613630289532294,True,"[89, 51]",0,0.10474740577838153,0.1543934362920974,0.6784446819371881,False,0.9470512249443207,11,True,"[174, 340]",7,0.04087020017235558,0.04492849864158743,0.9096720657948861,False,0.502988864142539,5
4752799475,193,111696,"A woman in a tank top, walks through a market on her cellphone.",A young girl plays as a woman talks on phone.,1,3,0.4268468468468469,True,"[352, 61]",2,0.10429742806858064,0.1734339363618163,0.6013668965628289,False,0.8636756756756757,11,True,"[352, 61]",2,0.02781071048056388,0.07804436591128058,0.356344883526616,False,0.4305285285285285,6
6224066807,194,138181,A guy dressed in a white uniform with a number 3 on it playing soccer.,Soccer players in blue and white fight for the ball in midair.,1,3,0.49123555555555554,True,"[376, 146]",3,0.13384129434145636,0.20772241460147411,0.6443276456141607,False,0.6973333333333334,10,True,"[263, 164]",4,0.03513898484757721,0.059759341740062914,0.5880082314230025,False,0.5876844444444445,9
3339751521,195,64265,A group of traveling people relaxing on top of a hill overlooking a range.,An adult Asian male instructs a group of Asian children.,0,6,0.9863629893238434,True,"[141, 245]",12,0.17615668019889094,0.17793887583285728,0.989984225618912,False,0.7767188612099644,11,True,"[255, 230]",9,0.08614602349062304,0.0864453079086634,0.9965378755043991,False,0.48829893238434163,7
3514685438,196,71687,"A white woman holding a donation check for ""Kids Food Basket.""",A check with a green shirt uses a blowtorch on some food.,2,3,0.7127245508982036,True,"[232, 155]",6,0.1543953195619997,0.19020602181020066,0.8117267691769765,False,0.7215269461077845,11,True,"[232, 155]",6,0.11961827504043747,0.13293445410885443,0.8998289859639179,False,0.6385868263473053,10
4735200580,197,110728,A skinny shirtless indian boy wearing shorts is jumping to the lake.,A boy takes a flying leap into the water.,3,3,0.6222857142857143,True,"[254, 86]",3,0.1512715614233749,0.17857063112595262,0.8471245269703803,False,0.8343311688311689,9,True,"[254, 86]",3,0.023643829074208055,0.0319289091731126,0.7405147775646082,False,0.22762337662337662,4
7001949951,198,144428,A woman paints a brown vase with white flowers.,"A woman, wearing a yellow apron, is taking the lid off of a large pot.",3,3,0.8552349397590362,True,"[282, 353]",10,0.20787069965862795,0.23225998878479004,0.8949914307075896,False,1.0,14,True,"[38, 171]",5,0.1011625594453135,0.10677751256540767,0.9474144603560166,False,0.390933734939759,6
4868221344,199,119139,A man and woman sitting on the sidewalk.,A woman sitting with a guitar talking to a man sitting with an umbrella.,4,2,0.6483283582089552,True,"[287, 67]",2,0.11210173960133922,0.1331903172520057,0.8416658351315031,False,0.7890985074626866,9,True,"[350, 173]",6,0.020685428858412923,0.03240625587636565,0.6383159145978078,False,0.6752238805970149,7
327142149,200,61526,"A woman sitting, a woman sweeping, and a woman holding a shovel.",A young woman sweeping with a straw broom.,1,2,0.24192,True,"[369, 42]",3,0.04744118562750981,0.1572926867489357,0.3016108797431475,False,0.8870613333333334,11,False,"[158, 214]",8,0.005386771100868439,0.027574192125647094,0.19535553666713365,False,0.47940266666666664,6
2961247549,201,48985,"The Dali Lama during a reception where participants have brought carnations, parasols and prayer flags.",Two Indian men participating in a ceremony.,0,8,0.7932394366197183,True,"[15, 304]",6,0.14218543027208824,0.16738075863357807,0.8494729706856794,False,0.7342422535211267,8,True,"[15, 304]",6,0.05280018314258142,0.061589263436688184,0.8572952523918124,False,0.5694535211267605,6
3432637363,202,68251,A man in a turban looks at two police officers who are near a tent and a pile of refuse.,A man wearing black pants and jacket is on a blue scooter next to a crowd of people and a green tent.,1,6,0.8170596330275229,True,"[307, 251]",5,0.1736742225320854,0.19233672544303418,0.9029696337609938,False,0.8250779816513761,10,True,"[268, 363]",9,0.053661771655346496,0.05472533722670958,0.9805653902696465,False,0.4646926605504587,7
3501083764,203,71156,An african family are standing in front of some makeshift houses.,A woman is standing and talking to a group of children.,1,6,0.4498502994011976,False,"[184, 151]",6,0.07151618115259481,0.1725679145739893,0.414423395734622,False,0.9014610778443114,10,False,"[184, 151]",6,0.025527402726384756,0.06810642603867068,0.3748163603811827,False,0.3957365269461078,4
76485985,204,148770,Two girls wearing pink have their hands in or near a fountain in a shopping complex where people throw coins in it.,A girl is playing in the fountain fully clothed.,0,14,0.631328,True,"[176, 159]",6,0.13975322915150962,0.17380192875862122,0.804094811546085,False,1.0,14,True,"[176, 159]",6,0.040737411569051925,0.05160668969579004,0.7893823806407639,False,0.275968,5
251586160,205,31673,A black dog in a red harness jumping.,A black and white dog running through an obstacle course,3,2,0.405328,False,"[69, 60]",0,0.09753207584774089,0.186103372198511,0.5240747370429499,False,0.791384,11,True,"[275, 314]",9,0.04433427317367308,0.08580202686051722,0.5167042644079309,False,0.50296,7
567903453,206,133487,A person in a bright yellow vest and hard hat is standing by the railroad tracks.,A man is observing a small white motor vehicle perpendicular on the tracks against a large blue and gray train.,2,4,0.207416,False,"[417, 453]",11,0.04793720227351576,0.1927970459318062,0.24864075090897148,False,0.78766,10,False,"[240, 458]",12,0.019181088130685787,0.08858151465134889,0.21653601438382838,False,0.54082,7
3278581900,207,61832,Two kids run through gray sand.,Two children playing in the sand.,2,2,0.17461333333333334,True,"[243, 200]",8,0.061541652240440725,0.1363165343725623,0.45146139111960715,False,0.8201066666666667,12,False,"[454, 292]",12,0.0003692495785974203,0.02095800510280473,0.017618546077556068,False,0.48497066666666666,7
6956989138,208,143835,"A large bull targets a man, inches away, in a rodeo with his horns, while a rodeo clown runs to help.",A man is leaping over a barrier away from a bull.,0,3,0.6114203821656051,True,"[329, 196]",6,0.13332380205866276,0.18155492251178895,0.734344187500648,False,0.8915859872611465,10,True,"[164, 200]",5,0.030624586250576305,0.03818450646161815,0.8020160292331959,False,0.5539363057324841,5
2421340833,209,27900,A man with a bright reflective vest and headphones is standing next to a man with a suit and scarf.,A man in a brown jacket holding a red bag is speaking to another man with a white beard and green cap.,0,6,0.8875669515669515,True,"[129, 96]",3,0.20831241824500585,0.22052187918890453,0.9446337887705022,False,0.9213048433048433,11,True,"[341, 139]",4,0.11805969447981617,0.1222351313816894,0.9658409423324046,False,0.6611908831908831,8
4077122969,210,88307,A DJ wearing headphones and mixing some music.,"A DJ in a club, adjusting levels on his mixing board.",2,2,0.6665465465465465,False,"[54, 290]",13,0.0974675757525202,0.12852012178550537,0.7583837798970456,False,0.9635975975975976,13,True,"[387, 267]",10,0.022875716655765595,0.02841199756315195,0.8051428487180197,False,0.6256456456456456,9
2447284966,211,29175,"A small boy dressed in a black sweatshirt with a logo on it, holds a red bat in front of blue stadium seats.",A boy wearing a red shirt digs into the sand with a yellow shovel.,0,6,0.7975315315315316,True,"[165, 233]",4,0.16437265171784657,0.2168832093317526,0.757885556121664,False,0.9421261261261261,7,True,"[273, 155]",1,0.048121749974246945,0.05990375355593267,0.8033177742245357,False,0.7758138138138139,5
3712574653,212,79873,A newlywed couple speak with guests at their wedding.,A man and a woman sitting on each side of a small metal table.,3,5,0.4792106666666667,True,"[344, 147]",4,0.09742616688523813,0.16747641613615455,0.5817306647285362,False,0.934672,12,False,"[271, 316]",11,0.024332767124329354,0.04728717915151191,0.5145743002847605,False,0.7205813333333333,9
3263182360,213,61227,A woman with long curly hair is standing at a podium and speaking.,A woman in the red jacket is holding two multicolored ribbons.,2,3,0.8244384384384384,True,"[51, 157]",3,0.1432176361405409,0.17356163298287433,0.8251687523283009,False,0.7642102102102102,10,True,"[51, 157]",3,0.08534970480003662,0.0962692839157362,0.8865725528273648,False,0.6344564564564564,9
2506460104,214,31291,Four elderly people sitting under a white tent playing musical instruments.,A group of people gather on a outdoor patio.,1,9,0.882176,True,"[278, 271]",9,0.16018054981101013,0.17661759360278304,0.9069342784233592,False,0.8006613333333333,10,True,"[171, 175]",7,0.06222223516144552,0.06392701212515645,0.9733324473170542,False,0.32514133333333334,4
3348384389,215,64635,A brown and white dog with a pink collar is barking at a brown dog with a blue collar in the snow.,Two boxers playfully snap at each other.,0,5,0.996996996996997,True,"[150, 287]",13,0.1381950674583689,0.1388021382702089,0.9956263583587005,False,0.9305405405405406,13,True,"[150, 287]",13,0.050642947569521986,0.05081902016467301,0.996535301259637,False,0.6997717717717717,9
4587901777,216,102299,A group of people gather on a outdoor patio.,A group of spectators sitting in lawn chairs in the street facing a building and drinking beer.,4,6,0.5071351351351351,True,"[163, 260]",7,0.12139949027361441,0.17549985647201538,0.691735553031477,False,1.0,14,True,"[51, 233]",6,0.021056294427863345,0.047874592968901085,0.43982189971915436,False,0.6243063063063063,9
5365075444,217,130420,Two young children working together to operate a bicycle.,"A lady pushes a stroller, behind a child, riding a tricycle, while another child walks along side.",0,3,0.47368,True,"[336, 319]",10,0.11830717374428386,0.2002839988319567,0.5906970823143318,False,0.864624,12,True,"[123, 368]",13,0.044616426515131716,0.06373768739888638,0.7000007112889265,False,0.6948426666666667,9
5995817000,218,136251,A young girl in a white t-shirt and a blue skirt wearing a light colored hat stands in a river next to a big rock.,A blond girl wearing blue jumping across a stream.,1,6,0.5493743315508022,True,"[180, 262]",6,0.1470898108252689,0.195906683454497,0.7508156854660514,False,0.8751336898395722,9,True,"[91, 303]",8,0.05368043474034052,0.07837730343968513,0.6848976984982653,False,0.7976951871657754,9
111497985,219,1703,A woman in a striped shirt climbs up a mountain.,A person rappelling a cliff above a body of water.,3,3,0.5709386666666667,True,"[152, 340]",8,0.09228726039283977,0.13428555050140062,0.687246394330991,False,0.72144,9,True,"[152, 340]",8,0.05932033084566617,0.06312823323969421,0.9396798833325548,False,0.404144,5
2433175169,220,28505,The man is standing on a stone stump on top of a hill with his arms outstretched.,A man stands on a mountaintop.,0,5,0.7175808383233533,True,"[166, 134]",3,0.15535646378206955,0.20841418545090412,0.7454217353101749,False,0.7360239520958084,11,True,"[166, 134]",3,0.06795112918644049,0.08830468334632514,0.7695076479685753,False,0.6577604790419161,10
2751602672,221,40929,A man holds a stick above a jumping dog.,A dog leaps high in the air while another watches.,4,3,0.4052658959537572,False,"[119, 60]",0,0.07026659178027109,0.17325100538810967,0.40557681972963333,False,0.953485549132948,12,False,"[52, 282]",11,0.010793404044515204,0.03746914716734455,0.2880611078845683,False,0.8495260115606936,11
3335965982,222,64066,A man in a black shirt sits beneath a 'no child left behind' powerpoint presentation.,A man in Brazil giving an informal talk to young adults.,1,4,0.557957957957958,True,"[145, 419]",9,0.1290556070802623,0.19009076838739014,0.6789156999842153,False,0.8374954954954955,9,True,"[171, 347]",7,0.07267345575945768,0.10566176950730811,0.6877932869980111,False,0.7867507507507507,8
475816542,223,112097,A black and a brown dog are running toward the camera.,A dark brown dog is biting at a lighter brown colored dog.,2,2,0.3836,True,"[336, 174]",8,0.09616260164596267,0.16123577930282576,0.5964098171123322,False,0.5353235294117648,8,True,"[336, 174]",8,0.04246096219806392,0.07058358285124541,0.6015699470449127,False,0.7088235294117647,11
3532476966,224,72453,Mexican villagers are buying potatoes at an outdoor market.,A group of five dark-skinned people sitting at what looks to be a farmer's market right behind a fruit that is green and spiky.,3,6,0.481392,False,"[437, 38]",2,0.108831918013714,0.23042423422149028,0.47231107605245065,False,0.9538453333333333,11,True,"[365, 77]",3,0.042028681428313015,0.09564948060835304,0.4394031327823296,False,0.8568853333333334,10
4549977232,225,100516,A clean-shaven man getting dressed in a purple shirt and tie in front of the mirror.,A gray headed guy standing in his bathroom shaving his face and neck.,1,3,0.628990990990991,True,"[135, 216]",6,0.20304313546875621,0.25869177053200054,0.7848844014295363,False,0.9518558558558559,10,True,"[135, 216]",6,0.13103260481864648,0.14999016490109204,0.8736079789301736,False,0.8293933933933934,8
4756089627,226,111946,An oriental person in a red shirt and black pants crouching over a purse on concrete.,A man sits on a bench listing to his iPod,1,5,0.6212912912912912,True,"[240, 162]",6,0.17688973669036057,0.2096220750691406,0.8438507091012062,False,0.8018558558558558,9,True,"[240, 162]",6,0.07746180410224553,0.09775183168371519,0.7924332748349937,False,0.7535255255255255,8
4043318461,227,87550,A middle-aged man is using a hammer and metal spike and splitting a log.,A man in blue overalls is sawing wood.,0,4,0.5003324675324675,True,"[151, 433]",14,0.14085731765407564,0.17956027004349437,0.7844570384080853,False,0.7789402597402597,12,True,"[151, 433]",14,0.041639048291363626,0.0697625583641251,0.5968681376911231,False,0.5950753246753246,10
480048562,228,114462,A rhythmic gymnast in a blue and pink outfit performs a ribbon routine.,A gymnast wearing red and white is mid-twirl on an uneven bar.,2,3,0.4531253333333333,True,"[276, 132]",4,0.20071992829240118,0.2968530194301045,0.6761592948515104,False,0.7837973333333333,11,True,"[276, 132]",4,0.10711972710454642,0.12210783172783188,0.8772551734708329,False,0.6470133333333333,9
3232994074,229,59898,An older man plays a game with a small child.,An older woman and a young child in a pink shirt playing with multicolored blocks.,3,3,0.7306426426426427,True,"[157, 292]",10,0.14687076041211533,0.1858551036215914,0.790243353828745,False,0.7357117117117117,9,True,"[157, 292]",10,0.060564297732640326,0.0665161869412575,0.9105196872774222,False,0.5328048048048049,7
5787072819,230,134530,"A woman with long brown hair wearing a white sleeveless shirt, a man with long brown hair wearing a green t-shirt and tattoos on his arms, and another woman with black hair wearing a green dress, also with tattoos, are in the checkout line at a supermarket.",A young man in a green shirt is making a purchase at a store.,0,13,0.9917657657657658,True,"[271, 62]",2,0.2865865246317832,0.28943705558776855,0.9901514650562047,False,1.0,10,True,"[271, 62]",2,0.10474181056864662,0.10546702478058631,0.9931237824007226,False,0.8162462462462462,8
5745120660,231,134217,A rock band is performing in a concert hall with hexagonal roof panels.,"Eight men play instruments on stage, with a guitarist highlighted in lights.",2,4,0.584515406162465,False,"[48, 347]",8,0.07404245991272354,0.16423963976602796,0.4508196682494113,False,0.8661176470588235,10,True,"[173, 145]",4,0.029697842889735756,0.037698059843066394,0.7877817323587788,False,0.3916470588235294,5
1313961775,232,4868,A girl wearing a life vest floats in water.,A young girl wades out into the water wearing safety floatation devices on her arms.,3,2,0.9538461538461539,True,"[298, 58]",2,0.20191300607437435,0.21501669190333228,0.9390573554408087,False,0.6183141025641026,8,True,"[298, 58]",2,0.030948913063550954,0.032986700057300804,0.9382239814770791,False,0.6493589743589744,7
1351500610,233,5589,Two men jumping excitedly at a rocky beach.,Two males playing volleyball on the beach.,4,3,0.5698506666666666,True,"[286, 192]",7,0.12778975492834477,0.17219722445903834,0.7421127450212935,False,0.7614133333333334,10,True,"[435, 201]",8,0.046095096432317705,0.06569886117740434,0.7016118027959225,False,0.45205866666666666,6
4150353377,234,89726,Military Families are marching through New York on a rainy day.,Men in hard hats and industrial equipment march with children and others in a parade.,1,5,0.3711231231231231,True,"[207, 188]",4,0.08450687523318985,0.14736567212734664,0.5734502073194013,False,0.8912192192192192,7,True,"[207, 188]",4,0.0245923759705386,0.037278027220225794,0.6597016474411396,False,0.4943903903903904,5
4758483073,235,112127,A man tests model airplanes in an open field.,A man in dark clothing watches a model airplane fly above an empty field.,2,2,0.15922155688622755,True,"[213, 182]",5,0.06679814934443618,0.1861694641843313,0.35880293063688234,False,0.6910538922155689,9,False,"[171, 81]",2,0.006617425096045315,0.030015974466390028,0.2204634436724713,False,0.5977005988023952,9
2830561413,236,43703,3 kids and one female are playing with blocks in a room.,"4 kids playing, one in a red dress one in a pink shirt, one in a white shirt and a little boy with his arm through a green toy.",3,6,0.36983466666666664,False,"[212, 48]",2,0.0633573805477474,0.16789312767401326,0.37736732542599444,False,0.9537493333333333,11,False,"[339, 42]",3,0.0038568070424978584,0.05000366237943249,0.07713049122746338,False,0.373264,4
3903017514,237,84692,A man is seen through the window that has intricate detail.,A man is standing in the window of a subway car as people walk past.,2,2,0.5431351351351351,True,"[343, 165]",8,0.08488098002924412,0.1535045774532335,0.5529540645464064,False,0.7384444444444445,10,True,"[345, 271]",9,0.03277451586043874,0.04261857843754446,0.769019452595498,False,0.5426066066066066,8
4257593776,238,91590,Three construction workers in orange vests speak to one another in front of railroad tracks.,A person in a bright yellow vest and hard hat is standing by the railroad tracks.,0,7,0.45136,True,"[277, 162]",4,0.13326637723276064,0.2201295563230989,0.6053997448536926,False,0.7889173333333334,8,False,"[47, 82]",0,0.030804375269564647,0.0681804036042571,0.45180687765305716,False,0.6828213333333333,7
450697885,239,98622,"A group of people stand, talking at a soccer game.",Three players bring a team opponent to the ground.,2,8,0.17523733333333333,True,"[84, 213]",5,0.03280783507369622,0.15265311017434705,0.21491756726231112,False,0.756272,9,False,"[358, 282]",10,0.008457670114763099,0.05434275931522777,0.15563563980442036,False,0.4563466666666667,5
7099368287,240,145219,"Two football players, jumping in attempt to win a header.",One soccer player in an orange uniform getting hit in the face by a ball kicked by a player in blue.,4,2,0.6297688172043011,True,"[85, 170]",4,0.08823985667425939,0.13405257207950355,0.6582481432875926,False,0.8099354838709677,10,True,"[195, 449]",10,0.02628571320791557,0.04222178816042482,0.6225627656517305,False,0.46323655913978495,6
1159381599,241,2435,Person in a brown sweatshirt does a flip in midair over a trampoline with a river and electrical lines in the background.,A person upside down on a water board.,0,5,0.9633233532934131,True,"[151, 225]",8,0.18505401264816926,0.18718429161934702,0.9886193496647152,False,0.7792335329341318,11,True,"[151, 225]",8,0.07288297794356004,0.07341677498949621,0.992729222360795,False,0.39037724550898206,7
2837640996,242,44055,A man wearing a green t-shirt sits with his legs on a ledge and talks on the phone.,A boat captain steering a large green wheel.,0,5,0.8296286919831224,True,"[232, 436]",9,0.13140520993820579,0.15537774625600456,0.8457144803844626,False,0.7809367088607595,9,True,"[401, 433]",8,0.0672327835653229,0.0822065576968184,0.8178518289657686,False,0.6200253164556963,7
5566972,243,132561,A man in a black shirt uses a yellow bulldozer.,A man using a bulldozer on a construction site.,1,4,0.7943636363636364,True,"[205, 225]",7,0.18651241177417716,0.20280110309468394,0.9196814461462672,False,0.6585141065830721,9,True,"[197, 145]",5,0.0323770941793224,0.03434582301060103,0.9426792355311744,False,0.5304702194357367,7
1253095131,244,3742,2 blond girls are sitting on a ledge in a crowded plaza.,"People sitting on concrete benches and walking, with a headless mannequin next to a lamp.",2,4,0.36415342465753425,True,"[441, 168]",4,0.05924919658536669,0.11157941805038135,0.5310047105516714,False,0.6953095890410959,8,True,"[441, 168]",4,0.03614676493806369,0.07180632778509449,0.5033924732405965,False,0.5485205479452054,6
3927465948,245,85157,An Asian woman and her two children sit at a table doing crafts.,"A Indian lady sitting making a clothing piece with a young child and older lady looking upon her, young child in the background playing.",2,5,0.6230990990990991,True,"[238, 192]",6,0.1449907442524863,0.18376668659734624,0.788993625216618,False,0.7846666666666666,11,True,"[238, 192]",6,0.049822977006479696,0.05583919557577522,0.8922581439925766,False,0.6275375375375375,9
3246281818,246,60420,Two children climb an indoor rock walk as two other children are on belay.,Two people are looking at an inflatable climbing wall.,0,5,0.9939759036144579,True,"[224, 361]",8,0.15267647943955404,0.1530725475808278,0.9974125462237791,False,0.7692409638554217,11,True,"[224, 361]",8,0.054709952859789336,0.05503555271261949,0.9940838269667183,False,0.5852951807228916,8
2833502675,247,43881,A brown-haired man in a green shirt plays a trumpet outdoors.,A street musician playing.,1,4,0.9981017964071857,True,"[137, 166]",4,0.20172013482638912,0.20211765506469864,0.9980332235787008,False,0.9630119760479042,11,True,"[272, 448]",10,0.08385294690709617,0.08404462302988405,0.9977193529356456,False,0.7596646706586826,9
97234558,248,154716,The baby walks on the gold and sandy-colored beach with water splashing behind him.,A young boy plays in the water with the mountains in the background.,1,3,0.8478198757763975,True,"[346, 160]",7,0.13179469809642988,0.1324732506489112,0.99487781458402,False,0.7371614906832298,10,True,"[108, 209]",9,0.07753388759660512,0.07753428695603443,0.9999948492538594,False,0.5846211180124223,8
3368671163,249,65677,A beige dog runs behind a white dog holding a yellow toy.,A white dog with a yellow toy in his mouth runs through a nature trail towards the camera.,2,3,0.3561197604790419,True,"[259, 145]",5,0.1327811537314105,0.18702396161422152,0.7099686723848847,False,0.6704011976047904,10,False,"[51, 43]",0,0.007333528723569671,0.017643215194243868,0.41565716015084647,False,0.4039341317365269,6
155210731,250,9477,"An Asian woman selling silk scarfs, bags, and wallets.",An older woman in a red blouse standing in front of her wares.,2,11,0.5818028985507246,True,"[168, 182]",5,0.14513916732253654,0.22276797211187144,0.6515261864019185,False,0.8921565217391304,9,True,"[168, 182]",5,0.05816545802526061,0.07556066678822215,0.7697848695311807,False,0.7160231884057972,7
861661418,251,153303,A brown puppy chewing on a stick.,A brown dog is digging in the dirt.,3,2,0.4410407239819005,True,"[190, 318]",11,0.13144127927273241,0.18039797850043915,0.728618360168667,False,0.644868778280543,10,True,"[190, 318]",11,0.07543586906836576,0.09983749285019111,0.7555865728875959,False,0.5001221719457014,8
16151663,252,10271,A female performer with a violin plays on a street while a woman with a blue guitar looks on.,A musical street quartet performs with a guitar case set out for donations.,1,5,0.6538643067846608,False,"[57, 187]",6,0.1448205812991833,0.18471635371802902,0.7840160244839667,False,0.7882890855457227,10,False,"[57, 187]",6,0.04838694066737228,0.06585927122166155,0.7347020361722055,False,0.4667138643067847,6
4688948552,253,107654,Two doctors perform an operation.,A woman with glasses is undergoing a dental procedure.,4,4,0.9852213333333333,True,"[299, 232]",5,0.13052277923560257,0.13087553475948152,0.9973046488442073,False,0.8378933333333334,11,True,"[299, 232]",5,0.04738797231999921,0.04758732173481076,0.9958108713089073,False,0.7005706666666667,9
5163992452,254,128131,Two African women wearing purple and lime green skirts are dancing in within a circle of clapping women in similar ensembles.,A homely looking woman is doing a dance.,1,17,0.7812432432432432,True,"[248, 89]",1,0.15710492589986513,0.18698257207870483,0.8402115991523339,False,1.0,9,True,"[248, 89]",1,0.08025340719944525,0.09970182651157222,0.8049341722955333,False,0.936966966966967,8
2321764238,255,24083,A woman is holding a small white statue.,A man with chin-length light hair works on a sculpture.,3,2,0.792032,True,"[261, 292]",7,0.20097649613196855,0.21628387972376167,0.9292254993236493,False,0.8183093333333333,11,True,"[261, 292]",7,0.09271336534789323,0.10059485989935228,0.9216511205508444,False,0.7306506666666667,10
231935782,256,24006,A man wearing a white button down shirt looking out of a window of a train.,A police officer standing on a train.,1,3,0.14481681681681682,True,"[290, 165]",8,0.08890732332327778,0.20025689778439335,0.4439663467622467,False,0.6769309309309309,9,True,"[290, 165]",8,0.05302892302132167,0.10547369380874051,0.5027691844895567,False,0.6322102102102102,9
2778313163,257,42060,A woman in a blue t-shirt and jeans is sweeping concrete.,"A woman in a pick shirt is holding a shovel near a woman in brown sweeping, while a third woman sits on a stoop.",0,3,0.1502942942942943,False,"[363, 142]",5,0.05156882949276744,0.1761145453623498,0.292814141993021,False,0.7601441441441441,8,False,"[363, 142]",5,0.010979930866749919,0.06331790515377521,0.17340957253850747,False,0.7668528528528529,8
3638783842,258,76870,Two bald ladies in red dresses and matching jewelry laugh.,A woman with pink hair dressed in black talks to a man.,0,6,0.6874578313253012,True,"[158, 155]",3,0.16410148744057873,0.174032891825824,0.942933750734977,False,0.7089036144578313,11,True,"[220, 245]",6,0.12325811220158112,0.12526654199077406,0.9839667499615271,False,0.435066265060241,7
3421480658,259,67717,"Little girl in kitchen, kissing a fluffy orange cat.",A blond child is being bitten on the nose by a little orange kitten.,2,3,0.9970239520958084,True,"[96, 164]",5,0.16871125687152771,0.16899423421763352,0.9983255207053906,False,0.9537904191616766,13,True,"[45, 268]",9,0.03095086353423872,0.03110918059549434,0.9949109215278222,False,0.5017065868263473,7
1459582913,260,7974,Male cheerleading squad performs at a park.,The man is performing a trick with a bicycle high in the air.,4,9,0.520016,True,"[140, 201]",6,0.1585811976397072,0.22129927155116025,0.7165915934930956,False,0.6919733333333333,8,True,"[323, 186]",5,0.06730677552648115,0.10217117872725574,0.6587647941906931,False,0.7483306666666667,8
322516292,261,59570,A man dressed mainly in black is holding a huge triangular guitar-like instrument with a musical stand in front of him.,A street musician playing.,0,4,0.8038909090909091,True,"[208, 155]",4,0.18626916971141244,0.2082461802498941,0.8944662009545175,False,0.9452787878787878,12,True,"[217, 267]",7,0.06411903902332426,0.06962756238997504,0.9208858794194424,False,0.713260606060606,9
514222285,262,127917,A small child wears skis on a ski hill.,A young boy with a red jacket fell from his sled in the snow.,2,4,0.9879677419354839,True,"[92, 133]",3,0.13887941881130264,0.14027988661642457,0.9900166172150444,False,0.847741935483871,12,True,"[64, 26]",0,0.06526507481834114,0.06638397960363204,0.983144957684494,False,0.5661612903225807,8
1463072715,263,8050,"A young boy is looking at a checkers board with one fist leaning against his head as a partially visible adult sits across the table from him, in a room full of people sitting in chairs around tables.",An older man plays a game with a small child.,0,14,0.9973066666666667,True,"[233, 273]",11,0.24725370307752964,0.2478035395559302,0.9977811597066536,False,0.75192,10,True,"[233, 273]",11,0.14727686382850688,0.14752433441514543,0.9983225100616815,False,0.626928,8
1082250005,264,1140,"A woman wearing a pink shirt and red apron stands in her restaurant holding food and surrounded by bagged breads, a microwave and the chalkboard menu up on the wall.","A woman, wearing a yellow apron, is taking the lid off of a large pot.",0,14,0.7723626666666666,True,"[63, 49]",0,0.20952487934731187,0.2699399138006434,0.7761908063068088,False,0.8624586666666667,13,True,"[226, 58]",2,0.12084994239347657,0.1333053914775505,0.9065645511706741,False,0.730816,11
3612485097,265,75881,A black man leans over as a white man jumps on his back backwards.,Two football players leap into the air as a player on the opposing team moves toward them.,1,1,0.38102102102102103,True,"[260, 102]",4,0.08692081659917475,0.13401953741932743,0.6485682481294671,False,0.6289189189189189,9,True,"[355, 179]",7,0.012153422429197869,0.02138558089519517,0.5682998506684686,False,0.43073873873873875,6
2422589651,266,27975,A man wearing a baseball hat and jacket reads while sitting in an Italian restaurant.,Three people sit at a table in front of an establishment displaying the words Bar Gleati Tabacchi.,0,3,0.5136636636636637,True,"[313, 129]",6,0.1247714147958525,0.20958769227736362,0.5953184246655707,False,0.9136336336336336,13,True,"[440, 285]",11,0.07380880740434091,0.09509729429561581,0.7761399306998333,False,0.5245645645645646,8
226481576,267,21839,A police woman smiling and wearing sunglasses and a hat.,A security officer with a tiny face and big glasses leans on a metal gate looking into the camera.,4,3,0.9781501501501502,True,"[173, 161]",4,0.23239822165842935,0.23598784465268424,0.9847889496192572,False,0.8894774774774775,12,True,"[173, 161]",4,0.13841017030129912,0.14052713297896852,0.9849355591849567,False,0.7273093093093093,10
1921102799,268,13450,"A young boy, playing soccer, is wearing a green jersey and black shorts and has his face buried in his hands.",A young boy in a soccer uniform prepares to kick a soccer ball.,0,4,0.5246165413533834,True,"[119, 310]",9,0.11034886073948125,0.16077393131352463,0.68636040580665,False,0.8676842105263158,13,True,"[112, 189]",6,0.018977833152564134,0.03333172584448667,0.5693624518906578,False,0.39277443609022555,6
4095309334,269,88751,A woman in a flowered skirt walks along the dirt streets in her village.,Woman standing barefoot near a small hut and filling a jug with liquid.,1,2,0.08784705882352942,False,"[365, 156]",6,0.01685061753689587,0.15708981152560245,0.10726741201894918,False,0.8796,11,False,"[446, 275]",9,0.0010429432296537734,0.039403569775435424,0.02646824223281299,False,0.4035764705882353,5
3387661249,270,66381,"A black horse stands in the grass at a fence, while a brown dog looks on.",Two children are in a grassy area near two horses.,1,4,0.7030149253731344,True,"[273, 268]",13,0.13575226496269177,0.16390876495057674,0.8282184604564925,False,0.6556179104477612,9,True,"[273, 268]",13,0.0677729163341211,0.07602336912381721,0.8914747809156046,False,0.5729970149253731,8
3724738804,271,80450,Three girls wearing goggles are jumping into a swimming pool together.,We see the backs of a young Asian girl with a green shirt and a red hat holding hands with a young Asian girl with a striped pink shirt and a pink hat by the pool.,0,9,0.4305572916666667,True,"[190, 270]",6,0.13330601279036133,0.1707571889995784,0.7806758448728649,False,0.7319895833333333,9,True,"[190, 270]",6,0.05341737358528861,0.06913495830907107,0.7726535878778394,False,0.6479375,8
261627889,272,35850,Two people wearing all white are painting a brick wall.,Three men work behind a short wall.,0,4,0.3077811158798283,True,"[306, 146]",1,0.05433513087428657,0.15050861239433289,0.3610101110488509,False,1.0,9,True,"[306, 146]",1,0.01472023736406619,0.040933542272594145,0.3596130837159845,False,0.5493175965665236,5
4158826243,273,89915,A man and woman perform a martial arts demonstration with practice katanas in front of an audience in an outside park like environment.,The girl with the red belt is kicking a pad that the person in black is holding.,0,7,0.620768,True,"[191, 204]",6,0.14954188233203056,0.22522996994930924,0.6639519703602801,False,0.9480693333333333,10,True,"[242, 139]",4,0.0665617855212631,0.10465238866214635,0.6360273890751531,False,0.7550346666666666,8
3274879561,274,61671,A deer is jumping over a fence.,A brown dog jumps over an obstacle.,1,2,0.990990990990991,True,"[156, 92]",4,0.1423141945213378,0.14389722619693907,0.9889988728939452,False,0.6587927927927928,10,True,"[327, 174]",8,0.0487582264197114,0.04915702922714142,0.9918871662161018,False,0.7327987987987988,11
7329031116,275,146760,"A British gentleman, dressed in full military uniform, waving his hat with a background of people sitting back and looking out onto the waterway.",A man in uniform talks into a microphone to a group of people in various costumes.,0,3,0.789949494949495,True,"[63, 312]",10,0.16241636833116782,0.21508064747482192,0.755141711902187,False,0.729010101010101,10,True,"[63, 312]",10,0.05026368775768485,0.07463950562040732,0.6734193553385778,False,0.3332171717171717,6
5350403659,276,130250,"A man in a long gray gown and hat is standing with his hand on a mule that is wearing blankets and decorations on a stone street outside of a building, with a number of other people in the background.",A man riding a vehicle pulled by a donkey in the run down area of town.,0,15,0.9864583333333333,True,"[83, 142]",3,0.21712733334855433,0.22186968688414999,0.9786255003908132,False,0.8801488095238095,10,True,"[98, 62]",0,0.1103353017402254,0.11283159337584578,0.9778759515758575,False,0.6236845238095238,7
3512747808,277,71581,Two women are holding hands over a table and smiling at the camera.,Two women have a seat in a busy metropolitan area.,1,4,0.6847125748502993,True,"[117, 154]",4,0.14398919867459195,0.1825205281265361,0.7888931735654878,False,0.6972574850299401,10,True,"[117, 154]",4,0.057775023881411786,0.07209855123049236,0.8013340475692835,False,0.7270658682634731,10
3286543624,278,62135,"An Asian girl makes a surprised face while wearing a shirt that says ""Radio""",An asian girl is flashing the peace-sign.,0,4,0.2840059701492537,True,"[249, 60]",2,0.09303804870482602,0.15563791390669984,0.5977852463417074,False,0.654955223880597,10,True,"[245, 168]",6,0.06015022699913897,0.08298725007803053,0.7248128711649252,False,0.5846865671641791,9
3688797852,279,78870,Two smiling men dressed in provocative leather outfits walk in a parade.,Two men wearing black wife beater's playing the drums.,0,6,0.9274971098265896,True,"[156, 152]",6,0.20897979023148688,0.2267521425064703,0.9216221197359743,False,0.9084566473988439,13,True,"[156, 152]",6,0.11088221629669073,0.11952145447246365,0.9277180970236327,False,0.7251098265895953,10
5615068475,280,132991,A woman in a dark tank top and cuffed jeans is smiling while sitting on top of a large rock or boulder outdoors.,Young woman climbing rock face,1,4,0.6805333333333333,True,"[361, 195]",6,0.18871869289350218,0.24929435325419874,0.7570115023867822,False,0.889744,12,True,"[310, 71]",2,0.07798371960071908,0.144066033884517,0.5413053826638321,False,0.754064,10
477204750,281,112972,A light brown dog is chasing after a ball.,A German Shepherd is running with a stick in its mouth.,2,2,0.47197597597597596,False,"[145, 50]",1,0.08523716723374523,0.13085352166736594,0.6513937580558281,False,0.7133273273273273,10,False,"[145, 50]",1,0.0188675438766339,0.043060704910520706,0.43816151908893003,False,0.3574174174174174,5
583865081,282,134990,An Asian man walking down an alley talking on his cellphone with brightly colored fabric behind him.,A man is walking down a narrow street.,0,4,0.5821501501501501,True,"[195, 239]",5,0.13206107110595225,0.22539492053243318,0.5859097037058089,False,0.7807567567567567,8,False,"[76, 181]",2,0.04271273470284,0.0899190449994448,0.4750132155329689,False,0.8581021021021021,9
3107059919,283,54625,"A little girl barefoot, wearing a white shirt and brown skirt runs along the sandy shoreline.",A young girl fully dresses running on the beach towards the water.,0,5,0.62008,True,"[46, 259]",5,0.14445070625435913,0.21492020549586666,0.6721131962491875,False,0.8209706666666666,11,True,"[181, 466]",12,0.030130714637305978,0.03670136818669699,0.820969792843509,False,0.4821973333333333,7
4692834620,284,107985,"A man in a red suit is dancing with a woman in a red skirt, in the street.",Two girls in puffy skirts are dancing in front of some musicians in the street.,0,5,0.6412226720647773,True,"[168, 308]",6,0.1856905076836189,0.21833759270667344,0.8504742833410533,False,0.7836761133603238,9,True,"[62, 213]",4,0.09062375067091406,0.11073900225240062,0.8183544083624748,False,0.6242267206477733,7
4528578001,285,99649,A woman holding a cookie and coffee,A lady with a white tank top holds a blue yard style cocktail cup with her black tank topped phone holding a phone.,4,3,0.8708842729970326,True,"[70, 289]",5,0.14244325478942668,0.14645876706450223,0.9725826431864808,False,0.8205044510385757,9,True,"[70, 289]",5,0.05504195329734771,0.055987221019928986,0.9831163664607535,False,0.39688427299703266,4
4983587808,286,125942,A woman working on her computer in front of a bright yellow wall.,A woman in a yellow and red outfit is squinting at a computer screen while holding a mouse.,2,3,0.7904550898203593,False,"[427, 302]",10,0.15324797501198523,0.19947146264939403,0.7682701724674539,False,0.9633293413173653,11,False,"[427, 302]",10,0.03851121998191707,0.05507334316188117,0.6992715126938667,False,0.6896047904191617,8
3182490771,287,57574,A man in a pink shirt sitting next to a small building.,A man sitting on a chair with a house in the background.,4,3,0.2555733333333333,False,"[124, 118]",0,0.050729161943020594,0.1779857869202007,0.28501805015343634,False,0.8469493333333333,9,True,"[255, 94]",3,0.023232135538552558,0.06378630306129716,0.364218247861567,False,0.761056,8
3525403875,288,72170,"The two dogs, one with a tennis ball in its mouth, are running through tall grass.",Two dogs play catch with a ball in a field.,0,5,0.9886986666666666,True,"[367, 146]",4,0.15177834158622855,0.15263924167300905,0.9943599032768732,False,0.7505546666666667,10,True,"[440, 59]",2,0.028522451276414777,0.029044517691962413,0.9820253026376778,False,0.6424906666666667,8
3490867290,289,70670,An Indian boy looks at a black cow whilst a woman in a blue and green sari looks away.,A woman is processing plant fluid in a tribal village,0,4,0.7842805970149254,True,"[168, 63]",1,0.12321059421599372,0.17192515410787645,0.7166525157725541,False,0.9518746268656716,10,True,"[335, 179]",7,0.07979473020965105,0.09746556114041242,0.818696668607857,False,0.6500656716417911,7
3240570205,290,60150,"One young boy in a yellow long-sleeved shirt and jeans sitting down, with five adults in front of him, one operating a video camera.",A woman is standing and talking to a group of children.,0,6,0.5498618618618618,True,"[184, 140]",3,0.10721711121074141,0.18571224984295073,0.5773292354242143,False,0.8346126126126127,8,True,"[184, 140]",3,0.053115624814167095,0.07587868721377058,0.7000071662353113,False,0.3822402402402402,4
4031513473,291,87341,A few men stand in the background of fruit market illuminated by red light.,A group of asian sitting and eating in the middle of a market.,1,3,0.0549079754601227,False,"[184, 144]",6,0.0046671076916523,0.11818554561022741,0.039489665741733675,False,0.6731656441717792,10,False,"[184, 144]",6,0.0029677994675017883,0.06868763041369975,0.043207189556940376,False,0.5284969325153375,8
2064792226,292,15436,A girl is taking a picture of a girl and guy on a colorfully decorated pink bike.,"In foreground, a woman in pink jeans is helping a child in a heart t-shirt to skate, while cyclists and others walk in background with palm trees.",1,5,0.6064879518072289,True,"[195, 271]",10,0.16768925501599094,0.2101370506927005,0.7979994696947365,False,0.7599397590361445,10,True,"[149, 146]",6,0.033271373891942534,0.04750308509435194,0.7004044858530348,False,0.43922289156626504,7
4539608494,293,100028,A man with a top hat is playing guitar on the sidewalk.,"A man wearing leather pants, a leather vest and a cowboy hat is standing here.",3,4,0.7009457831325301,True,"[172, 195]",4,0.13796921989003239,0.20494142973202928,0.6732129275687875,False,0.6054518072289157,6,True,"[172, 195]",4,0.06679585672079137,0.11183894331116787,0.5972504276524344,False,0.5022469879518072,6
3692072577,294,79045,A woman in a black shirt is holding the hand of a gentleman in a suit and striped tie and laying her head on his shoulder while smiling.,Two women are holding hands over a table and smiling at the camera.,0,8,0.7512912912912912,True,"[57, 357]",11,0.15816578912637388,0.17080477531586033,0.9260033206559136,False,0.7716996996996996,12,True,"[287, 240]",6,0.08032577055888719,0.09090135469767163,0.8836586740213309,False,0.5906846846846847,9
2391094555,295,26635,A man dressed in black leather and a cowboy hat is walking around a Renaissance Festival.,A cowboy-looking fellow slings a lasso.,0,3,0.365104,False,"[330, 453]",11,0.09086286938590107,0.21217419984613878,0.42824655142704254,False,0.9197173333333334,12,True,"[215, 258]",4,0.06510371173715773,0.1223109183424457,0.5322804588457146,False,0.7145013333333333,9
289583589,296,46372,Woman selling bags of fruit on a sidewalk.,"A woman in a tank top, walks through a market on her cellphone.",2,3,0.897069069069069,True,"[110, 318]",9,0.18261379494870206,0.19509849074769406,0.9360082399861437,False,0.8933333333333333,11,True,"[110, 318]",9,0.07659155040810883,0.08370312999492442,0.9150380686212473,False,0.7133033033033033,9
2378544134,297,26200,A dog with a black and brown marbled coat scowls at the camera while a young woman in a black suit walks in the background.,A man walks into a maroon building as a dog looks on.,0,4,0.2633033033033033,True,"[402, 279]",11,0.0976243671021793,0.18283174740136332,0.5339574143426435,False,0.6871591591591591,8,True,"[402, 279]",11,0.0701509600020952,0.12414644430999297,0.5650662038046668,False,0.7743183183183183,9
85519095,298,153095,"A young boy, dressed in a gray and blue baseball uniform, preparing to hit the ball off of the t-ball stand while onlookers watch from behind a chain link fence.",A young boy practices his bat swing while in the stands with blue seats.,0,8,0.6642582582582582,True,"[125, 167]",3,0.1866919722190053,0.2254908349958595,0.8279359656565791,False,0.7554054054054054,8,False,"[54, 449]",11,0.03854358062052944,0.050155775534915605,0.7684774128095694,False,0.8077117117117117,9
8052397902,299,151428,A runner scrambles for yardage while being brought down by two tacklers.,Two football players compete for the ball while another teammate looks on.,3,2,0.47715315315315315,False,"[263, 63]",2,0.07317472936930172,0.14999083191994897,0.4878613474745945,False,0.9098378378378379,11,True,"[247, 173]",7,0.018544511023756812,0.029396397130392604,0.6308429887342845,False,0.7913933933933934,10
