example_id,image_id,category,positive_caption,negative_caption,original_positive_cosine,original_negative_cosine,original_margin,original_preference,num_superpixels,max_abs_linearity_error,shared_inference_runtime_seconds,point_regression_runtime_seconds,cr_regression_runtime_seconds,point_preference10,point_margin10,point_margin_drop10,point_rankflip10,point_actual_area10,point_preference20,point_margin20,point_margin_drop20,point_rankflip20,point_actual_area20,point_preference30,point_margin30,point_margin_drop30,point_rankflip30,point_actual_area30,point_preference40,point_margin40,point_margin_drop40,point_rankflip40,point_actual_area40,point_preference50,point_margin50,point_margin_drop50,point_rankflip50,point_actual_area50,point_positive_pdauc,point_positive_area_fraction,point_num_positive_regions,point_no_positive_attribution,point_matched_pdauc50,cr_preference10,cr_margin10,cr_margin_drop10,cr_rankflip10,cr_actual_area10,cr_preference20,cr_margin20,cr_margin_drop20,cr_rankflip20,cr_actual_area20,cr_preference30,cr_margin30,cr_margin_drop30,cr_rankflip30,cr_actual_area30,cr_preference40,cr_margin40,cr_margin_drop40,cr_rankflip40,cr_actual_area40,cr_preference50,cr_margin50,cr_margin_drop50,cr_rankflip50,cr_actual_area50,cr_positive_pdauc,cr_positive_area_fraction,cr_num_positive_regions,cr_no_positive_attribution,cr_matched_pdauc50,positive_pdauc_difference,matched_pdauc50_difference
add_att:58,000000295231.jpg,add_att,A bunch of sheep are walking around bored.,A bunch of spotted sheep are walking around bored.,0.2723565399646759,0.24765339493751526,0.024703145027160645,0.922034376523756,12,2.0816681711721685e-17,0.8262678000028245,0.00041599999894970097,0.00014689999807160348,0.8796850492575577,0.019894510507583618,0.004808634519577026,False,0.1265869140625,0.9017041654493506,0.02216304838657379,0.002540096640586853,False,0.23642985026041666,0.8818642658687178,0.020102038979530334,0.00460110604763031,False,0.3171437581380208,0.8635834760951019,0.018453776836395264,0.006249368190765381,False,0.4320576985677083,0.9192871687875683,0.024327009916305542,0.00037613511085510254,False,0.5489298502604166,0.8925019961505513,0.6137644449869791,7,False,0.8895946306314703,0.683689050792114,0.007707774639129639,0.016995370388031006,False,0.15830485026041666,0.716515541570806,0.00927242636680603,0.015430718660354614,False,0.22570292154947916,0.6563971697196376,0.006472796201705933,0.018230348825454712,False,0.3064168294270833,0.5878705271007009,0.003551691770553589,0.021151453256607056,False,0.4232889811197917,0.6158620126500367,0.004720211029052734,0.01998293399810791,False,0.5873921712239584,0.6410366689033165,0.5873921712239584,7,False,0.6829633258000978,0.2514653272472348,0.2066313048313725
add_obj:1593,000000370999.jpg,add_obj,A dime surrounded by a bunch of stones with holes in them,A dime surrounded by a bunch of stones with holes in them and seashells.,0.28566867113113403,0.27400150895118713,0.0116671621799469,0.7625509438832258,16,1.4257258568184383e-17,0.9184636999998474,0.00032029999783844687,0.00014990000272518955,0.49141479477468847,-0.0003434419631958008,0.0120106041431427,True,0.16486104329427084,0.48539059089058867,-0.0005845427513122559,0.012251704931259155,True,0.24932352701822916,0.2531248789537977,-0.010820150375366211,0.02248731255531311,True,0.3035990397135417,0.41224500525831054,-0.0035469233989715576,0.015214085578918457,True,0.4038441975911458,0.3814138130070643,-0.0048355162143707275,0.016502678394317627,True,0.5641428629557291,0.4240290503684092,0.7089996337890625,11,False,0.46374698729736624,0.7181917664654837,0.009355098009109497,0.0023120641708374023,False,0.16729736328125,0.6656038002071749,0.006883680820465088,0.0047834813594818115,False,0.20642598470052084,0.585096552897337,0.0034373104572296143,0.008229851722717285,False,0.3226979573567708,0.38202362883434743,-0.004809677600860596,0.016476839780807495,True,0.4239654541015625,0.25128244351192736,-0.010917842388153076,0.022585004568099976,True,0.5254414876302084,0.5035893970121527,0.4711659749348958,7,False,0.5799834356910176,-0.07956034664374345,-0.11623644839365138
replace_att:147,000000137246.jpg,replace_att,A woman in brown shirt holding a hotdog by tables with umbrellas.,A woman in pink shirt holding a hotdog by tables with umbrellas.,0.33238422870635986,0.3143339455127716,0.018050283193588257,0.8587599274820791,13,3.0791341698588326e-17,1.225222400000348,0.0003262999998696614,0.00014319999900180846,0.7946719557799053,0.013533204793930054,0.004517078399658203,False,0.17601801801801803,0.47495944848360433,-0.0010024607181549072,0.019052743911743164,True,0.2868408408408408,0.34803100083747723,-0.00627705454826355,0.024327337741851807,True,0.3648168168168168,0.4936606406866484,-0.0002535879611968994,0.018303871154785156,True,0.4762822822822823,0.42291160615477297,-0.0031083226203918457,0.021158605813980103,True,0.5607567567567567,0.5574803856989284,0.7983843843843844,10,False,0.5948727861900417,0.8685835740291125,0.018884927034378052,-0.0008346438407897949,False,0.11082282282282283,0.8676089624605661,0.018799811601638794,-0.0007495284080505371,False,0.23454054054054055,0.8533268217236323,0.017609357833862305,0.00044092535972595215,False,0.3083903903903904,0.842552017606357,0.01677340269088745,0.0012768805027008057,False,0.40470870870870873,0.4409912580199685,-0.0023714005947113037,0.02042168378829956,True,0.5029489489489489,0.6316123983870789,0.5029489489489489,6,False,0.8179333802268398,-0.0741320126881505,-0.22306059403679812
replace_obj:760,000000492362.jpg,replace_obj,A young man riding a skateboard with red wheels.,A young man riding a bicycle with red wheels.,0.2616916596889496,0.20144419372081757,0.06024746596813202,0.9975876691519787,12,3.122502256758253e-17,1.2536866000009468,0.00043990000267513096,0.00014319999900180846,0.9918273436254783,0.047987550497055054,0.012259915471076965,False,0.14176146747076024,0.9810450758646212,0.03946554660797119,0.020781919360160828,False,0.23813847770467836,0.9518212104747219,0.029834583401679993,0.030412882566452026,False,0.4154045595760234,0.9518212104747219,0.029834583401679993,0.030412882566452026,False,0.4154045595760234,0.6964908460480611,0.008306428790092468,0.05194103717803955,False,0.5528942799707602,0.9206023903125857,0.7497658534356725,9,False,0.9417890271354794,0.9903622118989951,0.04632379114627838,0.013923674821853638,False,0.14475397478070176,0.9369358120060167,0.026984617114067078,0.03326284885406494,False,0.3220200566520468,0.9369358120060167,0.026984617114067078,0.03326284885406494,False,0.3220200566520468,0.9023189693174449,0.022232607007026672,0.03801485896110535,False,0.4491559301900585,0.9338903084237226,0.026480436325073242,0.03376702964305878,False,0.5143229166666666,0.832692534527062,0.8690092744883041,10,False,0.9555317007748244,0.08790985578552368,-0.013742673639345004
replace_rel:784,000000008690.jpg,replace_rel,Two small children petting animals at a zoo.,Two small children watching animals at a zoo.,0.296590119600296,0.24496661126613617,0.05162350833415985,0.9943044078329418,13,2.8189256484623115e-17,1.3561956999983522,0.0003195999997842591,0.00013690000196220353,0.9853619870652488,0.042093873023986816,0.009529635310173035,False,0.1365814208984375,0.9744376041690289,0.03640738129615784,0.015216127038002014,False,0.20973714192708334,0.9784207694269975,0.03814208507537842,0.013481423258781433,False,0.3404642740885417,0.9711468438099814,0.035162582993507385,0.016460925340652466,False,0.4216359456380208,0.7177835383135072,0.009334936738014221,0.04228857159614563,False,0.5704294840494791,0.6148780756951784,0.8087056477864584,10,False,0.9454274299808255,0.9853619870652488,0.042093873023986816,0.009529635310173035,False,0.1365814208984375,0.9023172619100002,0.022232413291931152,0.0293910950422287,False,0.2698618570963542,0.8492439749000132,0.017286837100982666,0.034336671233177185,False,0.361083984375,0.6130570281458095,0.004601806402206421,0.04702170193195343,False,0.424041748046875,0.43862327367601456,-0.002467513084411621,0.05409102141857147,True,0.5627848307291666,0.5398904526250236,0.8814036051432291,11,False,0.8171276296612406,0.07498762307015483,0.12829980031958488
swap_att:372,000000270474.jpg,swap_att,A little girl holding a baseball bat on grass.,A baseball girl holding a little bat on grass.,0.3375108540058136,0.3370687663555145,0.00044208765029907227,0.5110503915619334,14,3.0249240612345574e-17,1.363743699999759,0.00033519999851705506,0.00014100000043981709,0.7959735708103424,0.01361316442489624,-0.013171076774597168,False,0.12229866666666667,0.8520322634511155,0.017506301403045654,-0.017064213752746582,False,0.20182933333333333,0.6630501539187805,0.006769165396690369,-0.006327077746391296,False,0.31717866666666666,0.48615514584843084,-0.0005539357662200928,0.000996023416519165,True,0.41339733333333334,0.38104297164992995,-0.004851236939430237,0.005293324589729309,True,0.5050933333333333,0.680019723020335,0.759808,11,False,0.6491586922476442,0.8810066776271315,0.020019978284835815,-0.019577890634536743,False,0.14472533333333334,0.886622267774843,0.020566940307617188,-0.020124852657318115,False,0.23642133333333334,0.7427879340894545,0.010605096817016602,-0.01016300916671753,False,0.3120853333333333,0.8227369001809413,0.015350013971328735,-0.014907926321029663,False,0.4418026666666667,0.7982753648633512,0.013755500316619873,-0.0133134126663208,False,0.5115626666666667,0.791992104290696,0.4418026666666667,6,False,0.7848456111028185,-0.11197238127036102,-0.13568691885517425
swap_obj:243,000000174371.jpg,swap_obj,A woman in uniform shows something on her cell phone to a group of girls.,A group of girls in uniform show something on their cell phone to a woman.,0.34104084968566895,0.32793140411376953,0.013109445571899414,0.7876711715498481,11,4.2500725161431774e-17,1.3710643000013079,0.0003098999986832496,0.0001331999992544297,0.6321430958910956,0.005414217710494995,0.007695227861404419,False,0.22234107579462103,0.6321430958910956,0.005414217710494995,0.007695227861404419,False,0.22234107579462103,0.6709070581914893,0.007122904062271118,0.005986541509628296,False,0.35554993123471884,0.708890514022505,0.00890001654624939,0.004209429025650024,False,0.4469074724938875,0.6111252472826857,0.004520446062088013,0.008588999509811401,False,0.5386374923594132,0.6003038714259877,0.9517592451100244,10,False,0.6835770948723978,0.7471617948592482,0.010835319757461548,0.002274125814437866,False,0.14623605592909536,0.7867761131291644,0.013056010007858276,5.3435564041137695e-05,False,0.27944491136919314,0.7175066564704715,0.009321272373199463,0.003788173198699951,False,0.40067714700489,0.7175066564704715,0.009321272373199463,0.003788173198699951,False,0.40067714700489,0.7351738688023547,0.01021033525466919,0.0028991103172302246,False,0.5894521699266504,0.7318544927061666,0.6790189486552567,7,False,0.7510186760738403,-0.13155062128017891,-0.0674415812014425
add_att:105,000000008762.jpg,add_att,Twilight at a city intersection with lit street signs.,Twilight at a rainy city intersection with lit street signs.,0.33444932103157043,0.2788807153701782,0.05556860566139221,0.9961539706880786,15,3.7947076036992655e-17,1.4180572000004759,0.0004160000025876798,0.0001460999992559664,0.9830820733623947,0.04062318801879883,0.014945417642593384,False,0.13361773574561403,0.9768860041582773,0.037439316511154175,0.018129289150238037,False,0.24652206688596492,0.9798457841179296,0.03883981704711914,0.01672878861427307,False,0.3108781067251462,0.9827328284707852,0.04041530191898346,0.015153303742408752,False,0.453890259502924,0.9672254053376923,0.03384777903556824,0.021720826625823975,False,0.5178122715643275,0.9273054896988866,0.7209201388888888,11,False,0.9820115652456798,0.9666360206042224,0.03366345167160034,0.02190515398979187,False,0.11872372989766082,0.9903406401663931,0.0463012158870697,0.00926738977432251,False,0.2316280610380117,0.9519531266636868,0.0298633873462677,0.02570521831512451,False,0.351094206871345,0.9489350924461145,0.029222428798675537,0.026346176862716675,False,0.42126964546783624,0.9027448561474107,0.022281020879745483,0.03328758478164673,False,0.5580283717105263,0.9602780209257789,0.42126964546783624,7,False,0.9611055191536416,-0.032972531226892254,0.020906046092038166
add_obj:1873,000000226147.jpg,add_obj,A woman that is sitting down in front of a table.,A woman that is sitting down in front of a table with a book on it.,0.23188963532447815,0.22128905355930328,0.010600581765174866,0.7427016627537925,12,1.5937771935536915e-17,1.3653911000001244,0.0002595999976620078,0.00010689999908208847,0.731192259513497,0.010006800293922424,0.0005937814712524414,False,0.16719563802083334,0.6562509598074318,0.006466314196586609,0.004134267568588257,False,0.20612080891927084,0.6656067851690174,0.0068838149309158325,0.003716766834259033,False,0.35772705078125,0.7311451028107483,0.010004401206970215,0.0005961805582046509,False,0.4502614339192708,0.7036484110792366,0.008647322654724121,0.0019532591104507446,False,0.51959228515625,0.6408285038130035,0.7126719156901041,9,False,0.7020505140229769,0.6301136938409732,0.005327045917510986,0.005273535847663879,False,0.10407002766927083,0.514158649842857,0.0005664974451065063,0.01003408432006836,False,0.23740641276041666,0.5965020093721084,0.003909111022949219,0.006691470742225647,False,0.3067372639973958,0.5172911150301271,0.0006919205188751221,0.009908661246299744,False,0.4261576334635417,0.7001145275913284,0.008478432893753052,0.002122148871421814,False,0.5511627197265625,0.5561139449863819,0.4261576334635417,6,False,0.5965902707549421,0.0847145588266216,0.10546024326803483
replace_att:758,000000471869.jpg,replace_att,A teddy bear sitting on a blue chair.,An ornate bear sitting on a blue chair.,0.2993949055671692,0.28624895215034485,0.01314595341682434,0.7882811068397821,14,5.551115123125783e-17,1.500579600000492,0.0003193000011378899,0.00014000000010128133,0.7348389400911703,0.01019313931465149,0.0029528141021728516,False,0.15961259079903148,0.7194939981737539,0.009419530630111694,0.0037264227867126465,False,0.20043583535108958,0.6499456966476596,0.006188005208969116,0.006957948207855225,False,0.3449927360774818,0.7270866710475754,0.009798914194107056,0.003347039222717285,False,0.42166585956416464,0.7126516114091969,0.009082973003387451,0.00406298041343689,False,0.525593220338983,0.7408929653242209,0.7500435835351089,10,False,0.7188553707223849,0.619035396980873,0.004854559898376465,0.008291393518447876,False,0.16485230024213074,0.5126580663553347,0.0005064308643341064,0.012639522552490234,False,0.24152542372881355,0.3983714119416976,-0.004122555255889893,0.017268508672714233,True,0.3239854721549637,0.5037654522459876,0.0001506209373474121,0.012995332479476929,False,0.42670702179176756,0.48392346530089353,-0.0006432831287384033,0.013789236545562744,True,0.5007602905569007,0.521350815106007,0.5007602905569007,7,False,0.5588538313601931,0.21954215021821388,0.16000153936219186
replace_obj:304,000000123321.jpg,replace_obj,A bowl holds soup with broccoli and other vegetables. ,A bowl holds stew with broccoli and other vegetables.,0.32239460945129395,0.31518876552581787,0.007205843925476074,0.6727356913078674,15,2.8189256484623115e-17,1.2124638999994204,0.0003192000003764406,0.00014459999874816276,0.6791993230608816,0.007500946521759033,-0.000295102596282959,False,0.13718795776367188,0.5754379156248648,0.0030407309532165527,0.0041651129722595215,False,0.20568466186523438,0.5802150370957504,0.0032365620136260986,0.003969281911849976,False,0.30760955810546875,0.5390292812601267,0.0015643537044525146,0.00564149022102356,False,0.4374542236328125,0.6517106343033817,0.00626567006111145,0.000940173864364624,False,0.5123329162597656,0.6287602972795191,0.81536865234375,12,False,0.6086732270847676,0.6006639208126164,0.004082322120666504,0.0031235218048095703,False,0.13067626953125,0.5265014432963916,0.0010610520839691162,0.006144791841506958,False,0.24356842041015625,0.4500906625088969,-0.0020030438899993896,0.009208887815475464,True,0.3143424987792969,0.5351533501284716,0.0014084577560424805,0.005797386169433594,False,0.4487571716308594,0.552883134795366,0.0021232664585113525,0.005082577466964722,False,0.5042457580566406,0.4813487509565151,0.37387847900390625,6,False,0.5508957292026925,0.14741154632300402,0.05777749788207509
replace_rel:1167,000000223747.jpg,replace_rel,A man is sleeping with his head on a pillow.,A man is reading with his head on a pillow.,0.2721109092235565,0.25621435046195984,0.01589655876159668,0.8305676817445755,14,3.469446951953614e-17,1.3382395999979053,0.0005894999994779937,0.00031660000240663067,0.4217522771639299,-0.003155842423439026,0.019052401185035706,True,0.15995675675675675,0.6499107761981799,0.00618647038936615,0.00971008837223053,False,0.2313945945945946,0.7323566245642376,0.010066121816635132,0.005830436944961548,False,0.3044216216216216,0.6799547027142279,0.0075356364250183105,0.00836092233657837,False,0.40314054054054055,0.6123834282043819,0.004573419690132141,0.011323139071464539,False,0.5551405405405405,0.5719259713091679,0.6318702702702703,9,False,0.6427870054863688,0.7699232163283645,0.012078776955604553,0.0038177818059921265,False,0.12636756756756756,0.6697298002108985,0.007069632411003113,0.008826926350593567,False,0.21127027027027026,0.5992322757408247,0.004022672772407532,0.011873885989189148,False,0.3633837837837838,0.5511751611221959,0.0020541995763778687,0.013842359185218811,False,0.435827027027027,0.6390706714689588,0.005713328719139099,0.01018323004245758,False,0.508854054054054,0.6141525756461435,0.508854054054054,7,False,0.6757989344293673,-0.04222660433697556,-0.033011928942998536
swap_att:123,000000409198.jpg,swap_att,A man in a white shirt and a red hat catches a white frisbee.,A man in a red shirt and a white hat catches a red frisbee.,0.3170107305049896,0.3117053806781769,0.005305349826812744,0.6296078795384867,13,3.9898639947466563e-17,1.3878831999973045,0.0003110000034212135,0.00013579999722423963,0.671656751044709,0.007156878709793091,-0.0018515288829803467,False,0.16152686403508773,0.633400713818487,0.00546833872795105,-0.00016298890113830566,False,0.2312282986111111,0.6514548869698856,0.006254404783248901,-0.0009490549564361572,False,0.3238589638157895,0.7177282958765405,0.009332209825515747,-0.004026859998703003,False,0.4125376918859649,0.7279740088960376,0.009843677282333374,-0.00453832745552063,False,0.5627741228070176,0.6379424259913451,0.8164633589181286,10,False,0.6741467840792704,0.6683271610500819,0.007006287574768066,-0.0017009377479553223,False,0.23901224415204678,0.6683271610500819,0.007006287574768066,-0.0017009377479553223,False,0.23901224415204678,0.6524354525218529,0.00629761815071106,-0.0009922683238983154,False,0.35425804093567254,0.6149125734640035,0.0046800971031188965,0.0006252527236938477,False,0.4239594755116959,0.5872497883248167,0.0035260766744613647,0.0017792731523513794,False,0.5039576480263158,0.6201552195815982,0.5039576480263158,6,False,0.6418602953918103,0.017787206409746847,0.03228648868746009
swap_obj:4,000000579635.jpg,swap_obj,A surfer is riding the waves as a sailboat sails in the background.,A sailboat is riding the waves as a surfer surfs in the background.,0.29727303981781006,0.2899504005908966,0.007322639226913452,0.6753018780920559,15,3.469446951953614e-17,1.282982799999445,0.00043619999996735714,0.00010769999789772555,0.7081334668637508,0.008863359689712524,-0.0015407204627990723,False,0.12122471756559766,0.623956127800661,0.005063742399215698,0.002258896827697754,False,0.21958705357142858,0.37665452838511004,-0.00503772497177124,0.012360364198684692,True,0.30005238702623904,0.3596966758933148,-0.005766808986663818,0.01308944821357727,True,0.4528175109329446,0.2997859936033157,-0.008483171463012695,0.015805810689926147,True,0.5396091472303207,0.3826396077777281,0.6796931942419825,10,False,0.5086784358602472,0.29094530430052906,-0.008907973766326904,0.016230612993240356,True,0.14184356778425655,0.3281119412985385,-0.00716736912727356,0.014490008354187012,True,0.2760397685860058,0.32975655387482916,-0.007092863321304321,0.014415502548217773,True,0.33957612062682213,0.31792052249362135,-0.0076334476470947266,0.014956086874008179,True,0.40487768768221577,0.41108723275603587,-0.003594726324081421,0.010917365550994873,True,0.5317112336005831,0.33675237971540306,0.40487768768221577,6,False,0.37302849939376825,0.045887228062325036,0.13564993646647894
add_att:57,000000039956.jpg,add_att,View of a very messy bedroom with boxes and bags covering the floor.,View of a very messy bedroom with multicolored boxes and bags covering the floor.,0.3128598928451538,0.30803385376930237,0.00482603907585144,0.6183625608144714,14,2.7321894746634712e-17,1.3513496999985364,0.00034700000105658546,0.0001388000018778257,0.20076125679427786,-0.013815432786941528,0.01864147186279297,True,0.12204175804093567,0.21609916417741654,-0.012885451316833496,0.017711490392684937,True,0.281461302997076,0.24734743040180218,-0.011128097772598267,0.015954136848449707,True,0.3268971582602339,0.1568637451224682,-0.01681751012802124,0.02164354920387268,True,0.4963107638888889,0.10162855573191966,-0.021792590618133545,0.026618629693984985,True,0.5454644097222222,0.24119768011036957,0.7880688048245614,10,False,0.24627178266231184,0.4803956568537991,-0.0007845759391784668,0.005610615015029907,True,0.11361819261695906,0.5393913740578089,0.0015789270401000977,0.0032471120357513428,False,0.2185672514619883,0.19781802581984315,-0.013999879360198975,0.018825918436050415,True,0.340609009502924,0.15037029792632256,-0.017316997051239014,0.022143036127090454,True,0.4983781067251462,0.3471980122185846,-0.006313785910606384,0.011139824986457825,True,0.5542249177631579,0.35037467630881136,0.6520981816520468,9,False,0.36497462571846334,-0.10917699619844179,-0.1187028430561515
add_obj:1762,000000382088.jpg,add_obj,A white horse is standing near a riding field.,A white horse and a bird are standing near a riding field.,0.31572970747947693,0.28343239426612854,0.03229731321334839,0.9619379169209056,15,2.0816681711721685e-17,1.1733261999979732,0.00028309999834164046,0.00011630000153672881,0.9374345082570144,0.0270693302154541,0.005227982997894287,False,0.1637302969208211,0.7641267975262372,0.011754393577575684,0.020542919635772705,False,0.2099237078445748,0.0592866225506831,-0.027642548084259033,0.05993986129760742,True,0.34946045637829914,0.12585606666188842,-0.01938106119632721,0.0516783744096756,True,0.41162252565982405,0.4017998609167147,-0.003979712724685669,0.03627702593803406,True,0.5469265487536656,0.3487418793334663,0.4747640212609971,7,False,0.536987100711077,0.9374345082570144,0.0270693302154541,0.005227982997894287,False,0.1637302969208211,0.8501991782940979,0.01736164093017578,0.014935672283172607,False,0.23476447947214077,0.8692817487296772,0.01894623041152954,0.013351082801818848,False,0.3069270069648094,0.8419656156598213,0.016729265451431274,0.015568047761917114,False,0.44389777309384165,0.6981486316706279,0.00838497281074524,0.02391234040260315,False,0.5124003390762464,0.7917709607089767,0.7047631048387096,10,False,0.8801152028011808,-0.4430290813755104,-0.3431281020901038
replace_att:263,000000465675.jpg,replace_att,Black and white photograph of a tractor on beach next to boats.,Black and yellow photograph of a tractor on beach next to boats.,0.37352314591407776,0.3466894030570984,0.02683374285697937,0.936038441173448,13,5.2909066017292616e-17,1.1707404000007955,0.00026729999808594584,0.00011129999984405003,0.8610672101430985,0.018241822719573975,0.008591920137405396,False,0.10127741653726709,0.8781516035408893,0.01975041627883911,0.007083326578140259,False,0.2502426242236025,0.9651644325407375,0.03321659564971924,-0.006382852792739868,False,0.32131939052795033,0.9043156357865699,0.022461235523223877,0.004372507333755493,False,0.4843568031832298,0.9206245028639407,0.024508625268936157,0.002325117588043213,False,0.5730177600931677,0.9047137108746398,0.9124611801242236,12,False,0.9063439872897926,0.9718088034603775,0.035401493310928345,-0.008567750453948975,False,0.14288747088509315,0.9673160740542012,0.03387641906738281,-0.007042676210403442,False,0.213964237189441,0.9530192639244441,0.03009897470474243,-0.0032652318477630615,False,0.3015030570652174,0.9454684876717032,0.02852901816368103,-0.0016952753067016602,False,0.42641813858695654,0.9327480045204972,0.026296883821487427,0.0005368590354919434,False,0.5341978843167702,0.916004331777763,0.625873447204969,9,False,0.952944204971149,-0.01129062090312316,-0.04660021768135636
replace_obj:493,000000068409.jpg,replace_obj,Black and white photograph of young schoolboys. ,Black and white photograph of young ballerinas.,0.31510430574417114,0.24082398414611816,0.07428032159805298,0.9994059970897514,14,7.45931094670027e-17,0.7739583000002312,0.00027990000307909213,0.0001621999981580302,0.9991181181905058,0.07032570242881775,0.0039546191692352295,False,0.11550409226190476,0.9776283941572457,0.03777337074279785,0.03650695085525513,False,0.21166294642857142,0.036686162220533024,-0.03267979621887207,0.10696011781692505,True,0.3084170386904762,0.2285328291007507,-0.012166142463684082,0.08644646406173706,True,0.41063058035714284,0.34301425758263726,-0.006498903036117554,0.08077922463417053,True,0.5111328125,0.46155241668433755,0.5111328125,7,False,0.5904621982016348,0.9967049658710715,0.05712038278579712,0.01715993881225586,False,0.2122581845238095,0.9967049658710715,0.05712038278579712,0.01715993881225586,False,0.2122581845238095,0.036686162220533024,-0.03267979621887207,0.10696011781692505,True,0.3084170386904762,0.023409149816716286,-0.03730940818786621,0.11158972978591919,True,0.4456752232142857,0.03430063361641765,-0.03337688744068146,0.10765720903873444,True,0.6114769345238096,0.280674802636139,0.7590215773809523,9,False,0.44227142498804267,0.18087761404819858,0.14819077321359214
replace_rel:932,000000154425.jpg,replace_rel,A young boy flying a colorful kite on top of a sidewalk.,A young boy running with a colorful kite on a sidewalk.,0.3781088888645172,0.36819979548454285,0.009909093379974365,0.729267496209189,14,2.7755575615628914e-17,0.9432889999989129,0.0002663000013853889,0.00010869999823626131,0.28982455243317395,-0.008962363004684448,0.018871456384658813,True,0.14562844669117647,0.35722187451142023,-0.005874425172805786,0.01578351855278015,True,0.22300666360294116,0.3706242788955089,-0.005295395851135254,0.01520448923110962,True,0.3073357077205882,0.5042620014022512,0.00017048418521881104,0.009738609194755554,False,0.45001148897058824,0.6267981833011913,0.005185052752494812,0.004724040627479553,False,0.5156824448529411,0.5290263630846128,0.7868508731617647,11,False,0.44500074868945577,0.45181067790809193,-0.0019335746765136719,0.011842668056488037,True,0.14563419117647058,0.42647664710554206,-0.0029624104499816895,0.012871503829956055,True,0.20139016544117647,0.37834723977639234,-0.004965692758560181,0.014874786138534546,True,0.37559168198529413,0.36447254922799993,-0.005560040473937988,0.015469133853912354,True,0.4626321231617647,0.3694626980358956,-0.0053452253341674805,0.015254318714141846,True,0.5283030790441177,0.4050055142919915,0.4626321231617647,6,False,0.4486353399951191,0.12402084879262132,-0.0036345913056633483
swap_att:659,000000267191.jpg,swap_att,Two people are riding elephants beside some trees.,Some people are riding elephants beside two trees.,0.2746342420578003,0.24786029756069183,0.02677394449710846,0.9356794906639181,13,2.949029909160572e-17,1.2177034999986063,0.0002660999998624902,0.0001081000009435229,0.8028031292839474,0.014039069414138794,0.012734875082969666,False,0.15961201985677084,0.8337709050497628,0.016125917434692383,0.010648027062416077,False,0.24437459309895834,0.7308503282179785,0.009989410638809204,0.016784533858299255,False,0.3112080891927083,0.7695891353491492,0.012059926986694336,0.014714017510414124,False,0.4926859537760417,0.7837657572722792,0.012877479195594788,0.013896465301513672,False,0.5687408447265625,0.7837786963885578,0.64166259765625,8,False,0.801075626537485,0.8479221089760133,0.017183959484100342,0.009589985013008118,False,0.17249552408854166,0.856849127412269,0.017893627285957336,0.008880317211151123,False,0.2566630045572917,0.6995943031938038,0.008453667163848877,0.018320277333259583,False,0.3389383951822917,0.7991287354130671,0.013808578252792358,0.012965366244316101,False,0.4233652750651042,0.8779534348909389,0.019731909036636353,0.007042035460472107,False,0.566253662109375,0.7917049500042768,0.769256591796875,9,False,0.8347625266012076,-0.00792625361571897,-0.03368690006372266
swap_obj:237,000000296969.jpg,swap_obj,A group of giraffes standing in dirt field with trees in background.,A group of trees standing in dirt field with giraffes in background.,0.29333123564720154,0.29070162773132324,0.002629607915878296,0.5653639801635512,12,3.122502256758253e-17,1.3840395999977773,0.00036780000300495885,0.00013659999967785552,0.48851694952922886,-0.00045940279960632324,0.003089010715484619,True,0.103218658625731,0.4843439991946403,-0.0006264448165893555,0.0032560527324676514,True,0.26289519371345027,0.5595861210136214,0.0023948252201080322,0.00023478269577026367,False,0.33260233918128657,0.3782648813753711,-0.004969194531440735,0.007598802447319031,True,0.49061700475146197,0.5399285127437036,0.0016005486249923706,0.0010290592908859253,False,0.5550986842105263,0.5125542870078138,0.5550986842105263,6,False,0.49026746176454755,0.45739164735862337,-0.0017084777355194092,0.004338085651397705,True,0.1057485836988304,0.39078661572149304,-0.0044400691986083984,0.007069677114486694,True,0.2089672423245614,0.32403976802651946,-0.007352679967880249,0.009982287883758545,True,0.36698190789473684,0.28073823078321697,-0.009408026933670044,0.01203763484954834,True,0.4489903143274854,0.2323655968957548,-0.011950016021728516,0.014579623937606812,True,0.5348250182748538,0.331584611094398,0.4489903143274854,5,False,0.3760996305793076,0.18096967591341578,0.11416783118523993
add_att:641,000000512836.jpg,add_att,A woman with a red umbrella is walking two dogs in the snow.,A woman with a swirling red umbrella is walking two dogs in the snow.,0.3705824613571167,0.3554370105266571,0.015145450830459595,0.8197338113692944,14,7.632783294297951e-17,1.1139987999995355,0.0003428999989409931,0.0001426999988325406,0.5850639960636949,0.003435969352722168,0.011709481477737427,False,0.13678995768229166,0.7768908002990491,0.01247638463973999,0.0026690661907196045,False,0.22244771321614584,0.35111619447178094,-0.006141364574432373,0.021286815404891968,True,0.3326009114583333,0.38939296710267185,-0.004498645663261414,0.01964409649372101,True,0.4619598388671875,0.3324660548812451,-0.006970524787902832,0.022115975618362427,True,0.6176554361979166,0.4424339892461207,0.6807759602864584,9,False,0.5191079258222965,0.5850639960636949,0.003435969352722168,0.011709481477737427,False,0.13678995768229166,0.19290344138322651,-0.014312535524368286,0.02945798635482788,True,0.24694315592447916,0.30231318207509084,-0.008363068103790283,0.023508518934249878,True,0.3104604085286458,0.1747579558281736,-0.015522748231887817,0.030668199062347412,True,0.4288838704427083,0.12867803240774026,-0.019126981496810913,0.03427243232727051,True,0.5845794677734375,0.26490929919964445,0.6637674967447916,8,False,0.35329056166188105,0.17752469004647625,0.16581736416041543
add_obj:1162,000000039951.jpg,add_obj,A little boy with a red baseball cap playing tennis. ,A little boy with headphones and a red baseball cap playing tennis.,0.2814054489135742,0.27936938405036926,0.002036064863204956,0.5507265010728785,13,1.6588293239028218e-17,1.2767877000005683,0.0002549999990151264,0.00010610000026645139,0.6784703098598842,0.007467508316040039,-0.005431443452835083,False,0.16671238588483145,0.6325283293742496,0.005430787801742554,-0.0033947229385375977,False,0.22743482268258428,0.5902771536160185,0.0036511123180389404,-0.0016150474548339844,False,0.3194730951544944,0.485260318040637,-0.0005897581577301025,0.0026258230209350586,True,0.48676154318820225,0.5262596020024073,0.0010513514280319214,0.0009847134351730347,False,0.5742736130617978,0.5136173334479442,0.6109276246488764,8,False,0.5794442594372934,0.5621309624019771,0.002498149871826172,-0.0004620850086212158,False,0.11661692415730338,0.6018821291507368,0.004133135080337524,-0.0020970702171325684,False,0.20865519662921347,0.5902771536160185,0.0036511123180389404,-0.0016150474548339844,False,0.3194730951544944,0.6524611327708396,0.006298750638961792,-0.004262685775756836,False,0.41000811973314605,0.41226016959851713,-0.003546297550201416,0.005582362413406372,True,0.503028441011236,0.3691717470212474,0.6164358760533708,8,False,0.5770808452680605,0.14444558642669686,0.0023634141692329136
replace_att:260,000000024021.jpg,replace_att,Male children and young men in a large group picture.,Male children and young men in a small group picture.,0.3214634954929352,0.29431357979774475,0.02714991569519043,0.9379054877725463,12,3.8163916471489756e-17,1.181383700000879,0.0003026000013051089,0.00013500000204658136,0.916628380774467,0.023973941802978516,0.003175973892211914,False,0.11379457131410256,0.8573348057067698,0.017933279275894165,0.009216636419296265,False,0.2330165765224359,0.7629106837003926,0.011687040328979492,0.015462875366210938,False,0.3332832532051282,0.7089649252182059,0.0089036226272583,0.01824629306793213,False,0.45633638822115385,0.31872791744142365,-0.007596239447593689,0.03474615514278412,True,0.5441018129006411,0.5484316531613365,0.8525578425480769,9,False,0.7868957350488424,0.9242504315092813,0.02501550316810608,0.0021344125270843506,False,0.16374949919871795,0.9005727365803389,0.022036045789718628,0.005113869905471802,False,0.2515149238782051,0.8035936133067603,0.014089077711105347,0.013060837984085083,False,0.3319561298076923,0.6966517857621761,0.008314043283462524,0.018835872411727905,False,0.45500926482371795,0.48119690052511016,-0.0007524788379669189,0.02790239453315735,True,0.5688038361378205,0.5717104355446537,0.7167530548878205,9,False,0.8094279008957338,-0.023278782383317265,-0.02253216584689144
replace_obj:191,000000123480.jpg,replace_obj,A man with glasses looking at himself in the mirror with a toothbrush in his hand. ,A woman with glasses looking at herself in the mirror with a toothbrush in her hand.,0.29304131865501404,0.26362013816833496,0.029421180486679077,0.9498896405894245,15,2.7755575615628914e-17,1.2954825000015262,0.0003037999995285645,0.00014259999807109125,0.4526862570081425,-0.0018982291221618652,0.03131940960884094,True,0.1434173583984375,0.4494254058678354,-0.002029925584793091,0.03145110607147217,True,0.20787556966145834,0.7951660607046014,0.01356351375579834,0.015857666730880737,False,0.334197998046875,0.8388628017831242,0.016497910022735596,0.012923270463943481,False,0.4578653971354167,0.8811166088283213,0.020030468702316284,0.009390711784362793,False,0.52801513671875,0.5269526484537824,0.7938791910807291,12,False,0.7000313506411631,0.1706832505533373,-0.015807926654815674,0.04522910714149475,True,0.15087381998697916,0.2344249161706327,-0.011834919452667236,0.041256099939346313,True,0.2174072265625,0.32960244047469195,-0.007099837064743042,0.03652101755142212,True,0.3533579508463542,0.46434255081084735,-0.0014287233352661133,0.03084990382194519,True,0.4334818522135417,0.43891462579348917,-0.002455681562423706,0.03187686204910278,True,0.5644887288411459,0.41113457245023743,0.4943389892578125,7,False,0.4027052781775668,0.11581807600354499,0.29732607246359627
replace_rel:1227,000000472375.jpg,replace_rel,a brown black and white dog wearing a helmet and a black scooter,A brown black and white dog wearing a helmet is running alongside a black scooter.,0.3114517033100128,0.26650550961494446,0.04494619369506836,0.9889544360996463,15,2.7755575615628914e-17,1.6817138999977033,0.0003187000002071727,0.0001432999997632578,0.9847948960671729,0.041708022356033325,0.003238171339035034,False,0.14435577392578125,0.9733153275304378,0.035966187715530396,0.008980005979537964,False,0.20492172241210938,0.9322079685218528,0.02621111273765564,0.01873508095741272,False,0.395355224609375,0.9164174683388502,0.023946374654769897,0.020999819040298462,False,0.4325103759765625,0.8492584734202947,0.0172879695892334,0.02765822410583496,False,0.5764999389648438,0.7497418245685276,0.8400650024414062,12,False,0.9447678720636432,0.9849548483688004,0.04181540012359619,0.003130793571472168,False,0.14398956298828125,0.9832408902372552,0.04071912169456482,0.00422707200050354,False,0.2681427001953125,0.9441131637824758,0.028269171714782715,0.016677021980285645,False,0.40895843505859375,0.9441131637824758,0.028269171714782715,0.016677021980285645,False,0.40895843505859375,0.8400100083726562,0.016583025455474854,0.028363168239593506,False,0.5643043518066406,0.7501572468963698,0.9657058715820312,14,False,0.9543945749769357,-0.00041542232784219646,-0.009626702913292484
swap_att:481,000000106389.jpg,swap_att,A cat is sitting on a bright orange chair.,A bright orange cat is sitting on a chair.,0.3317772150039673,0.3060835003852844,0.02569371461868286,0.9288641761261403,14,6.938893903907228e-17,1.2587290000010398,0.0003010000000358559,0.0001385000032314565,0.9593088519530439,0.03160202503204346,-0.005908310413360596,False,0.13930765787760416,0.9166368072005737,0.02397504448890686,0.001718670129776001,False,0.23958333333333334,0.8289092753788494,0.015779167413711548,0.009914547204971313,False,0.3516031901041667,0.8286804990361876,0.015763044357299805,0.009930670261383057,False,0.4282328287760417,0.46293294617619846,-0.0014854073524475098,0.02717912197113037,True,0.5369974772135416,0.6943440939771699,0.7915191650390625,10,False,0.8512022717783995,0.9221959741333172,0.024725645780563354,0.0009680688381195068,False,0.10027567545572917,0.7186505563368403,0.009377777576446533,0.016315937042236328,False,0.2122955322265625,0.7371194262582611,0.010310500860214233,0.015383213758468628,False,0.355865478515625,0.7241073218808005,0.009649276733398438,0.016044437885284424,False,0.4025217692057292,0.4694104037540587,-0.001225113868713379,0.02691882848739624,True,0.5119832356770834,0.6204552188854637,0.7204742431640625,10,False,0.7590562778003698,0.07388887509170616,0.0921459939780297
swap_obj:58,000000340930.jpg,swap_obj,Scissors with orange handles are in a container with pens.,Pens with orange handles are in a container with scissors.,0.3500804603099823,0.3273066580295563,0.022773802280426025,0.9069862727437948,11,5.551115123125783e-17,1.1914063999975042,0.00023599999985890463,0.00010309999925084412,0.8196673029437987,0.015140950679779053,0.007632851600646973,False,0.1509246826171875,0.8397282401365863,0.016562074422836304,0.006211727857589722,False,0.2625834147135417,0.9013179655054618,0.02211955189704895,0.0006542503833770752,False,0.3635813395182292,0.7842517539587254,0.012906178832054138,0.009867623448371887,False,0.530029296875,0.7842517539587254,0.012906178832054138,0.009867623448371887,False,0.530029296875,0.7476234308851751,0.8679758707682291,9,False,0.8511626293700142,0.8196673029437987,0.015140950679779053,0.007632851600646973,False,0.1509246826171875,0.81808975048908,0.015034586191177368,0.007739216089248657,False,0.3173726399739583,0.81808975048908,0.015034586191177368,0.007739216089248657,False,0.3173726399739583,0.8355263313283272,0.016253113746643066,0.006520688533782959,False,0.4901987711588542,0.810566172112702,0.014536932110786438,0.008236870169639587,False,0.5585835774739584,0.7641135386321065,0.6721547444661459,7,False,0.8338516451943454,-0.01649010774693138,0.017310984175668787
add_att:25,000000002299.jpg,add_att,Many small children are posing together in the black and white photo. ,Many small children are posing together in the tilted black and white photo.,0.3025592565536499,0.2972524166107178,0.005306839942932129,0.6296426286430719,13,3.176712365382528e-17,1.1569337000000814,0.00024760000087553635,0.00010589999874355271,0.5392225506637999,0.0015721321105957031,0.0037347078323364258,False,0.13821192052980133,0.35596237641724376,-0.005929321050643921,0.01123616099357605,True,0.2873046357615894,0.28805440019283984,-0.009048521518707275,0.014355361461639404,True,0.38198013245033113,0.2923940710933329,-0.008837848901748657,0.014144688844680786,True,0.4463112582781457,0.3222101069858571,-0.00743633508682251,0.012743175029754639,True,0.624112582781457,0.29242322612279104,0.7835165562913907,9,False,0.4026578788481774,0.39480905290326446,-0.004271417856216431,0.00957825779914856,True,0.1774635761589404,0.4236616786776916,-0.003077596426010132,0.00838443636894226,True,0.24179470198675496,0.37515482412994144,-0.005101650953292847,0.010408490896224976,True,0.4372847682119205,0.37515482412994144,-0.005101650953292847,0.010408490896224976,True,0.4372847682119205,0.27582123841335465,-0.009652853012084961,0.01495969295501709,True,0.5318211920529802,0.3470112905247852,0.594728476821192,8,False,0.42510318572459277,-0.05458806440199415,-0.022445306876415383
add_obj:891,000000261116.jpg,add_obj,People and dishes from cake at a children's party.,People and dishes from cake at a children's party with balloons.,0.3128259778022766,0.30828142166137695,0.004544556140899658,0.6116980723982339,12,8.153200337090993e-17,1.2585306000000855,0.00030220000189729035,0.0001343000003544148,0.465413105629583,-0.0013856887817382812,0.0059302449226379395,True,0.140384,0.2674582384761293,-0.010075569152832031,0.01462012529373169,True,0.217984,0.2647234430334404,-0.010215610265731812,0.01476016640663147,True,0.33074133333333333,0.2659125844917345,-0.0101546049118042,0.014699161052703857,True,0.456752,0.29677591088968863,-0.008626982569694519,0.013171538710594177,True,0.50192,0.41199458873993083,1.0,12,False,0.3589905664417221,0.6505103029823205,0.006212830543518066,-0.0016682744026184082,False,0.11400533333333333,0.5533766872363377,0.0021432340145111084,0.00240132212638855,False,0.23973333333333333,0.4268302243350249,-0.0029479563236236572,0.007492512464523315,True,0.3837973333333333,0.49126806235380643,-0.00034931302070617676,0.004893869161605835,True,0.49655466666666664,0.37408307602869284,-0.005147397518157959,0.009691953659057617,True,0.540912,0.4592748724556346,0.540912,6,False,0.5346346770200834,-0.04728028371570375,-0.17564411057836127
replace_att:413,000000578500.jpg,replace_att,A living room with the walls painted orange-red color.  ,A living room with the walls painted blue color.,0.32619333267211914,0.2700617015361786,0.05613163113594055,0.9963637631974581,15,3.8163916471489756e-17,1.0579747999981919,0.0003051999992749188,0.00014200000077835284,0.9978328644054316,0.061321794986724854,-0.005190163850784302,False,0.172119140625,0.996757504659695,0.05728164315223694,-0.0011500120162963867,False,0.24193494073275862,0.9963077416507022,0.05597817897796631,0.00015345215797424316,False,0.31719760237068967,0.9936283755102432,0.05049508810043335,0.005636543035507202,False,0.46466695851293105,0.9929319778545959,0.049450814723968506,0.006680816411972046,False,0.5290779903017241,0.9941662267907073,0.5290779903017241,7,False,0.9959852175685511,0.9960367450202636,0.05526718497276306,0.0008644461631774902,False,0.16269867995689655,0.9847640288852093,0.04168742895126343,0.014444202184677124,False,0.2489476697198276,0.9781972742837576,0.0380367636680603,0.01809486746788025,False,0.3187634698275862,0.9852522270509514,0.04201805591583252,0.014113575220108032,False,0.41766567887931033,0.9569495784184293,0.031013786792755127,0.025117844343185425,False,0.5529195851293104,0.9455911711354625,0.6969457165948276,9,False,0.9847079061884983,0.04857505565524478,0.011277311380052724
replace_obj:435,000000267434.jpg,replace_obj,A group of cows grazing in a grassy field. ,A group of sheep grazing in a grassy field.,0.28026020526885986,0.23162947595119476,0.0486307293176651,0.9923325404492929,13,2.6020852139652106e-17,1.3346464999995078,0.000302100001135841,0.0001370999998471234,0.8808854016017338,0.02000841498374939,0.02862231433391571,False,0.17598978678385416,0.8030587205497084,0.014055222272872925,0.034575507044792175,False,0.2861480712890625,0.21476681846116383,-0.01296427845954895,0.06159500777721405,True,0.3674519856770833,0.6773399875298891,0.007415741682052612,0.04121498763561249,False,0.4385325113932292,0.7170216415788946,0.009297356009483337,0.03933337330818176,False,0.5617421468098959,0.7300670994892727,0.5617421468098959,7,False,0.7415600323220053,0.9494769379789245,0.029334813356399536,0.019295915961265564,False,0.15422566731770834,0.9652345055794415,0.033237457275390625,0.015393272042274475,False,0.23552958170572916,0.9713869981341828,0.035248637199401855,0.013382092118263245,False,0.3456878662109375,0.6773399875298891,0.007415741682052612,0.04121498763561249,False,0.4385325113932292,0.6123112691423019,0.004570379853248596,0.044060349464416504,False,0.5215352376302084,0.7749997825549759,0.6120249430338541,7,False,0.8902613777604346,-0.044932683065703194,-0.14870134543842928
replace_rel:847,000000255749.jpg,replace_rel,A bus is stopped on a dark road.,A bus is speeding down a dark road.,0.3257632255554199,0.2955167889595032,0.030246436595916748,0.9536751099709289,14,1.8214596497756474e-17,1.2186347000024398,0.00029629999698954634,0.00013949999993201345,0.8944023442063216,0.021365195512771606,0.008881241083145142,False,0.16006982853982302,0.9464890123593701,0.028728723526000977,0.0015177130699157715,False,0.23130991887905605,0.7727848951749443,0.01224103569984436,0.018005400896072388,False,0.35731240781710916,0.7601934323373372,0.011537402868270874,0.018709033727645874,False,0.4346308075221239,0.742873332621374,0.010609567165374756,0.019636869430541992,False,0.5085153945427728,0.7579695237821378,0.7980388089970502,11,False,0.8585585522200729,0.9236464842368312,0.024929553270339966,0.005316883325576782,False,0.12641731194690264,0.9209989292175511,0.024559974670410156,0.005686461925506592,False,0.20030189896755163,0.8834663152025369,0.020256727933883667,0.009989708662033081,False,0.3401836744100295,0.8696152922345525,0.01897561550140381,0.01127082109451294,False,0.4045330936578171,0.8523344688510204,0.01753029227256775,0.012716144323348999,False,0.5643033278023599,0.7922929345028441,0.7980388089970502,11,False,0.898412903800182,-0.03432341072070633,-0.03985435158010908
swap_att:623,000000300233.jpg,swap_att,A close up of a bowl of uncooked rice and a jar of oil.,A close up of a jar of cooked rice and a bowl of oil.,0.28590890765190125,0.27261224389076233,0.013296663761138916,0.7907854441296681,13,3.599551212651875e-17,1.3162613999993482,0.00024389999816776253,0.00010879999899771065,0.7373082227116832,0.01032024621963501,0.0029764175415039062,False,0.13390145460358055,0.678793665275659,0.0074823349714279175,0.0058143287897109985,False,0.20284526854219948,0.758820019846608,0.011462211608886719,0.0018344521522521973,False,0.4216701966112532,0.758820019846608,0.011462211608886719,0.0018344521522521973,False,0.4216701966112532,0.7634366713775642,0.011716142296791077,0.0015805214643478394,False,0.539527054028133,0.757446911633299,0.6890485134271099,9,False,0.737904978910144,0.8016268883992561,0.013964936137199402,-0.0006682723760604858,False,0.16606058184143221,0.8372568892546681,0.01637957990169525,-0.0030829161405563354,False,0.21773597346547316,0.7587946569603945,0.011460825800895691,0.001835837960243225,False,0.3896259590792839,0.7473869280165988,0.010847240686416626,0.00244942307472229,False,0.4642493206521739,0.5966834741314732,0.003916651010513306,0.00938001275062561,False,0.5464753836317136,0.7703623219925172,0.4642493206521739,6,False,0.7744044553211177,-0.012915410359218171,-0.03649947641097373
swap_obj:119,000000369370.jpg,swap_obj,A ham sandwich on a white plate with a kale garnish.,A kale garnish on a white plate with a ham sandwich.,0.2893192768096924,0.28029847145080566,0.009020805358886719,0.7113768656708874,12,4.0115480381963664e-17,1.235950700000103,0.00029770000037387945,0.00013519999993150122,0.53240551629435,0.0012980401515960693,0.007722765207290649,False,0.11641438802083333,0.5355158639722124,0.0014230310916900635,0.007597774267196655,False,0.2906036376953125,0.6368718186299709,0.0056181252002716064,0.0034026801586151123,False,0.3744913736979167,0.6148483523632778,0.004677385091781616,0.0043434202671051025,False,0.4470570882161458,0.44114187300848057,-0.002365291118621826,0.011386096477508545,True,0.5296529134114584,0.5041710672622259,0.6315561930338541,7,False,0.573220704463831,0.35291288146940686,-0.006062597036361694,0.015083402395248413,True,0.16840108235677084,0.3041638016705431,-0.008275479078292847,0.017296284437179565,True,0.23235066731770834,0.350885370307708,-0.0061514973640441895,0.015172302722930908,True,0.4071248372395833,0.350885370307708,-0.0061514973640441895,0.015172302722930908,True,0.4071248372395833,0.34642533538312015,-0.0063478946685791016,0.01536870002746582,True,0.5235392252604166,0.4027565671404404,0.5623016357421875,7,False,0.39816520602605443,0.10141450012178554,0.17505549843777657
add_att:230,000000243204.jpg,add_att,A man is cooking while wearing a jacket and scarf,A red-haired man is cooking while wearing a jacket and scarf.,0.3175954818725586,0.2814090847969055,0.036186397075653076,0.9738813461115569,15,5.102526474259905e-17,1.336500100002013,0.00027689999842550606,0.00011309999899822287,0.9514057625064424,0.029744356870651245,0.006442040205001831,False,0.15320841471354166,0.9598521200309503,0.031742095947265625,0.004444301128387451,False,0.22838338216145834,0.9181371979015778,0.02417302131652832,0.012013375759124756,False,0.3151906331380208,0.8976546897978092,0.021714329719543457,0.01447206735610962,False,0.4088541666666667,0.8305341276438187,0.015894174575805664,0.020292222499847412,False,0.5129801432291666,0.8202052748314745,0.686309814453125,11,False,0.9276136939183689,0.9500929554809641,0.029463976621627808,0.0067224204540252686,False,0.11402384440104167,0.8433946491649162,0.01683706045150757,0.019349336624145508,False,0.2702992757161458,0.6327807872506686,0.005441650748252869,0.030744746327400208,False,0.3104095458984375,0.6745738127063292,0.007289454340934753,0.028896942734718323,False,0.4689381917317708,0.6826556573890308,0.007660031318664551,0.028526365756988525,False,0.5231170654296875,0.7559729203114914,0.69195556640625,10,False,0.8025479670515411,0.0642323545199831,0.12506572686682782
add_obj:1650,000000440475.jpg,add_obj,a living room with a lot of chairs and  a big entertainment center,A living room with a lot of chairs and a big entertainment center and a fish tank.,0.28629574179649353,0.28599417209625244,0.00030156970024108887,0.5075386711821421,12,6.331740687315346e-17,1.341253400001733,0.0006474000001617242,0.00031829999716137536,0.4132411493207001,-0.0035058259963989258,0.0038073956966400146,True,0.1822688230994152,0.4103129256854527,-0.003626719117164612,0.003928288817405701,True,0.3206037554824561,0.4103129256854527,-0.003626719117164612,0.003928288817405701,True,0.3206037554824561,0.3323374231265719,-0.006976321339607239,0.007277891039848328,True,0.44510690789473684,0.2630683019526557,-0.010300815105438232,0.010602384805679321,True,0.5483826754385965,0.41477908859532164,0.8143845942982456,10,False,0.39726733158807404,0.4468995419005429,-0.0021320581436157227,0.0024336278438568115,True,0.1372612847222222,0.42616468671671615,-0.002975165843963623,0.003276735544204712,True,0.22416392543859648,0.2411777984847211,-0.01146233081817627,0.011763900518417358,True,0.3722473501461988,0.24661136650019944,-0.011167675256729126,0.011469244956970215,True,0.4755231176900585,0.22305703067342567,-0.012479394674301147,0.012780964374542236,True,0.6138580500730995,0.3093900342705992,0.4755231176900585,6,False,0.3429536431816672,0.10538905432472245,0.054313688406406824
replace_att:139,000000162035.jpg,replace_att,A fold out sign sitting on a rainy sidewalk.,A fold out sign sitting on a sunny sidewalk.,0.27126768231391907,0.2573220431804657,0.01394563913345337,0.8013198464727497,15,4.85722573273506e-17,1.2959878000001481,0.0003440000000409782,0.00011380000069038942,0.7900473628794298,0.013252109289169312,0.0006935298442840576,False,0.14418133333333333,0.8473748260303636,0.01714158058166504,-0.00319594144821167,False,0.20032,0.7650550659987994,0.01180596649646759,0.002139672636985779,False,0.3197813333333333,0.8480663580336387,0.01719515025615692,-0.0032495111227035522,False,0.43623466666666666,0.7869965133373886,0.01306915283203125,0.0008764863014221191,False,0.524992,0.6197331954815849,0.783712,12,False,0.8066489521235012,0.7900473628794298,0.013252109289169312,0.0006935298442840576,False,0.14418133333333333,0.7622324201051803,0.01164957880973816,0.00229606032371521,False,0.23293866666666665,0.8391411738827197,0.016518518328666687,-0.002572879195213318,False,0.343744,0.7217436970836442,0.009531274437904358,0.004414364695549011,False,0.4074453333333333,0.6220452138125708,0.00498238205909729,0.008963257074356079,False,0.5336053333333334,0.6604729918009778,0.6035093333333333,9,False,0.7623849852301425,-0.04073979631939295,0.04426396689335865
replace_obj:1143,000000345466.jpg,replace_obj,"A baseball player pitching a ball on a field,",A soccer player kicking a ball on a field.,0.31715652346611023,0.25332364439964294,0.06383287906646729,0.998313291090744,13,5.724587470723463e-17,1.4009243000000424,0.00031659999876865186,0.00013809999654768035,0.9968281668320975,0.057502686977386475,0.0063301920890808105,False,0.12367466666666667,0.9981582218663738,0.06295180320739746,0.0008810758590698242,False,0.20871466666666666,0.9995010506397706,0.07602506875991821,-0.012192189693450928,False,0.3603573333333333,0.9996476140578778,0.07950431108474731,-0.01567143201828003,False,0.44671466666666665,0.9979442950361026,0.061850786209106445,0.00198209285736084,False,0.5418826666666666,0.8935783924677019,0.7708693333333333,9,False,0.9984453426702694,0.9968281668320975,0.057502686977386475,0.0063301920890808105,False,0.12367466666666667,0.9995033808152791,0.07607190310955048,-0.012239024043083191,False,0.21884266666666666,0.9993567210369072,0.07348288595676422,-0.009650006890296936,False,0.39889066666666667,0.9993250569154375,0.07300207018852234,-0.009169191122055054,False,0.460608,0.9996092905685693,0.07847155630588531,-0.01463867723941803,False,0.51992,0.9684510292722505,0.74376,9,False,0.998750001346438,-0.07487263680454859,-0.0003046586761685788
replace_rel:666,000000057150.jpg,replace_rel,A girl in plain dress standing next to a white teddy bear.,A girl in plain dress sitting next to a white teddy bear.,0.31081387400627136,0.29171109199523926,0.019102782011032104,0.8710503990729301,15,5.898059818321144e-17,0.7655733999999939,0.0004972000024281442,0.0002548000011302065,0.8378171098956333,0.016420751810073853,0.002682030200958252,False,0.14639322916666667,0.8115704103959357,0.01460246741771698,0.0045003145933151245,False,0.20231770833333335,0.7304720383129522,0.00997018814086914,0.009132593870162964,False,0.3636197916666667,0.6780937671360712,0.0074502527713775635,0.011652529239654541,False,0.41682291666666665,0.5024422808959793,9.769201278686523e-05,0.01900508999824524,False,0.5259114583333333,0.6774702898950383,0.6087239583333334,9,False,0.7557028139712372,0.7811795012889585,0.012725532054901123,0.0063772499561309814,False,0.15069010416666667,0.7252786731609548,0.009707987308502197,0.009394794702529907,False,0.218046875,0.5208948979254787,0.0008362829685211182,0.018266499042510986,False,0.3327994791666667,0.3405456607324711,-0.006608635187149048,0.025711417198181152,True,0.43645833333333334,0.5301791006734149,0.0012086331844329834,0.01789414882659912,False,0.5952213541666667,0.5673954898902411,0.6713932291666667,10,False,0.6056414108961731,0.11007480000479719,0.1500614030750641
swap_att:591,000000284991.jpg,swap_att,A man has a red water bottle up to his mouth.,A man has his water bottle up to his red mouth.,0.33086374402046204,0.30903300642967224,0.021830737590789795,0.8987191979710031,14,6.353424730765056e-17,1.0306229000016174,0.0003174999983457383,0.000139899999339832,0.8719764678919286,0.01918548345565796,0.002645254135131836,False,0.10437225877192982,0.7234692154941118,0.009617358446121216,0.012213379144668579,False,0.23605971308479531,0.6432241679771065,0.0058938562870025635,0.01593688130378723,False,0.302054778874269,0.5089434680250184,0.0003577768802642822,0.021472960710525513,False,0.48178796600877194,0.5089520334487578,0.0003581196069717407,0.021472617983818054,False,0.5402275219298246,0.6207481599266746,0.6704073008040936,9,False,0.695702034617056,0.8719764678919286,0.01918548345565796,0.002645254135131836,False,0.10437225877192982,0.8089167371363557,0.014429867267608643,0.007400870323181152,False,0.2249748720760234,0.641507398889953,0.0058191269636154175,0.016011610627174377,False,0.35588564510233917,0.6742119181206081,0.007272973656654358,0.014557763934135437,False,0.42229189510233917,0.491399898014327,-0.0003440380096435547,0.02217477560043335,True,0.5446991502192983,0.619657952237999,0.5446991502192983,8,False,0.7411972611004064,0.0010902076886756262,-0.04549522648335036
swap_obj:198,000000166664.jpg,swap_obj,A car on a road passes a standing elephant.,An elephant on a road passes a standing car.,0.35800275206565857,0.35094279050827026,0.007059961557388306,0.6695158537627701,14,1.8214596497756474e-17,1.2464257999999973,0.00027400000180932693,0.00010990000009769574,0.714377453690684,0.009167402982711792,-0.0021074414253234863,False,0.10343567251461988,0.724798020166124,0.009683877229690552,-0.002623915672302246,False,0.20459269919590642,0.7039112210929439,0.008659929037094116,-0.0015999674797058105,False,0.33197985197368424,0.6833302772941869,0.007691189646720886,-0.0006312280893325806,False,0.4666655244883041,0.5587390967514511,0.0023604631423950195,0.004699498414993286,False,0.5117987024853801,0.6486411523341442,0.810164245248538,12,False,0.6971744339842004,0.763522508835323,0.011720895767211914,-0.004660934209823608,False,0.16702074195906433,0.5959919019429706,0.0038879215717315674,0.0031720399856567383,False,0.26697848135964913,0.636162307099197,0.005587458610534668,0.0014725029468536377,False,0.32568644919590645,0.7124013275692672,0.009070754051208496,-0.0020107924938201904,False,0.4056046692251462,0.7216667808300578,0.009527444839477539,-0.0024674832820892334,False,0.5448076571637427,0.6937617637594974,0.7831974141081871,10,False,0.6928865154360355,-0.045120611425353174,0.004287918548164904
add_att:296,000000074058.jpg,add_att,A bunch of bikes that are sitting on the sidewalk.,A bunch of bikes that are sitting on a cracked sidewalk.,0.2870524227619171,0.2844389081001282,0.0026135146617889404,0.5649684830557655,11,3.469446951953614e-17,1.4122988999988593,0.0003630999999586493,0.00013469999976223335,0.3671323065132077,-0.005445390939712524,0.008058905601501465,True,0.21102887426900585,0.3671323065132077,-0.005445390939712524,0.008058905601501465,True,0.21102887426900585,0.3224493428197076,-0.007425382733345032,0.010038897395133972,True,0.34509777046783624,0.3283547508005537,-0.007156357169151306,0.009769871830940247,True,0.4027435124269006,0.5367543527663721,0.0014728307723999023,0.001140683889389038,False,0.5308102613304093,0.5388015081320867,0.8035681652046783,9,False,0.412067168088631,0.5572752854801527,0.0023011118173599243,0.0003124028444290161,False,0.16262906615497075,0.596253079981995,0.0038987696170806885,-0.001285254955291748,False,0.2726094206871345,0.4370468954301248,-0.0025315582752227783,0.005145072937011719,True,0.40200680738304095,0.4370468954301248,-0.0025315582752227783,0.005145072937011719,True,0.40200680738304095,0.43902398545345817,-0.0024512410163879395,0.00506475567817688,True,0.5494163468567251,0.48328149308005597,0.5494163468567251,5,False,0.5207545080946454,0.05552001505203075,-0.10868734000601443
add_obj:102,000000338428.jpg,add_obj,A truck painted green with designs parked by other vehicles.,A truck painted green with designs parked by scooters and other vehicles.,0.27017128467559814,0.2528925836086273,0.017278701066970825,0.8491397807575718,12,3.7947076036992655e-17,1.075758599999972,0.0006964999993215315,0.0002457999980833847,0.5970197953147053,0.003930628299713135,0.01334807276725769,False,0.21821672354948807,0.5970197953147053,0.003930628299713135,0.01334807276725769,False,0.21821672354948807,0.6392614081340442,0.005721598863601685,0.01155710220336914,False,0.30888705204778155,0.8100579316487839,0.01450386643409729,0.002774834632873535,False,0.43681340656996587,0.7727011572102719,0.012236267328262329,0.005042433738708496,False,0.5352762372013652,0.6195302729096328,0.8403703604948806,10,False,0.7182457114011894,0.6938127363372117,0.008180052042007446,0.009098649024963379,False,0.13242587457337884,0.6414816967010958,0.005818009376525879,0.011460691690444946,False,0.2528596949658703,0.8004025283939046,0.013888120651245117,0.003390580415725708,False,0.3513225255972696,0.6659718454222517,0.006900221109390259,0.010378479957580566,False,0.5089723762798635,0.6659718454222517,0.006900221109390259,0.010378479957580566,False,0.5089723762798635,0.687918647183011,0.5089723762798635,6,False,0.7252725657932142,-0.06838837427337818,-0.007026854392024773
replace_att:451,000000545826.jpg,replace_att,A black cat with white paws is standing among some wooden boards and a toy.,A black cat with pink paws is standing among some wooden boards and a toy.,0.23058584332466125,0.2210589200258255,0.009526923298835754,0.7216563048434365,13,1.734723475976807e-17,1.1609208000008948,0.0003431000004638918,0.0001430000011168886,0.4512460651250514,-0.001956373453140259,0.011483296751976013,True,0.1493993993993994,0.32368605965465547,-0.00736883282661438,0.016895756125450134,True,0.20386186186186186,0.3960587279654603,-0.004219144582748413,0.013746067881584167,True,0.37965165165165166,0.4720841679020249,-0.001117795705795288,0.010644719004631042,True,0.45915315315315314,0.4596447298151858,-0.001617729663848877,0.011144652962684631,True,0.5194594594594595,0.4222821756575833,0.6797477477477477,9,False,0.4515916500916257,0.5361296053322375,0.0014477074146270752,0.00807921588420868,False,0.1687747747747748,0.4127736889299483,-0.0035251080989837646,0.013052031397819519,True,0.27606606606606604,0.3444879364039758,-0.006433576345443726,0.01596049964427948,True,0.32906306306306304,0.18799723771280374,-0.014630764722824097,0.02415768802165985,True,0.4214774774774775,0.10889019474930174,-0.021021276712417603,0.030548200011253357,True,0.5461921921921922,0.27111523548939465,0.6902762762762763,8,False,0.4032093718974818,0.15116694016818866,0.048382278194143924
replace_obj:797,000000166287.jpg,replace_obj,Cows are grazing in a wet pasture with birds.,Horses are grazing in a wet pasture with birds.,0.3393278419971466,0.3358336389064789,0.0034942030906677246,0.5864769983212889,15,4.380176776841438e-17,1.3430537000022014,0.0003189999988535419,0.0001463999979023356,0.3152851571053144,-0.007755249738693237,0.011249452829360962,True,0.12538655598958334,0.2556363309358079,-0.01068773865699768,0.014181941747665405,True,0.208282470703125,0.4829566968202896,-0.0006819963455200195,0.004176199436187744,True,0.3022054036458333,0.6275267573945438,0.0052162110805511475,-0.0017220079898834229,False,0.4251149495442708,0.6466555098046115,0.0060437023639678955,-0.002549499273300171,False,0.5220235188802084,0.574520984256968,0.8094482421875,12,False,0.46907362728852964,0.15287664765107312,-0.01712214946746826,0.020616352558135986,True,0.149505615234375,0.19065154078937702,-0.0144578218460083,0.017952024936676025,True,0.20959981282552084,0.3454846349413065,-0.0063894689083099365,0.009883671998977661,True,0.32623291015625,0.4879063415984508,-0.0004838407039642334,0.003978043794631958,True,0.4398447672526042,0.6659479783424193,0.006899148225784302,-0.003404945135116577,False,0.557891845703125,0.3071143836428484,0.3807881673177083,6,False,0.3805442099096149,0.2674066006141196,0.08852941737891473
replace_rel:528,000000564133.jpg,replace_rel,African elephants file through dry grass and shrub growth.,African elephants file through lush wilderness.,0.3213987648487091,0.3116172254085541,0.00978153944015503,0.7267417649502655,13,6.071532165918825e-17,1.2700647000019671,0.00033149999944726005,0.00013720000060857274,0.5563445867617134,0.002263396978378296,0.007518142461776733,False,0.11402447455752213,0.7212163943666864,0.009505033493041992,0.0002765059471130371,False,0.2555655420353982,0.7008848381751982,0.008515149354934692,0.001266390085220337,False,0.3369342275073746,0.6426145601436988,0.005867302417755127,0.003914237022399902,False,0.4000276548672566,0.4514541823668918,-0.0019479691982269287,0.011729508638381958,True,0.5650292680678466,0.5347639331601625,0.9189309089233039,12,False,0.6266349034473095,0.7857654494545917,0.012995868921279907,-0.003214329481124878,False,0.16673580383480827,0.8213824365208402,0.015257418155670166,-0.005475878715515137,False,0.2552774705014749,0.8076925571148016,0.014350861310958862,-0.004569321870803833,False,0.3363465615781711,0.8075476261253071,0.014341533184051514,-0.004559993743896484,False,0.4240470593657817,0.5858068298528114,0.003466576337814331,0.006314963102340698,False,0.6286815542035398,0.7554752081414576,0.48714048672566373,6,False,0.7582073435463912,-0.22071127498129517,-0.13157244009908164
swap_att:151,000000054931.jpg,swap_att,A woman in high heels is leading a white horse with a rope.,A woman in white is leading a high horse with a rope.,0.3067333698272705,0.2998040020465851,0.006929367780685425,0.6666199089179806,12,3.122502256758253e-17,1.101813500001299,0.0005115999992995057,0.0003509999987727497,0.36486266787709415,-0.00554320216178894,0.012472569942474365,True,0.1751359192251462,0.5464264221825073,0.0018624216318130493,0.0050669461488723755,False,0.31694307383040937,0.5464264221825073,0.0018624216318130493,0.0050669461488723755,False,0.31694307383040937,0.7037599509692769,0.008652672171592712,-0.0017233043909072876,False,0.4380768000730994,0.636991390997798,0.005623295903205872,0.0013060718774795532,False,0.5409185398391813,0.5491638896299017,0.8504031889619883,10,False,0.5538740018119522,0.4663660491231329,-0.0013473927974700928,0.008276760578155518,True,0.14264094480994152,0.5406935250474768,0.0016313493251800537,0.005298018455505371,False,0.23041164108187134,0.5446697483103199,0.0017915666103363037,0.005137801170349121,False,0.4023094846491228,0.5446697483103199,0.0017915666103363037,0.005137801170349121,False,0.4023094846491228,0.5509613482687293,0.002045556902885437,0.004883810877799988,False,0.5405815972222222,0.5385494091138138,0.4023094846491228,5,False,0.543920626553684,0.010614480516087932,0.009953375258268227
swap_obj:97,000000345466.jpg,swap_obj,A baseball player throws a pitch while others watch from the dugout.,Others throw a pitch while a baseball player watches from the dugout.,0.28987228870391846,0.2885838747024536,0.0012884140014648438,0.5321658659427709,13,4.5102810375396984e-17,1.1486853000023984,0.0003228999994462356,0.00013789999866276048,0.6398543010117633,0.005747318267822266,-0.004458904266357422,False,0.15599466666666667,0.4425897945880832,-0.0023065805435180664,0.00359499454498291,True,0.2796693333333333,0.39861714885224553,-0.004112303256988525,0.005400717258453369,True,0.36470933333333333,0.4430934897077258,-0.002286165952682495,0.003574579954147339,True,0.44671466666666665,0.33554273906968907,-0.006832212209701538,0.008120626211166382,True,0.5418826666666666,0.447467369695153,0.8248266666666667,10,False,0.4902925423170396,0.5009179104983463,3.6716461181640625e-05,0.0012516975402832031,False,0.15448,0.4880061214512955,-0.0004798471927642822,0.001768261194229126,True,0.26489066666666666,0.48095584750162546,-0.0007621347904205322,0.002050548791885376,True,0.346896,0.4434325387994051,-0.0022724270820617676,0.0035608410835266113,True,0.4332533333333333,0.4246698464509415,-0.003036320209503174,0.004324734210968018,True,0.5182933333333334,0.41607499723102576,0.5775573333333334,7,False,0.4841753725687467,0.03139237246412724,0.0061171697482929055
add_att:211,000000263463.jpg,add_att,A dog looks out of the window as the car driver goes past a historic town.,A dog looks out of the smudged window as the car driver goes past a historic town.,0.3646569550037384,0.35875609517097473,0.005900859832763672,0.6433848740074307,14,7.632783294297951e-17,1.2785952999984147,0.0003226000007998664,0.00014029999874765053,0.4937083167948183,-0.0002516806125640869,0.006152540445327759,True,0.13394325657894737,0.4372654152751117,-0.002522677183151245,0.008423537015914917,True,0.21926398026315788,0.5034208807027796,0.00013683736324310303,0.005764022469520569,False,0.324727019371345,0.40045857639528154,-0.004035547375679016,0.009936407208442688,True,0.4301900584795322,0.5826179611771589,0.003335297107696533,0.0025655627250671387,False,0.5435055738304093,0.4993101078168895,0.8624988578216374,12,False,0.494630217701083,0.650256180583823,0.006201654672622681,-0.0003007948398590088,False,0.10689076206140351,0.6745074046059063,0.007286429405212402,-0.0013855695724487305,False,0.23524876644736842,0.564244656071572,0.0025840699672698975,0.0033167898654937744,False,0.3558285361842105,0.5145833543006294,0.0005834996700286865,0.005317360162734985,False,0.4182485836988304,0.44997411900304307,-0.0020077526569366455,0.007908612489700317,True,0.6271701388888888,0.5160553808891052,0.7135873538011696,10,False,0.5792271916292409,-0.016745273072215683,-0.08459697392815785
add_obj:1984,000000381639.jpg,add_obj,this is a little girl standing in an airport,A little girl and her grandpa are standing in an airport.,0.2875669300556183,0.2768419682979584,0.010724961757659912,0.7450713295329381,11,1.3877787807814457e-17,1.4881138000018836,0.00030309999783639796,0.00013070000204606913,0.8769478130550521,0.019638389348983765,-0.008913427591323853,False,0.2144380687901499,0.8769478130550521,0.019638389348983765,-0.008913427591323853,False,0.2144380687901499,0.8202379470521939,0.015179604291915894,-0.0044546425342559814,False,0.37492053667023556,0.849553726317648,0.01731105148792267,-0.006586089730262756,False,0.4900545369379015,0.9378223849905212,0.027135655283927917,-0.016410693526268005,False,0.5816381156316917,0.8562093204414473,0.6586464467344754,7,False,0.8391257711780316,0.9069978373665638,0.02277517318725586,-0.012050211429595947,False,0.13433066782655245,0.9069978373665638,0.02277517318725586,-0.012050211429595947,False,0.2158056745182013,0.6971201575604304,0.00833621621131897,0.0023887455463409424,False,0.37292140658458245,0.6588969404341221,0.0065838247537612915,0.004141137003898621,False,0.5030279710920771,0.6588969404341221,0.0065838247537612915,0.004141137003898621,False,0.5030279710920771,0.7815878944417942,0.6971694325481799,7,False,0.7933729903101666,0.07462142599965305,0.04575278086786494
replace_att:311,000000172571.jpg,replace_att,Chicago style deep dish pizza with tomato sauce and sausage.,Chicago style deep dish pizza with tomato sauce and vegetarian toppings.,0.33197352290153503,0.32245051860809326,0.009523004293441772,0.7215775775389727,14,1.1015494072452725e-16,1.2212135999980092,0.0002542999973229598,0.00010860000111279078,0.4325127576392741,-0.002716064453125,0.012239068746566772,True,0.12802768166089964,0.4067699065350694,-0.0037733465433120728,0.013296350836753845,True,0.20957233996539792,0.26153694534527716,-0.010379955172538757,0.01990295946598053,True,0.3438784061418685,0.3195302462944461,-0.0075593143701553345,0.017082318663597107,True,0.4045198961937716,0.3307390615137364,-0.007048442959785461,0.016571447253227234,True,0.6164711288927336,0.379416088936954,0.7483172037197232,11,False,0.38851327198318736,0.4325127576392741,-0.002716064453125,0.012239068746566772,True,0.12802768166089964,0.3460927494924821,-0.006362587213516235,0.015885591506958008,True,0.24991214316608998,0.341294316865876,-0.0065753161907196045,0.016098320484161377,True,0.33145680147058826,0.36829153349262184,-0.00539553165435791,0.014918535947799683,True,0.4133461288927336,0.3526281102368204,-0.006075069308280945,0.015598073601722717,True,0.5434080341695502,0.3468862355749778,0.616768490484429,9,False,0.4145871106264615,0.032529853361976224,-0.026073838643274116
replace_obj:1279,000000560011.jpg,replace_obj,The end of a computer keyboard and a blue-illuminated black wireless mouse sit on a table. ,The end of a smartphone and a blue-illuminated black wireless mouse sit on a table.,0.292740136384964,0.2705931067466736,0.022147029638290405,0.9015620938649084,14,2.862293735361732e-17,1.1784474000014598,0.00031909999961499125,0.0001419000000169035,0.9138524460804346,0.02361607551574707,-0.001469045877456665,False,0.1381566265060241,0.8939262735916016,0.021314889192581177,0.0008321404457092285,False,0.22820481927710842,0.8518055563054238,0.017488330602645874,0.004658699035644531,False,0.3517831325301205,0.7602135336564477,0.011538505554199219,0.010608524084091187,False,0.4124156626506024,0.9225550943946723,0.024775803089141846,-0.0026287734508514404,False,0.5424156626506024,0.5867687423147433,0.7927891566265061,11,False,0.8718719760291203,0.8572731911312884,0.017928242683410645,0.004218786954879761,False,0.17380722891566264,0.5570793240479104,0.0022931694984436035,0.019853860139846802,False,0.25128313253012047,0.49170975373516285,-0.00033164024353027344,0.02247866988182068,True,0.31196385542168675,0.1414352014875756,-0.018034204840660095,0.0401812344789505,True,0.4355421686746988,0.1374396614779302,-0.01836720108985901,0.040514230728149414,True,0.5556265060240964,0.3739977108042093,0.8296144578313253,12,False,0.5315164430669702,0.212771031510534,0.34035553296215004
replace_rel:1347,000000348216.jpg,replace_rel,a bunch of tubs are lined up next to each other,A bunch of tubs are separated from each other.,0.28299108147621155,0.27147963643074036,0.011511445045471191,0.7597199032846392,13,2.949029909160572e-17,1.2817304999989574,0.00025119999918388203,0.00010900000052060932,0.6147968314453716,0.0046752095222473145,0.006836235523223877,False,0.12367757161458333,0.5212861011609261,0.0008519589900970459,0.010659486055374146,False,0.2706960042317708,0.4579405173191713,-0.0016863644123077393,0.01319780945777893,True,0.3629709879557292,0.3459440452295486,-0.006369158625602722,0.017880603671073914,True,0.4220835367838542,0.37376074546850535,-0.005161166191101074,0.016672611236572266,True,0.5544637044270834,0.4665964445526152,0.6941324869791666,9,False,0.5141678794341669,0.4191804239795706,-0.003261387348175049,0.01477283239364624,True,0.17957560221354166,0.32600119298684654,-0.007263273000717163,0.018774718046188354,True,0.319244384765625,0.32600119298684654,-0.007263273000717163,0.018774718046188354,True,0.319244384765625,0.2070961762798653,-0.013425186276435852,0.024936631321907043,True,0.4495340983072917,0.27568315412903305,-0.009659767150878906,0.021171212196350098,True,0.50604248046875,0.3351442537149264,0.6081288655598959,8,False,0.4075933641523396,0.13145219083768878,0.10657451528182726
swap_att:283,000000422836.jpg,swap_att,two men walking down a city streen next to a blue pole.,A blue man walking down a city street next to two poles.,0.2879885137081146,0.28576210141181946,0.002226412296295166,0.5554315220511872,11,7.112366251504909e-17,0.7679223000013735,0.00029290000020409934,0.00013279999984661117,0.3124118965100794,-0.00788867473602295,0.010115087032318115,True,0.1976171875,0.4487787609960272,-0.0020560622215270996,0.004282474517822266,True,0.31296875,0.4487787609960272,-0.0020560622215270996,0.004282474517822266,True,0.31296875,0.4769344839278046,-0.0009232759475708008,0.003149688243865967,True,0.4395703125,0.7753730780596846,0.012389034032821655,-0.01016262173652649,False,0.5909244791666667,0.44773267040231607,0.8193098958333334,8,False,0.47894797333861916,0.3124118965100794,-0.00788867473602295,0.010115087032318115,True,0.1976171875,0.2030833098510288,-0.013671338558197021,0.015897750854492188,True,0.24260416666666668,0.20357282342824073,-0.013641119003295898,0.015867531299591064,True,0.33248697916666664,0.13745520770454212,-0.01836588978767395,0.020592302083969116,True,0.43540364583333335,0.11065739746919515,-0.020840436220169067,0.023066848516464233,True,0.5488671875,0.19854689892801794,0.5488671875,7,False,0.26827263489943076,0.24918577147429813,0.2106753384391884
swap_obj:216,000000498286.jpg,swap_obj,a close up of a dog with a car in the back,A close up of a car with a dog in the back.,0.2556420564651489,0.23358994722366333,0.022052109241485596,0.9007164785863377,14,3.008661028647275e-17,0.9112385000007635,0.0004068000016559381,0.00015379999967990443,0.8883595010416809,0.020740926265716553,0.001311182975769043,False,0.15590413411458334,0.8731281319172008,0.0192890465259552,0.0027630627155303955,False,0.2146453857421875,0.8682336423053079,0.018854305148124695,0.003197804093360901,False,0.30853271484375,0.8657899936935506,0.0186423659324646,0.003409743309020996,False,0.4815012613932292,0.8519384948569464,0.017498865723609924,0.004553243517875671,False,0.5526529947916666,0.8573901374909041,0.6114247639973959,8,False,0.8758107396074424,0.899771720180165,0.02194690704345703,0.00010520219802856445,False,0.18748982747395834,0.8512999809074762,0.017448335886001587,0.004603773355484009,False,0.2629801432291667,0.8563928632567982,0.017856478691101074,0.0041956305503845215,False,0.3507130940755208,0.8138239063461885,0.014750510454177856,0.007301598787307739,False,0.4300791422526042,0.8098629710674359,0.01449120044708252,0.007560908794403076,False,0.5440114339192709,0.7905561816281758,0.6963246663411459,9,False,0.8613162315583465,0.06683395586272833,0.014494508049095911
add_att:597,000000038048.jpg,add_att,A red fire hydrant embedded in a city sidewalk.,A red fire hydrant embedded in a decorated city sidewalk.,0.3364892899990082,0.31771862506866455,0.018770664930343628,0.8672738142936011,12,4.85722573273506e-17,0.7481814999991911,0.00030169999809004366,0.00014240000018617138,0.8230543984667994,0.01537179946899414,0.0033988654613494873,False,0.11681605351170568,0.5587688549449287,0.002361670136451721,0.016408994793891907,False,0.24779933110367894,0.6536849810506141,0.00635276734828949,0.012417897582054138,False,0.3236321070234114,0.6447584431950788,0.005960777401924133,0.012809887528419495,False,0.40612709030100336,0.49908320708498116,-3.667175769805908e-05,0.018807336688041687,True,0.544448160535117,0.6335412126551824,0.7024749163879599,8,False,0.6756650794049359,0.8230543984667994,0.01537179946899414,0.0033988654613494873,False,0.11681605351170568,0.619187899319738,0.004861027002334595,0.013909637928009033,False,0.2877859531772575,0.6252638973848287,0.00511951744556427,0.013651147484779358,False,0.3689698996655518,0.7559831980533215,0.011307820677757263,0.007462844252586365,False,0.44669565217391305,0.6704051325305211,0.0071001797914505005,0.011670485138893127,False,0.5036254180602007,0.6971201976090082,0.5036254180602007,6,False,0.7283480905713337,-0.06357898495382586,-0.05268301116639773
add_obj:881,000000338560.jpg,add_obj,a blue and yellow fire hydrant sitting on the sidewalk next to a quiet street,A blue and yellow fire hydrant sitting on the sidewalk next to a flower planter on a quiet street.,0.36136093735694885,0.3402485251426697,0.021112412214279175,0.8919909745240446,13,6.071532165918825e-17,1.0310210999996343,0.00039149999793153256,0.00014570000348612666,0.8538731771669835,0.017653077840805054,0.003459334373474121,False,0.16407267252604166,0.7379622714921761,0.010354042053222656,0.010758370161056519,False,0.24041239420572916,0.7767311400628081,0.012467175722122192,0.008645236492156982,False,0.3518524169921875,0.8901276405689499,0.02092045545578003,0.0001919567584991455,False,0.433837890625,0.9507790360457288,0.029609620571136475,-0.0084972083568573,False,0.595001220703125,0.870386269817906,0.906982421875,11,False,0.8488313560619013,0.9064448161823189,0.022709786891937256,-0.001597374677658081,False,0.13028462727864584,0.8929345549110907,0.02121073007583618,-9.831786155700684e-05,False,0.20618693033854166,0.8739928697369351,0.019367337226867676,0.001745074987411499,False,0.3562215169270833,0.880919169577323,0.02001163363456726,0.001100778579711914,False,0.4214070638020833,0.8039588360448024,0.014112234115600586,0.007000178098678589,False,0.5042572021484375,0.7986312744575083,0.580596923828125,8,False,0.8824596093146716,0.07175499536039776,-0.0336282532527703
replace_att:236,000000024919.jpg,replace_att,A herd of elephants standing on top of a field.,A solitary elephant standing on top of a field.,0.3027464747428894,0.2776718735694885,0.02507460117340088,0.9246631499473034,15,5.551115123125783e-17,1.3194997999999032,0.0003284999984316528,0.00015129999883356504,0.05487023166582404,-0.028463512659072876,0.053538113832473755,True,0.12829159007352942,0.03672230487167832,-0.03266957402229309,0.05774417519569397,True,0.20116038602941178,0.6172915560482292,0.004780679941177368,0.02029392123222351,False,0.31583754595588237,0.7651902992958717,0.011813491582870483,0.013261109590530396,False,0.4215877757352941,0.3373731100596862,-0.006750226020812988,0.03182482719421387,True,0.5474264705882353,0.4147271820259613,0.5474264705882353,8,False,0.44963457695645875,0.0909872843410286,-0.023016393184661865,0.048090994358062744,True,0.11104090073529412,0.22940516298201083,-0.012116730213165283,0.03719133138656616,True,0.2636661305147059,0.20878591619346545,-0.013322591781616211,0.03839719295501709,True,0.3208122702205882,0.25976486604872584,-0.010471910238265991,0.03554651141166687,True,0.46550436580882354,0.1615218817100888,-0.016469478607177734,0.04154407978057861,True,0.5349034926470588,0.22559516676721755,0.8108800551470589,12,False,0.26523697916068667,0.18913201525874376,0.18439759779577208
replace_obj:993,000000059044.jpg,replace_obj,A group of young and older people standing around.,A group of young and older dogs standing around.,0.2762087285518646,0.20607584714889526,0.07013288140296936,0.9991009640906057,14,3.122502256758253e-17,1.2454004999999597,0.0005968999976175837,0.00014260000170907006,0.9964422887067276,0.05635073781013489,0.013782143592834473,False,0.180281432748538,0.9961882145766251,0.055658385157585144,0.014474496245384216,False,0.24580820540935672,0.9942729040386962,0.051568031311035156,0.018564850091934204,False,0.3523905793128655,0.9953752488985929,0.05371697247028351,0.016415908932685852,False,0.4256670321637427,0.9960291908623002,0.055248066782951355,0.014884814620018005,False,0.5098227339181286,0.9773674554113341,0.733821043494152,10,False,0.9962879690250825,0.9964422887067276,0.05635073781013489,0.013782143592834473,False,0.180281432748538,0.9977088972463829,0.06076428294181824,0.009368598461151123,False,0.24787554824561403,0.9969539199935039,0.05790849030017853,0.012224391102790833,False,0.3544579221491228,0.9959414701898035,0.055028676986694336,0.015104204416275024,False,0.4003620705409357,0.9745733977424023,0.03646203875541687,0.03367084264755249,False,0.5162360654239766,0.941938290269326,0.8655656067251462,12,False,0.9946629516416584,0.03542916514200811,0.0016250173834241322
replace_rel:132,000000003934.jpg,replace_rel,A young girl holding a controller playing a video game.,A young girl putting down a controller after playing a video game.,0.25047755241394043,0.24730254709720612,0.003175005316734314,0.5787149920842222,14,6.245004513516506e-17,1.2665028999981587,0.0002961999998660758,0.00014150000060908496,0.8851384300292527,0.020420163869857788,-0.017245158553123474,False,0.14418666666666666,0.8354333424389792,0.01624634861946106,-0.013071343302726746,False,0.215376,0.7676139362812853,0.01194886863231659,-0.008773863315582275,False,0.32709333333333335,0.7624497499677068,0.011661574244499207,-0.008486568927764893,False,0.5120853333333333,0.7624497499677068,0.011661574244499207,-0.008486568927764893,False,0.5120853333333333,0.702944682107582,0.8076213333333333,11,False,0.7769140988374709,0.2422782446405982,-0.011402294039726257,0.014577299356460571,True,0.15865066666666666,0.30099854000083826,-0.008425474166870117,0.011600479483604431,True,0.273264,0.31680032787956536,-0.007685154676437378,0.010860159993171692,True,0.326912,0.33538561388731636,-0.006839260458946228,0.010014265775680542,True,0.477504,0.4226745085903888,-0.0031180381774902344,0.006293043494224548,True,0.5525173333333333,0.40581064649829,0.6398613333333333,8,False,0.3445508415151001,0.29713403560929197,0.43236325732237074
swap_att:617,000000252716.jpg,swap_att,A blue frisbee sitting on top of a lush green field.,A green frisbee sitting on top of a lush blue field.,0.34795108437538147,0.3257707953453064,0.022180289030075073,0.901856869965701,14,4.640385298237959e-17,1.2609551999994437,0.0002576000006229151,0.00010519999705138616,0.7634493196262965,0.011716842651367188,0.010463446378707886,False,0.15052808834310852,0.7165100934088502,0.009272158145904541,0.012908130884170532,False,0.25741156524926684,0.7133188053308342,0.00911557674407959,0.013064712285995483,False,0.34379009347507333,0.4968689344326063,-0.00012524425983428955,0.022305533289909363,True,0.46580599340175954,0.4675440329014735,-0.0013000667095184326,0.023480355739593506,True,0.5475451337976539,0.6831876773603109,0.7414887280058651,10,False,0.6929636529853503,0.7435109570725676,0.010642975568771362,0.011537313461303711,False,0.17868516312316715,0.7089274135375335,0.008901804685592651,0.013278484344482422,False,0.2650636913489736,0.7029780393345245,0.008615195751190186,0.013565093278884888,False,0.3288237719941349,0.6606012234659019,0.006659746170043945,0.015520542860031128,False,0.44803885630498536,0.6110990415004568,0.004519343376159668,0.017660945653915405,False,0.5297779967008798,0.5894697480157429,0.6314836876832844,8,False,0.7323753570522047,0.09371792934456802,-0.03941170406685435
swap_obj:33,000000241326.jpg,swap_obj,A cat is laying on sofa and the dog is laying on the floor in front.,A dog is laying on sofa and the cat is laying on the floor in front.,0.30269545316696167,0.29485735297203064,0.00783810019493103,0.6865006788734435,14,4.336808689942018e-17,1.3055187999998452,0.0004524000032688491,0.00014200000077835284,0.6166739081140081,0.004754543304443359,0.003083556890487671,False,0.11236266666666667,0.6247498111435585,0.005097582936286926,0.002740517258644104,False,0.274592,0.605340474339119,0.004277676343917847,0.0035604238510131836,False,0.33543466666666666,0.5354358027803324,0.0014198124408721924,0.006418287754058838,False,0.4194773333333333,0.5286068936180605,0.0011455267667770386,0.006692573428153992,False,0.5688853333333334,0.5946519926765967,0.709648,10,False,0.5954766445707516,0.6166739081140081,0.004754543304443359,0.003083556890487671,False,0.11236266666666667,0.6085370108062906,0.004411667585372925,0.0034264326095581055,False,0.2623413333333333,0.603609031245949,0.004205256700515747,0.003632843494415283,False,0.33963733333333335,0.5783730926830627,0.0031609833240509033,0.004677116870880127,False,0.42368,0.5358056998004072,0.0014346837997436523,0.006403416395187378,False,0.5478293333333333,0.5681525678870758,0.6187573333333334,9,False,0.6037821962916726,0.026499424789520942,-0.008305551720921067
add_att:354,000000430961.jpg,add_att,A baseball player lunges and reaches back with the ball.,A left-handed baseball player lunges and reaches back with the ball.,0.28646937012672424,0.28600695729255676,0.00046241283416748047,0.5115582613838198,14,4.4885969940899884e-17,1.0546737000004214,0.0002351000002818182,0.00011050000102841295,0.501849970720381,7.399916648864746e-05,0.000388413667678833,False,0.1220828979449669,0.519064983826573,0.0007629692554473877,-0.0003005564212799072,False,0.20632532218739116,0.5749762358753581,0.003021836280822754,-0.0025594234466552734,False,0.34863113897596654,0.6236819756912356,0.005052059888839722,-0.004589647054672241,False,0.4260606060606061,0.6784192723089848,0.007465168833732605,-0.0070027559995651245,False,0.5456217345872518,0.6130580395160449,0.6811772901428074,9,False,0.5625735058210664,0.5036045284477944,0.00014418363571166992,0.00031822919845581055,False,0.13414141414141414,0.5043957292986686,0.00017583370208740234,0.0002865791320800781,False,0.24581678857540926,0.5021904566819593,8.761882781982422e-05,0.00037479400634765625,False,0.31225357018460465,0.4672450513504051,-0.0013120770454406738,0.0017744898796081543,True,0.4428979449669105,0.49367926415272795,-0.00025284290313720703,0.0007152557373046875,True,0.5281783350748868,0.5031260801300376,0.31225357018460465,5,False,0.4962506852907198,0.1099319593860073,0.06632282053034655
add_obj:1996,000000214200.jpg,add_obj,"A red stop sign that reads "" Eating Animals "" below it.","A red stop sign that reads ""Eating Animals"" and a basket of vegetables below it.",0.30579063296318054,0.27817684412002563,0.027613788843154907,0.940552778776729,9,1.0755285551056204e-16,0.9564414999986184,0.00046010000005480833,0.00012760000026901253,0.9838170658452855,0.04107482731342316,-0.01346103847026825,False,0.14826617324561403,0.9301278596364496,0.025886550545692444,0.0017272382974624634,False,0.43990428545321636,0.9301278596364496,0.025886550545692444,0.0017272382974624634,False,0.43990428545321636,0.9301278596364496,0.025886550545692444,0.0017272382974624634,False,0.43990428545321636,0.8772502773641131,0.01966644823551178,0.007947340607643127,False,0.5003940515350878,0.8911458088109682,0.9113326937134503,8,False,0.9520757599011238,0.9838170658452855,0.04107482731342316,-0.01346103847026825,False,0.14826617324561403,0.9855082745745601,0.042195796966552734,-0.014582008123397827,False,0.2082590917397661,0.985001589979798,0.04184699058532715,-0.014233201742172241,False,0.3503346582602339,0.9637900029203077,0.03281538188457489,-0.005201593041419983,False,0.43900196454678364,0.8978349806078867,0.021733969449996948,0.005879819393157959,False,0.7306400767543859,0.9817187900348043,0.3503346582602339,4,False,0.9574760196212313,-0.09057298122383617,-0.005400259720107492
replace_att:444,000000452122.jpg,replace_att,A large white airplane flies in the gray sky.,A large white airplane flies in the blue sky.,0.26772424578666687,0.24104607105255127,0.0266781747341156,0.9351007052928456,14,2.2551405187698492e-17,1.1955885999996099,0.0003924000011465978,0.00014259999807109125,0.9728594640717374,0.03579211235046387,-0.009113937616348267,False,0.11404650950292397,0.9312832647259287,0.026065707206726074,0.0006124675273895264,False,0.25030267726608185,0.9090132086394326,0.02301645278930664,0.00366172194480896,False,0.31815949378654973,0.8750206653183403,0.01946099102497101,0.007217183709144592,False,0.4507435581140351,0.8620144543323686,0.01832123100757599,0.008356943726539612,False,0.5224952028508771,0.9048492151939791,0.6708527503654971,9,False,0.9216291575144201,0.9285240353086806,0.02564235031604767,0.0010358244180679321,False,0.13318370796783627,0.9121749596318979,0.02340485155582428,0.003273323178291321,False,0.20300507127192982,0.9278780466522618,0.02554541826248169,0.0011327564716339111,False,0.32734260782163743,0.9296718127570105,0.02581658959388733,0.0008615851402282715,False,0.46862436038011696,0.9147017155608405,0.02372443675994873,0.00295373797416687,False,0.5420378746345029,0.9279631115406985,0.32734260782163743,5,False,0.9255368501155485,-0.023113896346719454,-0.003907692601128443
replace_obj:957,000000050326.jpg,replace_obj,a man stands on a beach next to some water ,A woman stands on a beach next to some water.,0.305200457572937,0.2696576714515686,0.03554278612136841,0.972193325897761,12,2.0166160408230382e-17,1.141790800000308,0.00037009999869042076,0.00013620000027003698,0.06721125238561595,-0.026303380727767944,0.06184616684913635,True,0.26552533333333334,0.06721125238561595,-0.026303380727767944,0.06184616684913635,True,0.26552533333333334,0.08947297498540317,-0.0232008695602417,0.05874365568161011,True,0.33662933333333334,0.35791605801938137,-0.005844205617904663,0.04138699173927307,True,0.4071626666666667,0.3085805454879547,-0.00806763768196106,0.04361042380332947,True,0.5539146666666667,0.36974266445044834,0.8342026666666666,10,False,0.37595570437548764,0.12742090689291974,-0.019239574670791626,0.054782360792160034,True,0.11347733333333333,0.1200845652973193,-0.019916296005249023,0.05545908212661743,True,0.20506666666666667,0.03765554267646325,-0.03240892291069031,0.06795170903205872,True,0.420288,0.03765554267646325,-0.03240892291069031,0.06795170903205872,True,0.420288,0.2356240567369959,-0.011768221855163574,0.04731100797653198,True,0.580512,0.14541888806849657,0.11347733333333333,2,False,0.19395393677551676,0.22432377638195178,0.1820017675999709
replace_rel:919,000000076731.jpg,replace_rel,A pen is sitting on top of a laptop.,A pen is sitting beside a laptop.,0.3238392770290375,0.2999301850795746,0.02390909194946289,0.916131452181101,13,3.469446951953614e-17,1.2063326000024972,0.0003003000019816682,0.00013789999866276048,0.8775043783944538,0.01969006657600403,0.004219025373458862,False,0.12087139423076923,0.880066821074855,0.019930630922317505,0.003978461027145386,False,0.22478365384615384,0.783989676592601,0.01289069652557373,0.01101839542388916,False,0.3158653846153846,0.655211850668583,0.0064202845096588135,0.017488807439804077,False,0.4511838942307692,0.38352512949799605,-0.0047461241483688354,0.028655216097831726,True,0.56296875,0.5468232658335217,0.7354026442307692,9,False,0.7654629001935672,0.8775043783944538,0.01969006657600403,0.004219025373458862,False,0.12087139423076923,0.855352118326959,0.01777210831642151,0.006136983633041382,False,0.211953125,0.783989676592601,0.01289069652557373,0.01101839542388916,False,0.3158653846153846,0.5634567802466179,0.002552032470703125,0.021357059478759766,False,0.44123197115384616,0.22461212890363444,-0.012389883399009705,0.036298975348472595,True,0.5687980769230769,0.483002243582174,0.6767067307692308,7,False,0.7159256782683986,0.06382102225134773,0.04953722192516863
swap_att:271,000000295316.jpg,swap_att,Four surfers are trying to catch a wave as they stand.,"Trying to catch four waves, surfers stand.",0.3015035092830658,0.2838207185268402,0.017682790756225586,0.8542435267473898,15,2.6020852139652106e-17,1.318831600001431,0.0002855000020645093,0.00014290000035543926,0.5634897675475302,0.0025533735752105713,0.015129417181015015,False,0.13469950358072916,0.605226550607926,0.004272907972335815,0.01340988278388977,False,0.214080810546875,0.39360912043431656,-0.004321664571762085,0.02200445532798767,True,0.3259429931640625,0.08487592377203854,-0.02377869188785553,0.041461482644081116,True,0.4614919026692708,0.041034140798364156,-0.03151451051235199,0.049197301268577576,True,0.5167795817057291,0.25269537047688184,0.7412974039713541,11,False,0.45212084194217156,0.8234724138519092,0.015400528907775879,0.002282261848449707,False,0.136810302734375,0.7985156937903907,0.013770431280136108,0.0039123594760894775,False,0.2576192220052083,0.762112492689273,0.01164296269416809,0.006039828062057495,False,0.3302561442057292,0.42507401793564775,-0.003019779920578003,0.02070257067680359,True,0.4041748046875,0.909648134827997,0.023093461990356445,-0.005410671234130859,False,0.5349833170572916,0.7604484711921343,0.7562815348307291,11,False,0.748796285866299,-0.5077531007152525,-0.2966754439241274
swap_obj:178,000000462728.jpg,swap_obj,A man is in the ocean waves near his surfboard with a dog on it.,A dog is in the ocean waves near his surfboard with a man on it.,0.289533406496048,0.28494253754615784,0.004590868949890137,0.6127975399096043,15,3.5561831257524545e-17,1.2976596999978938,0.00040269999954034574,0.00014879999798722565,0.5054826625033197,0.0002193152904510498,0.004371553659439087,False,0.11575406615497076,0.4959946535503563,-0.00016021728515625,0.004751086235046387,True,0.2562248720760234,0.455444077168363,-0.0017869770526885986,0.006377846002578735,True,0.32751964546783624,0.36146534412572573,-0.005690097808837891,0.010280966758728027,True,0.4036686769005848,0.33448044751594624,-0.006879895925521851,0.011470764875411987,True,0.5567491319444444,0.3611481252947407,0.7459224232456141,11,False,0.45505135407811653,0.6176730831626536,0.004796832799911499,-0.0002059638500213623,False,0.1444969846491228,0.5250256877068755,0.0010018646717071533,0.0035890042781829834,False,0.21579175804093567,0.332442244548329,-0.006971597671508789,0.011562466621398926,True,0.3450463724415205,0.37925329360732896,-0.004927188158035278,0.009518057107925415,True,0.421195403874269,0.3304491979541522,-0.0070615410804748535,0.01165241003036499,True,0.5487367507309941,0.3582521946461501,0.7277903417397661,11,False,0.4690871044116547,0.0028959306485906167,-0.014035750333538155
add_att:345,000000578093.jpg,add_att,A train is moving through a train station.,A train is moving through an overcrowded train station.,0.29384294152259827,0.28317129611968994,0.010671645402908325,0.7440573159196157,10,2.211772431870429e-17,1.3346936000016285,0.00028540000130306,0.00013050000052317046,0.8775988492482362,0.0196988582611084,-0.009027212858200073,False,0.10385640462239583,0.905951840072751,0.0226517915725708,-0.011980146169662476,False,0.2287750244140625,0.8936960239032603,0.021290630102157593,-0.010618984699249268,False,0.3048960367838542,0.9117761445845474,0.02335517108440399,-0.012683525681495667,False,0.4360453287760417,0.9124936469430852,0.02344469726085663,-0.012773051857948303,False,0.5481719970703125,0.7748061972348224,0.9070638020833334,9,False,0.8843439602761767,0.8099106932153256,0.01449429988861084,-0.0038226544857025146,False,0.1882476806640625,0.8120941891812943,0.014636754989624023,-0.003965109586715698,False,0.2794087727864583,0.798426015227327,0.01376485824584961,-0.003093212842941284,False,0.4105580647786458,0.798426015227327,0.01376485824584961,-0.003093212842941284,False,0.4105580647786458,0.7389166516086441,0.010403454303741455,0.0002681910991668701,False,0.5144144694010416,0.7758939801027583,0.5763295491536459,6,False,0.7885439395421546,-0.0010877828679359824,0.09580002073402205
add_obj:882,000000289393.jpg,add_obj,"Several toy animals - a bull, giraffe, deer and parakeet.","Several toy animals - a bull, giraffe, deer, parakeet, and crocodile.",0.33821922540664673,0.3333795666694641,0.004839658737182617,0.6186839197619312,13,4.163336342344337e-17,1.1959285999982967,0.0002447000006213784,0.00011380000069038942,0.47190740034065176,-0.0011248886585235596,0.005964547395706177,True,0.18864949544270834,0.5207037493524287,0.0008286237716674805,0.004011034965515137,False,0.2444915771484375,0.6298872243263333,0.005317330360412598,-0.00047767162322998047,False,0.3704732259114583,0.6078218586647789,0.004381656646728516,0.00045800209045410156,False,0.466796875,0.6407394102894312,0.005785748362541199,-0.0009460896253585815,False,0.5287831624348959,0.6416715943859657,0.7033538818359375,9,False,0.5699278706047336,0.5409703184308562,0.0016424953937530518,0.0031971633434295654,False,0.10083516438802083,0.4724852630500319,-0.0011017024517059326,0.00594136118888855,True,0.2530008951822917,0.49049792861116864,-0.0003801286220550537,0.005219787359237671,True,0.3037007649739583,0.3542527374435739,-0.006003975868225098,0.010843634605407715,True,0.4615376790364583,0.4356029364384585,-0.002590268850326538,0.007429927587509155,True,0.53778076171875,0.4621459284426767,0.53778076171875,7,False,0.4774474030557123,0.17952566594328895,0.09248046754902128
replace_att:531,000000092839.jpg,replace_att,a white polar bear is laying down in its pen,A black polar bear is laying down in its pen.,0.302035927772522,0.2935026288032532,0.008533298969268799,0.7012651974935988,14,4.83554168928535e-17,1.3212310999988404,0.00024510000002919696,0.00010720000136643648,0.6463646857736113,0.00603097677230835,0.0025023221969604492,False,0.10402513586956522,0.6479706901467981,0.0061013102531433105,0.0024319887161254883,False,0.22183065368357488,0.6660175882827073,0.00690227746963501,0.001631021499633789,False,0.3448350694444444,0.3963456899656436,-0.004207149147987366,0.012740448117256165,True,0.4380425347222222,0.463023715410275,-0.001481756567955017,0.010015055537223816,True,0.5030146059782609,0.5302210561450729,0.6934678819444444,10,False,0.6054979844292155,0.6439248830346618,0.005924403667449951,0.0026088953018188477,False,0.17746546648550723,0.6570481995835057,0.006501674652099609,0.0020316243171691895,False,0.22259491998792272,0.689410357761575,0.007973641157150269,0.0005596578121185303,False,0.3158023852657005,0.5273505747736768,0.001095116138458252,0.007438182830810547,False,0.43360790307971014,0.5553991421789887,0.0022251009941101074,0.006308197975158691,False,0.5054913949275363,0.546045316707636,0.6224382925724637,9,False,0.6371124668553583,-0.01582426056256314,-0.03161448242614273
replace_obj:593,000000294831.jpg,replace_obj,Two pieces of pizza are served on a plate.,Two slices of watermelon are served on a plate.,0.2716914117336273,0.15877042710781097,0.11292098462581635,0.9999875290788733,15,3.469446951953614e-17,1.294511899999634,0.0002950999987660907,0.0001446999995096121,0.998341420268179,0.06400133669376373,0.04891964793205261,False,0.15256001297577854,0.9820691204121801,0.040031373500823975,0.07288961112499237,False,0.23686878243944637,0.9211099890019886,0.02457524836063385,0.0883457362651825,False,0.34933904628027684,0.7319983846544397,0.010047852993011475,0.10287313163280487,False,0.46566149437716264,0.7232488543924804,0.009606346487998962,0.10331463813781738,False,0.5351900410899654,0.8451217263327733,0.6999689121972318,10,False,0.9149618697854935,0.998341420268179,0.06400133669376373,0.04891964793205261,False,0.15256001297577854,0.9972413549490118,0.05890253186225891,0.054018452763557434,False,0.24631001297577854,0.9608607000456627,0.03200702369213104,0.0809139609336853,False,0.33061878243944637,0.9584086828907733,0.031373828649520874,0.08154715597629547,False,0.4198137435121107,0.821447138837582,0.015261828899383545,0.0976591557264328,False,0.5446380298442907,0.8198787039334805,0.7623878135813149,11,False,0.9643051746578817,0.02524302239929277,-0.04934330487238814
replace_rel:577,000000502737.jpg,replace_rel,A man holding up what appears to be a chocolate desert.,A man putting down what appears to be a chocolate dessert.,0.31446152925491333,0.2933764159679413,0.021085113286972046,0.8917276866824637,14,2.949029909160572e-17,1.302693099998578,0.00023599999985890463,0.00012059999789926223,0.9265059925727297,0.025342166423797607,-0.0042570531368255615,False,0.14697774251302084,0.9116582456608845,0.02334052324295044,-0.0022554099559783936,False,0.23358662923177084,0.9291470239184718,0.025736600160598755,-0.004651486873626709,False,0.3001861572265625,0.9126226588075143,0.023460865020751953,-0.0023757517337799072,False,0.4522857666015625,0.9339533914630975,0.02649065852165222,-0.005405545234680176,False,0.5522969563802084,0.9018926913224761,0.7413686116536459,10,False,0.9178476531066949,0.8955664460096907,0.021489053964614868,-0.00040394067764282227,False,0.13600667317708334,0.8986546175252899,0.021823644638061523,-0.0007385313510894775,False,0.21236165364583334,0.9036671845201065,0.022386521100997925,-0.001301407814025879,False,0.364227294921875,0.6472762972248683,0.006070882081985474,0.015014231204986572,False,0.4348500569661458,0.503442858880076,0.00013771653175354004,0.020947396755218506,False,0.5014495849609375,0.6831052612202484,0.8999888102213541,13,False,0.8375337077365945,0.21878743010222768,0.08031394537010039
swap_att:661,000000259597.jpg,swap_att,A young boy is recording a performance on a cellphone of several people.,Several boys are recording a performance on a cellphone of a young person.,0.32381805777549744,0.2934495806694031,0.03036847710609436,0.9542112961115876,15,2.7755575615628914e-17,0.9224814999979571,0.00023739999960525893,0.00011169999925186858,0.737924810310831,0.010352104902267456,0.020016372203826904,False,0.11365625,0.3358281821674264,-0.006819412112236023,0.03718788921833038,True,0.2607109375,0.15879585430353751,-0.016672149300575256,0.04704062640666962,True,0.330171875,0.22242626859786876,-0.012515828013420105,0.042884305119514465,True,0.4497734375,0.23644628287468875,-0.0117226243019104,0.04209110140800476,True,0.505359375,0.3251638517662748,0.816453125,11,False,0.45084843960142423,0.737924810310831,0.010352104902267456,0.020016372203826904,False,0.11365625,0.45478373287448065,-0.0018136054277420044,0.032182082533836365,True,0.221578125,0.31870818033470844,-0.007597148418426514,0.037965625524520874,True,0.3028671875,0.3327687190571296,-0.006956890225410461,0.03732536733150482,True,0.440359375,0.4069479094637296,-0.003765970468521118,0.03413444757461548,True,0.52690625,0.39004470035314787,0.7685703125,11,False,0.51006304263436,-0.06488084858687304,-0.05921460303293574
swap_obj:82,000000433915.jpg,swap_obj,A video screen with faces of a couple of guys on it.,Faces of a couple of guys with a video screen behind them.,0.26481524109840393,0.26031357049942017,0.004501670598983765,0.6106789532026644,13,8.847089727481716e-17,1.103453100000479,0.00028649999876506627,0.00013899999976274557,0.6866661358542424,0.007845789194107056,-0.003344118595123291,False,0.11705525716145833,0.7580408506838257,0.011419683694839478,-0.006918013095855713,False,0.2419891357421875,0.6466337187892686,0.006042748689651489,-0.0015410780906677246,False,0.3087107340494792,0.6355847452514486,0.005562514066696167,-0.0010608434677124023,False,0.473052978515625,0.6346216199298724,0.005520954728126526,-0.0010192841291427612,False,0.5240529378255209,0.5799153638796877,0.8695475260416666,11,False,0.6693780745049612,0.7441753471249315,0.010677844285964966,-0.006176173686981201,False,0.13892110188802084,0.7843467914314958,0.012911796569824219,-0.008410125970840454,False,0.26385498046875,0.6845861539684793,0.007749289274215698,-0.0032476186752319336,False,0.3086903889973958,0.420846208403881,-0.003193005919456482,0.007694676518440247,True,0.4356842041015625,0.20510225937222426,-0.013547047972679138,0.018048718571662903,True,0.55340576171875,0.45099661217673104,0.4866841634114583,7,False,0.5955059642368332,0.12891875170295664,0.07387211026812801
add_att:423,000000308531.jpg,add_att,A large tall building with a clock on the top.,A large tall glass-walled building with a clock on the top.,0.30327746272087097,0.2803502380847931,0.02292722463607788,0.9082725204244216,12,8.673617379884035e-17,1.2325832999995328,0.00028029999884893186,0.00013449999823933467,0.9068135299127941,0.022753342986106873,0.0001738816499710083,False,0.23218368902439024,0.9068135299127941,0.022753342986106873,0.0001738816499710083,False,0.23218368902439024,0.8316175485340153,0.0159713476896286,0.00695587694644928,False,0.30517067726480834,0.6925047580289945,0.008118554949760437,0.014808669686317444,False,0.41143564895470386,0.667437702969884,0.006966188549995422,0.01596103608608246,False,0.5390761106271778,0.7906785972260189,1.0,12,False,0.8197923579304153,0.8563970781998066,0.017856821417808533,0.005070403218269348,False,0.15471199912891986,0.9321654856114138,0.026204392313957214,-0.0032771676778793335,False,0.2972152656794425,0.9343054775143558,0.026547878980636597,-0.003620654344558716,False,0.40561030052264807,0.9343054775143558,0.026547878980636597,-0.003620654344558716,False,0.40561030052264807,0.9475236646220615,0.028934895992279053,-0.006007671356201172,False,0.5492772756968641,0.8866817550081331,0.8370195448606271,10,False,0.9108010223902443,-0.09600315778211421,-0.09100866445982903
add_obj:1511,000000017627.jpg,add_obj,A green car has parked on the curb in a parking lot,A green car and a motorcycle have parked on the curb in a parking lot.,0.22063399851322174,0.21396076679229736,0.0066732317209243774,0.6609035137739234,13,2.0383000842727483e-17,1.313352199998917,0.00028960000054212287,0.00013749999925494194,0.5973893565491543,0.003945991396903992,0.0027272403240203857,False,0.18589274088541666,0.3852310473846467,-0.0046740323305130005,0.011347264051437378,True,0.3145701090494792,0.3852310473846467,-0.0046740323305130005,0.011347264051437378,True,0.3145701090494792,0.3811923460594417,-0.0048449039459228516,0.011518135666847229,True,0.4315541585286458,0.33410638873414944,-0.006896704435348511,0.013569936156272888,True,0.5455373128255209,0.4297154811320768,0.6024576822916666,8,False,0.4871710971555061,0.5661206852810244,0.002660408616065979,0.0040128231048583984,False,0.14996846516927084,0.43079531894390405,-0.0027860701084136963,0.009459301829338074,True,0.24501546223958334,0.43625624907221966,-0.0025637000799179077,0.009236931800842285,True,0.3062489827473958,0.4376665871624756,-0.0025063753128051758,0.009179607033729553,True,0.4912007649739583,0.42727503587173826,-0.002929776906967163,0.00960300862789154,True,0.5481211344401041,0.4759566921800395,0.4912007649739583,6,False,0.4950803092114214,-0.046241211047962694,-0.007909212055915271
replace_att:168,000000238866.jpg,replace_att,A black-and white picture of a rack full of doughnuts.,A colorful picture of a rack full of doughnuts.,0.35717082023620605,0.2867220938205719,0.07044872641563416,0.9991288915959903,13,2.7755575615628914e-17,1.1730648999982805,0.0002537000000302214,0.00010819999806699343,0.9986809225937868,0.06629502773284912,0.004153698682785034,False,0.14923878205128205,0.998584862822657,0.06559112668037415,0.00485759973526001,False,0.226696047008547,0.9985929467557493,0.06564849615097046,0.004800230264663696,False,0.30627337072649574,0.994843307920943,0.052622899413108826,0.01782582700252533,False,0.443492922008547,0.9970692772476815,0.05829571187496185,0.012153014540672302,False,0.5341379540598291,0.9943388395109991,0.8357928240740741,10,False,0.9977562093258868,0.9986809225937868,0.06629502773284912,0.004153698682785034,False,0.14923878205128205,0.9985008173406997,0.0650133490562439,0.005435377359390259,False,0.2864583333333333,0.998184760316683,0.06309720873832703,0.007351517677307129,False,0.342536948005698,0.9958156842325684,0.05472218990325928,0.015726536512374878,False,0.42475182514245013,0.9934502485891087,0.05021756887435913,0.020231157541275024,False,0.5033553685897436,0.9889096660634307,0.8081986734330484,10,False,0.9977784688752379,0.005429173447568436,-2.2259549351089092e-05
replace_obj:1069,000000067406.jpg,replace_obj,Two people standing in a field flying a kite,Two people standing on a beach flying a kite.,0.3792518973350525,0.3249567747116089,0.054295122623443604,0.9956339121922793,14,3.686287386450715e-17,1.3141542000012123,0.0002932999996119179,0.00014100000043981709,0.9957653654224905,0.05460214614868164,-0.0003070235252380371,False,0.11656533333333334,0.989529758032692,0.0454869270324707,0.0088081955909729,False,0.20225066666666666,0.966662346066779,0.03367161750793457,0.020623505115509033,False,0.308096,0.9176504814236187,0.024108439683914185,0.03018668293952942,False,0.4251413333333333,0.47889499445885336,-0.0008447021245956421,0.055139824748039246,True,0.5525866666666667,0.794198379094002,0.6895253333333333,10,False,0.9119165289693218,0.9942456362714954,0.05152025818824768,0.002774864435195923,False,0.10376533333333333,0.9001063725693857,0.021984070539474487,0.032311052083969116,False,0.20962666666666666,0.7342607411176135,0.010163486003875732,0.04413163661956787,False,0.326192,0.59322326148079,0.0037730634212493896,0.050522059202194214,False,0.4027306666666667,0.5071662227229431,0.0002866685390472412,0.05400845408439636,False,0.5543626666666667,0.7057878713077328,0.4027306666666667,6,False,0.7810661324280231,0.08841050778626924,0.1308503965412987
replace_rel:1160,000000177015.jpg,replace_rel,An Apple user and his faithful cat surf the web.,An Apple user and his faithful cat are napping on the couch.,0.3485655188560486,0.3411991000175476,0.0073664188385009766,0.6762610926630951,13,3.469446951953614e-17,1.3471357999987958,0.00029939999876660295,0.00014069999815546907,0.19269565575925282,-0.014325886964797974,0.02169230580329895,True,0.11312357584635417,0.15868581098136275,-0.016680389642715454,0.02404680848121643,True,0.2187652587890625,0.11482612426792525,-0.02042365074157715,0.027790069580078125,True,0.3525899251302083,0.11847940144212195,-0.020069092512130737,0.027435511350631714,True,0.4286753336588542,0.5738823209168309,0.0029770880937576294,0.004389330744743347,False,0.5614827473958334,0.4918503588789339,0.9280904134114584,12,False,0.2508754162561349,0.19269565575925282,-0.014325886964797974,0.02169230580329895,True,0.11312357584635417,0.0486340727260207,-0.0297357439994812,0.03710216283798218,True,0.24923197428385416,0.07078786628691204,-0.02574649453163147,0.033112913370132446,True,0.3136088053385417,0.01001388733909655,-0.045937180519104004,0.05330359935760498,True,0.45263671875,0.08277582940806404,-0.024052157998085022,0.031418576836586,True,0.5582784016927084,0.12061346289044467,0.6101735432942709,8,False,0.1431817140054897,0.37123689598848925,0.1076937022506452
swap_att:49,000000443844.jpg,swap_att,"A man in a black hat, white shirt and black pants jumping a skateboard off a bench. ","A man in a white hat, black shirt and white pants jumping a skateboard off a bench.",0.3372664153575897,0.3358238637447357,0.001442551612854004,0.5360013809139741,15,2.0816681711721685e-17,1.1717205999993894,0.00029999999969732016,0.00014349999764817767,0.4507859800193271,-0.001974955201148987,0.0034175068140029907,True,0.19026740160349853,0.38729050266875076,-0.004587158560752869,0.0060297101736068726,True,0.2650897412536443,0.40099104686190806,-0.004013374447822571,0.005455926060676575,True,0.3290873268950437,0.3960990052751167,-0.004217460751533508,0.005660012364387512,True,0.4028220663265306,0.37768366609734205,-0.004993915557861328,0.006436467170715332,True,0.5411750637755102,0.38620436924735524,0.6835254190962099,10,False,0.4312250829383993,0.3445902371947913,-0.006429046392440796,0.0078715980052948,True,0.12082612062682216,0.30789582979897645,-0.008099749684333801,0.009542301297187805,True,0.2435939777696793,0.3245635209000612,-0.007328778505325317,0.008771330118179321,True,0.30759156341107874,0.3583915137222703,-0.0058235228061676025,0.0072660744190216064,True,0.44826781158892126,0.3664629684115531,-0.005474209785461426,0.00691676139831543,True,0.5176521501457726,0.32797510114845885,0.357803389212828,6,False,0.3606162732203489,0.05822926809889639,0.07060880971805039
swap_obj:104,000000524850.jpg,swap_obj,A bus loads and unloads passengers next to a plane. ,A plane loads and unloads passengers next to a bus.,0.2890356779098511,0.2840270698070526,0.005008608102798462,0.622661603478249,14,4.0766001685454967e-17,1.1767980999975407,0.0002897000013035722,0.00013979999857838266,0.5993664642177977,0.004028260707855225,0.0009803473949432373,False,0.10986833855799373,0.6305831229335255,0.005347192287445068,-0.00033858418464660645,False,0.23586833855799372,0.533951379120681,0.0013601481914520264,0.0036484599113464355,False,0.3741003134796238,0.6050278687581415,0.0042645931243896484,0.0007440149784088135,False,0.4349278996865204,0.570985431323224,0.0028587281703948975,0.0021498799324035645,False,0.5031974921630094,0.5729133908232124,0.5667272727272727,8,False,0.5959677711778009,0.5931549396562585,0.0037702322006225586,0.0012383759021759033,False,0.1458808777429467,0.5991309983156361,0.004018455743789673,0.000990152359008789,False,0.2480626959247649,0.5744787278907729,0.003001481294631958,0.002007126808166504,False,0.31740438871473353,0.6365154133331237,0.005602717399597168,-0.0005941092967987061,False,0.42727272727272725,0.5506092533434603,0.0020313262939453125,0.0029772818088531494,False,0.526896551724138,0.5268831962217592,0.5759059561128527,8,False,0.5996339547012466,0.04603019460145319,-0.0036661835234457207
add_att:470,000000402992.jpg,add_att,Cattle lie in the grass to chew their cud.,Dappled cattle lie in the grass to chew their cud.,0.30173537135124207,0.29314228892326355,0.008593082427978516,0.7025161061812809,15,4.0766001685454967e-17,1.257178700001532,0.0002987000007124152,0.00014710000323248096,0.5671002459606171,0.002700299024581909,0.0058927834033966064,False,0.16782124837239584,0.584062331110998,0.0033947229385375977,0.005198359489440918,False,0.23135884602864584,0.4270482401662954,-0.0029390454292297363,0.011532127857208252,True,0.3132425944010417,0.39013760670534325,-0.00446733832359314,0.013060420751571655,True,0.4267018636067708,0.29705929835494477,-0.008613407611846924,0.01720649003982544,True,0.5378214518229166,0.572737515059277,0.8223368326822916,12,False,0.5002425662430445,0.720284260394723,0.009458720684051514,-0.000865638256072998,False,0.15571085611979166,0.5940320608175209,0.003806591033935547,0.004786491394042969,False,0.24165852864583334,0.31501371645210097,-0.007767826318740845,0.01636090874671936,True,0.3504536946614583,0.26475882986186516,-0.010213792324066162,0.018806874752044678,True,0.4323374430338542,0.3456949235055294,-0.006380170583724976,0.014973253011703491,True,0.5294291178385416,0.4320182780876075,0.62530517578125,9,False,0.5101262781267565,0.14071923697166944,-0.009883711883711954
add_obj:1660,000000036844.jpg,add_obj,A living room has some chairs and a ceiling fan.,"A living room has some chairs, a ceiling fan, and a table lamp.",0.3091319501399994,0.2997897267341614,0.009342223405838013,0.717931121157702,12,3.209238430557093e-17,1.34333990000232,0.00023829999918234535,0.00010869999823626131,0.7157461202348925,0.009234577417373657,0.00010764598846435547,False,0.15593465169270834,0.6038870933793381,0.004216879606246948,0.0051253437995910645,False,0.229156494140625,0.5992977615779636,0.004025399684906006,0.005316823720932007,False,0.3092498779296875,0.6258897091287572,0.005146235227584839,0.004195988178253174,False,0.4557749430338542,0.663423914012427,0.00678589940071106,0.002556324005126953,False,0.5275065104166666,0.4916338741245348,0.6596323649088541,9,False,0.6526537874310426,0.7875265909629654,0.013100802898406982,-0.0037585794925689697,False,0.1662139892578125,0.714014892025736,0.009149640798568726,0.0001925826072692871,False,0.24485270182291666,0.6203137188796054,0.00490880012512207,0.004433423280715942,False,0.3502604166666667,0.6079170496670109,0.004385650157928467,0.004956573247909546,False,0.407867431640625,0.6081351055741332,0.004394799470901489,0.0049474239349365234,False,0.5473531087239584,0.585457839528186,0.611724853515625,8,False,0.6845055827549111,-0.09382396540365118,-0.031851795323868504
replace_att:36,000000173004.jpg,replace_att,Plates of Pizza with silverware next to ketchup and other condiments. ,Plates of Vegan Pizza with silverware next to ketchup and other condiments.,0.30622929334640503,0.29752811789512634,0.008701175451278687,0.7047701561055042,13,2.710505431213761e-17,1.3477588000023388,0.00028899999961140566,0.00013610000314656645,0.696012782469167,0.008283823728561401,0.00041735172271728516,False,0.19050089518229166,0.6616821828019489,0.006707996129989624,0.0019931793212890625,False,0.3031158447265625,0.6616821828019489,0.006707996129989624,0.0019931793212890625,False,0.3031158447265625,0.7698152383801738,0.01207268238067627,-0.003371506929397583,False,0.4539337158203125,0.8082164841409062,0.014384627342224121,-0.005683451890945435,False,0.5446014404296875,0.7957101301230418,0.740234375,9,False,0.7149439177055069,0.7654948450186095,0.011830449104309082,-0.0031292736530303955,False,0.18129984537760416,0.737143102770785,0.010311722755432129,-0.0016105473041534424,False,0.227325439453125,0.752567672368589,0.01112353801727295,-0.0024223625659942627,False,0.339630126953125,0.7539585109567979,0.011198371648788452,-0.0024971961975097656,False,0.4446309407552083,0.6922410120904908,0.00810617208480835,0.0005950033664703369,False,0.5062459309895834,0.7142843856858568,0.5062459309895834,7,False,0.7410568767691561,0.08142574443718498,-0.026112959063649188
replace_obj:1035,000000122606.jpg,replace_obj,A white bus with bicycle rack parked on the side of a street.,A white bus with bicycle rack parked next to an office building.,0.29076889157295227,0.27403491735458374,0.01673397421836853,0.8420282601971787,11,5.724587470723463e-17,1.252399000000878,0.00029010000071139075,0.00013170000238460489,0.800504397889787,0.013894498348236084,0.0028394758701324463,False,0.19065348307291666,0.8168452797239575,0.014951184391975403,0.0017827898263931274,False,0.3059946695963542,0.8168452797239575,0.014951184391975403,0.0017827898263931274,False,0.3059946695963542,0.7466291088611586,0.010807141661643982,0.005926832556724548,False,0.4432220458984375,0.6839229578073509,0.007718592882156372,0.009015381336212158,False,0.5692189534505209,0.694508595050356,0.8083546956380209,8,False,0.7857245444733019,0.800504397889787,0.013894498348236084,0.0028394758701324463,False,0.19065348307291666,0.7543303882527254,0.011218428611755371,0.005515545606613159,False,0.24016825358072916,0.7716016535186933,0.012173771858215332,0.004560202360153198,False,0.3298899332682292,0.7552774268223598,0.011269599199295044,0.005464375019073486,False,0.4163055419921875,0.7118878395441602,0.009045705199241638,0.007688269019126892,False,0.531646728515625,0.6837540432767398,0.7608642578125,8,False,0.778921553646121,0.010754551773616172,0.006802990827180833
replace_rel:1189,000000143572.jpg,replace_rel,A man holding a tennis racket in his hand while on the tennis court,A man holding a tennis racket in his hand outside the tennis court.,0.30994173884391785,0.29546627402305603,0.014475464820861816,0.8096205479700473,9,5.811323644522304e-17,1.258564399999159,0.00024729999859118834,9.219999992637895e-05,0.6008361892958592,0.0040895044803619385,0.010385960340499878,False,0.32511177175516226,0.6008361892958592,0.0040895044803619385,0.010385960340499878,False,0.32511177175516226,0.6008361892958592,0.0040895044803619385,0.010385960340499878,False,0.32511177175516226,0.6735684373580105,0.007243692874908447,0.007231771945953369,False,0.5312039085545722,0.6735684373580105,0.007243692874908447,0.007231771945953369,False,0.5312039085545722,0.7283530557139165,0.7775742072271387,6,False,0.678836318049496,0.5411035254972522,0.001647859811782837,0.01282760500907898,False,0.20068791482300885,0.5411035254972522,0.001647859811782837,0.01282760500907898,False,0.20068791482300885,0.38735874957293387,-0.004584282636642456,0.019059747457504272,True,0.36186393805309736,0.37063748731161306,-0.005294829607009888,0.019770294427871704,True,0.5875852691740413,0.37063748731161306,-0.005294829607009888,0.019770294427871704,True,0.5875852691740413,0.42010795396136325,0.29401156895280234,4,False,0.5035999861042474,0.30824510175255326,0.17523633194524857
swap_att:349,000000343496.jpg,swap_att,A person walking near a stop sign in a residential neighborhood.,A person in a residential area stops near a walking sign.,0.3486567437648773,0.34661033749580383,0.0020464062690734863,0.5509823617470496,11,6.548581121812447e-17,0.9433486000016273,0.00023300000248127617,0.00010490000204299577,0.7682531292799636,0.01198473572731018,-0.009938329458236694,False,0.10754005772292993,0.8754893929792944,0.019503921270370483,-0.017457515001296997,False,0.2086920282643312,0.9294212085609322,0.02577832341194153,-0.023731917142868042,False,0.36787793590764334,0.8292078837346815,0.01580023765563965,-0.013753831386566162,False,0.5831384355095541,0.8292078837346815,0.01580023765563965,-0.013753831386566162,False,0.5831384355095541,0.7001272246861889,0.7828734574044586,8,False,0.8351516102307277,0.7416452323067881,0.01054537296295166,-0.008498966693878174,False,0.18735071656050956,0.7579577548755883,0.011415153741836548,-0.009368747472763062,False,0.25279906449044587,0.9134075037268734,0.02355968952178955,-0.021513283252716064,False,0.3603391222133758,0.8350096483075059,0.01621556282043457,-0.014169156551361084,False,0.43058320063694266,0.8284205587704487,0.01574474573135376,-0.013698339462280273,False,0.5035703622611465,0.7301998872719964,0.25279906449044587,3,False,0.7588658332228498,-0.03007266258580743,0.07628577700787786
swap_obj:177,000000104198.jpg,swap_obj,A street sign is pictured at the forefront with an ornate building in the background. ,An ornate building is pictured at the forefront with a street sign in the background.,0.3181880712509155,0.3134005069732666,0.004787564277648926,0.6174541803276061,12,2.8189256484623115e-17,0.9994058000011137,0.00036470000122790225,0.0001367999975627754,0.7038894807081295,0.008658885955810547,-0.003871321678161621,False,0.21401066666666665,0.7038894807081295,0.008658885955810547,-0.003871321678161621,False,0.21401066666666665,0.5583099441412839,0.0023430585861206055,0.0024445056915283203,False,0.34465066666666666,0.5996623418468686,0.004040583968162537,0.0007469803094863892,False,0.4904266666666667,0.5952493288031869,0.0038570910692214966,0.0009304732084274292,False,0.535008,0.556336212234005,0.9357013333333334,11,False,0.6259257277088044,0.675029320385433,0.007310211658477783,-0.0025226473808288574,False,0.15237333333333333,0.6032709886512273,0.0041911303997039795,0.0005964338779449463,False,0.239648,0.6280344308824238,0.005237936973571777,-0.00045037269592285156,False,0.38405866666666666,0.5998161552006491,0.004046991467475891,0.0007405728101730347,False,0.427424,0.44812381328998446,-0.002082541584968567,0.006870105862617493,True,0.5767253333333333,0.6161281337929942,0.427424,6,False,0.6034256917161368,-0.05979192155898927,0.02250003599266759
add_att:419,000000236166.jpg,add_att,A man in period costume holds a dog in period costume.,A man in sequined period costume holds a dog in period costume.,0.3126264214515686,0.28898295760154724,0.023643463850021362,0.9140678196448052,13,5.898059818321144e-17,1.2879444999998668,0.0002903000022342894,0.00014060000103199854,0.8471015445544787,0.017120465636253357,0.006522998213768005,False,0.10808055351906158,0.8396313523148342,0.016554877161979675,0.007088586688041687,False,0.21408197397360704,0.8570962450697972,0.017913788557052612,0.00572967529296875,False,0.35163123167155425,0.8175680398748202,0.014999568462371826,0.008643895387649536,False,0.4790253848973607,0.768122841090846,0.011977419257164001,0.01166604459285736,False,0.5157624633431085,0.7358173206349925,0.6740572305718475,8,False,0.8474094328149695,0.7568414654869619,0.011354401707649231,0.012289062142372131,False,0.20707707111436952,0.7568414654869619,0.011354401707649231,0.012289062142372131,False,0.20707707111436952,0.6972318390463221,0.008341506123542786,0.015301957726478577,False,0.3174773185483871,0.719687933764721,0.009429141879081726,0.014214321970939636,False,0.42220720307917886,0.49965466564424343,-1.3813376426696777e-05,0.02365727722644806,True,0.5570759255865103,0.721219083103517,0.38116866752199413,6,False,0.7354312390046666,0.014598237531475489,0.11197819381030294
add_obj:653,000000108253.jpg,add_obj,A table with plates of food and a bottle of alcohol.,"A table with candles, plates of food, and a bottle of alcohol.",0.28272703289985657,0.2641019821166992,0.01862505078315735,0.8655886682114371,12,2.949029909160572e-17,1.4908647000011115,0.00029209999775048345,0.0001370999998471234,0.8549345862850737,0.017738401889801025,0.0008866488933563232,False,0.1483001708984375,0.659964817349547,0.006631374359130859,0.01199367642402649,False,0.2171173095703125,0.36923118739895655,-0.005355164408683777,0.023980215191841125,True,0.3406728108723958,0.5544610266565813,0.0021871179342269897,0.01643793284893036,False,0.4351247151692708,0.15159717817978016,-0.01722128689289093,0.03584633767604828,True,0.54962158203125,0.45274214322719375,0.5862681070963541,9,False,0.5955495353678647,0.5955339916991965,0.0038689076900482178,0.01475614309310913,False,0.1438751220703125,0.659964817349547,0.006631374359130859,0.01199367642402649,False,0.2171173095703125,0.5636744860435866,0.0025608837604522705,0.016064167022705078,False,0.3406524658203125,0.41220890035686797,-0.0035484135150909424,0.02217346429824829,True,0.4551493326822917,0.42856857147529587,-0.0028769373893737793,0.021501988172531128,True,0.5329742431640625,0.5015073000774355,0.4963277180989583,6,False,0.5914978372691765,-0.04876515685024174,0.004051698098688217
replace_att:644,000000151000.jpg,replace_att,A woman taking a picture on a sunny day. ,A woman taking a picture on a rainy day.,0.3065754175186157,0.25780051946640015,0.048774898052215576,0.9924414586993713,12,6.765421556309548e-17,1.1331562000013946,0.0002296999991813209,0.00010610000026645139,0.997428946862146,0.05960865318775177,-0.010833755135536194,False,0.23852181085043989,0.997428946862146,0.05960865318775177,-0.010833755135536194,False,0.23852181085043989,0.997441283032296,0.05965687334537506,-0.010881975293159485,False,0.30750549853372433,0.9836761849452801,0.040986716747283936,0.007788181304931641,False,0.44925884347507333,0.9917762379446249,0.047924697399139404,0.0008502006530761719,False,0.5181050678152492,0.9674589944269494,0.6019978005865103,6,False,0.9931127504895275,0.997441283032296,0.05965687334537506,-0.010881975293159485,False,0.30750549853372433,0.997441283032296,0.05965687334537506,-0.010881975293159485,False,0.30750549853372433,0.997441283032296,0.05965687334537506,-0.010881975293159485,False,0.30750549853372433,0.9976295205089798,0.06042289733886719,-0.011647999286651611,False,0.43896054802052786,0.9980314609949533,0.0622849315404892,-0.01351003348827362,False,0.5225898093841642,0.9922479745394889,0.7354403409090909,8,False,0.9960562683171654,-0.024788980112539494,-0.0029435178276379093
replace_obj:327,000000068387.jpg,replace_obj,Baseball players prepare for the next pitch in a game.,Football players prepare for the next play in a game.,0.26730087399482727,0.19178766012191772,0.07551321387290955,0.9994748605253732,14,2.949029909160572e-17,1.0455270999991626,0.00026670000079320744,0.0001112000027205795,0.9992817966672165,0.07238039374351501,0.0031328201293945312,False,0.14050801595052084,0.9985249658781599,0.06517598032951355,0.010337233543395996,False,0.20643107096354166,0.9979837743310925,0.06204509735107422,0.013468116521835327,False,0.3100484212239583,0.9942572276208107,0.05154053866863251,0.02397267520427704,False,0.4469757080078125,0.9699760832538549,0.03475277125835419,0.04076044261455536,False,0.5461985270182291,0.78740746063249,0.8557586669921875,11,False,0.9951553052842133,0.9992817966672165,0.07238039374351501,0.0031328201293945312,False,0.14050801595052084,0.9985249658781599,0.06517598032951355,0.010337233543395996,False,0.20643107096354166,0.9974391448390801,0.05964849889278412,0.015864714980125427,False,0.3433583577473958,0.932933499029641,0.026326492428779602,0.049186721444129944,False,0.4901326497395833,0.5433575186547588,0.0017386674880981445,0.0737745463848114,False,0.58935546875,0.7741707963911081,0.666046142578125,8,False,0.9465048692574753,0.013236664241381924,0.04865043602673791
replace_rel:1387,000000054593.jpg,replace_rel,a young kid with a baseball bat gets ready for the pitch,A young kid without a baseball bat gets ready for the pitch.,0.29571449756622314,0.2834641635417938,0.012250334024429321,0.7729481215563032,12,3.426078865054194e-17,1.313333899997815,0.00029740000172751024,0.0001343000003544148,0.5192963558918087,0.0007722377777099609,0.01147809624671936,False,0.14245248538011696,0.8414378889359003,0.016689658164978027,-0.004439324140548706,False,0.2514105902777778,0.72673703021369,0.009781301021575928,0.0024690330028533936,False,0.322945221125731,0.6949874756576901,0.00823540985584259,0.004014924168586731,False,0.4356839364035088,0.6994245398899869,0.008445590734481812,0.0038047432899475098,False,0.5173496893274854,0.687526995835394,0.7418619791666666,9,False,0.6945830023828854,0.7665753946893692,0.01189073920249939,0.00035959482192993164,False,0.10895810489766082,0.7918774426416888,0.013362795114517212,-0.0011124610900878906,False,0.26091351425438597,0.7934003445664648,0.013455450534820557,-0.0012051165103912354,False,0.37365222953216376,0.7881243888284133,0.013136565685272217,-0.0008862316608428955,False,0.47976059941520466,0.7813340755494723,0.012734577059745789,-0.0004842430353164673,False,0.518429047880117,0.7918781361676998,0.26091351425438597,3,False,0.7829256425204871,-0.10435114033230575,-0.08834264013760174
swap_att:373,000000140286.jpg,swap_att,A white horse drawn carriage in front of a yellow building.,A yellow horse drawn carriage in front of a white building.,0.3203454911708832,0.32003161311149597,0.00031387805938720703,0.5078463073171132,13,7.19910242530375e-17,1.3426101000004564,0.00037120000342838466,0.00013639999815495685,0.5845835156922112,0.0034161806106567383,-0.0031023025512695312,False,0.10575445893285372,0.6618509515305887,0.006715536117553711,-0.006401658058166504,False,0.21623014088729017,0.5669795214235603,0.0026953816413879395,-0.0023815035820007324,False,0.3420685326738609,0.5533663752730329,0.0021428167819976807,-0.0018289387226104736,False,0.4587876573741007,0.510459833960908,0.0004184544086456299,-0.00010457634925842285,False,0.6009817146282974,0.5570734515870223,0.8839225494604317,11,False,0.5739771567829182,0.3590393759863521,-0.0057953596115112305,0.0061092376708984375,True,0.21275947991606714,0.3590393759863521,-0.0057953596115112305,0.0061092376708984375,True,0.21275947991606714,0.4606034429106073,-0.0015791356563568115,0.0018930137157440186,True,0.3185139388489209,0.5255800775554009,0.001024097204208374,-0.000710219144821167,False,0.493564523381295,0.5673669091801439,0.002711161971092224,-0.002397283911705017,False,0.6040402053357314,0.513722882673374,0.6652943270383693,7,False,0.46726602956629126,0.0433505689136483,0.1067111272166269
swap_obj:219,000000521719.jpg,swap_obj,A porch with several wind catchers hung from hooks. ,A porch with many hooks hung from several wind catchers.,0.30006086826324463,0.28388750553131104,0.016173362731933594,0.8344274416412806,7,6.245004513516506e-17,1.3271118999982718,0.00027489999774843454,0.00012239999705343507,0.6940893357572949,0.00819307565689087,0.007980287075042725,False,0.1958893000730994,0.7547711207730005,0.011242225766181946,0.004931136965751648,False,0.631281980994152,0.7547711207730005,0.011242225766181946,0.004931136965751648,False,0.631281980994152,0.7547711207730005,0.011242225766181946,0.004931136965751648,False,0.631281980994152,0.7547711207730005,0.011242225766181946,0.004931136965751648,False,0.631281980994152,0.6954350577412425,1.0,7,False,0.7367890003787059,0.6940893357572949,0.00819307565689087,0.007980287075042725,False,0.1958893000730994,0.7547711207730005,0.011242225766181946,0.004931136965751648,False,0.631281980994152,0.7547711207730005,0.011242225766181946,0.004931136965751648,False,0.631281980994152,0.7547711207730005,0.011242225766181946,0.004931136965751648,False,0.631281980994152,0.7547711207730005,0.011242225766181946,0.004931136965751648,False,0.631281980994152,0.6727157482166402,0.9441246345029239,6,False,0.7367890003787059,0.022719309524602327,0.0
add_att:430,000000163057.jpg,add_att,People fly kites in a large park in the middle of a city.,People fly sparkling kites in a large park in the middle of a city.,0.41717833280563354,0.3993247449398041,0.017853587865829468,0.8563573070315569,15,7.28583859910259e-17,1.2601574000000255,0.00030280000282800756,0.00014569999984814785,0.7890043904260197,0.013189345598220825,0.004664242267608643,False,0.125274658203125,0.7294110434251527,0.009916365146636963,0.007937222719192505,False,0.2388916015625,0.6656372973517577,0.0068851858377456665,0.010968402028083801,False,0.3185933430989583,0.7244804678942351,0.009667962789535522,0.008185625076293945,False,0.4701283772786458,0.7854519795081149,0.012977257370948792,0.004876330494880676,False,0.5386250813802084,0.7600919569049842,0.7950795491536459,12,False,0.7462561138528331,0.8325076894544463,0.0160350501537323,0.001818537712097168,False,0.15401713053385416,0.8589048173346373,0.018062233924865723,-0.00020864605903625488,False,0.23123677571614584,0.8411203279983333,0.016665875911712646,0.0011877119541168213,False,0.3106842041015625,0.7734884783486012,0.012281149625778198,0.0055724382400512695,False,0.4357554117838542,0.7452744937366487,0.010735660791397095,0.007117927074432373,False,0.5079142252604166,0.7587230523102904,0.6222330729166666,9,False,0.8242732232068948,0.0013689045946938538,-0.0780171093540617
add_obj:1481,000000104782.jpg,add_obj,A red stop sign with a green street sign posted above it.,A mail delivery truck is parked next to a red stop sign with a green street sign posted above it.,0.23885971307754517,0.2179100513458252,0.02094966173171997,0.8904129538923556,13,2.168404344971009e-17,1.1688029000033566,0.0003221000006305985,0.00013939999917056412,0.8412730046427753,0.016677305102348328,0.004272356629371643,False,0.18923733333333334,0.6332335743227042,0.005461141467094421,0.01548852026462555,False,0.2585173333333333,0.6206326885953211,0.004922345280647278,0.016027316451072693,False,0.34912533333333334,0.4421203981944759,-0.00232560932636261,0.02327527105808258,True,0.430576,0.600240291844791,0.004064664244651794,0.016884997487068176,False,0.5136373333333333,0.5470833211813055,0.802928,10,False,0.6975794157631019,0.8955440058948844,0.02148665487766266,-0.000536993145942688,False,0.130672,0.8059087384099312,0.014236420392990112,0.006713241338729858,False,0.21373333333333333,0.6647146879861822,0.00684376060962677,0.0141059011220932,False,0.3982133333333333,0.7460982225029067,0.01077909767627716,0.01017056405544281,False,0.4674933333333333,0.649743949555153,0.006179139018058777,0.014770522713661194,False,0.5510186666666667,0.500590091755295,0.6951893333333333,8,False,0.7806718005048657,0.04649322942601053,-0.08309238474176384
replace_att:289,000000318080.jpg,replace_att,Two brown bears interacting in a rocky area.,Two brown bears interacting in a grassy area.,0.3404129445552826,0.29602012038230896,0.04439282417297363,0.9883333122018989,14,5.204170427930421e-17,1.21308240000144,0.00029119999817339703,0.0001415999977325555,0.9984645698684579,0.06477408111095428,-0.020381256937980652,False,0.1591339111328125,0.9984850404754473,0.06490850448608398,-0.02051568031311035,False,0.22780354817708334,0.9968378998198594,0.057533517479896545,-0.013140693306922913,False,0.3156483968098958,0.9943306595323931,0.05166997015476227,-0.007277145981788635,False,0.4351603190104167,0.9615369736188837,0.032188355922698975,0.012204468250274658,False,0.5292612711588541,0.9021669201758012,0.8394419352213541,11,False,0.9925087826699001,0.9902002588598482,0.04615551233291626,-0.001762688159942627,False,0.18194580078125,0.9932620915167958,0.04993245005607605,-0.005539625883102417,False,0.2510782877604167,0.9919122989057036,0.04809290170669556,-0.003700077533721924,False,0.3213144938151042,0.97293906318253,0.0358223021030426,0.00857052206993103,False,0.4557393391927083,0.8970097498536129,0.02164432406425476,0.022748500108718872,False,0.5360361735026041,0.7921605404432661,0.682373046875,9,False,0.9801712109996373,0.11000637973253513,0.012337571670262726
replace_obj:931,000000339870.jpg,replace_obj,Some stoplights that have every light lit up.,Some billboards that have every light lit up.,0.2658505141735077,0.24315661191940308,0.022693902254104614,0.9063100233083666,14,1.691355389077387e-17,1.0667890000004263,0.0004399999997986015,0.00018089999866788276,0.12966294229821926,-0.019039422273635864,0.04173332452774048,True,0.13521501659292035,0.23865803128951624,-0.011600509285926819,0.03429441154003143,True,0.2841479996312684,0.21120455963031676,-0.013176798820495605,0.03587070107460022,True,0.3635001843657817,0.21302297113825883,-0.01306799054145813,0.035761892795562744,True,0.4378226401179941,0.14935935644033635,-0.017396345734596252,0.04009024798870087,True,0.5042288901179941,0.22517482533833183,0.6266132005899705,9,False,0.28382523743803045,0.6516818840017625,0.006264403462409973,0.01642949879169464,False,0.14706051806784662,0.1296548708178633,-0.01904013752937317,0.04173403978347778,True,0.21903231010324484,0.5117075646622401,0.0004683881998062134,0.0222255140542984,False,0.3727069505899705,0.32177516451173627,-0.007456257939338684,0.0301501601934433,True,0.4391132005899705,0.2641802586197582,-0.010243535041809082,0.032937437295913696,True,0.5339924410029498,0.3696793585116432,0.5339924410029498,7,False,0.4633565255281564,-0.14450453317331136,-0.17953128809012597
replace_rel:695,000000218362.jpg,replace_rel,A wall with several different clocks hanging from it with a mirror next to them.,A wall with several different clocks hanging from it across from a mirror.,0.3047937750816345,0.30389565229415894,0.0008981227874755859,0.5224379891868752,15,6.375108774214766e-17,1.346297299998696,0.00033239999902434647,0.00014759999976377003,0.4706761670785082,-0.0011743009090423584,0.0020724236965179443,True,0.11552075696480939,0.47350672932530774,-0.0010607242584228516,0.0019588470458984375,True,0.20766129032258066,0.5072556110941762,0.00029024481773376465,0.0006078779697418213,False,0.33120646994134895,0.48766583145242337,-0.000493466854095459,0.001391589641571045,True,0.4612582478005865,0.436027216253031,-0.0025730133056640625,0.0034711360931396484,True,0.5013402675953079,0.4649818855327535,0.9564470307917888,14,False,0.48799804966372384,0.529419613746633,0.001178145408630371,-0.00028002262115478516,False,0.11959883614369501,0.46540865667465176,-0.0013858675956726074,0.0022839903831481934,True,0.29910305168621704,0.47250383313416316,-0.0011009573936462402,0.001999080181121826,True,0.34265602089442815,0.5045186541087506,0.00018075108528137207,0.0007173717021942139,False,0.4095204820381232,0.39710853527924933,-0.004175275564193726,0.0050733983516693115,True,0.5111345307917888,0.46564774693531097,0.6643488819648093,10,False,0.49123255929849746,-0.0006658614025574772,-0.003234509634773619
swap_att:108,000000512403.jpg,swap_att,"A shelf with a white and blue vase, artwork and black cloth.","A shelf with a black and blue vase, artwork and white cloth.",0.2951655089855194,0.2902713716030121,0.004894137382507324,0.6199683143354758,12,8.326672684688674e-17,0.8485956999975315,0.00023910000163596123,0.00010779999865917489,0.4770445189787898,-0.0009188652038574219,0.005813002586364746,True,0.2530474290780142,0.4770445189787898,-0.0009188652038574219,0.005813002586364746,True,0.2530474290780142,0.46874686939342536,-0.0012517571449279785,0.006145894527435303,True,0.3589594414893617,0.4599719175978359,-0.0016045570373535156,0.00649869441986084,True,0.5120650487588653,0.4599719175978359,-0.0016045570373535156,0.00649869441986084,True,0.5120650487588653,0.5583624434327232,0.8447104018912529,9,False,0.5077081312284722,0.539736027051655,0.0015928000211715698,0.0033013373613357544,False,0.18163139036643025,0.5400739796079747,0.0016064047813415527,0.0032877326011657715,False,0.22019060283687944,0.5070582111635981,0.0002823472023010254,0.004611790180206299,False,0.4396193484042553,0.5070582111635981,0.0002823472023010254,0.004611790180206299,False,0.4396193484042553,0.4776211239580512,-0.0008957535028457642,0.005789890885353088,True,0.5320395611702128,0.49343770832500594,0.7800910534869976,8,False,0.5385413806558447,0.06492473510771729,-0.030833249427372422
swap_obj:220,000000061584.jpg,swap_obj,a couple is sitting on a statue of a horse and some plants,Some plants are sitting on a statue of a horse and a couple.,0.33115002512931824,0.30162477493286133,0.02952525019645691,0.9503826923280572,13,4.2500725161431774e-17,1.2075796999997692,0.0002442999975755811,0.00010750000001280569,0.09139444181781851,-0.02296726405620575,0.05249251425266266,True,0.107264,0.11700764425226906,-0.02021077275276184,0.04973602294921875,True,0.24352533333333334,0.12158062410559016,-0.01977546513080597,0.04930071532726288,True,0.37370133333333333,0.22755621156333056,-0.012221619486808777,0.041746869683265686,True,0.47168533333333335,0.19068718251347266,-0.014455512166023254,0.043980762362480164,True,0.573024,0.18318984964254315,0.79928,10,False,0.2162168134844283,0.09139444181781851,-0.02296726405620575,0.05249251425266266,True,0.107264,0.12009511498284987,-0.019915297627449036,0.049440547823905945,True,0.22280533333333333,0.1408351627655612,-0.018083706498146057,0.047608956694602966,True,0.30133333333333334,0.21356055493419757,-0.013035953044891357,0.04256120324134827,True,0.50088,0.21356055493419757,-0.013035953044891357,0.04256120324134827,True,0.50088,0.1767324582216622,0.30133333333333334,3,False,0.2269902819984859,0.006457391420880948,-0.010773468514057583
add_att:437,000000414034.jpg,add_att,A child wearing a baseball cap with a remote control and a sippy cup.,A child wearing a sparkly baseball cap with a remote control and a sippy cup.,0.3841969668865204,0.38027724623680115,0.003919720649719238,0.59675734351387,15,4.8951728087720525e-17,1.3391470999995363,0.00025880000248434953,0.00010620000102790073,0.4562409852140863,-0.001754850149154663,0.005674570798873901,True,0.11862691243489583,0.40567474038337353,-0.0038187503814697266,0.007738471031188965,True,0.2498321533203125,0.3543440974177684,-0.0059999823570251465,0.009919703006744385,True,0.3299051920572917,0.22390831478836742,-0.012430340051651001,0.01635006070137024,True,0.4312693277994792,0.22440950805036888,-0.0124015212059021,0.016321241855621338,True,0.5092976888020834,0.35082658468052513,0.799652099609375,12,False,0.3852901050109489,0.6154995519688539,0.004704892635345459,-0.0007851719856262207,False,0.118927001953125,0.5350465904887296,0.0014041662216186523,0.002515554428100586,False,0.24608866373697916,0.5207885397432918,0.0008320212364196777,0.0030876994132995605,False,0.3224131266276042,0.5694911255337923,0.002797752618789673,0.0011219680309295654,False,0.4619394938151042,0.47871464254684315,-0.0008519291877746582,0.0047716498374938965,True,0.5281422932942709,0.5707277433816083,0.4619394938151042,7,False,0.5610029273353341,-0.21990115870108312,-0.17571282232438518
add_obj:494,000000290248.jpg,add_obj,Several people are grouped together in a public area.,A music band and several people are grouped together in a public area.,0.25523582100868225,0.2545054256916046,0.0007303953170776367,0.5182517695607162,12,3.469446951953614e-17,1.3255002000005334,0.00029290000020409934,0.00013530000069295056,0.6683281519734272,0.007006332278251648,-0.006275936961174011,False,0.12128702799479167,0.6450147206833124,0.005971968173980713,-0.005241572856903076,False,0.20382181803385416,0.7824149077794351,0.012797951698303223,-0.012067556381225586,False,0.38330078125,0.36590546470658925,-0.005498230457305908,0.006228625774383545,True,0.465118408203125,0.3804846866585737,-0.004874914884567261,0.0056053102016448975,True,0.5226236979166666,0.5834302408920543,0.5775807698567709,7,False,0.6174435191148128,0.4202550440515786,-0.003217265009880066,0.003947660326957703,True,0.15475972493489584,0.4773092069910218,-0.0009082555770874023,0.001638650894165039,True,0.209716796875,0.5788243403767425,0.003179490566253662,-0.0024490952491760254,False,0.3124643961588542,0.17338984269564708,-0.015617907047271729,0.016348302364349365,True,0.4346466064453125,0.44559161358977284,-0.0021849870681762695,0.0029153823852539062,True,0.608184814453125,0.58836043224682,0.3528289794921875,5,False,0.4130406486058114,-0.0049301913547656895,0.20440287050900136
replace_att:410,000000319721.jpg,replace_att,A woman stands beside a large brown horse.,A woman stands beside a large white horse.,0.25607964396476746,0.240695983171463,0.015383660793304443,0.8232270756906657,14,2.0816681711721685e-17,1.2850604000013846,0.00029999999969732016,0.00014110000120126642,0.6215318383698667,0.004960551857948303,0.01042310893535614,False,0.227386474609375,0.6215318383698667,0.004960551857948303,0.01042310893535614,False,0.227386474609375,0.5189563626029325,0.0007586181163787842,0.01462504267692566,False,0.3150685628255208,0.43822667719789127,-0.0024836212396621704,0.017867282032966614,True,0.4416097005208333,0.27223230413630795,-0.009833261370658875,0.025216922163963318,True,0.5028432210286459,0.3622706356784163,0.6778208414713541,9,False,0.589792139789645,0.35001396036822097,-0.006189778447151184,0.021573439240455627,True,0.14290873209635416,0.08723343179018408,-0.023478925228118896,0.03886258602142334,True,0.2280731201171875,0.04122748979551601,-0.03146548569202423,0.046849146485328674,True,0.416717529296875,0.04122748979551601,-0.03146548569202423,0.046849146485328674,True,0.416717529296875,0.016694604671315658,-0.040758341550827026,0.05614200234413147,True,0.5086720784505209,0.12701779482355263,0.4575551350911458,6,False,0.23046667995382789,0.23525284085486364,0.3593254598358171
replace_obj:1493,000000184791.jpg,replace_obj,a painting of fruit and a candle with a vase,A painting of flowers and a candle with a vase.,0.3404409885406494,0.27259889245033264,0.06784209609031677,0.998869777170042,15,2.7755575615628914e-17,1.3556343999989622,0.00033650000113993883,0.00014509999891743064,0.95788703291333,0.031243741512298584,0.03659835457801819,False,0.156435546875,0.9749447098236806,0.03661295771598816,0.031229138374328613,False,0.25451171875,0.9545349521791197,0.030442804098129272,0.0373992919921875,False,0.3108984375,0.40814241713989136,-0.003716498613357544,0.07155859470367432,True,0.4753466796875,0.39213800383059294,-0.00438334047794342,0.07222543656826019,True,0.5590771484375,0.6749713310974845,0.7638134765625,10,False,0.8009322540212047,0.95788703291333,0.031243741512298584,0.03659835457801819,False,0.156435546875,0.6907450376061289,0.008036047220230103,0.05980604887008667,False,0.2717041015625,0.49951645747000467,-1.9341707229614258e-05,0.06786143779754639,True,0.3515771484375,0.3596053908190755,-0.005770772695541382,0.07361286878585815,True,0.4189599609375,0.24587898784062026,-0.011207133531570435,0.07904922962188721,True,0.51439453125,0.5375448334733053,0.4189599609375,6,False,0.6871046603510669,0.13742649762417924,0.11382759367013784
replace_rel:644,000000039551.jpg,replace_rel,"A female tennis player with ball in front of her, racket drawn back.","A female tennis player with ball behind her, racket drawn back.",0.3103902339935303,0.3043026626110077,0.006087571382522583,0.647657236410936,15,4.90059381963448e-17,1.1049984999990556,0.00030449999758275226,0.0001432999997632578,0.5543767280518497,0.0021837055683135986,0.0039038658142089844,False,0.13602773209064328,0.5152280010724543,0.0006093084812164307,0.005478262901306152,False,0.21395856176900585,0.48390113669888657,-0.0006441771984100342,0.006731748580932617,True,0.3219800804093567,0.48110985258436273,-0.0007559657096862793,0.006843537092208862,True,0.4599952028508772,0.4088041818003402,-0.003689110279083252,0.009776681661605835,True,0.5176580774853801,0.4420335903851255,0.6989160727339181,11,False,0.5208976852088875,0.5528477718015908,0.002121835947036743,0.00396573543548584,False,0.1369014985380117,0.5408918715289288,0.001639336347579956,0.004448235034942627,False,0.21448396381578946,0.5481014822490808,0.0019300282001495361,0.004157543182373047,False,0.3184221948099415,0.5455875717971458,0.0018285810947418213,0.004258990287780762,False,0.462593658625731,0.4393102568703277,-0.0024396181106567383,0.008527189493179321,True,0.5392680921052632,0.4992724506578026,0.5392680921052632,8,False,0.5522200664541149,-0.057238860272677106,-0.03132238124522746
swap_att:55,000000284764.jpg,swap_att,A man eats from a green dish while holding a handheld radio.,A man eats from a handheld dish while holding a green radio.,0.3115308880805969,0.2963275909423828,0.015203297138214111,0.8205870274974667,15,7.37257477290143e-17,1.2160693000005267,0.0002624000007926952,0.00011219999942113645,0.6420952426458713,0.00584469735622406,0.009358599781990051,False,0.1457419590643275,0.5871768269416953,0.0035230666399002075,0.011680230498313904,False,0.22480354532163743,0.585692934628341,0.003461882472038269,0.011741414666175842,False,0.3531672605994152,0.5812106191320452,0.0032774507999420166,0.011925846338272095,False,0.40195540935672514,0.5898186660421926,0.003632158041000366,0.011571139097213745,False,0.5946980080409356,0.5718998366806667,0.7104577850877193,10,False,0.6251526031604279,0.7561758413287977,0.01131826639175415,0.003885030746459961,False,0.13629614400584794,0.7525560182812856,0.011122912168502808,0.004080384969711304,False,0.24726448282163743,0.7629104141711047,0.011687025427818298,0.003516271710395813,False,0.32632606907894735,0.7389865011307769,0.01040707528591156,0.004796221852302551,False,0.42634091739766083,0.6162800224321662,0.004737883806228638,0.010465413331985474,False,0.532483552631579,0.6637340702806238,0.7131818804824561,10,False,0.7476346992858129,-0.09183423359995713,-0.12248209612538508
swap_obj:132,000000459396.jpg,swap_obj,Cow eating grass while a bull watches nearby,Bull eating grass while a cow watches nearby.,0.3047030568122864,0.3018364906311035,0.0028665661811828613,0.5711774213811489,13,3.8163916471489756e-17,1.6334093000004941,0.0002472000014677178,0.00011029999950551428,0.4662896561829759,-0.0013504624366760254,0.004217028617858887,True,0.12070846557617188,0.48464917930005874,-0.0006142258644104004,0.0034807920455932617,True,0.2799491882324219,0.525551096258304,0.001022934913635254,0.0018436312675476074,False,0.376922607421875,0.5196683193136923,0.0007871389389038086,0.0020794272422790527,False,0.4575042724609375,0.5293208629388689,0.0011741816997528076,0.0016923844814300537,False,0.5761909484863281,0.4784656042911341,0.7219657897949219,9,False,0.5062105315034201,0.41499822572892797,-0.003433406352996826,0.0062999725341796875,True,0.13446044921875,0.461688361376406,-0.0015354752540588379,0.004402041435241699,True,0.24116897583007812,0.46759670949169196,-0.0012979507446289062,0.004164516925811768,True,0.3077392578125,0.5267324997081174,0.0010703206062316895,0.0017962455749511719,False,0.46132659912109375,0.4622224381061588,-0.0015139877796173096,0.004380553960800171,True,0.5405311584472656,0.4691123420295691,0.5405311584472656,8,False,0.4801386991217715,0.00935326226156502,0.02607183238164862
add_att:371,000000348708.jpg,add_att,The banana is laying next to an almost empty bowl.,The banana is laying next to a cracked almost empty bowl.,0.31831154227256775,0.3152519762516022,0.003059566020965576,0.5758980079996808,15,4.336808689942018e-17,1.0826220999988436,0.00030469999910565093,0.00014279999959398992,0.5322229975637388,0.0012907087802886963,0.0017688572406768799,False,0.12125970179738563,0.4139422714694358,-0.0034769177436828613,0.0065364837646484375,True,0.20308032066993464,0.3559391470156129,-0.0059303343296051025,0.008989900350570679,True,0.3301611008986928,0.4650709229660502,-0.0013994425535202026,0.004459008574485779,True,0.4151986315359477,0.5479848499282698,0.0019253194332122803,0.001134246587753296,False,0.5009510314542484,0.47595241291351453,0.652196946486928,10,False,0.4654270960977654,0.40742270328941216,-0.0037463009357452393,0.006805866956710815,True,0.1095281862745098,0.40696013682488713,-0.0037654638290405273,0.0068250298500061035,True,0.26680581086601307,0.42925987982700897,-0.002848714590072632,0.005908280611038208,True,0.34115221609477125,0.4105541504173091,-0.0036167502403259277,0.006676316261291504,True,0.4587673611111111,0.3795255550944526,-0.0049156248569488525,0.007975190877914429,True,0.5165951797385621,0.4249405639634809,0.34115221609477125,5,False,0.42820689774970133,0.051011848950033634,0.03722019834806406
add_obj:299,000000212559.jpg,add_obj,A stable full of lambs standing and laying around.,A stable full of lambs and chickens standing and laying around.,0.3076062798500061,0.295545369386673,0.01206091046333313,0.7696065740615379,13,5.204170427930421e-17,1.3930089000023145,0.00039929999911691993,0.0001711999975668732,0.586675023601047,0.003502368927001953,0.008558541536331177,False,0.12964677132701422,0.7100380244238245,0.008955687284469604,0.0031052231788635254,False,0.23145456901658767,0.767331259359829,0.01193302869796753,0.00012788176536560059,False,0.3456938684834123,0.702963104583952,0.00861448049545288,0.003446429967880249,False,0.43040025177725116,0.7330500313345096,0.010101526975631714,0.001959383487701416,False,0.5613383071682464,0.6024405015772774,0.8325264736374408,10,False,0.7029620206516293,0.6777755740335922,0.0074356794357299805,0.004625231027603149,False,0.12330605746445497,0.503991191251717,0.0001596510410308838,0.011901259422302246,False,0.23754535693127962,0.5534319291145795,0.0021454691886901855,0.009915441274642944,False,0.3837520364336493,0.4319664210196945,-0.0027383267879486084,0.014799237251281738,True,0.46093287174170616,0.32428003891853435,-0.007341712713241577,0.019402623176574707,True,0.5295375444312796,0.4028939355986254,0.7190276954976303,9,False,0.5627681101338282,0.19954656597865195,0.14019391051780106
replace_att:374,000000127182.jpg,replace_att,A kitchen filled with metal appliances and a window.,A kitchen filled with transparent appliances and a window.,0.2896110713481903,0.2554307281970978,0.03418034315109253,0.9682634229369229,14,1.9081958235744878e-17,1.2983784999996715,0.00030590000096708536,0.00014210000153980218,0.7842489805262681,0.012906014919281006,0.021274328231811523,False,0.10718772843567251,0.5102118356515546,0.00040853023529052734,0.033771812915802,False,0.20479829130116958,0.5031843350939096,0.00012737512588500977,0.03405296802520752,False,0.3542066429093567,0.5395994290497272,0.00158730149269104,0.03259304165840149,False,0.42558707967836257,0.4802379493272022,-0.0007908940315246582,0.03497123718261719,True,0.5138603344298246,0.5011737706294077,0.7776292945906432,10,False,0.613074582173091,0.9449199717523717,0.02842313051223755,0.0057572126388549805,False,0.15965369152046785,0.5472369496660862,0.001895129680633545,0.032285213470458984,False,0.26684141995614036,0.5201057203710361,0.0008046627044677734,0.033375680446624756,False,0.3220371893274854,0.5382879366576689,0.0015345215797424316,0.0326458215713501,False,0.40759777046783624,0.1778314525282487,-0.015311092138290405,0.049491435289382935,True,0.5897466648391813,0.46296737329028814,0.5897466648391813,7,False,0.6318794443186913,0.03820639733911957,-0.018804862145600287
replace_obj:1259,000000117908.jpg,replace_obj,A cat standing next to an open refrigerator door.,A monkey standing next to an open refrigerator door.,0.25819817185401917,0.25554490089416504,0.002653270959854126,0.5659453561526254,13,2.1467203015212988e-17,1.0619229000003543,0.0002939000005426351,0.00012679999781539664,0.34666356722063285,-0.006337374448776245,0.008990645408630371,True,0.15855625,0.31391092465612863,-0.007818982005119324,0.01047225296497345,True,0.23365,0.29979631599798995,-0.008482679724693298,0.011135950684547424,True,0.30358125,0.3343444623312287,-0.006886005401611328,0.009539276361465454,True,0.48860625,0.3299831801863071,-0.007082611322402954,0.00973588228225708,True,0.5913125,0.29209639398315945,0.63228125,8,False,0.35749731120716166,0.04174763657643048,-0.031334683299064636,0.03398795425891876,True,0.15254375,0.04364249850939888,-0.03087100386619568,0.033524274826049805,True,0.261525,0.04093205899123757,-0.031540483236312866,0.03419375419616699,True,0.33351875,0.04399368223843391,-0.030787184834480286,0.03344045579433441,True,0.4240625,0.03731216948127383,-0.03250409662723541,0.03515736758708954,True,0.52676875,0.06026479840347758,0.52676875,7,False,0.11782703868415523,0.23183159557968186,0.23967027252300643
replace_rel:1257,000000008532.jpg,replace_rel,A man wearing a cat and sunglasses with a red neck tie.,A man holding a cat and sunglasses with a red neck tie.,0.25625213980674744,0.24842332303524017,0.007828816771507263,0.6863008487748347,15,5.551115123125783e-17,0.8364034999976866,0.0002567000010458287,0.00011580000136746094,0.6009523313493869,0.004094347357749939,0.0037344694137573242,False,0.11569258614369501,0.5731996685978997,0.0029491782188415527,0.0048796385526657104,False,0.21844643511730205,0.550698111416084,0.00203491747379303,0.005793899297714233,False,0.34067425769794724,0.5712726784618933,0.0028704553842544556,0.004958361387252808,False,0.4157521535923754,0.554180878177303,0.0021757781505584717,0.0056530386209487915,False,0.5456779233870968,0.6134499671543505,0.7000893511730205,10,False,0.5840502016485477,0.6861256599318897,0.007820680737495422,8.13603401184082e-06,False,0.12846522177419356,0.49976120891002346,-9.551644325256348e-06,0.00783836841583252,True,0.24717054618768328,0.4289974128015413,-0.0028594285249710083,0.010688245296478271,True,0.3301583119501466,0.5369351597623633,0.0014801025390625,0.006348714232444763,False,0.4211762280058651,0.5400728691997252,0.0016063600778579712,0.006222456693649292,False,0.5428713801319648,0.5524288976744255,0.4211762280058651,7,False,0.5647191361075022,0.06102106947992503,0.019331065541045467
swap_att:634,000000440507.jpg,swap_att,a blue suitcase sits on the floor in front of 2 pair of shoes,2 pair of suitcases sit on the floor in front of a blue shoe.,0.36339423060417175,0.3441259562969208,0.019268274307250977,0.8728978484364956,14,5.252959525692269e-17,1.3261133000014524,0.0003056999994441867,0.0001413000027241651,0.8272439757510517,0.015662193298339844,0.003606081008911133,False,0.18507733333333334,0.7791780077977761,0.012608826160430908,0.006659448146820068,False,0.2903253333333333,0.8142727791209899,0.014780163764953613,0.004488110542297363,False,0.33116266666666666,0.6771829966894439,0.007408559322357178,0.011859714984893799,False,0.4438026666666667,0.34068488548033543,-0.006602436304092407,0.025870710611343384,True,0.5313653333333334,0.5120002153972606,0.8479466666666666,12,False,0.758355364075065,0.8348564440969667,0.01620444655418396,0.0030638277530670166,False,0.105248,0.765925771049036,0.011854469776153564,0.007413804531097412,False,0.23131733333333335,0.8142727791209899,0.014780163764953613,0.004488110542297363,False,0.33116266666666666,0.6771829966894439,0.007408559322357178,0.011859714984893799,False,0.4438026666666667,0.5573212400855118,0.0023029744625091553,0.01696529984474182,False,0.5299733333333333,0.5742057173904476,0.5741653333333333,8,False,0.7676785810953957,-0.062205501993186973,-0.009323217020330676
swap_obj:171,000000188439.jpg,swap_obj,A truck loaded with cargo slowly creeps down the street.,Cargo loaded with a truck slowly creeps down the street.,0.2730298638343811,0.26295146346092224,0.010078400373458862,0.7325972283718883,13,3.881443777498106e-17,1.2546556000015698,0.0002473999993526377,0.00011000000085914508,0.8374330510451291,0.01639251410961151,-0.006314113736152649,False,0.2330509490030675,0.8374330510451291,0.01639251410961151,-0.006314113736152649,False,0.2330509490030675,0.8392284498179897,0.016524985432624817,-0.006446585059165955,False,0.3116073140337423,0.7351950466958815,0.01021142303943634,-0.00013302266597747803,False,0.4200177338957055,0.5879824398414999,0.0035563111305236816,0.006522089242935181,False,0.5268584643404908,0.6731734024301268,0.6928381422546013,8,False,0.7683871093317435,0.7032380833431005,0.008627653121948242,0.0014507472515106201,False,0.15396736004601227,0.7032380833431005,0.008627653121948242,0.0014507472515106201,False,0.20860093941717792,0.655221949530363,0.006420731544494629,0.0036576688289642334,False,0.3083241468558282,0.745257520308005,0.010734766721725464,-0.0006563663482666016,False,0.4214136790644172,0.7793774137567725,0.012620419263839722,-0.0025420188903808594,False,0.572355492714724,0.7517205998966263,0.49009058665644173,8,False,0.7179919142326223,-0.07854719746649952,0.05039519509912116
add_att:352,000000218091.jpg,add_att,"A room with a bed, a desk, and a television.","A cluttered room with a bed, a desk, and a television.",0.2669627070426941,0.2513481378555298,0.015614569187164307,0.8265623119400599,14,3.2959746043559335e-17,1.2416660000017146,0.000310799998260336,0.00014540000120177865,0.8592729854831607,0.018092647194862366,-0.002478078007698059,False,0.1295326166180758,0.7886901635185974,0.013170480728149414,0.0024440884590148926,False,0.21861333819241982,0.7292939736816754,0.009910434484481812,0.005704134702682495,False,0.36189185495626824,0.6520075433262806,0.0062787532806396484,0.009335815906524658,False,0.4296077806122449,0.20752544257183422,-0.013399064540863037,0.029013633728027344,True,0.5384816873177842,0.43470715044873753,0.618724945335277,9,False,0.7147724962376324,0.8724561091642498,0.01922851800918579,-0.0036139488220214844,False,0.10644246537900874,0.6228383921652916,0.005016133189201355,0.010598435997962952,False,0.26712827988338195,0.4331382841240315,-0.0026905834674835205,0.018305152654647827,True,0.34737153790087466,0.5159987562348114,0.0006401687860488892,0.014974400401115417,False,0.43645225947521865,0.32705405212289523,-0.007215395569801331,0.022829964756965637,True,0.5015431395772595,0.4243556018903606,0.5692590652332361,8,False,0.6432948529106852,0.010351548558376944,0.07147764332694717
add_obj:1553,000000400573.jpg,add_obj,A man taking a bite of a doughnut while wearing glasses.,A man and a woman are taking a bite of a doughnut while wearing glasses.,0.37121471762657166,0.3277026414871216,0.04351207613945007,0.9872728333618621,15,5.551115123125783e-17,1.335573200001818,0.000314799999614479,0.00014999999984866008,0.8830077502803012,0.020212262868881226,0.023299813270568848,False,0.10969034830729167,0.6024154581020581,0.004155397415161133,0.03935667872428894,False,0.2668050130208333,0.5743876595562984,0.002997756004333496,0.04051432013511658,False,0.365264892578125,0.5113248079947392,0.000453069806098938,0.043059006333351135,False,0.42852783203125,0.8959926940001313,0.021534711122512817,0.021977365016937256,False,0.55828857421875,0.6075159187258823,0.7636464436848959,12,False,0.7215814133398991,0.9536092337659506,0.0302315354347229,0.013280540704727173,False,0.15910847981770834,0.8992256163332035,0.021886497735977173,0.0216255784034729,False,0.24611918131510416,0.9311656886373618,0.026047348976135254,0.01746472716331482,False,0.303985595703125,0.8829972821893352,0.020211249589920044,0.02330082654953003,False,0.4373524983723958,0.39920741157328266,-0.004087686538696289,0.04759976267814636,True,0.5227152506510416,0.7065026669576535,0.678741455078125,11,False,0.8870482101520553,-0.09898674823177123,-0.16546679681215615
replace_att:518,000000078915.jpg,replace_att,A tennis player hits a high ball in front of an audience. ,A tennis player hits a low ball in front of an audience.,0.3419976830482483,0.3390791118144989,0.0029185712337493896,0.5724507265693882,13,3.122502256758253e-17,1.2841310000003432,0.00030169999809004366,0.00013840000247000717,0.6050264443901393,0.004264533519744873,-0.0013459622859954834,False,0.15778713474025974,0.5038392087281152,0.00015357136726379395,0.0027649998664855957,False,0.22676034902597403,0.5348567876503125,0.0013965368270874023,0.0015220344066619873,False,0.3320058847402597,0.4952358704199761,-0.00019057095050811768,0.0031091421842575073,True,0.40532670454545455,0.5223420694273928,0.0008942782878875732,0.0020242929458618164,False,0.533294439935065,0.5502170079690314,0.8729758522727272,11,False,0.5412919430117829,0.6030655474873167,0.004182547330856323,-0.0012639760971069336,False,0.13066152597402597,0.6104684930349892,0.004492819309234619,-0.0015742480754852295,False,0.28736810064935064,0.5878763034646193,0.0035519301891326904,-0.0006333589553833008,False,0.3932021103896104,0.5155882667089569,0.0006237328052520752,0.0022948384284973145,False,0.4621753246753247,0.5143548130251758,0.0005743503570556641,0.0023442208766937256,False,0.5674208603896104,0.5006388050573118,0.6407416801948052,8,False,0.5772577065704544,0.04957820291171955,-0.03596576355867154
replace_obj:1025,000000311394.jpg,replace_obj,A small baby is holding a white and blue toothbrush.,A grandmother is holding a white and blue toothbrush.,0.39092394709587097,0.33598726987838745,0.05493667721748352,0.9959041131646027,13,3.469446951953614e-17,1.2855505000006815,0.0002982000005431473,0.00013659999967785552,0.9888242456613012,0.04482769966125488,0.010108977556228638,False,0.1538543701171875,0.9876618173377854,0.04382641613483429,0.011110261082649231,False,0.2867177327473958,0.9643218920779673,0.032968878746032715,0.021967798471450806,False,0.3641815185546875,0.47819890404827126,-0.0008725970983505249,0.055809274315834045,True,0.4622650146484375,0.20267484831250066,-0.013696596026420593,0.06863327324390411,True,0.5168507893880209,0.567111689438359,0.5787150065104166,7,False,0.8685517098723731,0.9863746199632956,0.042821019887924194,0.012115657329559326,False,0.1707305908203125,0.9838065051848334,0.041068196296691895,0.013868480920791626,False,0.210418701171875,0.9128684335649057,0.02349172532558441,0.03144495189189911,False,0.40386962890625,0.9128684335649057,0.02349172532558441,0.03144495189189911,False,0.40386962890625,0.12474226030546534,-0.01948268711566925,0.07441936433315277,True,0.575897216796875,0.49945984205704463,0.575897216796875,7,False,0.8352528495536025,0.06765184738131436,0.03329886031877061
replace_rel:181,000000429281.jpg,replace_rel,Display for bananas with a euro money sign,Display for bananas without a euro money sign.,0.3756089210510254,0.36324262619018555,0.012366294860839844,0.7749767826767607,11,6.407634839389331e-17,1.2238676999986637,0.00024139999732142314,0.00010309999925084412,0.715763703738375,0.0092354416847229,0.0031308531761169434,False,0.142303466796875,0.6385401587511943,0.005690336227416992,0.0066759586334228516,False,0.24224853515625,0.632608680513951,0.005434244871139526,0.006932049989700317,False,0.3404744466145833,0.6838018274949879,0.007712990045547485,0.004653304815292358,False,0.5254262288411459,0.6838018274949879,0.007712990045547485,0.004653304815292358,False,0.5254262288411459,0.6749517452947409,0.9191640218098959,9,False,0.6811857831498612,0.6341705935917532,0.005501508712768555,0.006864786148071289,False,0.2038726806640625,0.6341705935917532,0.005501508712768555,0.006864786148071289,False,0.2038726806640625,0.5453843764898457,0.001820385456085205,0.010545909404754639,False,0.4154510498046875,0.5453843764898457,0.001820385456085205,0.010545909404754639,False,0.4154510498046875,0.3415529815445061,-0.006563812494277954,0.018930107355117798,True,0.520263671875,0.46766870057703014,0.520263671875,5,False,0.6052865441959913,0.20728304471771075,0.07589923895386996
swap_att:375,000000160666.jpg,swap_att,Some blue toothpaste applied to a red toothbrush.,Some red toothpaste applied to a blue toothbrush.,0.3555343747138977,0.3553333878517151,0.0002009868621826172,0.5050245024153821,14,5.719166459861036e-17,1.2343822999973781,0.00029549999817390926,0.00014060000103199854,0.47313526093170083,-0.0010756254196166992,0.0012766122817993164,True,0.12444051106770833,0.5527468369838138,0.002117753028869629,-0.0019167661666870117,False,0.2849477132161458,0.5893419907048313,0.0036124587059020996,-0.0034114718437194824,False,0.3534800211588542,0.5128304352398323,0.0005133301019668579,-0.0003123432397842407,False,0.4786427815755208,0.4736166896141147,-0.0010563135147094727,0.0012573003768920898,True,0.5287373860677084,0.4907235649368818,0.7398935953776041,10,False,0.5220179107517711,0.4767961998102448,-0.0009288191795349121,0.0011298060417175293,True,0.12151082356770833,0.38093859865491153,-0.00485566258430481,0.005056649446487427,True,0.3221638997395833,0.38093859865491153,-0.00485566258430481,0.005056649446487427,True,0.3221638997395833,0.3681015733996168,-0.005403697490692139,0.005604684352874756,True,0.4158782958984375,0.4037038739249047,-0.00390055775642395,0.004101544618606567,True,0.5178070068359375,0.40201026514672034,0.65032958984375,10,False,0.42513324841662364,0.08871329979016146,0.09688466233514742
swap_obj:182,000000276018.jpg,swap_obj,A group of kids holding teddy bears and looking happy.,A group of teddy bears holding kids and looking happy.,0.30211618542671204,0.2928157448768616,0.009300440549850464,0.7170842232088702,11,9.020562075079397e-17,1.352492499998334,0.0003299999989394564,0.0001320000010309741,0.7107063724413765,0.008988171815872192,0.0003122687339782715,False,0.15756381381381382,0.6494709123384907,0.0061671435832977295,0.0031332969665527344,False,0.24060388513513514,0.724161498040558,0.009651988744735718,-0.0003515481948852539,False,0.3321485548048048,0.65668815681925,0.006485700607299805,0.002814739942550659,False,0.4666326482732733,0.2267228004579716,-0.012269094586372375,0.02156953513622284,True,0.5195488457207207,0.4413735924364802,0.8338201482732732,9,False,0.6699226152965121,0.6812562276902899,0.00759550929069519,0.0017049312591552734,False,0.15773977102102102,0.5369136709139218,0.0014792382717132568,0.007821202278137207,False,0.21065596846846846,0.377766325106635,-0.00499039888381958,0.014290839433670044,True,0.3682197822822823,0.1662435522454417,-0.016124874353408813,0.025425314903259277,True,0.4513947541291291,0.081075226082229,-0.024278268218040466,0.03357870876789093,True,0.5783009572072072,0.2945997868610547,0.5783009572072072,6,False,0.4373064592675306,0.14677380557542552,0.2326161560289815
add_att:604,000000127182.jpg,add_att,A kitchen filled with metal appliances and a window.,A rustic kitchen filled with metal appliances and a window.,0.2896110713481903,0.2514820992946625,0.03812897205352783,0.9783930657839294,14,2.0816681711721685e-17,1.2284332999988692,0.0003006000006280374,0.00014089999967836775,0.9772017704210586,0.03758010268211365,0.0005488693714141846,False,0.10718772843567251,0.9800923047613019,0.03896540403366089,-0.0008364319801330566,False,0.20479829130116958,0.9688871248070676,0.03438526391983032,0.0037437081336975098,False,0.3542066429093567,0.9496673104203665,0.02937456965446472,0.00875440239906311,False,0.42558707967836257,0.948639609997615,0.029161617159843445,0.008967354893684387,False,0.5138603344298246,0.9605229932300117,0.7776292945906432,10,False,0.9695038375894622,0.9651808618543447,0.03322148323059082,0.004907488822937012,False,0.10766744334795321,0.9574212567862419,0.031128883361816406,0.007000088691711426,False,0.2788856907894737,0.9103036479154824,0.023173481225967407,0.014955490827560425,False,0.34375571089181284,0.9078323423943571,0.022874504327774048,0.015254467725753784,False,0.4187282986111111,0.9329175541784931,0.026323944330215454,0.011805027723312378,False,0.5163388614766082,0.952819856718095,0.6570952119883041,9,False,0.9447192720197618,0.007703136511916675,0.024784565569700434
add_obj:1829,000000225532.jpg,add_obj,A highway with a green exit sign and a yellow traffic sign. ,"A highway with a green exit sign, a yellow traffic sign, and a billboard.",0.28550463914871216,0.2754344046115875,0.010070234537124634,0.7324372304586791,13,2.2551405187698492e-17,1.2890490000027057,0.00034780000351020135,0.00011129999984405003,0.5340032923458249,0.001362234354019165,0.008708000183105469,False,0.14774933333333334,0.5871974154426927,0.003523916006088257,0.006546318531036377,False,0.22889066666666666,0.708717049380737,0.00889161229133606,0.0011786222457885742,False,0.339904,0.6989306001659515,0.008422106504440308,0.0016481280326843262,False,0.42978133333333335,0.5742382965638053,0.0029916465282440186,0.007078588008880615,False,0.635936,0.6650832814936507,0.42978133333333335,6,False,0.637595922950595,0.5189385068875607,0.0007579028606414795,0.009312331676483154,False,0.138176,0.3017527743194786,-0.008389651775360107,0.01845988631248474,True,0.2752,0.38774497589658247,-0.004568010568618774,0.014638245105743408,True,0.3295306666666667,0.5264241743061082,0.001057952642440796,0.009012281894683838,False,0.42751466666666665,0.5855305729011411,0.0034551918506622314,0.006615042686462402,False,0.503216,0.42021814698586457,0.3295306666666667,5,False,0.49340205201669274,0.24486513450778613,0.14419387093390224
replace_att:332,000000270244.jpg,replace_att,A zebra standing in a grassy field by a woods.,A zebra standing in a rocky field by a woods.,0.35608136653900146,0.32233938574790955,0.03374198079109192,0.9668883575143866,13,4.640385298237959e-17,1.3539181999985885,0.0002792999985103961,0.00011269999959040433,0.9808533783382319,0.039362967014312744,-0.005620986223220825,False,0.14231542397660818,0.9763233155462463,0.03719303011894226,-0.003451049327850342,False,0.25970851608187134,0.9661037162530018,0.03349965810775757,0.00024232268333435059,False,0.33002101608187134,0.9148723503039624,0.023746326565742493,0.009995654225349426,False,0.4649237024853801,0.9420872655202596,0.027891606092453003,0.005850374698638916,False,0.5318953307748538,0.9244013493657943,0.6709327028508771,8,False,0.9603787658455539,0.9550516771613655,0.030562520027160645,0.0031794607639312744,False,0.13487413194444445,0.9279834783520367,0.02556118369102478,0.008180797100067139,False,0.30694901315789475,0.9279834783520367,0.02556118369102478,0.008180797100067139,False,0.30694901315789475,0.8002706113064574,0.013879865407943726,0.019862115383148193,False,0.46619152046783624,0.7789913001933154,0.012597978115081787,0.021144002676010132,False,0.53316314875731,0.8493871507454809,0.6172617415935673,8,False,0.9042450850762674,0.07501419862031344,0.05613368076928649
replace_obj:865,000000189436.jpg,replace_obj,A carved bear that has a ribbon around the neck.,A wooden horse that has a ribbon around the neck.,0.33236873149871826,0.2587786316871643,0.07359009981155396,0.999363576672703,15,6.938893903907228e-17,1.3602124999997613,0.00033289999919361435,0.00014279999959398992,0.30552574668041105,-0.008211210370063782,0.08180131018161774,True,0.183807373046875,0.07753001363833699,-0.02476389706134796,0.09835399687290192,True,0.24702962239583334,0.030369173982551286,-0.034634873270988464,0.10822497308254242,True,0.3422495524088542,0.07579997303348188,-0.02500830590724945,0.0985984057188034,True,0.4758656819661458,0.08714567174332791,-0.023489952087402344,0.0970800518989563,True,0.5418243408203125,0.19417293452760873,0.8300374348958334,12,False,0.2761722244858887,0.8558308062067302,0.017810851335525513,0.05577924847602844,False,0.17935689290364584,0.2267400431917357,-0.012268111109733582,0.08585821092128754,True,0.2790273030598958,0.030369173982551286,-0.034634873270988464,0.10822497308254242,True,0.3422495524088542,0.04145456033588413,-0.03140819072723389,0.10499829053878784,True,0.4619649251302083,0.025307899916548086,-0.03651005029678345,0.1101001501083374,True,0.5174814860026041,0.25334053472212703,0.7947896321614584,11,False,0.4533515164991201,-0.059167600194518305,-0.1771792920132314
replace_rel:874,000000259690.jpg,replace_rel,A man is helping an athlete on a sport field.,A man is helping an athlete next to a sport field.,0.32875150442123413,0.3178747296333313,0.010876774787902832,0.7479441234782501,13,5.2231439659489176e-17,1.3363983999988704,0.000265499998931773,0.00010209999891230837,0.6206814547613556,0.004924416542053223,0.005952358245849609,False,0.1440582275390625,0.6218977120367352,0.00497610867023468,0.005900666117668152,False,0.221405029296875,0.6809060194102834,0.007579386234283447,0.0032973885536193848,False,0.305572509765625,0.5496124218749988,0.0019910484552383423,0.00888572633266449,False,0.484710693359375,0.5252322906719502,0.0010101497173309326,0.0098666250705719,False,0.5250803629557291,0.6422093349491256,0.766815185546875,10,False,0.6349016803856714,0.6535281041026823,0.006345838308334351,0.0045309364795684814,False,0.1763153076171875,0.6012671085059503,0.004107475280761719,0.006769299507141113,False,0.253662109375,0.6205211136703468,0.004917606711387634,0.005959168076515198,False,0.3977203369140625,0.6228933475352714,0.005018472671508789,0.005858302116394043,False,0.4653727213541667,0.6248560042194026,0.005102112889289856,0.005774661898612976,False,0.5308125813802084,0.6164439847335211,0.7021128336588541,9,False,0.6461191494000235,0.025765350215604443,-0.011217469014352055
swap_att:315,000000284623.jpg,swap_att,Black cat with green eyes sitting in a bathroom sink. ,Green cat with black eyes sitting in a bathroom sink.,0.2955454885959625,0.2742868661880493,0.021258622407913208,0.8933915563860754,14,2.7538735181131813e-17,1.3801308999973116,0.0005941999988863245,0.000351099999534199,0.634270842034888,0.0055058300495147705,0.015752792358398438,False,0.14499409993489584,0.6108461581495819,0.004508703947067261,0.016749918460845947,False,0.20438639322916666,0.7210935386197784,0.009498924016952515,0.011759698390960693,False,0.37725830078125,0.7266630433062359,0.009777575731277466,0.011481046676635742,False,0.4539438883463542,0.680608732355909,0.007565706968307495,0.013692915439605713,False,0.5305531819661459,0.7170156069506323,0.6655629475911459,9,False,0.7016634447903966,0.6980638387615999,0.0083809494972229,0.012877672910690308,False,0.1614837646484375,0.6343482673526544,0.005509167909622192,0.015749454498291016,False,0.24868265787760416,0.6079326772566065,0.004386305809020996,0.016872316598892212,False,0.3088022867838542,0.8538417526339939,0.017650559544563293,0.0036080628633499146,False,0.4405924479166667,0.6201645499367291,0.004902467131614685,0.016356155276298523,False,0.5609079996744791,0.7909126589876541,0.4999847412109375,7,False,0.7290482168186408,-0.0738970520370218,-0.027384772028244297
swap_obj:13,000000074200.jpg,swap_obj,Three snow boards behind trophies in a window.,Three trophies behind snow boards in a window.,0.2805476188659668,0.2678445279598236,0.012703090906143188,0.7807956545368484,14,3.122502256758253e-17,1.3493629000004148,0.00030020000122021884,0.0001396000006934628,0.841349596668878,0.01668304204940796,-0.0039799511432647705,False,0.11664326985677083,0.7348540380230619,0.01019391417503357,0.002509176731109619,False,0.278228759765625,0.7701430224518063,0.012091189622879028,0.0006119012832641602,False,0.3780771891276042,0.7718142954148323,0.012185841798782349,0.0005172491073608398,False,0.4366709391276042,0.8185689201902469,0.01506681740283966,-0.002363726496696472,False,0.5283457438151041,0.7985716251760859,0.8161875406901041,11,False,0.7857757713219521,0.8039221959590339,0.014109909534454346,-0.0014068186283111572,False,0.17247517903645834,0.7996071793430527,0.013838410377502441,-0.001135319471359253,False,0.21718343098958334,0.8684603791573708,0.018874138593673706,-0.006171047687530518,False,0.3599700927734375,0.7620227900495631,0.011638015508651733,0.001065075397491455,False,0.4240010579427083,0.7792551711759591,0.012613311409950256,8.977949619293213e-05,False,0.5133209228515625,0.7975006272387248,0.617279052734375,9,False,0.8038453394651256,0.0010709979373610956,-0.01806956814317351
add_att:110,000000104782.jpg,add_att,"A street sign reads ""Bacchanalia"" above a stop sign.","A street sign with a glittering ""Bacchanalia"" above a stop sign.",0.41843804717063904,0.41128331422805786,0.007154732942581177,0.6716094278478,13,5.681219383824043e-17,1.2721218999977282,0.00024449999909847975,0.00010309999925084412,0.6956131784161322,0.008264943957328796,-0.0011102110147476196,False,0.22562133333333334,0.6956131784161322,0.008264943957328796,-0.0011102110147476196,False,0.22562133333333334,0.6684133658014431,0.007010176777839661,0.0001445561647415161,False,0.339968,0.5744907485335068,0.003001973032951355,0.004152759909629822,False,0.430576,0.5176832803199921,0.0007076263427734375,0.006447106599807739,False,0.5689013333333334,0.5628833963333499,0.858192,11,False,0.6399527158580132,0.6282070730457425,0.005245327949523926,0.001909404993057251,False,0.10033066666666667,0.43694277711433793,-0.002535790205001831,0.009690523147583008,True,0.24445333333333333,0.3742547522100617,-0.005140066146850586,0.012294799089431763,True,0.3275146666666667,0.40706731098045956,-0.0037610232830047607,0.010915756225585938,True,0.46932266666666667,0.3238113355391032,-0.007363110780715942,0.01451784372329712,True,0.5599306666666667,0.4428788222626785,0.46932266666666667,7,False,0.47177669118868365,0.12000457407067144,0.16817602466932952
add_obj:836,000000466125.jpg,add_obj,A little girl smiling for the camera with an umbrella behind her.,A little girl and a parrot are smiling for the camera with an umbrella behind them.,0.2901190221309662,0.26703929901123047,0.023079723119735718,0.9095351536716632,14,4.336808689942018e-17,1.254942799998389,0.0002872000004572328,0.0001441000022168737,0.8056489512724422,0.014219820499420166,0.008859902620315552,False,0.1356907894736842,0.46789052453616425,-0.001286149024963379,0.024365872144699097,True,0.28003929093567254,0.364917920278215,-0.005540817975997925,0.028620541095733643,True,0.3381818804824561,0.21420018701427423,-0.012997910380363464,0.03607763350009918,True,0.4480937043128655,0.15549871237225704,-0.016921088099479675,0.04000081121921539,True,0.5072699652777778,0.5111851853827702,0.7444318804824561,10,False,0.5426294378931219,0.887432498044318,0.020647794008255005,0.002431929111480713,False,0.14346331323099415,0.8734970951032177,0.01932239532470703,0.0037573277950286865,False,0.3440298336988304,0.8734970951032177,0.01932239532470703,0.0037573277950286865,False,0.3440298336988304,0.7569111130688965,0.011358186602592468,0.01172153651714325,False,0.4032060946637427,0.14671701194369774,-0.01760585606098175,0.04068557918071747,True,0.5567319992690059,0.48783092730790245,0.5567319992690059,7,False,0.7599655783805987,0.023354258074867795,-0.21733614048747685
replace_att:481,000000236784.jpg,replace_att,Two dogs are lying on the brown couch. ,Several dogs are lying on the brown couch.,0.330220103263855,0.3128019869327545,0.017418116331100464,0.8509170303747542,15,2.2551405187698492e-17,1.2660059000008914,0.0003026999984285794,0.00014539999756379984,0.799035432592701,0.013802766799926758,0.003615349531173706,False,0.1094,0.7464743192882035,0.01079896092414856,0.006619155406951904,False,0.300405,0.7464743192882035,0.01079896092414856,0.006619155406951904,False,0.300405,0.7693173948239123,0.01204460859298706,0.005373507738113403,False,0.426145,0.6991136875535017,0.008430808782577515,0.00898730754852295,False,0.5219,0.737101397368031,1.0,15,False,0.7730504649469015,0.7718195440675926,0.012186139822006226,0.005231976509094238,False,0.123185,0.7376446065175714,0.010337620973587036,0.007080495357513428,False,0.21894,0.79960813441958,0.013838469982147217,0.003579646348953247,False,0.3284,0.7454583248282078,0.010745346546173096,0.006672769784927368,False,0.443345,0.687695004533039,0.007893651723861694,0.00952446460723877,False,0.552745,0.6950404067812553,0.762885,11,False,0.7662554839315335,0.042060990586775704,0.006794981015368018
replace_obj:1193,000000523811.jpg,replace_obj,A bird sits atop a wooden post and watches its surroundings,A squirrel sits atop a wooden post and watches its surroundings.,0.33643558621406555,0.31923559308052063,0.017199993133544922,0.8481287478990432,15,4.5102810375396984e-17,1.0542176999988442,0.0003003000019816682,0.00014400000145542435,0.9048896693259788,0.022527754306793213,-0.005327761173248291,False,0.108978271484375,0.9802733813632851,0.0390586256980896,-0.021858632564544678,False,0.24429829915364584,0.9785151408040492,0.038186877965927124,-0.020986884832382202,False,0.3425394694010417,0.952214032325667,0.029920578002929688,-0.012720584869384766,False,0.4837748209635417,0.9389091936255048,0.02732357382774353,-0.010123580694198608,False,0.5436452229817709,0.9306262486156458,0.8081156412760416,12,False,0.9422363274704433,0.6958040285742544,0.008273959159851074,0.008926033973693848,False,0.13163248697916666,0.8996402175011211,0.021932333707809448,-0.004732340574264526,False,0.2553151448567708,0.8975980000867353,0.021708160638809204,-0.004508167505264282,False,0.339630126953125,0.91184336601297,0.02336353063583374,-0.006163537502288818,False,0.4068196614583333,0.9570028934158792,0.03102673590183258,-0.013826742768287659,False,0.5050608317057291,0.9247479808769926,0.6402537027994791,9,False,0.8486778903651754,0.005878267738653187,0.0935584371052679
replace_rel:503,000000037777.jpg,replace_rel,A kitchen and dining area decorated in white.,A kitchen and dining area painted red.,0.2716486155986786,0.2576774060726166,0.013971209526062012,0.8017266297178745,15,8.586881206085195e-17,0.7731457999980194,0.0003074999985983595,0.0001446999995096121,0.7306198752264879,0.00997769832611084,0.003993511199951172,False,0.1381546442687747,0.34826839558525247,-0.006266593933105469,0.02023780345916748,True,0.21248764822134386,0.2099892205208716,-0.013249903917312622,0.027221113443374634,True,0.335251976284585,0.19574822964789507,-0.014130830764770508,0.02810204029083252,True,0.4636240118577075,0.08291475268222642,-0.02403387427330017,0.03800508379936218,True,0.5535079051383399,0.23573742061747166,0.6923789525691699,10,False,0.3952646140222364,0.47495944848360433,-0.0010024607181549072,0.014973670244216919,True,0.13927865612648221,0.4652114252135021,-0.0013937950134277344,0.015365004539489746,True,0.26620553359683796,0.23067096966350636,-0.01204526424407959,0.0260164737701416,True,0.34904891304347824,0.07795277005164962,-0.024704933166503906,0.03867614269256592,True,0.4389328063241107,0.07672298335987336,-0.024877279996871948,0.03884848952293396,True,0.5121417984189723,0.21660352349126938,0.704977766798419,10,False,0.3845232789613265,0.01913389712620228,0.010741335060909907
swap_att:449,000000348012.jpg,swap_att,A pair of black handled scissors rest on a roll of clear packing tape.,A pair of clear handled scissors rest on a roll of black packing tape.,0.364446222782135,0.3591970205307007,0.005249202251434326,0.6282975578870637,12,2.862293735361732e-17,1.04481979999764,0.0002863000008801464,0.0001334000007773284,0.6563151613717076,0.006469160318374634,-0.0012199580669403076,False,0.1248001187865497,0.6252041912479848,0.005116969347000122,0.0001322329044342041,False,0.2372875548245614,0.6014185718977851,0.00411379337310791,0.001135408878326416,False,0.3008840460526316,0.6322158597555896,0.005417346954345703,-0.00016814470291137695,False,0.4107216282894737,0.6501226474095583,0.006195783615112305,-0.0009465813636779785,False,0.5368066977339181,0.6287730587632322,0.8622475785818714,10,False,0.6330649965263551,0.5964044521815217,0.003905057907104492,0.001344144344329834,False,0.12689601608187134,0.6540320157540078,0.006368100643157959,-0.0011188983917236328,False,0.23673359831871346,0.6286747130819358,0.005265355110168457,-1.615285873413086e-05,False,0.3144988121345029,0.6492300156264768,0.006156563758850098,-0.0009073615074157715,False,0.46823030884502925,0.6329819395382127,0.005450308322906494,-0.00020110607147216797,False,0.5172126279239766,0.6296442675196191,0.5172126279239766,7,False,0.630074486950166,-0.0008712087563869098,0.002990509576189071
swap_obj:222,000000512657.jpg,swap_obj,two people are playing a video game and a male is watching,A male is playing a video game and two people are watching.,0.2521607279777527,0.2506449222564697,0.001515805721282959,0.5378227506785258,14,2.2442984970449942e-17,1.2876667000018642,0.00029769999673590064,0.0001453000004403293,0.5874097842728456,0.0035326778888702393,-0.0020168721675872803,False,0.11433205409356725,0.7132977790912962,0.009114548563957214,-0.007598742842674255,False,0.273905793128655,0.583684354633807,0.0033791661262512207,-0.0018633604049682617,False,0.34940378289473684,0.6214175620947616,0.004955694079399109,-0.00343988835811615,False,0.4340049342105263,0.5630194623072303,0.0025342553853988647,-0.0010184496641159058,False,0.5412097953216374,0.6192977786200038,0.6087753563596491,9,False,0.6125710234973007,0.48003077821257245,-0.0007991939783096313,0.0023149996995925903,True,0.10064304641812866,0.5593290382036927,0.002384394407272339,-0.0008685886859893799,False,0.2261113395467836,0.5785373300621292,0.0031677186489105225,-0.0016519129276275635,False,0.3215060763888889,0.5786041827821988,0.0031704604625701904,-0.0016546547412872314,False,0.4068153782894737,0.5606581773954358,0.0024383366107940674,-0.0009225308895111084,False,0.5526315789473685,0.5710539339156699,0.47713358918128657,6,False,0.5484946133179851,0.04824384470433385,0.06407641017931565
add_att:359,000000087470.jpg,add_att,A herd of cattle walking down a road being followed by a cowboy.,A spotted herd of cattle walking down a road being followed by a cowboy.,0.3467574417591095,0.34635210037231445,0.00040534138679504395,0.5101321474341644,14,3.111660235033398e-17,1.2999091999990924,0.000247800002398435,0.00011029999950551428,0.3331337534694474,-0.0069404542446136475,0.007345795631408691,True,0.1537150930851064,0.39694943402026883,-0.004181921482086182,0.004587262868881226,True,0.2508467004654255,0.4126913396893926,-0.003528505563735962,0.003933846950531006,True,0.36062687001329785,0.4321097544268021,-0.00273248553276062,0.003137826919555664,True,0.47095765458776595,0.4610721713646068,-0.0015602707862854004,0.0019656121730804443,True,0.5319616439494681,0.4235205635867046,0.7833641539228723,10,False,0.41085191763233353,0.3331337534694474,-0.0069404542446136475,0.007345795631408691,True,0.1537150930851064,0.33778096879507646,-0.006731986999511719,0.007137328386306763,True,0.2147190824468085,0.40959527630069836,-0.0036563873291015625,0.0040617287158966064,True,0.31185068982712766,0.4189344684741393,-0.0032714903354644775,0.0036768317222595215,True,0.42218147440159576,0.4249968170670775,-0.0030229389667510986,0.0034282803535461426,True,0.5378729637632979,0.4078722589200352,0.4737574800531915,6,False,0.40176157170926635,0.015648304666669388,0.009090345923067178
add_obj:51,000000559543.jpg,add_obj,A young girl with a video game controller in her hand.,A young girl and a boy with video game controllers in their hands.,0.31541407108306885,0.25356218218803406,0.06185188889503479,0.9979445212373892,14,6.938893903907228e-17,1.2592729999996664,0.0002559000022301916,0.00011040000026696362,0.9907151250986446,0.04670040309429169,0.015151485800743103,False,0.11917717717717717,0.9925298513377238,0.04889342188835144,0.01295846700668335,False,0.22406006006006007,0.985064727460011,0.04188981652259827,0.019962072372436523,False,0.33422822822822823,0.9719639671780415,0.0354582816362381,0.026393607258796692,False,0.41607807807807806,0.9599540941032327,0.031768590211868286,0.030083298683166504,False,0.501033033033033,0.9135746496414252,0.715033033033033,10,False,0.9851523888510534,0.9907151250986446,0.04670040309429169,0.015151485800743103,False,0.11917717717717717,0.9901230484056232,0.046076253056526184,0.015775635838508606,False,0.24837237237237236,0.9750612882627528,0.03666079044342041,0.02519109845161438,False,0.3302222222222222,0.970792132697307,0.03503674268722534,0.026815146207809448,False,0.43645045045045044,0.9189753831163491,0.02428506314754486,0.03756682574748993,False,0.5198378378378379,0.922214337147969,0.6047927927927927,9,False,0.9792043978381069,-0.008639687506543758,0.0059479910129465186
replace_att:159,000000164637.jpg,replace_att,A picture of pink bathroom sink and a mirror.,A picture of an orange bathroom sink and a mirror.,0.2940572500228882,0.2689763605594635,0.025080889463424683,0.9247069432398858,15,5.551115123125783e-17,1.2663231000005908,0.0002844000009645242,0.00014349999764817767,0.8763729316307176,0.019585222005844116,0.005495667457580566,False,0.1296844482421875,0.3289495120406497,-0.007129400968551636,0.03221029043197632,True,0.275482177734375,0.3899500693347411,-0.004475221037864685,0.029556110501289368,True,0.3711293538411458,0.362560449677019,-0.005642682313919067,0.03072357177734375,True,0.42828369140625,0.22529072396799305,-0.012350961565971375,0.03743185102939606,True,0.5051116943359375,0.4426157662718943,0.7683461507161459,11,False,0.560508416786106,0.8763729316307176,0.019585222005844116,0.005495667457580566,False,0.1296844482421875,0.52272425147007,0.0009095966815948486,0.024171292781829834,False,0.20938618977864584,0.1605173813527223,-0.016543835401535034,0.04162472486495972,True,0.3575897216796875,0.1368529917598017,-0.01841677725315094,0.04349766671657562,True,0.4677581787109375,0.10840056803629063,-0.021071836352348328,0.04615272581577301,True,0.5249125162760416,0.28231643737353634,0.6205596923828125,9,False,0.46971588563691397,0.16029932889835796,0.090792531149192
replace_obj:859,000000340930.jpg,replace_obj,the scissors sit in a containers with pens and markers,The scissors sit in a container with pens and paintbrushes.,0.3110477328300476,0.3025173842906952,0.008530348539352417,0.7012033845825799,11,5.637851296924623e-17,1.3586790000008477,0.00032609999834676273,0.0001343000003544148,0.6153993942866303,0.004700660705566406,0.0038296878337860107,False,0.1509246826171875,0.5422888074223834,0.0016956031322479248,0.006834745407104492,False,0.21930948893229166,0.33778430196916526,-0.00673183798789978,0.015262186527252197,True,0.3857574462890625,0.13281420385957388,-0.018763020634651184,0.0272933691740036,True,0.48675537109375,0.134195981934673,-0.0186435729265213,0.027173921465873718,True,0.5984141031901041,0.3076577927067342,0.8679758707682291,9,False,0.41919633912090887,0.5422888074223834,0.0016956031322479248,0.006834745407104492,False,0.21930948893229166,0.5422888074223834,0.0016956031322479248,0.006834745407104492,False,0.21930948893229166,0.5362756122911762,0.0014535784721374512,0.007076770067214966,False,0.3309682210286458,0.5570057879659019,0.002290189266204834,0.006240159273147583,False,0.415130615234375,0.2765254184702028,-0.009617626667022705,0.018147975206375122,True,0.6645609537760416,0.419889424858244,0.8463643391927084,9,False,0.5214434582441267,-0.11223163215150977,-0.10224711912321788
replace_rel:190,000000163640.jpg,replace_rel,A man holding a piece of food by a string.,A man is dropping a piece of food from a string.,0.26132476329803467,0.2604960799217224,0.0008286833763122559,0.5207052369134397,12,3.8163916471489756e-17,1.3031774000010046,0.00029179999910411425,0.00013779999790131114,0.32162721783064374,-0.007463037967681885,0.00829172134399414,True,0.17114391222677597,0.335255091516411,-0.00684511661529541,0.007673799991607666,True,0.23671234631147542,0.05039020047433597,-0.029362544417381287,0.030191227793693542,True,0.31712666495901637,0.037333049817300464,-0.03249828517436981,0.03332696855068207,True,0.4450830344945355,0.04396880830073436,-0.030793100595474243,0.0316217839717865,True,0.6033982240437158,0.14733237965424123,0.8331145406420765,10,False,0.2008112367179051,0.21680881875138153,-0.012843608856201172,0.013672292232513428,True,0.14598275273224043,0.32075392512964124,-0.007503092288970947,0.008331775665283203,True,0.23498335040983606,0.19442805605608462,-0.014214903116226196,0.015043586492538452,True,0.34450776980874315,0.0864022246729917,-0.02358376979827881,0.024412453174591064,True,0.43399398053278687,0.01341594195196656,-0.04297804832458496,0.04380673170089722,True,0.5596663678278688,0.13182235824405186,0.5596663678278688,7,False,0.22299675683245151,0.015510021410189367,-0.022185520114546414
swap_att:11,000000307145.jpg,swap_att,A country-style kitchen with red tile and white cabinets.,A country-style kitchen with white tile and red cabinets.,0.3017394542694092,0.2941363453865051,0.007603108882904053,0.6814212271958187,14,2.0816681711721685e-17,0.9798531999986153,0.00029009999707341194,0.00014169999849400483,0.7382220993344656,0.010367482900619507,-0.002764374017715454,False,0.1300887664524028,0.6896891554300931,0.007986664772033691,-0.00038355588912963867,False,0.20607591062136515,0.6585271073721795,0.006567373871803284,0.001035735011100769,False,0.3282743257490732,0.6774542855743826,0.007420971989631653,0.0001821368932723999,False,0.40109852736115365,0.7617735541120159,0.011624276638031006,-0.004021167755126953,False,0.5549773832602115,0.7645272480316563,0.7044094140053736,10,False,0.6997502434363936,0.673880271699235,0.00725787878036499,0.0003452301025390625,False,0.13360031289324217,0.7000563331290719,0.008475661277770996,-0.0008725523948669434,False,0.2058633472774887,0.7056517836313696,0.008743584156036377,-0.0011404752731323242,False,0.3560095908580757,0.698338267596792,0.008393973112106323,-0.0007908642292022705,False,0.4147110839030031,0.7135101321792512,0.009124934673309326,-0.0015218257904052734,False,0.5369094990307112,0.7006438596850209,0.4147110839030031,6,False,0.6950495838067683,0.06388338834663543,0.004700659629625292
swap_obj:50,000000397327.jpg,swap_obj,A white bathroom is shown with a blue towel.,A blue bathroom is shown with a white towel.,0.34387528896331787,0.3350769877433777,0.008798301219940186,0.7067870169602224,14,5.2909066017292616e-17,0.9968064999993658,0.00031180000223685056,0.0001415999977325555,0.6576543555745246,0.006528586149215698,0.0022697150707244873,False,0.16550735562865498,0.7052814763674619,0.008725762367248535,7.253885269165039e-05,False,0.24830957602339182,0.6932521473302536,0.008153676986694336,0.0006446242332458496,False,0.31046121162280704,0.6868700058612666,0.007855266332626343,0.0009430348873138428,False,0.4682474415204678,0.5903117500942686,0.00365254282951355,0.005145758390426636,False,0.5382001553362573,0.6236660527142452,0.7410338998538012,10,False,0.6807015490475276,0.5441116633871921,0.0017690658569335938,0.007029235363006592,False,0.1453593293128655,0.5216021683791002,0.0008646249771118164,0.00793367624282837,False,0.21468955592105263,0.4163323017691958,-0.0033784806728363037,0.01217678189277649,True,0.34380710891812866,0.4241405706544165,-0.0030579864978790283,0.011856287717819214,True,0.41625548245614036,0.47150932783118443,-0.0011408627033233643,0.00993916392326355,True,0.5047114857456141,0.4710228400275929,0.7198407803362573,10,False,0.5121110327481417,0.15264321268665232,0.16859051629938582
add_att:435,000000082180.jpg,add_att,Two stuffed teddy bears sitting on a wooden chair in a yard.,Two stuffed teddy bears sitting on an ornate wooden chair in a yard.,0.3510380685329437,0.3461364209651947,0.0049016475677490234,0.6201452440607753,13,6.114900252818245e-17,1.0625930999995035,0.0002576000006229151,0.00010889999975915998,0.396657686125534,-0.004194110631942749,0.009095758199691772,True,0.16987017463235293,0.3435504036008033,-0.006475120782852173,0.011376768350601196,True,0.28288717830882354,0.34878131703641635,-0.006244003772735596,0.01114565134048462,True,0.33644301470588234,0.42834817048367424,-0.0028859376907348633,0.007787585258483887,True,0.42572954963235293,0.42875067910778936,-0.0028695017099380493,0.007771149277687073,True,0.6268210018382353,0.48291146555881587,0.9477366727941177,12,False,0.42691757595304947,0.5747934211070596,0.0030143558979034424,0.001887291669845581,False,0.13384650735294118,0.6307046065316625,0.005352407693862915,-0.0004507601261138916,False,0.24145795036764706,0.5188551795769444,0.0007545650005340576,0.004147082567214966,False,0.35447495404411766,0.3886311405292854,-0.00453069806098938,0.009432345628738403,True,0.4629825367647059,0.3825120309131877,-0.004788994789123535,0.009690642356872559,True,0.5069623161764706,0.545381260130764,0.35447495404411766,5,False,0.5443872942005542,-0.06246979457194818,-0.11746971824750474
add_obj:1772,000000125062.jpg,add_obj,A row of little white teddy bears lean against a row of movies on a shelf.,A row of little white teddy bears lean against a row of movies and ink cartridges on a shelf.,0.37027427554130554,0.3642081022262573,0.006066173315048218,0.6471687840578826,12,5.551115123125783e-17,1.2375272999997833,0.0002975999996124301,0.00013480000052368268,0.415166093384078,-0.003426492214202881,0.009492665529251099,True,0.13603344298245615,0.43709382380921524,-0.002529650926589966,0.008595824241638184,True,0.26021678545321636,0.25872668578548647,-0.01052597165107727,0.01659214496612549,True,0.3499348958333333,0.15765367458193863,-0.01675790548324585,0.022824078798294067,True,0.41700360928362573,0.1285654679935916,-0.019137024879455566,0.025203198194503784,True,0.5381316246345029,0.2669331093176716,1.0,12,False,0.34877344980314967,0.27067013723315025,-0.009912252426147461,0.01597842574119568,True,0.2150264985380117,0.27067013723315025,-0.009912252426147461,0.01597842574119568,True,0.2150264985380117,0.2574125405941222,-0.010594606399536133,0.01666077971458435,True,0.31308822185672514,0.2613709221819679,-0.010388553142547607,0.016454726457595825,True,0.4380768000730994,0.22469181185366605,-0.012385308742523193,0.01845148205757141,True,0.5728538468567251,0.34016797260615217,0.49014871162280704,7,False,0.33123262120966196,-0.07323486328848056,0.01754082859348771
replace_att:42,000000134886.jpg,replace_att,A commercial airplane above a dirt trail and crowd of people.,A commercial airplane above a paved trail and crowd of people.,0.2967837154865265,0.28554657101631165,0.011237144470214844,0.7546770580392783,15,2.6020852139652106e-17,1.2407925000006799,0.0002883000015572179,0.00011619999713730067,0.9445546379705749,0.02835315465927124,-0.017116010189056396,False,0.14217631022135416,0.8864210924155588,0.020546942949295044,-0.0093097984790802,False,0.2633717854817708,0.8987186554303487,0.02183067798614502,-0.010593533515930176,False,0.3263600667317708,0.9368314843932939,0.026966974139213562,-0.015729829668998718,False,0.46728515625,0.9488230555090799,0.029199331998825073,-0.01796218752861023,False,0.5283253987630209,0.9186493003092122,0.7342732747395834,11,False,0.8987976268952953,0.5976563324876811,0.003957092761993408,0.0072800517082214355,False,0.115478515625,0.31548592420137833,-0.007745951414108276,0.01898309588432312,True,0.22275797526041666,0.512532976033262,0.0005014240741729736,0.01073572039604187,False,0.3553975423177083,0.7735438213357778,0.012284308671951294,-0.0010471642017364502,False,0.4216461181640625,0.7491160037888455,0.010939031839370728,0.0002981126308441162,False,0.5058034261067709,0.4452516698346646,0.29132080078125,5,False,0.570674897728254,0.47339763047454764,0.3281227291670413
replace_obj:641,000000473974.jpg,replace_obj,A group of zebras in a grassy area next to trees.,A group of giraffes in a grassy area next to trees.,0.32028263807296753,0.2595134377479553,0.06076920032501221,0.9977100210131354,13,5.204170427930421e-17,1.170405299999402,0.0002989999993587844,0.00013829999807057902,0.991836204608139,0.04799848794937134,0.01277071237564087,False,0.10348707054093567,0.9820775152809852,0.040036141872406006,0.0207330584526062,False,0.26680144371345027,0.9910143090477479,0.04703095555305481,0.013738244771957397,False,0.33339044225146197,0.7027869662858851,0.008606046438217163,0.052163153886795044,False,0.438265259502924,0.28846528959783607,-0.009028494358062744,0.06979769468307495,True,0.5739846034356725,0.8138800860417895,0.438265259502924,5,False,0.8465525054239363,0.9892897248193613,0.04525783658027649,0.015511363744735718,False,0.2009719937865497,0.9892897248193613,0.04525783658027649,0.015511363744735718,False,0.2009719937865497,0.9816542974751985,0.03979843854904175,0.02097076177597046,False,0.3716762609649123,0.7027869662858851,0.008606046438217163,0.052163153886795044,False,0.438265259502924,0.0844775862003726,-0.02383008599281311,0.08459928631782532,True,0.5132721125730995,0.5869072839288333,0.5739846034356725,7,False,0.8835424046055371,0.22697280211295623,-0.03698989918160078
replace_rel:1128,000000090108.jpg,replace_rel,A white bathroom sink sitting under a bathroom window.,A white bathroom sink sitting above a bathroom window.,0.2771090865135193,0.27697858214378357,0.00013050436973571777,0.5032625629385381,15,3.5019730171281793e-17,1.3382353000015428,0.00029849999918951653,0.00014260000170907006,0.5226967411947304,0.0009084939956665039,-0.0007779896259307861,False,0.16231791178385416,0.4790389080776722,-0.000838935375213623,0.0009694397449493408,True,0.2405242919921875,0.5348197156033014,0.0013950467109680176,-0.0012645423412322998,False,0.3027547200520833,0.6110919587463858,0.004519045352935791,-0.004388540983200073,False,0.4332631429036458,0.6135168079964213,0.004621192812919617,-0.004490688443183899,False,0.5153401692708334,0.5903281355186829,0.5869903564453125,8,False,0.5414192348493463,0.6320426025663306,0.005409896373748779,-0.0052793920040130615,False,0.15372721354166666,0.6030562732435037,0.004182159900665283,-0.004051655530929565,False,0.2531585693359375,0.6081940513943457,0.004397273063659668,-0.00426676869392395,False,0.3146870930989583,0.522859570273742,0.0009150207042694092,-0.0007845163345336914,False,0.4454345703125,0.48572409839082603,-0.0005711913108825684,0.0007016956806182861,True,0.5236409505208334,0.5196456135946799,0.6783091227213541,10,False,0.5715954927825933,0.07068252192400304,-0.030176257933246964
swap_att:144,000000405691.jpg,swap_att,A table with breadsticks and three parcially filled glasses of wine and a wine bottle.,A table with three breadsticks and partially filled glasses of wine and a wine bottle.,0.31843292713165283,0.3128003478050232,0.005632579326629639,0.6372060274039548,13,6.461844948013606e-17,1.225770900000498,0.0003071000028285198,0.00013620000027003698,0.6073976619071497,0.0043638646602630615,0.0012687146663665771,False,0.1722062317251462,0.6104454603821703,0.004491850733757019,0.0011407285928726196,False,0.24664199561403508,0.6602229257224272,0.00664287805557251,-0.001010298728942871,False,0.33649145650584794,0.6578408649484958,0.0065368711948394775,-0.0009042918682098389,False,0.42085846125730997,0.6584657848703879,0.00656464695930481,-0.0009320676326751709,False,0.5420835617690059,0.6322172862358979,0.7026281524122807,8,False,0.6363583900430769,0.6073976619071497,0.0043638646602630615,0.0012687146663665771,False,0.1722062317251462,0.6262685517580956,0.005162417888641357,0.00047016143798828125,False,0.2565732364766082,0.6041465574632453,0.004227727651596069,0.0014048516750335693,False,0.33614309210526316,0.5911569229176814,0.0036875009536743164,0.0019450783729553223,False,0.4467687774122807,0.5700375791748297,0.002820044755935669,0.0028125345706939697,False,0.5679938779239766,0.5652255231495674,0.73828125,9,False,0.6067937369462613,0.06699176308633048,0.029564653096815663
swap_obj:3,000000177934.jpg,swap_obj,Girls wash a motorcycle while men look on.,Men wash a motorcycle while girls look on.,0.36477941274642944,0.35730940103530884,0.0074700117111206055,0.6785249185700283,11,9.194034422677078e-17,1.3062748999982432,0.0003087999975832645,0.00013330000001587905,0.6895143647493325,0.007978498935699463,-0.0005084872245788574,False,0.2214813232421875,0.6895143647493325,0.007978498935699463,-0.0005084872245788574,False,0.2214813232421875,0.5082381064484893,0.00032955408096313477,0.007140457630157471,False,0.3404286702473958,0.5194391923982408,0.0007779598236083984,0.006692051887512207,False,0.468994140625,0.519381165449418,0.0007756352424621582,0.006694376468658447,False,0.5526021321614584,0.5393575599416363,0.8632761637369791,10,False,0.6011938299675419,0.6765005023455126,0.007377356290817261,9.265542030334473e-05,False,0.13136800130208334,0.6295029290961711,0.005300849676132202,0.0021691620349884033,False,0.20119730631510416,0.5703523701240546,0.0028328895568847656,0.00463712215423584,False,0.3287404378255208,0.5152585200613023,0.0006105303764343262,0.006859481334686279,False,0.4654642740885417,0.45294396656980723,-0.0018878281116485596,0.009357839822769165,True,0.5555775960286459,0.5594183916588262,0.4654642740885417,5,False,0.5920994139461098,-0.020060831717189975,0.009094416021432128
add_att:102,000000091654.jpg,add_att,The asian dish is filled with several different ingredients.,The baked asian dish is filled with several different ingredients.,0.3007960915565491,0.2883055508136749,0.012490540742874146,0.7771360739556983,13,6.938893903907228e-17,1.3402743000006012,0.0002961999998660758,0.0001391000005241949,0.7603965655415013,0.011548548936843872,0.0009419918060302734,False,0.11191304524739583,0.5329886275385392,0.0013214647769927979,0.011169075965881348,False,0.279632568359375,0.6384507324978013,0.005686461925506592,0.006804078817367554,False,0.4575907389322917,0.6384507324978013,0.005686461925506592,0.006804078817367554,False,0.4575907389322917,0.7054261018599616,0.008732721209526062,0.0037578195333480835,False,0.5664520263671875,0.6878033540361816,0.7890116373697916,9,False,0.6565069048860509,0.7367369473198836,0.010290771722793579,0.0021997690200805664,False,0.17642720540364584,0.6255232780170228,0.005130589008331299,0.007359951734542847,False,0.2691294352213542,0.5759016474476105,0.0030597150325775146,0.00943082571029663,False,0.3108571370442708,0.7354337307043125,0.010223686695098877,0.0022668540477752686,False,0.4888153076171875,0.7462057565890408,0.010784775018692017,0.001705765724182129,False,0.5310516357421875,0.7097936144857558,0.6537577311197916,8,False,0.6962106373104167,-0.021990260449574195,-0.039703732424365756
add_obj:734,000000223130.jpg,add_obj,A tall giraffe stretches to reach high leaves on a tree.,A tall giraffe stretches to reach a bird's nest and high leaves on a tree.,0.3198295831680298,0.31280407309532166,0.00702551007270813,0.6687531204516993,13,7.28583859910259e-17,1.2289157000013802,0.0002734000008786097,0.00010850000035134144,0.6218525110138865,0.004974186420440674,0.002051323652267456,False,0.10436580882352942,0.6412870190788342,0.0058095455169677734,0.0012159645557403564,False,0.2706629136029412,0.346876893793501,-0.006327956914901733,0.013353466987609863,True,0.36882467830882354,0.5239791655937003,0.0009599030017852783,0.0060656070709228516,False,0.42563189338235297,0.32600806873703325,-0.007262960076332092,0.014288470149040222,True,0.5228917738970589,0.45620442016366836,0.7849551930147058,10,False,0.5487675020489815,0.6218525110138865,0.004974186420440674,0.002051323652267456,False,0.10436580882352942,0.6523131212734409,0.006292223930358887,0.0007332861423492432,False,0.2016256893382353,0.7114123546175611,0.009022533893585205,-0.001997023820877075,False,0.3646771599264706,0.6630052090861573,0.006767153739929199,0.00025835633277893066,False,0.40658892463235297,0.6449826478920712,0.005970567464828491,0.0010549426078796387,False,0.5440257352941177,0.638560848686212,0.6008329503676471,8,False,0.660214802771795,-0.18235642852254363,-0.1114473007228135
replace_att:356,000000294831.jpg,replace_att,Two slices of pizza on a black plate,Two slices of pizza on a white plate.,0.26026538014411926,0.250632107257843,0.009633272886276245,0.7237874889289593,15,1.6479873021779667e-17,1.151103799998964,0.0003032000022358261,0.0001438999970559962,0.6795810242263635,0.007518470287322998,0.002114802598953247,False,0.11885677984429066,0.6962428857853146,0.00829470157623291,0.001338571310043335,False,0.22878595371972318,0.8053879661519973,0.014203161001205444,-0.004569888114929199,False,0.43599291738754326,0.8053879661519973,0.014203161001205444,-0.004569888114929199,False,0.43599291738754326,0.849751311748441,0.017326518893241882,-0.007693246006965637,False,0.5555525519031141,0.6460296218077576,0.8027411332179931,12,False,0.7443756177343105,0.631001650893056,0.005365163087844849,0.0042681097984313965,False,0.1355225454152249,0.580448753058145,0.0032461583614349365,0.006387114524841309,False,0.2292725454152249,0.44118889649325493,-0.0023633837699890137,0.011996656656265259,True,0.33384245242214533,0.5332853417642869,0.001333385705947876,0.00829988718032837,False,0.4681823096885813,0.5320645850882508,0.0012843459844589233,0.008348926901817322,False,0.5228292603806228,0.4939313100025688,0.33384245242214533,6,False,0.5672403258913231,0.1520983118051888,0.17713529184298737
replace_obj:895,000000131431.jpg,replace_obj,A large building with a clock on the front of it,A large building with a statue on the front of it.,0.3017489016056061,0.2262824922800064,0.07546640932559967,0.9994723981726527,13,8.673617379884035e-17,1.1522761000014725,0.00031519999902229756,0.00013870000111637637,0.7515061989454829,0.011066615581512451,0.06439979374408722,False,0.2746783088235294,0.7515061989454829,0.011066615581512451,0.06439979374408722,False,0.2746783088235294,0.7222153835050252,0.009554773569107056,0.06591163575649261,False,0.3436753216911765,0.47892771869581047,-0.0008433908224105835,0.07630980014801025,True,0.4114659926470588,0.4275591205550568,-0.0029181689023971558,0.07838457822799683,True,0.5295840992647058,0.695535870746129,0.8000689338235294,10,False,0.7280590881026262,0.9528089904623469,0.03005211055278778,0.04541429877281189,False,0.12240349264705883,0.8352488784391316,0.016232937574386597,0.059233471751213074,False,0.34275045955882355,0.8352488784391316,0.016232937574386597,0.059233471751213074,False,0.34275045955882355,0.8346056497655057,0.016186267137527466,0.059280142188072205,False,0.40238396139705884,0.8599123397580729,0.018145620822906494,0.057320788502693176,False,0.5426815257352942,0.8633338054725073,0.40238396139705884,4,False,0.8939637359997046,-0.16779793472637827,-0.16590464789707837
replace_rel:972,000000515445.jpg,replace_rel,Surfers stand with surfboards on a beach for the early morning sunrise.,Surfers ride their surfboards on a beach for the early morning sunrise.,0.3212989568710327,0.31592655181884766,0.005372405052185059,0.6311702557502473,13,7.025630077706069e-17,1.3396329999995942,0.00030170000172802247,0.0001368000012007542,0.6374181984120393,0.005641758441925049,-0.00026935338973999023,False,0.13532511393229166,0.579590650637063,0.0032109320163726807,0.002161473035812378,False,0.2638193766276042,0.6094758717669203,0.004451096057891846,0.0009213089942932129,False,0.3700307210286458,0.6829177245300853,0.007672131061553955,-0.0022997260093688965,False,0.434783935546875,0.5975237476364729,0.003951579332351685,0.001420825719833374,False,0.56646728515625,0.5443458317864657,0.8193308512369791,10,False,0.6237274120724178,0.44098464590326325,-0.002371668815612793,0.0077440738677978516,True,0.13711039225260416,0.4183063405313624,-0.0032972991466522217,0.00866970419883728,True,0.2687937418619792,0.473332135502198,-0.00106772780418396,0.0064401328563690186,True,0.3335469563802083,0.5615366951452619,0.0024740099906921387,0.00289839506149292,False,0.4174346923828125,0.5855797534723998,0.0034572184085845947,0.0019151866436004639,False,0.5017496744791666,0.5245641995661098,0.4174346923828125,5,False,0.4996777114267544,0.019781632220355894,0.1240497006456634
swap_att:272,000000376442.jpg,swap_att,A black stuffed animal sitting on top of a toilet in a bathroom stall with blue floor tile. ,A blue stuffed animal sitting on top of a toilet in a bathroom stall with black floor tile.,0.34986647963523865,0.329464852809906,0.02040162682533264,0.884949832290448,14,3.469446951953614e-17,1.2858546999996179,0.0002996000002895016,0.00014309999824035913,0.4962151773487677,-0.0001513957977294922,0.020553022623062134,True,0.17076619466145834,0.5204486272304091,0.000818401575088501,0.01958322525024414,False,0.255828857421875,0.5092339446495872,0.0003693997859954834,0.020032227039337158,False,0.3203125,0.5339691780236302,0.001360863447189331,0.01904076337814331,False,0.447540283203125,0.5125873309503343,0.0005035996437072754,0.019898027181625366,False,0.5040232340494791,0.5301945466500024,0.6848907470703125,10,False,0.5759368177158064,0.5353312756984993,0.0014156103134155273,0.018986016511917114,False,0.19939168294270834,0.5789972474727643,0.0031865835189819336,0.017215043306350708,False,0.2614898681640625,0.5658985013134691,0.0026513636112213135,0.017750263214111328,False,0.3179728190104167,0.4667658397649463,-0.001331329345703125,0.021732956171035767,True,0.4577789306640625,0.4840700913779918,-0.0006374120712280273,0.02103903889656067,True,0.5428415934244791,0.5519557344541178,0.7345530192057291,10,False,0.5916186962329153,-0.0217611878041154,-0.015681878517108894
swap_obj:202,000000322574.jpg,swap_obj,Bread in a paper bag on top of french fries in paper container with a drink on the side.,French fries in a paper bag on top of bread in paper container with a drink on the side.,0.3442099392414093,0.34230655431747437,0.0019033849239349365,0.5474414807445449,13,8.673617379884035e-17,1.3348875999981828,0.00022900000112713315,0.00010760000077425502,0.6063396630143979,0.004319518804550171,-0.0024161338806152344,False,0.15322367350260416,0.5716547485442047,0.002886056900024414,-0.0009826719760894775,False,0.2432403564453125,0.5607396600327087,0.0024416446685791016,-0.000538259744644165,False,0.3362325032552083,0.6233370749799432,0.005037367343902588,-0.0031339824199676514,False,0.4273630777994792,0.7851356625298332,0.012958496809005737,-0.0110551118850708,False,0.5098215738932291,0.6487355792998638,0.6819356282552084,8,False,0.6003823721656552,0.330788209266909,-0.007046222686767578,0.008949607610702515,True,0.1922454833984375,0.302365357625358,-0.008360594511032104,0.010263979434967041,True,0.2852376302083333,0.28867759654889996,-0.009018152952194214,0.01092153787612915,True,0.3763682047526042,0.2884065697786865,-0.009031355381011963,0.0109347403049469,True,0.4229838053385417,0.2391009969808372,-0.011576145887374878,0.013479530811309814,True,0.560516357421875,0.2901934191898814,0.560516357421875,7,False,0.33988911164857716,0.3585421601099824,0.260493260517078
add_att:236,000000415727.jpg,add_att,A couple of men standing next to each other.,A moustachioed couple of men standing next to each other.,0.20651720464229584,0.17282283306121826,0.033694371581077576,0.9667355961106431,12,3.122502256758253e-17,1.450278200001776,0.00029599999834317714,0.00013970000145491213,0.9565093137645421,0.030907437205314636,0.0027869343757629395,False,0.11454264322916667,0.9306545814900319,0.025967881083488464,0.007726490497589111,False,0.2640838623046875,0.9462331952123071,0.028678327798843384,0.005016043782234192,False,0.3465474446614583,0.9431036506834024,0.028079450130462646,0.005614921450614929,False,0.4282023111979167,0.9830401884825655,0.04059803485870361,-0.006903663277626038,False,0.5847829182942709,0.9461911328636974,0.4642893473307292,6,False,0.9517613315898726,0.9251939351811375,0.025151044130325317,0.008543327450752258,False,0.10876973470052083,0.8391524374452694,0.016519352793693542,0.017175018787384033,False,0.24035135904947916,0.6935198445456455,0.008166268467903137,0.02552810311317444,False,0.3114522298177083,0.6860226395210517,0.007815897464752197,0.02587847411632538,False,0.4405466715494792,0.4737132784659219,-0.0010524392127990723,0.03474681079387665,True,0.5189870198567709,0.6383011757354539,0.5189870198567709,6,False,0.7861236196551947,0.3078899571282435,0.1656377119346779
add_obj:1485,000000029596.jpg,add_obj,A comfortable hotel room featuring a big screen television.,A comfortable hotel room featuring a hot tub and a big screen television.,0.2861802875995636,0.2843150496482849,0.0018652379512786865,0.5464962222229721,11,5.0306980803327406e-17,1.2490451999983634,0.0002902000014728401,0.00013609999950858764,0.5869156516223867,0.0035122931003570557,-0.0016470551490783691,False,0.13128198099415206,0.6065502049887114,0.004328340291976929,-0.002463102340698242,False,0.2585320723684211,0.5187621791080136,0.0007508397102355957,0.0011143982410430908,False,0.39874017726608185,0.5103861052661,0.00041550397872924805,0.0014497339725494385,False,0.4769736842105263,0.5563703324941519,0.0022644400596618652,-0.0003992021083831787,False,0.5423462627923976,0.5559073323916542,0.8721159996345029,9,False,0.5611672314774471,0.49201365688055243,-0.00031948089599609375,0.0021847188472747803,True,0.1402081048976608,0.5435808255159581,0.0017476677894592285,0.00011757016181945801,False,0.24949744152046785,0.4912710416774233,-0.000349193811416626,0.0022144317626953125,True,0.3277309484649123,0.5648315045667011,0.0026079416275024414,-0.0007427036762237549,False,0.43122372989766083,0.4951609989904058,-0.00019356608390808105,0.0020588040351867676,True,0.5584738212719298,0.5065971315289186,0.5584738212719298,6,False,0.5227912644755938,0.04931020086273563,0.038375967001853306
replace_att:595,000000189310.jpg,replace_att,A lime green room with older style furnishings and curtains.,A red room with older style furnishings and curtains.,0.3090505003929138,0.2863723039627075,0.0226781964302063,0.9061765766267159,13,4.85722573273506e-17,1.3162355999993451,0.0003056999994441867,0.00013659999967785552,0.6994057435413077,0.00844469666481018,0.014233499765396118,False,0.19748942057291666,0.49966584150997834,-1.3366341590881348e-05,0.02269156277179718,True,0.2617289225260417,0.891668541988152,0.021078988909721375,0.0015992075204849243,False,0.3123881022135417,0.6546673148565735,0.006396189332008362,0.016282007098197937,False,0.4169514973958333,0.1632120671046054,-0.016345202922821045,0.039023399353027344,True,0.6163686116536459,0.44539042918239574,0.9479471842447916,12,False,0.6403527457275269,0.6891135455426916,0.00795978307723999,0.014718413352966309,False,0.16676839192708334,0.8683135746108135,0.01886129379272461,0.0038169026374816895,False,0.271331787109375,0.682521997272925,0.007653862237930298,0.015024334192276001,False,0.3977203369140625,0.22142766388267934,-0.012573659420013428,0.03525185585021973,True,0.4926808675130208,0.18231197491516388,-0.015007615089416504,0.0376858115196228,True,0.5540822347005209,0.4610545876698132,0.7250111897786459,9,False,0.6637386701484985,-0.01566415848741748,-0.02338592442097165
replace_obj:761,000000579655.jpg,replace_obj,A woman talking on a phone sitting next to glasses.,A man talking on a phone sitting next to glasses.,0.2734350562095642,0.2170434445142746,0.05639161169528961,0.9964567493566704,13,2.42861286636753e-17,1.2210849000002781,0.0003056999994441867,0.00013860000035492703,0.9743126308380933,0.0363573282957077,0.02003428339958191,False,0.14790482954545456,0.9781475145351657,0.038013458251953125,0.018378153443336487,False,0.2163376763322884,0.9815776051713911,0.039755940437316895,0.016635671257972717,False,0.40078859717868337,0.9815776051713911,0.039755940437316895,0.016635671257972717,False,0.40078859717868337,0.9724630706902743,0.035643041133880615,0.020748570561408997,False,0.5431340615203761,0.9636234642634816,0.6846713362068966,9,False,0.9801637571413033,0.9743126308380933,0.0363573282957077,0.02003428339958191,False,0.14790482954545456,0.9828432823136973,0.0404805988073349,0.015911012887954712,False,0.2294095317398119,0.9697202558290965,0.03466528654098511,0.021726325154304504,False,0.31542662617554856,0.8508873499118912,0.01741577684879303,0.03897583484649658,False,0.45696390086206895,0.2042435839790236,-0.013599798083305359,0.06999140977859497,True,0.5203455623040752,0.6855591159630009,0.7654351978840125,10,False,0.9066257304238835,0.27806434830048066,0.07353802671741982
replace_rel:1303,000000410428.jpg,replace_rel,a group of sheep on a big grassy field full of sheep,A group of sheep surrounded by a big grassy field full of sheep.,0.2804248631000519,0.2753070592880249,0.0051178038120269775,0.6252237445545097,15,1.5829351718288365e-17,1.1427074999992328,0.00024019999909796752,0.00011300000187475234,0.6633606920192543,0.0067830681800842285,-0.001665264368057251,False,0.18040136147660818,0.6552408003640331,0.006421566009521484,-0.0013037621974945068,False,0.22255345394736842,0.6223443522922496,0.004995107650756836,0.0001226961612701416,False,0.31609786184210525,0.5217337959923631,0.0008698999881744385,0.004247903823852539,False,0.46894988121345027,0.5349146192745163,0.0013988614082336426,0.003718942403793335,False,0.521821317616959,0.5821271546327208,0.6665924250730995,9,False,0.6116040555267052,0.4612091745508131,-0.0015547573566436768,0.006672561168670654,True,0.14462262426900585,0.43460599474445355,-0.0026308298110961914,0.007748633623123169,True,0.28535613121345027,0.4353787436983558,-0.002599388360977173,0.00771719217300415,True,0.3296783625730994,0.3774637437206962,-0.0050032734870910645,0.010121077299118042,True,0.44610060307017546,0.3785133797706172,-0.004958629608154297,0.010076433420181274,True,0.5474518000730995,0.41126526892044846,0.44610060307017546,7,False,0.45027304954961467,0.17086188571227234,0.1613310059770905
swap_att:491,000000505789.jpg,swap_att,Children look over the wrought iron fence into the brick archways.,Children look over the brick fence into the wrought iron archways.,0.3509224057197571,0.3493690490722656,0.001553356647491455,0.5387560182999623,9,4.401860820291148e-17,1.0843631999996433,0.000274800000624964,0.0001258000011148397,0.6362078329461175,0.005589425563812256,-0.004036068916320801,False,0.22675069173177084,0.6362078329461175,0.005589425563812256,-0.004036068916320801,False,0.22675069173177084,0.6855358531026574,0.007793307304382324,-0.006239950656890869,False,0.3722381591796875,0.6726858230950897,0.007203578948974609,-0.005650222301483154,False,0.527130126953125,0.6726858230950897,0.007203578948974609,-0.005650222301483154,False,0.527130126953125,0.6208428716913245,0.7943318684895834,6,False,0.6346617290636187,0.5495286889624731,0.001987665891647339,-0.0004343092441558838,False,0.3212229410807292,0.5495286889624731,0.001987665891647339,-0.0004343092441558838,False,0.3212229410807292,0.5495286889624731,0.001987665891647339,-0.0004343092441558838,False,0.3212229410807292,0.48418843625371855,-0.0006326735019683838,0.002186030149459839,True,0.4661661783854167,0.5142357011799504,0.0005695819854736328,0.0009837746620178223,False,0.5268910725911459,0.5050437981545239,0.5268910725911459,5,False,0.5314585407094512,0.11579907353680052,0.10320318835416753
swap_obj:189,000000534041.jpg,swap_obj,A woman feeding a little boy french fries at a restaurant. ,A little boy feeding french fries to a woman at a restaurant.,0.32753095030784607,0.3223299980163574,0.0052009522914886475,0.6271700338035532,11,8.847089727481716e-17,1.3858255000013742,0.00029350000113481656,0.00013320000289240852,0.6725604791824777,0.00719788670539856,-0.001996934413909912,False,0.11038933333333334,0.7090712953007531,0.008908778429031372,-0.0037078261375427246,False,0.28042666666666666,0.7361298528809388,0.010259494185447693,-0.005058541893959045,False,0.382656,0.7759627054186691,0.012422919273376465,-0.007221966981887817,False,0.48978133333333335,0.7138295506345066,0.009140565991401672,-0.003939613699913025,False,0.5553813333333333,0.5695207270931876,0.8707626666666667,9,False,0.7074965225448674,0.6725604791824777,0.00719788670539856,-0.001996934413909912,False,0.11038933333333334,0.5737762785511865,0.0029727518558502197,0.0022282004356384277,False,0.21208533333333332,0.5058849418436051,0.00023540854454040527,0.004965543746948242,False,0.31971733333333335,0.6124623023230352,0.004576742649078369,0.0006242096424102783,False,0.5578186666666667,0.6124623023230352,0.004576742649078369,0.0006242096424102783,False,0.5578186666666667,0.5647656062363382,0.664944,7,False,0.5850552953567788,0.004755120856849371,0.12244122718808859
add_att:558,000000355325.jpg,add_att,A table with food and a glass of red wine.,An ornate table with food and a glass of red wine.,0.2865959703922272,0.2678578794002533,0.018738090991973877,0.8668984070785654,13,4.423544863740858e-17,1.2380626000012853,0.0002375999974901788,0.00010919999840552919,0.8084685789350063,0.014400899410247803,0.004337191581726074,False,0.12988792539267016,0.7955870759922917,0.01358938217163086,0.005148708820343018,False,0.2267670157068063,0.813331216576074,0.014718025922775269,0.004020065069198608,False,0.36646658213350786,0.7936737753491788,0.013472139835357666,0.005265951156616211,False,0.40868373691099474,0.8038444360652662,0.014104977250099182,0.004633113741874695,False,0.5622034522251309,0.8066971006244128,0.6435086714659686,8,False,0.8100879072542574,0.8640714599607289,0.018495261669158936,0.0002428293228149414,False,0.17033601930628273,0.8577338509721888,0.01796594262123108,0.0007721483707427979,False,0.30022394469895286,0.8577338509721888,0.01796594262123108,0.0007721483707427979,False,0.30022394469895286,0.8513601442448007,0.017453089356422424,0.0012850016355514526,False,0.4199678910340314,0.7182804248930048,0.009359478950500488,0.009378612041473389,False,0.5527497136780105,0.7892543628805588,0.5527497136780105,7,False,0.8426615016159384,0.017442737743853964,-0.03257359436168106
add_obj:1978,000000360661.jpg,add_obj,three people riding horses on a beach ,Three people riding horses on a beach and a boat sailing in the distance.,0.3105956017971039,0.2846519947052002,0.025943607091903687,0.930497761467145,14,3.2959746043559335e-17,1.1326956000011705,0.00023969999892869964,0.00011190000077476725,0.8984913756955657,0.02180573344230652,0.004137873649597168,False,0.20098368326822916,0.8984913756955657,0.02180573344230652,0.004137873649597168,False,0.20098368326822916,0.8546108757480223,0.017712324857711792,0.008231282234191895,False,0.350372314453125,0.8868650022782245,0.02059110999107361,0.005352497100830078,False,0.4162394205729167,0.6869949847815142,0.007861077785491943,0.018082529306411743,False,0.5434417724609375,0.7808841070843505,0.9210357666015625,13,False,0.868902016317214,0.9206373509662938,0.02451038360595703,0.0014332234859466553,False,0.1543731689453125,0.25233915156550274,-0.010861754417419434,0.03680536150932312,True,0.2407989501953125,0.2677216596712431,-0.01006212830543518,0.03600573539733887,True,0.3167215983072917,0.1881558374934214,-0.014620378613471985,0.04056398570537567,True,0.4317220052083333,0.17917879334272102,-0.01521921157836914,0.04116281867027283,True,0.5640004475911459,0.34656250588446535,0.3712666829427083,5,False,0.46776739276040846,0.43432160119988517,0.4011346235568055
replace_att:517,000000429011.jpg,replace_att,Two toy vehicles and a police box are set up in a street scene.,Two real vehicles and a police box are set up in a street scene.,0.3933688998222351,0.38910070061683655,0.00426819920539856,0.6051140397037713,12,6.548581121812447e-17,1.024388000001636,0.0002886000002035871,0.0001343000003544148,0.3223337819146687,-0.007430672645568848,0.011698871850967407,True,0.1260264598540146,0.6636800695452942,0.006797373294830322,-0.0025291740894317627,False,0.2516893818430657,0.7022896576471283,0.008582249283790588,-0.004314050078392029,False,0.4170207002737226,0.7022896576471283,0.008582249283790588,-0.004314050078392029,False,0.4170207002737226,0.4986045098776361,-5.581974983215332e-05,0.004324018955230713,True,0.5172787408759124,0.5641903647841582,0.5725507527372263,6,False,0.5674170733248814,0.37140877641669584,-0.005261778831481934,0.009529978036880493,True,0.1731794593978102,0.4415908432960621,-0.0023470818996429443,0.006615281105041504,True,0.22592096259124086,0.23819507879197518,-0.011626005172729492,0.015894204378128052,True,0.3912522810218978,0.34619055327314924,-0.0063582658767700195,0.010626465082168579,True,0.44652429288321166,0.2448156782155721,-0.011264562606811523,0.015532761812210083,True,0.5336236884124088,0.36616098504790406,0.44652429288321166,5,False,0.382441199149569,0.19802937973625412,0.18497587417531247
replace_obj:1616,000000077460.jpg,replace_obj,A group of people in a field with various kites in the sky.,A group of people in a city with various kites in the sky.,0.34865549206733704,0.33319342136383057,0.01546207070350647,0.8243652396697341,15,8.673617379884035e-17,1.142507200002001,0.00031369999851449393,0.00014279999959398992,0.7976546061516094,0.01371699571609497,0.001745074987411499,False,0.18194330226608188,0.7824209960398627,0.012798309326171875,0.0026637613773345947,False,0.24703033625730994,0.7193869226998577,0.009414225816726685,0.006047844886779785,False,0.335469206871345,0.8218977964887061,0.015292584896087646,0.00016948580741882324,False,0.4272546600877193,0.7631922263762936,0.011702612042427063,0.0037594586610794067,False,0.5776509959795322,0.6801184874650312,0.7736316703216374,10,False,0.788223069872066,0.7975723401683456,0.013711899518966675,0.001750171184539795,False,0.15519919590643275,0.7653048706144854,0.01181986927986145,0.0036422014236450195,False,0.2207373903508772,0.763801130443121,0.01173633337020874,0.0037257373332977295,False,0.3125685307017544,0.6676807618655309,0.0069771409034729,0.00848492980003357,False,0.46551192434210525,0.559298186125482,0.0023831427097320557,0.013078927993774414,False,0.5539507949561403,0.6600645774979399,0.7726779513888888,10,False,0.7419608193741669,0.020053909967091332,0.046262250497899116
replace_rel:771,000000029393.jpg,replace_rel,A large brown dog standing on the side of a white wood fence.,A large brown dog jumping over a white wood fence.,0.3523082137107849,0.34272632002830505,0.009581893682479858,0.722759140067877,13,5.551115123125783e-17,1.2601407000001927,0.0002387000022281427,0.00010740000288933516,0.7985578851440319,0.013773053884506226,-0.004191160202026367,False,0.170272,0.6321694301751584,0.0054153501987457275,0.004166543483734131,False,0.3169653333333333,0.6321694301751584,0.0054153501987457275,0.004166543483734131,False,0.3169653333333333,0.41857612759222185,-0.003286212682723999,0.012868106365203857,True,0.47514133333333336,0.20873693482740985,-0.013325557112693787,0.022907450795173645,True,0.5303413333333333,0.41126998787740593,0.8735466666666667,11,False,0.6314293438071885,0.744081719530523,0.010672926902770996,-0.0010910332202911377,False,0.16522133333333333,0.7526292664238498,0.011126846075057983,-0.001544952392578125,False,0.228608,0.7492117701776672,0.010944128036499023,-0.001362234354019165,False,0.3753013333333333,0.727333794762454,0.009811371564865112,-0.0002294778823852539,False,0.4225386666666667,0.41911004322298245,-0.0032642781734466553,0.012846171855926514,True,0.5061866666666667,0.5834667165000605,0.7131626666666666,9,False,0.7143419107210087,-0.17219672862265462,-0.08291256691382021
swap_att:534,000000378099.jpg,swap_att,A computer keyboard sitting next to a mouse on a wooden table.,A wooden keyboard sitting next to a mouse on a computer table.,0.33373042941093445,0.318339467048645,0.015390962362289429,0.8233333061554102,18,5.637851296924623e-17,1.0772964999996475,0.00030759999935980886,0.00015210000128718093,0.7639140205293039,0.011742591857910156,0.0036483705043792725,False,0.14212962962962963,0.6659108500845417,0.006897479295730591,0.008493483066558838,False,0.22454427083333334,0.638145235138022,0.005673229694366455,0.009717732667922974,False,0.3402126736111111,0.5264297466314517,0.0010581761598587036,0.014332786202430725,False,0.44764178240740743,0.3440358320344565,-0.006453603506088257,0.021844565868377686,True,0.5052155671296297,0.5131671689317274,0.5988136574074074,10,False,0.6625850760202717,0.8996875653565064,0.021937578916549683,-0.006546616554260254,False,0.15299479166666666,0.6659108500845417,0.006897479295730591,0.008493483066558838,False,0.22454427083333334,0.4487212570329899,-0.00205838680267334,0.01744934916496277,True,0.3263599537037037,0.2609341782714705,-0.010411188006401062,0.02580215036869049,True,0.4221064814814815,0.32498342802253183,-0.007309630513191223,0.022700592875480652,True,0.5388310185185186,0.4703976525408393,0.5884114583333333,10,False,0.5803822076536655,0.04276951639088811,0.08220286836660617
swap_obj:0,000000222235.jpg,swap_obj,"A cat sits on its hind legs, and swats at the plant.","A cat sits on the plant, and swats at its hind legs.",0.3005244731903076,0.2994399070739746,0.0010845661163330078,0.5270876058555526,9,1.9081958235744878e-17,1.1883216999995057,0.0002826000018103514,0.00012520000018412247,0.3037791746598086,-0.00829365849494934,0.009378224611282349,True,0.15817457054093567,0.161018394650919,-0.016506701707839966,0.017591267824172974,True,0.2560078581871345,0.10341999568051334,-0.02159789204597473,0.02268245816230774,True,0.3448008040935672,0.12624839865626483,-0.019345447421073914,0.02043001353740692,True,0.5883988943713451,0.12624839865626483,-0.019345447421073914,0.02043001353740692,True,0.5883988943713451,0.1814949983843033,0.8646061769005848,7,False,0.21781268104979212,0.13406324462683344,-0.018655002117156982,0.01973956823348999,True,0.24696751644736842,0.13406324462683344,-0.018655002117156982,0.01973956823348999,True,0.24696751644736842,0.13265244637247992,-0.018777072429656982,0.01986163854598999,True,0.32032392178362573,0.13265176058812259,-0.018777132034301758,0.019861698150634766,True,0.5639220120614035,0.13265176058812259,-0.018777132034301758,0.019861698150634766,True,0.5639220120614035,0.17610850842631873,0.6067251461988304,5,False,0.21942335448350866,0.005386489957984575,-0.0016106734337165418
add_att:576,000000034873.jpg,add_att,A large dining room features wooden cabinets and a marble counter top.,A large dining room features wooden cabinets and a circular marble counter top.,0.3032332956790924,0.3000897169113159,0.0031435787677764893,0.5779486114551419,14,3.5344990823027445e-17,0.9519810999991023,0.00030079999851295725,0.00014200000077835284,0.6645821667943769,0.006837815046310425,-0.0036942362785339355,False,0.147186279296875,0.5347781944539504,0.0013933777809143066,0.0017502009868621826,False,0.23941548665364584,0.4833474081584815,-0.0006663501262664795,0.0038099288940429688,True,0.3352864583333333,0.4384306522396296,-0.002475336194038391,0.00561891496181488,True,0.4658762613932292,0.4647910471676178,-0.0014106929302215576,0.004554271697998047,True,0.5371602376302084,0.5175563601194961,0.737518310546875,10,False,0.5360302546778538,0.5025935238454264,0.00010374188423156738,0.003039836883544922,False,0.13007609049479166,0.41166455317981593,-0.0035708844661712646,0.006714463233947754,True,0.2883402506510417,0.4836026839256642,-0.0006561279296875,0.0037997066974639893,True,0.3596242268880208,0.46943192962316743,-0.0012242496013641357,0.004367828369140625,True,0.421875,0.4775939838827616,-0.000896841287612915,0.004040420055389404,True,0.5741933186848959,0.4810939935652962,0.5741933186848959,8,False,0.4812331580370166,0.03646236655419993,0.054797096640837206
add_obj:964,000000295316.jpg,add_obj,Several people on surfboards who are riding a wave.,Several people on surfboards who are riding a wave with a dolphin.,0.3099859058856964,0.3045499920845032,0.005435913801193237,0.6326474680829068,15,9.540979117872439e-17,1.3920397000001685,0.0003032000022358261,0.00014449999798671342,0.5076742403657724,0.0003069937229156494,0.005128920078277588,False,0.13469950358072916,0.6351470009270967,0.005543619394302368,-0.00010770559310913086,False,0.214080810546875,0.677968201432722,0.007444500923156738,-0.002008587121963501,False,0.3259429931640625,0.4592924126497268,-0.00163191556930542,0.007067829370498657,True,0.4614919026692708,0.6658057527100327,0.006892755627632141,-0.0014568418264389038,False,0.5167795817057291,0.6159945449562412,0.58941650390625,9,False,0.5878383888433578,0.2511781677593397,-0.010923385620117188,0.016359299421310425,True,0.14394632975260416,0.28786374860994945,-0.009057819843292236,0.014493733644485474,True,0.20597330729166666,0.21267045338808083,-0.013089030981063843,0.01852494478225708,True,0.3267822265625,0.5338126930445116,0.0013545751571655273,0.00408133864402771,False,0.4601999918619792,0.3616806727069796,-0.005680769681930542,0.01111668348312378,True,0.5296173095703125,0.41319018217162207,0.6597747802734375,10,False,0.36147265898355035,0.2028043627846191,0.22636572985980746
replace_att:751,000000016228.jpg,replace_att,A trolley that is being pulled by a white horse.,A trolley that is being pulled by a brown horse.,0.3335447311401367,0.3312796652317047,0.002265065908432007,0.556385779788298,13,3.2959746043559335e-17,1.3275472000023,0.000311100000544684,0.00013939999917056412,0.6828506050756646,0.007669031620025635,-0.005403965711593628,False,0.12420654296875,0.5693617928308834,0.0027924776077270508,-0.0005274116992950439,False,0.20522238991477273,0.5208911791398212,0.0008361339569091797,0.0014289319515228271,False,0.3296564275568182,0.7017120298323506,0.008554637432098389,-0.006289571523666382,False,0.42299027876420453,0.8604537433039592,0.018190637230873108,-0.0159255713224411,False,0.54437255859375,0.7582043059842054,0.8716930042613636,11,False,0.6381327785804596,0.6828506050756646,0.007669031620025635,-0.005403965711593628,False,0.12420654296875,0.25225313506524244,-0.010866314172744751,0.013131380081176758,True,0.21567604758522727,0.3724641869760041,-0.0052165985107421875,0.007481664419174194,True,0.3626431551846591,0.3130050152184858,-0.007861077785491943,0.01012614369392395,True,0.42320667613636365,0.2591956497586671,-0.01050153374671936,0.012766599655151367,True,0.5491887872869318,0.3648013875166147,0.7187000621448864,10,False,0.4050234370125874,0.39340291846759073,0.23310934156787216
replace_obj:89,000000512836.jpg,replace_obj,"A person with a white umbrella, with two dogs.","A child with a white umbrella, with two dogs.",0.33608323335647583,0.30607709288597107,0.03000614047050476,0.9526018597092006,14,3.9898639947466563e-17,1.3269126000013785,0.0003178000006300863,0.00013889999900129624,0.9034971189553884,0.022367000579833984,0.007639139890670776,False,0.13678995768229166,0.674215845760152,0.007273152470588684,0.022732987999916077,False,0.3437906901041667,0.674215845760152,0.007273152470588684,0.022732987999916077,False,0.3437906901041667,0.8373291585385505,0.01638488471508026,0.0136212557554245,False,0.4463907877604167,0.8138236805718009,0.014750495553016663,0.015255644917488098,False,0.5255788167317709,0.7985591325891596,0.871917724609375,12,False,0.8241576695252356,0.9034971189553884,0.022367000579833984,0.007639139890670776,False,0.13678995768229166,0.8414667144829625,0.016691818833351135,0.013314321637153625,False,0.2516123453776042,0.8196972561264696,0.015142977237701416,0.014863163232803345,False,0.4073079427083333,0.8196972561264696,0.015142977237701416,0.014863163232803345,False,0.4073079427083333,0.8431993098547745,0.01682227849960327,0.01318386197090149,False,0.5259857177734375,0.7887012872712484,0.6734263102213541,8,False,0.8652719519379733,0.009857845317911118,-0.041114282412737735
replace_rel:1135,000000059044.jpg,replace_rel,A group of people are standing around holding video game controllers.,A group of people are sitting at a table holding video game controllers.,0.32013994455337524,0.27373141050338745,0.04640853404998779,0.9904427629531443,14,3.8163916471489756e-17,1.3157812999997986,0.00031829999716137536,0.00014120000196271576,0.9661532106293236,0.033514782786369324,0.01289375126361847,False,0.1965403417397661,0.941555241569999,0.02779451012611389,0.0186140239238739,False,0.2821580317982456,0.9653277415839506,0.03326527774333954,0.013143256306648254,False,0.3663137335526316,0.6115186108707088,0.0045370012521743774,0.041871532797813416,False,0.4566371984649123,0.5209053105129988,0.0008367002010345459,0.04557183384895325,False,0.5069844206871345,0.60053394560258,0.7735345851608187,10,False,0.8952930979044887,0.9661532106293236,0.033514782786369324,0.01289375126361847,False,0.1965403417397661,0.9810346542255894,0.039459943771362305,0.006948590278625488,False,0.28069604349415206,0.9653277415839506,0.03326527774333954,0.013143256306648254,False,0.3663137335526316,0.9534804526545183,0.030202463269233704,0.01620607078075409,False,0.4166609557748538,0.8017986284802648,0.013975739479064941,0.03243279457092285,False,0.5280918768274854,0.6131900129811482,0.7697139985380117,10,False,0.9536778528536423,-0.01265606737856817,-0.05838475494915352
swap_att:444,000000508730.jpg,swap_att,Two babies sitting on their potties in the bathroom. ,Their baby is sitting on two potties in the bathroom.,0.3103157579898834,0.2668393552303314,0.043476402759552,0.9872279310924584,14,4.7704895589362195e-17,1.2483417999974336,0.0003088000012212433,0.00014350000128615648,0.86429113166274,0.018513977527618408,0.024962425231933594,False,0.2060188972513089,0.86429113166274,0.018513977527618408,0.024962425231933594,False,0.2060188972513089,0.8687127892512868,0.018896251916885376,0.024580150842666626,False,0.3167794911649215,0.9271118673288334,0.02543148398399353,0.01804491877555847,False,0.44116083115183247,0.8855978782234241,0.020465433597564697,0.023010969161987305,False,0.5330906413612565,0.8685485158524373,0.7369058818717278,10,False,0.9036039173193142,0.86429113166274,0.018513977527618408,0.024962425231933594,False,0.2060188972513089,0.86429113166274,0.018513977527618408,0.024962425231933594,False,0.2060188972513089,0.8376662084145176,0.016409650444984436,0.027066752314567566,False,0.35377126963350786,0.8897257923379128,0.020879432559013367,0.022596970200538635,False,0.4261544911649215,0.8999774063729763,0.021969735622406006,0.021506667137145996,False,0.5386176783376964,0.9060565187845093,0.5939903059554974,8,False,0.8904517035141521,-0.037508002932072015,0.013152213805162072
swap_obj:71,000000011122.jpg,swap_obj,The stop sign is behind the fence instead of on the street.,The fence is behind the stop sign instead of on the street.,0.3583739697933197,0.34721431136131287,0.011159658432006836,0.7532396552908464,11,8.673617379884035e-17,1.2372680000007676,0.00029770000037387945,0.00013350000153877772,0.6099935665177323,0.004472851753234863,0.006686806678771973,False,0.11358642578125,0.6721261789880131,0.007178172469139099,0.003981485962867737,False,0.3202412923177083,0.6721261789880131,0.007178172469139099,0.003981485962867737,False,0.3202412923177083,0.6728596887599737,0.007211476564407349,0.003948181867599487,False,0.41729736328125,0.7487324147364837,0.01091863214969635,0.00024102628231048584,False,0.5259602864583334,0.6591628465278064,0.9449462890625,10,False,0.670026500406763,0.6881224089233812,0.007913559675216675,0.003246098756790161,False,0.20665486653645834,0.6881224089233812,0.007913559675216675,0.003246098756790161,False,0.20665486653645834,0.675941953750322,0.0073518455028533936,0.0038078129291534424,False,0.3545786539713542,0.5857898365442051,0.00346587598323822,0.007693782448768616,False,0.4681650797526042,0.6410950378078702,0.005801200866699219,0.005358457565307617,False,0.5232187906901041,0.6942268738004859,0.7426910400390625,8,False,0.6789727141727243,-0.03506402727267943,-0.008946213765961275
add_att:153,000000032887.jpg,add_att,A man holding a stick standing next to a  green hillside.,A man holding a stick standing next to a green hillside covered in wildflowers.,0.27134987711906433,0.26451966166496277,0.0068302154541015625,0.6644127410417794,14,3.903127820947816e-17,1.3187837999976182,0.000301799998851493,0.00014089999967836775,0.4643725723277322,-0.0014275163412094116,0.008257731795310974,True,0.17278035481770834,0.4978102883618059,-8.758902549743652e-05,0.006917804479598999,True,0.2797088623046875,0.5934350362071462,0.003781840205192566,0.0030483752489089966,False,0.354248046875,0.469437125539651,-0.0012240409851074219,0.008054256439208984,True,0.4492543538411458,0.4040199384613205,-0.0038874298334121704,0.010717645287513733,True,0.5288543701171875,0.48729316381775967,0.791168212890625,10,False,0.5197689024537065,0.528103740236523,0.001125335693359375,0.0057048797607421875,False,0.11432902018229167,0.38655350650178566,-0.004618227481842041,0.011448442935943604,True,0.2539520263671875,0.3931084597473914,-0.0043426454067230225,0.011172860860824585,True,0.3185068766276042,0.24073356435090995,-0.011486619710922241,0.018316835165023804,True,0.4014078776041667,0.14349080548185492,-0.017865940928459167,0.02469615638256073,True,0.5083363850911459,0.26398174136572566,0.6036020914713541,9,False,0.40131708191853066,0.223311422452034,0.11845182053517589
add_obj:1158,000000095786.jpg,add_obj,there are three vases made of clay on a table,There are three vases made of clay and metal on a table.,0.30096685886383057,0.2892129123210907,0.011753946542739868,0.7641187402077754,14,1.7780915628762273e-17,1.221527400000923,0.0003117000014754012,0.0001426999988325406,0.7696794895664791,0.012065023183822632,-0.00031107664108276367,False,0.11434730538922155,0.7122284948663204,0.009062319993972778,0.00269162654876709,False,0.23277245508982036,0.7116912807881116,0.009036123752593994,0.002717822790145874,False,0.3348383233532934,0.734636807189766,0.010182768106460571,0.0015711784362792969,False,0.4317844311377246,0.8245011206116825,0.015471458435058594,-0.0037175118923187256,False,0.588994011976048,0.7360296484378259,0.7110359281437125,9,False,0.7483454355014582,0.7449484738651291,0.010718494653701782,0.001035451889038086,False,0.17875449101796406,0.7583812311813436,0.011438250541687012,0.00031569600105285645,False,0.23638922155688621,0.7414441770060753,0.010534882545471191,0.0012190639972686768,False,0.35253293413173653,0.748384354286052,0.010900139808654785,0.000853806734085083,False,0.44947904191616767,0.7394630519784304,0.010431796312332153,0.0013221502304077148,False,0.5141616766467065,0.7720576561784591,0.5820718562874252,8,False,0.7500200093911188,-0.036028007740633194,-0.0016745738896606355
replace_att:727,000000000724.jpg,replace_att,a stop sign put upside down on a metal pole ,A stop sign put right side up on a metal pole.,0.3088284134864807,0.3073730170726776,0.0014553964138031006,0.536320821307965,11,1.0581813203458523e-16,1.2535625999989861,0.0002916000012191944,0.00013490000128513202,0.425735108545313,-0.0029927343130111694,0.00444813072681427,True,0.21485333333333334,0.425735108545313,-0.0029927343130111694,0.00444813072681427,True,0.21485333333333334,0.43543039360801844,-0.0025972872972488403,0.004052683711051941,True,0.36640533333333336,0.4409339537041252,-0.002373725175857544,0.0038291215896606445,True,0.466464,0.44536118350854453,-0.002194315195083618,0.0036497116088867188,True,0.55704,0.49559537161765643,0.9037013333333334,9,False,0.45344786192988773,0.4808888898969648,-0.0007648169994354248,0.0022202134132385254,True,0.1356,0.5197062583642994,0.0007886588573455811,0.0006667375564575195,False,0.2589226666666667,0.48120880460584614,-0.0007520020008087158,0.0022073984146118164,True,0.3589813333333333,0.44463544593142035,-0.0022237002849578857,0.0036790966987609863,True,0.5049333333333333,0.44463544593142035,-0.0022237002849578857,0.0036790966987609863,True,0.5049333333333333,0.4157105878288524,0.7070986666666667,7,False,0.49175674558867855,0.07988478378880404,-0.038308883658790815
replace_obj:587,000000476258.jpg,replace_obj,A person in a helmet is riding a skateboard.,A person in a helmet is riding a bicycle.,0.3195672929286957,0.2640998959541321,0.0554673969745636,0.9961149998781336,14,3.8163916471489756e-17,1.1386708999998518,0.0002950999987660907,0.00014139999984763563,0.9977147756013173,0.060790032148361206,-0.005322635173797607,False,0.10873724489795919,0.659848436904786,0.0066261887550354,0.0488412082195282,False,0.25333492772108845,0.7223206007861854,0.00956001877784729,0.04590737819671631,False,0.31061995110544216,0.6879058674713155,0.00790347158908844,0.04756392538547516,False,0.43698182397959184,0.6925891555652126,0.008122518658638,0.0473448783159256,False,0.501335299744898,0.6315311960224348,0.7311463647959183,10,False,0.8005614735396905,0.8296851330305165,0.01583397388458252,0.03963342308998108,False,0.14459768282312926,0.659848436904786,0.0066261887550354,0.0488412082195282,False,0.25333492772108845,0.5073814989289809,0.00029528141021728516,0.055172115564346313,False,0.30940423044217685,0.4108895566966061,-0.0036028921604156494,0.05907028913497925,True,0.43888180272108845,0.33179638573990083,-0.007000714540481567,0.062468111515045166,True,0.5091743728741497,0.5478114965815806,0.8123870642006803,11,False,0.6505834343733515,0.08371969944085422,0.149978039166339
replace_rel:99,000000570471.jpg,replace_rel,A person hugging another while cutting a cake.,A person hugging another while smiling at a cake.,0.334023118019104,0.3327164947986603,0.0013066232204437256,0.53261918573638,11,4.163336342344337e-17,1.2852480000001378,0.0002930000009655487,0.00013309999849298038,0.6681580216252937,0.006998658180236816,-0.005692034959793091,False,0.17157866666666666,0.6562445729520763,0.006466031074523926,-0.0051594078540802,False,0.30987733333333334,0.6562445729520763,0.006466031074523926,-0.0051594078540802,False,0.30987733333333334,0.7181423033786188,0.009352654218673706,-0.00804603099822998,False,0.489296,0.8399647440990534,0.016579657793045044,-0.015273034572601318,False,0.5412693333333334,0.6911334018541747,0.876224,9,False,0.6621112537112643,0.5693194105635092,0.0027907490730285645,-0.0014841258525848389,False,0.17941866666666667,0.45892977571937327,-0.0016465187072753906,0.002953141927719116,True,0.28740266666666664,0.6389940207729263,0.005710005760192871,-0.0044033825397491455,False,0.4257013333333333,0.6389940207729263,0.005710005760192871,-0.0044033825397491455,False,0.4257013333333333,0.7410028694977255,0.01051187515258789,-0.009205251932144165,False,0.526496,0.6201706853636424,0.5900906666666667,5,False,0.5695010077064564,0.07096271649053232,0.09261024600480794
swap_att:60,000000328238.jpg,swap_att,a man in a blue shirt playing with a white ball,a man in a white shirt playing with a blue ball,0.32022830843925476,0.3071286380290985,0.01309967041015625,0.7875076405944844,11,6.765421556309548e-17,1.2605767000022752,0.0002459999996062834,0.00010479999764356762,0.5879116831654148,0.0035533905029296875,0.009546279907226562,False,0.16746471774193547,0.5917603912291638,0.003712475299835205,0.009387195110321045,False,0.23388815065982405,0.3924193522352672,-0.004371538758277893,0.017471209168434143,True,0.3363097965542522,0.40916184526008814,-0.0036743134260177612,0.01677398383617401,True,0.4449402034457478,0.48660445470464475,-0.0005359500646591187,0.013635620474815369,True,0.5270745509530792,0.5109020590791497,0.8143213892961877,9,False,0.5408556446651573,0.3827204130103139,-0.004780173301696777,0.017879843711853027,True,0.19477982954545456,0.3658688176005673,-0.005499809980392456,0.018599480390548706,True,0.26120326246334313,0.37227403943800624,-0.005224734544754028,0.01832440495491028,True,0.3551537298387097,0.4134055562999579,-0.003499045968055725,0.016598716378211975,True,0.43026026392961875,0.4572263408327599,-0.001715138554573059,0.014814808964729309,True,0.5490457752932552,0.46117190135918384,0.5490457752932552,6,False,0.46392988422867903,0.049730157719965806,0.07692576043647831
swap_obj:204,000000304812.jpg,swap_obj,A person carrying a surfboard on the beach at sunset.,A surfboard carrying a person on the beach at sunset.,0.31290528178215027,0.3075101971626282,0.005395084619522095,0.6316980660519492,15,8.109832250191573e-17,1.1265157000016188,0.000305800000205636,0.00014319999900180846,0.6475456950677115,0.006082683801651001,-0.0006875991821289062,False,0.13912874634502925,0.6774285622232336,0.007419794797897339,-0.002024710178375244,False,0.2314795778508772,0.670896200971661,0.007122412323951721,-0.0017273277044296265,False,0.3719560946637427,0.6774536343635617,0.007420942187309265,-0.0020258575677871704,False,0.4451468841374269,0.6957740648251124,0.008272543549537659,-0.002877458930015564,False,0.5278291758040936,0.6596647845407437,0.6506419042397661,10,False,0.6649679806185718,0.5885274329258496,0.0035788118839263916,0.0018162727355957031,False,0.10738189875730994,0.5361199701371129,0.0014473199844360352,0.00394776463508606,False,0.2465106451023392,0.6342974577708653,0.005506977438926697,-0.00011189281940460205,False,0.3558799342105263,0.6472548638275297,0.006069943308830261,-0.0006748586893081665,False,0.43062408625730997,0.6709840405148764,0.0071263909339904785,-0.0017313063144683838,False,0.5038148757309941,0.6327001176852657,0.7296064053362573,11,False,0.6031784689405968,0.026964666855478048,0.06178951167797497
add_att:397,000000454750.jpg,add_att,One zebra resting its head on the back of another.,One zebra resting its head on the spotty back of another.,0.3315509855747223,0.32095709443092346,0.010593891143798828,0.7425737869604931,11,1.9949319973733282e-17,1.3303253000012774,0.0002930000009655487,0.00013080000280751847,0.6404488263333037,0.00577312707901001,0.004820764064788818,False,0.10240771198830409,0.6348769240593396,0.005531966686248779,0.005061924457550049,False,0.364554778874269,0.6348769240593396,0.005531966686248779,0.005061924457550049,False,0.364554778874269,0.634968801174378,0.005535930395126343,0.005057960748672485,False,0.4596411275584795,0.5815682000496127,0.0032921433448791504,0.007301747798919678,False,0.5283545778508771,0.5726633138945764,0.8748686494883041,9,False,0.6437840826319828,0.6450119911347795,0.005971848964691162,0.004622042179107666,False,0.18550118786549707,0.650804300590222,0.006225764751434326,0.004368126392364502,False,0.25421463815789475,0.5771545810991047,0.003111034631729126,0.007482856512069702,False,0.3566223501461988,0.6545194084776467,0.006389647722244263,0.004204243421554565,False,0.4114811769005848,0.6048198921644333,0.004255890846252441,0.006338000297546387,False,0.5708493238304093,0.6377249625139463,0.6971228527046783,7,False,0.6485582164517648,-0.06506164861936992,-0.004774133819781978
add_obj:928,000000410880.jpg,add_obj,Large stuffed bear sitting outside of a building.,A large stuffed bear sitting outside of a building with a scooter parked next to it.,0.3597881495952606,0.35293805599212646,0.006850093603134155,0.6648558160981888,15,7.632783294297951e-17,1.2353614999992715,0.00025400000231456943,0.00011180000001331791,0.8088444037161476,0.014425188302993774,-0.007575094699859619,False,0.14354133333333333,0.7756060528381776,0.01240241527557373,-0.005552321672439575,False,0.22907733333333333,0.8310310253523212,0.01592952013015747,-0.009079426527023315,False,0.30385066666666666,0.821480794274438,0.015264123678207397,-0.008414030075073242,False,0.427632,0.7530593052217958,0.011149957776069641,-0.004299864172935486,False,0.564336,0.6311495568795729,0.856352,12,False,0.7858741955105667,0.6581708267153206,0.006551533937454224,0.00029855966567993164,False,0.12546666666666667,0.4813695117782478,-0.0007455646991729736,0.007595658302307129,True,0.24234133333333333,0.4027479166473853,-0.003940284252166748,0.010790377855300903,True,0.3328373333333333,0.43581689654983424,-0.002581566572189331,0.009431660175323486,True,0.46144,0.31683516080445767,-0.007683545351028442,0.014533638954162598,True,0.5499093333333334,0.45804919649379155,0.375904,7,False,0.5033708081116567,0.1731003603857813,0.28250338739891
replace_att:242,000000148730.jpg,replace_att,This boat has docked next to a wooden pier,This boat has docked next to a concrete pier.,0.23240473866462708,0.23223528265953064,0.00016945600509643555,0.504236298755605,15,3.122502256758253e-17,1.2483458999995491,0.000310799998260336,0.00014399999781744555,0.3549965387652103,-0.005971476435661316,0.0061409324407577515,True,0.15272066885964913,0.21507607438868018,-0.012945950031280518,0.013115406036376953,True,0.23057154605263158,0.2641510037702288,-0.01024504005908966,0.010414496064186096,True,0.3024145650584795,0.39897977547851055,-0.00409717857837677,0.004266634583473206,True,0.40152709247076024,0.37677173811206977,-0.005032733082771301,0.005202189087867737,True,0.5399933753654971,0.37497209531285697,0.5399933753654971,8,False,0.35479343786549905,0.3549965387652103,-0.005971476435661316,0.0061409324407577515,True,0.15272066885964913,0.38955418526559216,-0.004491865634918213,0.0046613216400146484,True,0.22456368786549707,0.2641510037702288,-0.01024504005908966,0.010414496064186096,True,0.3024145650584795,0.2432545277776088,-0.011349186301231384,0.01151864230632782,True,0.43816817434210525,0.2770208551327696,-0.009592875838279724,0.00976233184337616,True,0.5640476516812866,0.29624446022048767,0.36833538925438597,5,False,0.32796773609804164,0.0787276350923693,0.02682570176745741
replace_obj:1445,000000579893.jpg,replace_obj,a close up of a street sign with a sky background,A close up of a traffic light with a sky background.,0.2689991891384125,0.23264223337173462,0.036356955766677856,0.9743116984735382,13,6.261267546103788e-17,1.2098213999997824,0.000305800000205636,0.00014000000010128133,0.8134090288194017,0.014723151922225952,0.021633803844451904,False,0.13427710843373494,0.6952644271082494,0.008248478174209595,0.02810847759246826,False,0.21836746987951808,0.34645030224975687,-0.006346791982650757,0.04270374774932861,True,0.3871265060240964,0.48548662186345914,-0.0005806982517242432,0.0369376540184021,True,0.4563915662650602,0.49852888710615006,-5.8844685554504395e-05,0.03641580045223236,True,0.5266807228915663,0.4361037890410561,0.7907469879518072,10,False,0.6355875886344912,0.283243591886289,-0.009284287691116333,0.04564124345779419,True,0.18867469879518073,0.25023538924207644,-0.010973572731018066,0.04733052849769592,True,0.24602409638554218,0.658991712543657,0.00658804178237915,0.029768913984298706,False,0.3301144578313253,0.648026432133116,0.0061037540435791016,0.030253201723098755,False,0.4068072289156627,0.3319239208895127,-0.006994962692260742,0.0433519184589386,True,0.5337951807228916,0.34317057209359114,0.6912951807228915,9,False,0.5329774489023739,0.09293321694746498,0.1026101397321173
replace_rel:1047,000000295316.jpg,replace_rel,Several people are riding the waves on their surfboards.,Several people are swimming in the waves.,0.3061858117580414,0.2614160478115082,0.0447697639465332,0.9887600400792202,15,3.469446951953614e-17,1.3832339000000502,0.00030789999800617807,0.0001443999972252641,0.9734046612364213,0.03600063920021057,0.008769124746322632,False,0.13469950358072916,0.9962739203988108,0.055886656045913696,-0.011116892099380493,False,0.214080810546875,0.5311855946490535,0.0012490451335906982,0.043520718812942505,False,0.3385416666666667,0.077562950724719,-0.024759292602539062,0.06952905654907227,True,0.4614919026692708,0.05820512577832932,-0.027838140726089478,0.07260790467262268,True,0.5167795817057291,0.3678835038159763,0.58941650390625,9,False,0.6706140281182627,0.9172962094109104,0.024061650037765503,0.0207081139087677,False,0.12835184733072916,0.7449569674449621,0.010718941688537598,0.034050822257995605,False,0.2685139973958333,0.5955454773787807,0.003869384527206421,0.04090037941932678,False,0.3259429931640625,0.077562950724719,-0.024759292602539062,0.06952905654907227,True,0.4614919026692708,0.07897147699947459,-0.024564042687416077,0.06933380663394928,True,0.5382181803385416,0.6524651289266903,0.3259429931640625,5,False,0.6111498782910046,-0.284581625110714,0.059464149827258006
swap_obj:27,000000414638.jpg,swap_obj,White pastries sitting on top of a white plate with silverware. ,Silverware sitting on top of a white plate with white pastries.,0.23379920423030853,0.22644099593162537,0.0073582082986831665,0.6760813116426256,14,3.122502256758253e-17,1.4694070000005013,0.00030310000147437677,0.00014059999739401974,0.7695991759328588,0.012060493230819702,-0.004702284932136536,False,0.11806869506835938,0.10354220176062563,-0.02158471941947937,0.028942927718162537,True,0.26917266845703125,0.05442543455948532,-0.028549611568450928,0.035907819867134094,True,0.3334388732910156,0.045024698022609215,-0.030544742941856384,0.03790295124053955,True,0.44976043701171875,0.02984080868109332,-0.03481583297252655,0.04217404127120972,True,0.5417709350585938,0.1844341513951706,0.5417709350585938,8,False,0.30569488975567977,0.43764384945982965,-0.0025072991847991943,0.00986550748348236,True,0.139678955078125,0.10354220176062563,-0.02158471941947937,0.028942927718162537,True,0.26917266845703125,0.05442543455948532,-0.028549611568450928,0.035907819867134094,True,0.3334388732910156,0.053838870798188276,-0.02866417169570923,0.036022379994392395,True,0.40267181396484375,0.04033099938424021,-0.0316946804523468,0.03905288875102997,True,0.5547256469726562,0.139920129028963,0.3334388732910156,5,False,0.23219617591902322,0.044514022366207606,0.07349871383665654
add_att:665,000000481573.jpg,add_att,There is a young man standing on a skate board.,There is a young man standing on a glowing skate board.,0.27479884028434753,0.2647186517715454,0.010080188512802124,0.7326322563016889,13,3.122502256758253e-17,1.417629700001271,0.0002494000000297092,0.0001097999993362464,0.16222257939097887,-0.01641783118247986,0.026498019695281982,True,0.1467481042074364,0.46097553211257436,-0.0015641599893569946,0.011644348502159119,True,0.22208292563600782,0.30333089483154835,-0.008314862847328186,0.01839505136013031,True,0.3728022566046967,0.3783072863137315,-0.004967391490936279,0.015047580003738403,True,0.4226508989726027,0.3592012505398508,-0.005788326263427734,0.01586851477622986,True,0.5736760029354208,0.330016618016579,0.6895983671722113,10,False,0.38246630145092264,0.28689759570039475,-0.009104996919631958,0.019185185432434082,True,0.13108870474559686,0.19920829318304187,-0.013912498950958252,0.023992687463760376,True,0.21997309197651663,0.20491428655728774,-0.013558581471443176,0.0236387699842453,True,0.422559167074364,0.20491428655728774,-0.013558581471443176,0.0236387699842453,True,0.422559167074364,0.11423374722300612,-0.02048206329345703,0.030562251806259155,True,0.545625152886497,0.212774926672415,0.6074600966242661,8,False,0.2730829658361116,0.11724169134416401,0.10938333561481106
add_obj:926,000000571893.jpg,add_obj,A stove and some books in a kitchen.,"A stove, some books, and a fridge in a kitchen.",0.33448779582977295,0.31293830275535583,0.021549493074417114,0.8961303660819944,14,9.280770596475918e-17,1.374201599999651,0.00030189999961294234,0.00014119999832473695,0.6891435529897293,0.007961183786392212,0.013588309288024902,False,0.10059164839181287,0.5373926913466177,0.0014985054731369019,0.020050987601280212,False,0.24570540935672514,0.2886387380488538,-0.009020045399665833,0.030569538474082947,True,0.3320940698099415,0.4547892751171516,-0.0018133819103240967,0.02336287498474121,True,0.40011650219298245,0.5279603960104172,0.0011195838451385498,0.020429909229278564,False,0.5745042945906432,0.4862944389286269,0.8257264254385965,11,False,0.5489615782083697,0.6891435529897293,0.007961183786392212,0.013588309288024902,False,0.10059164839181287,0.45702776357173,-0.0017231404781341553,0.02327263355255127,True,0.25891470211988304,0.2886387380488538,-0.009020045399665833,0.030569538474082947,True,0.3320940698099415,0.23276266469046897,-0.011927768588066101,0.033477261662483215,True,0.4791609557748538,0.20465294029638498,-0.01357463002204895,0.035124123096466064,True,0.5593247441520468,0.35133460824116924,0.6212422331871345,8,False,0.4534429497505133,0.13495983068745765,0.09551862845785636
replace_att:676,000000031269.jpg,replace_att,three zebras grazing in a grassy area near shrubs,Three zebras grazing in a rocky area near shrubs.,0.3587760925292969,0.3519517183303833,0.006824374198913574,0.6642824869743124,14,2.42861286636753e-17,1.2126750999996148,0.0002660999998624902,0.00011070000255131163,0.6721994037022437,0.007181495428085327,-0.00035712122917175293,False,0.15128580729166666,0.6648963227256692,0.006851911544799805,-2.753734588623047e-05,False,0.22414143880208334,0.41774444127453625,-0.0033203959465026855,0.01014477014541626,True,0.355438232421875,0.6311584613903027,0.005371898412704468,0.0014524757862091064,False,0.4107208251953125,0.49084277037390256,-0.0003663301467895508,0.007190704345703125,True,0.5181325276692709,0.6772687616859177,0.6357421875,9,False,0.5985483983305107,0.643306234661351,0.005897432565689087,0.0009269416332244873,False,0.1486053466796875,0.6047985225554939,0.0042549967765808105,0.0025693774223327637,False,0.2673594156901042,0.6363864638307395,0.005597144365310669,0.0012272298336029053,False,0.3315531412760417,0.45780107095127176,-0.0016919821500778198,0.008516356348991394,True,0.441131591796875,0.8185461248799559,0.015065282583236694,-0.00824090838432312,False,0.5044453938802084,0.7216406151052734,0.5044453938802084,8,False,0.6174285282653235,-0.04437185341935579,-0.018880129934812806
replace_obj:1347,000000562121.jpg,replace_obj,Two zebras fighting in a open area with green bushes.,Two giraffes grazing in an open area with green bushes.,0.3345380127429962,0.2576228678226471,0.07691514492034912,0.9995435224664857,15,5.551115123125783e-17,1.2973334999987856,0.000305800000205636,0.00014290000035543926,0.9295251414168263,0.025794178247451782,0.05112096667289734,False,0.14814157196969696,0.842233695643131,0.01674942672252655,0.06016571819782257,False,0.21935799758953167,0.7592784194960583,0.01148727536201477,0.06542786955833435,False,0.36311445420110194,0.6867639127097859,0.00785033404827118,0.06906481087207794,False,0.439071108815427,0.777453095193228,0.012508854269981384,0.06440629065036774,False,0.5694354769283747,0.7044978327597324,0.6463121986914601,9,False,0.8279248515732645,0.9295251414168263,0.025794178247451782,0.05112096667289734,False,0.14814157196969696,0.46417576931757437,-0.0014354288578033447,0.07835057377815247,True,0.20512116907713498,0.1235739630039482,-0.019590124487876892,0.09650526940822601,True,0.3391873278236915,0.28455866353574455,-0.00921960175037384,0.08613474667072296,True,0.41606404958677684,0.18375540042177468,-0.014911085367202759,0.09182623028755188,True,0.540509857093664,0.3455384516431722,0.540509857093664,8,False,0.49364571490023296,0.3589593811165602,0.3342791366730315
replace_rel:20,000000205647.jpg,replace_rel,A delivery truck travels along the road by a hill side.,A delivery truck travels along the road over a hill side.,0.28633230924606323,0.28271859884262085,0.003613710403442383,0.5893722837006466,13,3.122502256758253e-17,1.1017989000029047,0.00024900000062189065,0.00010699999984353781,0.5470804024650573,0.0018888115882873535,0.0017248988151550293,False,0.11046578033625731,0.41297235849387653,-0.0035169124603271484,0.007130622863769531,True,0.24953170687134502,0.5516487997067764,0.002073347568511963,0.00154036283493042,False,0.3645205135233918,0.5509462331981497,0.0020449459552764893,0.0015687644481658936,False,0.43558685124269003,0.5220844163542887,0.0008839517831802368,0.002729758620262146,False,0.5306674890350878,0.45796732444059624,0.7966979623538012,10,False,0.5185470719185825,0.4817668320961607,-0.0007296502590179443,0.004343360662460327,True,0.1359763340643275,0.5202976315540755,0.0008123517036437988,0.002801358699798584,False,0.30663491410818716,0.5202976315540755,0.0008123517036437988,0.002801358699798584,False,0.30663491410818716,0.19896736498693296,-0.013927608728408813,0.017541319131851196,True,0.45816200657894735,0.20071654913432685,-0.013818219304084778,0.01743192970752716,True,0.5207990679824561,0.32965508501090646,0.5207990679824561,7,False,0.43268465504655185,0.12831223942968978,0.08586241687203067
swap_att:595,000000078170.jpg,swap_att,"PASSENGER TRAIN IN THE NIGHT HOURS WITH NO SMOKING SIGN, AND TWO WOMEN","PASSENGER TRAIN IN THE NIGHT HOURS WITH TWO SMOKING SIGNS, AND NO WOMEN.",0.31399551033973694,0.2991940379142761,0.014801472425460815,0.8145948197934954,15,4.683753385137379e-17,1.1991213000001153,0.00030279999919002876,0.00014379999993252568,0.7127358240420409,0.009087085723876953,0.005714386701583862,False,0.135101318359375,0.8475119905430537,0.01715219020843506,-0.002350717782974243,False,0.22167205810546875,0.8233701499054729,0.015393495559692383,-0.0005920231342315674,False,0.35416412353515625,0.8497444626517945,0.017325982451438904,-0.0025245100259780884,False,0.4578208923339844,0.7952573029328082,0.013569116592407227,0.0012323558330535889,False,0.5167655944824219,0.7577018213469859,0.7262802124023438,11,False,0.8061574953359226,0.4994874002345184,-2.0503997802734375e-05,0.01482197642326355,True,0.15993881225585938,0.5808130456803686,0.0032611191272735596,0.011540353298187256,False,0.2324981689453125,0.6462768042657635,0.006027132272720337,0.008774340152740479,False,0.3599052429199219,0.6727560311690474,0.007206767797470093,0.007594704627990723,False,0.40160369873046875,0.6966473770968922,0.00831383466720581,0.006487637758255005,False,0.547119140625,0.5673209691999086,0.46054840087890625,7,False,0.6389558184555384,0.19038085214707734,0.16720167688038423
swap_obj:45,000000102805.jpg,swap_obj,A man holding a frisbee in a parking lot near water. ,A man near a frisbee in a parking lot holding water.,0.3441588878631592,0.32989969849586487,0.014259189367294312,0.8062646423013247,14,3.642919299551295e-17,1.3699835000006715,0.00030139999944367446,0.00014099999680183828,0.8443906961580504,0.01691266894340515,-0.00265347957611084,False,0.1217867943548387,0.7994528897222601,0.013828784227371216,0.0004304051399230957,False,0.2238705095307918,0.8384421928410363,0.01646682620048523,-0.002207636833190918,False,0.31837655791788855,0.882963255281953,0.020207956433296204,-0.005948767066001892,False,0.4840599798387097,0.8723544300894417,0.019219383597373962,-0.004960194230079651,False,0.5371609237536656,0.8547045498703245,0.7726299028592375,11,False,0.8396425440659832,0.8153821083519169,0.014853686094284058,-0.0005944967269897461,False,0.1014250366568915,0.6964968309701975,0.008306711912155151,0.00595247745513916,False,0.24682688782991202,0.626894035419147,0.00518915057182312,0.009070038795471191,False,0.3686136821847507,0.5697928649389499,0.002810060977935791,0.01144912838935852,False,0.4224878574046921,0.5203757332307123,0.0008154809474945068,0.013443708419799805,False,0.5573565799120235,0.6605669068502241,0.4864827712609971,6,False,0.6790782940545321,0.1941376430201004,0.16056425001145103
add_att:95,000000113403.jpg,add_att,Three teddy bears laying in bed under the covers.,Three teddy bears laying in a canopy bed under the covers.,0.3307153284549713,0.327320396900177,0.0033949315547943115,0.5840673990903611,12,6.331740687315346e-17,0.8841562000015983,0.0002941999991890043,0.00013469999976223335,0.5020488981957165,8.195638656616211e-05,0.0033129751682281494,False,0.18054233033240996,0.4215026376132013,-0.0031660795211791992,0.006561011075973511,True,0.24742468836565096,0.16332687977215873,-0.016336798667907715,0.019731730222702026,True,0.3041085959141274,0.10493577877895982,-0.021435469388961792,0.024830400943756104,True,0.4359093663434903,0.09591967659764532,-0.022434070706367493,0.025829002261161804,True,0.5816795792936288,0.23451773951355218,1.0,12,False,0.30570581668695107,0.3848369319540698,-0.004690676927566528,0.00808560848236084,True,0.14987123441828254,0.34459225643433106,-0.006428956985473633,0.009823888540267944,True,0.24719204466759004,0.28078095923339924,-0.009405910968780518,0.012800842523574829,True,0.38138958621883656,0.17422628493820913,-0.015559658408164978,0.01895458996295929,True,0.5131903566481995,0.17422628493820913,-0.015559658408164978,0.01895458996295929,True,0.5131903566481995,0.25103481490226,0.7279259002770083,8,False,0.35083802386657004,-0.016517075388707808,-0.045132207179618966
add_obj:1989,000000123131.jpg,add_obj,A large black truck in a parking lot,A large black truck and a moped are in a parking lot.,0.2805836796760559,0.22686216235160828,0.05372151732444763,0.9953773405888812,13,4.85722573273506e-17,1.1434019000007538,0.00023969999892869964,0.00010900000052060932,0.9777027099911699,0.0378074049949646,0.015914112329483032,False,0.11550278691520467,0.9591498750959514,0.03156137466430664,0.02216014266014099,False,0.27056492141812866,0.8539092433952599,0.01765596866607666,0.03606554865837097,False,0.3409687956871345,0.5722048960158648,0.0029085278511047363,0.050812989473342896,False,0.4715426260964912,0.5121078062132987,0.0004844069480895996,0.05323711037635803,False,0.5083036366959064,0.5989381634264223,0.7352716100146199,8,False,0.8675412534312247,0.9777027099911699,0.0378074049949646,0.015914112329483032,False,0.11550278691520467,0.940146227374734,0.027541309595108032,0.0261802077293396,False,0.2460766173245614,0.882964949131905,0.020208120346069336,0.033513396978378296,False,0.4011387518274854,0.882964949131905,0.020208120346069336,0.033513396978378296,False,0.4011387518274854,0.5629985653624456,0.0025334060192108154,0.051188111305236816,False,0.5423691063596491,0.6124246634052076,0.8385131122076024,10,False,0.8898244481836376,-0.013486499978785371,-0.022283194752412916
replace_att:490,000000308430.jpg,replace_att,Someone is cooking a vegtable stir fry for dinner,Someone is cooking a meat stir fry for dinner.,0.28549835085868835,0.26781076192855835,0.017687588930130005,0.8543032593877644,12,2.0816681711721685e-17,1.2547736000014993,0.00025660000028437935,0.00010449999899719842,0.8043924862223966,0.014139771461486816,0.0035478174686431885,False,0.16997273763020834,0.7766494700443103,0.012462466955184937,0.005225121974945068,False,0.24932352701822916,0.8575999688979759,0.017954975366592407,-0.00026738643646240234,False,0.3732045491536458,0.6883551712563826,0.007924407720565796,0.009763181209564209,False,0.4748484293619792,0.46794172186562377,-0.001284092664718628,0.018971681594848633,True,0.5475514729817709,0.6455281743619072,0.7712046305338541,8,False,0.7771374687182518,0.862428148472168,0.01835605502128601,-0.0006684660911560059,False,0.10164388020833333,0.7116521429314071,0.009034216403961182,0.008653372526168823,False,0.22552490234375,0.8531092255034448,0.01759198307991028,9.560585021972656e-05,False,0.3950347900390625,0.649949086896967,0.006188154220581055,0.01149943470954895,False,0.46820068359375,0.46794172186562377,-0.001284092664718628,0.018971681594848633,True,0.5475514729817709,0.6267305704585974,0.5475514729817709,6,False,0.7610375728649726,0.018797603903309867,0.0160998958532792
replace_obj:1414,000000017379.jpg,replace_obj,a tv in a bathroom mirror next to sinks,A TV in a bathroom mirror next to a toilet.,0.3632531762123108,0.36007314920425415,0.0031800270080566406,0.5788374180603831,11,5.4752209710517974e-17,1.2272890999993251,0.00029460000223480165,0.000134599999000784,0.437996680033831,-0.002492964267730713,0.0056729912757873535,True,0.13795095713350786,0.5057709634481897,0.0002308487892150879,0.0029491782188415527,False,0.2291240592277487,0.46741123175423593,-0.00130540132522583,0.004485428333282471,True,0.3248936518324607,0.6605143534052341,0.006655871868133545,-0.0034758448600769043,False,0.49988751636125656,0.6095411290947373,0.004453837871551514,-0.001273810863494873,False,0.6025237238219895,0.5569275854543262,0.9225038857984293,10,False,0.5371188144053112,0.437996680033831,-0.002492964267730713,0.0056729912757873535,True,0.13795095713350786,0.4011560600099475,-0.004006505012512207,0.007186532020568848,True,0.2218688645287958,0.36255149581121765,-0.005643069744110107,0.008823096752166748,True,0.3808235847513089,0.3238942141990105,-0.007359325885772705,0.010539352893829346,True,0.48798981511780104,0.282158811277169,-0.009337782859802246,0.012517809867858887,True,0.5828595386125655,0.36641133021891636,0.6603556528141361,7,False,0.3973059969212887,0.19051625523540983,0.13981281748402247
replace_rel:830,000000261097.jpg,replace_rel,Male tennis player on the middle of the court.,Male tennis player on the edge of the court.,0.32068324089050293,0.31575095653533936,0.004932284355163574,0.6208666737993744,9,6.591949208711867e-17,1.2204969999984314,0.0002764999990176875,0.00012539999806904234,0.7003434882580584,0.008489340543746948,-0.003557056188583374,False,0.2008108108108108,0.7003434882580584,0.008489340543746948,-0.003557056188583374,False,0.2008108108108108,0.428367144286427,-0.002885162830352783,0.007817447185516357,True,0.3282942942942943,0.4494460541420418,-0.0020290911197662354,0.00696137547492981,True,0.4276816816816817,0.4937247054834731,-0.0002510249614715576,0.005183309316635132,True,0.5555855855855856,0.5016327117908758,0.8388888888888889,7,False,0.5553453545680967,0.7003434882580584,0.008489340543746948,-0.003557056188583374,False,0.2008108108108108,0.7003434882580584,0.008489340543746948,-0.003557056188583374,False,0.2008108108108108,0.5239576085607126,0.0009590387344360352,0.003973245620727539,False,0.3781141141141141,0.2614169529767294,-0.010386168956756592,0.015318453311920166,True,0.4613093093093093,0.26339023962981184,-0.010284215211868286,0.01521649956703186,True,0.5453093093093093,0.5081836942299665,0.5915195195195195,6,False,0.5426359085351109,-0.006550982439090691,0.01270944603298585
swap_att:234,000000163257.jpg,swap_att,A man in a neon green shirt and black pants holding a pink umbrella.,A man in a pink shirt and black pants holding a neon green umbrella.,0.32117757201194763,0.3140648603439331,0.007112711668014526,0.6706819803382806,12,1.0755285551056204e-16,0.9382070000028762,0.00028530000054161064,0.00013620000027003698,0.4702871173858391,-0.0011899173259735107,0.008302628993988037,True,0.14193474264705883,0.4327168532582367,-0.002707749605178833,0.00982046127319336,True,0.23000344669117648,0.2744055328635217,-0.009723842144012451,0.016836553812026978,True,0.33087660845588235,0.3570364494496734,-0.0058825016021728516,0.012995213270187378,True,0.44917279411764705,0.3753591889676334,-0.005092933773994446,0.012205645442008972,True,0.5325022977941176,0.4089116580119039,0.6162511488970588,7,False,0.421150144040575,0.4702871173858391,-0.0011899173259735107,0.008302628993988037,True,0.14193474264705883,0.4327168532582367,-0.002707749605178833,0.00982046127319336,True,0.23000344669117648,0.4600278094667716,-0.0016023069620132446,0.008715018630027771,True,0.3566004136029412,0.4782409199523415,-0.0008709132671356201,0.007983624935150146,True,0.4399299172794118,0.4817210721111096,-0.0007314831018447876,0.007844194769859314,True,0.5267290900735294,0.4853473506311117,0.6763614430147059,8,False,0.48981343122025356,-0.0764356926192078,-0.06866328717967857
swap_obj:92,000000011511.jpg,swap_obj,A sculpture of two women stting on a bench with their purses on the ground while people standing in a line behind them. ,A sculpture of people standing in a line on a bench with their purses on the ground while two women sit behind them.,0.3732389807701111,0.36013171076774597,0.013107270002365112,0.7876347838953716,13,1.0408340855860843e-16,1.370190300000104,0.0002625999986776151,0.0001049999991664663,0.745263743984941,0.010735094547271729,0.002372175455093384,False,0.15632370283018868,0.5624030920651816,0.002509206533432007,0.010598063468933105,False,0.2491260950134771,0.6951734939757754,0.008244186639785767,0.004863083362579346,False,0.31276848888140163,0.6921502112659279,0.00810191035270691,0.005005359649658203,False,0.47333536893531,0.7010360158396686,0.008522361516952515,0.004584908485412598,False,0.5290073281671159,0.6139011468212445,1.0,13,False,0.7006882501042073,0.6195307679715032,0.00487557053565979,0.008231699466705322,False,0.15896121125336926,0.6863415902172366,0.007830709218978882,0.0052765607833862305,False,0.24510929076819407,0.467078878213912,-0.0013187527656555176,0.01442602276802063,True,0.3379116829514825,0.4376101101258202,-0.0025086700916290283,0.01561594009399414,True,0.4566627358490566,0.35147954408431503,-0.006125420331954956,0.01923269033432007,True,0.5268383591644205,0.4618011726332657,0.7430245535714286,10,False,0.5751589330949052,0.15209997418797883,0.12552931700930214
add_att:184,000000110211.jpg,add_att,A large open area of land that has several zebra of different sizes and warthogs near them.,A large open area of land that has several zebra of different sizes and spotted warthogs near them.,0.32262781262397766,0.31257450580596924,0.010053306818008423,0.7321053624821465,12,4.3151246464923076e-17,1.0650445999999647,0.0002869000018108636,0.00013899999976274557,0.6456484024107039,0.005999654531478882,0.004053652286529541,False,0.1296875,0.6243937672515935,0.0050823986530303955,0.004970908164978027,False,0.21482244318181817,0.597263553237333,0.003940761089324951,0.006112545728683472,False,0.3088565340909091,0.49006297915189473,-0.0003975331783294678,0.01045083999633789,True,0.4078409090909091,0.6966379298351939,0.008313387632369995,0.0017399191856384277,False,0.5472798295454545,0.6695374266886096,0.6176420454545455,7,False,0.6164858589034886,0.6116640938403293,0.004543125629425049,0.005510181188583374,False,0.1693465909090909,0.6027915694014242,0.004171103239059448,0.005882203578948975,False,0.2633806818181818,0.5952898962879634,0.0038587749004364014,0.0061945319175720215,False,0.3069318181818182,0.543880265812929,0.0017597377300262451,0.008293569087982178,False,0.4366193181818182,0.48307725697539794,-0.0006771683692932129,0.010730475187301636,True,0.5164701704545455,0.5463866502992898,0.6014772727272727,7,False,0.6037913885715135,0.12315077638931982,0.012694470331975127
add_obj:1103,000000334399.jpg,add_obj,A clock that is standing on a table.,A clock that is standing on a table next to a painting.,0.2824554741382599,0.2581797242164612,0.024275749921798706,0.9189060101191615,12,2.667137344314341e-17,0.9732107999989239,0.0002975999996124301,0.00013450000187731348,0.9275740119701061,0.02550007402896881,-0.001224324107170105,False,0.17270406087239584,0.9088306417073483,0.022994399070739746,0.00128135085105896,False,0.23100789388020834,0.8503450620839605,0.01737309992313385,0.006902649998664856,False,0.3280181884765625,0.20340714022418005,-0.013651341199874878,0.037927091121673584,True,0.4647013346354167,0.2550857854616347,-0.010716691613197327,0.03499244153499603,True,0.5465037027994791,0.5795152303748456,0.6002604166666666,7,False,0.7119422882477561,0.5322660312139159,0.0012924373149871826,0.022983312606811523,False,0.155120849609375,0.578831605770198,0.003179788589477539,0.021095961332321167,False,0.2134246826171875,0.5860266397613498,0.0034756362438201904,0.020800113677978516,False,0.3737996419270833,0.5529914306339972,0.0021276473999023438,0.022148102521896362,False,0.4275563557942708,0.3246700231876451,-0.007323920726776123,0.03159967064857483,True,0.5793100992838541,0.6223743533623997,0.3737996419270833,5,False,0.5792413249005909,-0.04285912298755401,0.1327009633471652
replace_att:659,000000379453.jpg,replace_att,An Air Force jet flying in a deep blue sky.,An Air Force jet flying in a fiery red sky.,0.27870598435401917,0.19800974428653717,0.080696240067482,0.9996871969687717,16,1.9949319973733282e-17,1.3289141000022937,0.00024959999791462906,0.0001258000011148397,0.9994071159484625,0.07429918646812439,0.006397053599357605,False,0.12448045699310006,0.9968550396587127,0.057588040828704834,0.02310819923877716,False,0.20148543232120555,0.9965669266192849,0.05670860409736633,0.02398763597011566,False,0.3328146434348191,0.9933495314081575,0.050063952803611755,0.03063228726387024,False,0.4463565447062918,0.9961593448116353,0.055582642555236816,0.025113597512245178,False,0.5214010769640262,0.996519496511667,0.5214010769640262,8,False,0.9969345412390878,0.9975716695952545,0.06018120050430298,0.020515039563179016,False,0.12826313957535676,0.9945424325098354,0.05205279588699341,0.028643444180488586,False,0.2474918613460003,0.9930201092987356,0.049577176570892334,0.03111906349658966,False,0.3743064228824144,0.9888326407428024,0.044835299253463745,0.03586094081401825,False,0.43820253475563564,0.9935055345794496,0.0503028929233551,0.030393347144126892,False,0.5007677975471427,0.9949430931119523,0.5777727728752483,9,False,0.9948742528827927,0.0015764033997147653,0.0020602883562950147
replace_obj:284,000000047828.jpg,replace_obj,A bridge in the distance with multiple different colored lights.,A tunnel in the distance with multiple different colored lights.,0.32221370935440063,0.2535763084888458,0.06863740086555481,0.9989560926505064,13,1.0842021724855044e-16,0.7151075999972818,0.0002358999990974553,0.00010960000145132653,0.8999054857631809,0.021961748600006104,0.046675652265548706,False,0.15806471456692914,0.5218237769753145,0.0008735060691833496,0.06776389479637146,False,0.2572896161417323,0.7527779375657881,0.011134833097457886,0.057502567768096924,False,0.32191959891732286,0.44241922674849854,-0.0023134946823120117,0.07095089554786682,True,0.4486958661417323,0.44380621574401175,-0.0022572875022888184,0.07089468836784363,True,0.5226070374015748,0.4434223322809593,0.7188576525590551,9,False,0.708578328881022,0.8084967276624099,0.014402717351913452,0.05423468351364136,False,0.19089874507874016,0.5218237769753145,0.0008735060691833496,0.06776389479637146,False,0.2572896161417323,0.3832450789198164,-0.004757970571517944,0.07339537143707275,True,0.32140440452755903,0.20243247148020707,-0.013711601495742798,0.08234900236129761,True,0.5118187130905512,0.20243247148020707,-0.013711601495742798,0.08234900236129761,True,0.5118187130905512,0.3949261885638598,0.9026436392716536,12,False,0.5889891102319305,0.04849614371709948,0.11958921864909156
replace_rel:1122,000000217285.jpg,replace_rel,some ball players are looking home plate and talking,Some ball players are throwing towards home plate and talking.,0.2599528431892395,0.2542179822921753,0.005734860897064209,0.6395671824100488,9,2.168404344971009e-17,1.0859399999972084,0.00028300000121816993,0.00012589999823831022,0.6570602874393289,0.006502211093902588,-0.0007673501968383789,False,0.18253723501461988,0.5771327614312342,0.003110140562057495,0.002624720335006714,False,0.37863783808479534,0.5771327614312342,0.003110140562057495,0.002624720335006714,False,0.37863783808479534,0.5317080406749152,0.0012700259685516357,0.004464834928512573,False,0.48393526133040937,0.631701186201437,0.005395218729972839,0.00033964216709136963,False,0.638546235380117,0.5897436933507838,0.8690778051900585,7,False,0.6071152629545917,0.5076168843092822,0.0003046989440917969,0.005430161952972412,False,0.1546109740497076,0.7536083904083745,0.011179506778717041,-0.005444645881652832,False,0.35071157711988304,0.7536083904083745,0.011179506778717041,-0.005444645881652832,False,0.35071157711988304,0.7010257096638066,0.008521869778633118,-0.0027870088815689087,False,0.5332488121345029,0.7010257096638066,0.008521869778633118,-0.0027870088815689087,False,0.5332488121345029,0.6436064662583192,0.638546235380117,4,False,0.6471827364369885,-0.05386277290753538,-0.04006747348239681
swap_att:386,000000209829.jpg,swap_att,A man on a surfboard with two people swimming behind him.,Two men on surfboards with a person swimming behind them.,0.3431117832660675,0.32966989278793335,0.013441890478134155,0.7931779847864855,15,6.591949208711867e-17,1.3071119999985967,0.00030300000071292743,0.0001427000024705194,0.6093666279081985,0.004446506500244141,0.008995383977890015,False,0.17293802897135416,0.41849852255325715,-0.0032894015312194824,0.016731292009353638,True,0.2555694580078125,0.3415717484556601,-0.006562978029251099,0.020004868507385254,True,0.3453013102213542,0.43444123144559627,-0.002637535333633423,0.016079425811767578,True,0.4096476236979167,0.4553790334668906,-0.0017895996570587158,0.015231490135192871,True,0.5647786458333334,0.4774090800648687,0.6241302490234375,8,False,0.5167174801752632,0.5282151444668609,0.0011298060417175293,0.012312084436416626,False,0.14482625325520834,0.44501963072402195,-0.002208143472671509,0.015650033950805664,True,0.23885599772135416,0.34710243877014046,-0.006318002939224243,0.0197598934173584,True,0.372467041015625,0.31076324252909343,-0.007965534925460815,0.02140742540359497,True,0.4500478108723958,0.27064131046314316,-0.009913712739944458,0.023355603218078613,True,0.5275980631510416,0.4207583768497652,0.7451019287109375,11,False,0.45948558965735753,0.056650703215103515,0.05723189051790567
swap_obj:109,000000007816.jpg,swap_obj,A person on a motorcycles driving past a group of people behind a fence.,A group of people on motorcycles driving past a person behind a fence.,0.2991335391998291,0.282362163066864,0.016771376132965088,0.8425251318045933,12,9.80118763926896e-17,1.2877646000015375,0.00024539999867556617,0.00010760000077425502,0.8219540660047497,0.01529642939567566,0.0014749467372894287,False,0.1766892817982456,0.809283150491072,0.014453589916229248,0.00231778621673584,False,0.2678693804824561,0.8193715273843176,0.01512095332145691,0.0016504228115081787,False,0.3389357182017544,0.8250696265822053,0.015510797500610352,0.0012605786323547363,False,0.42247464364035087,0.8057105404709418,0.014223754405975342,0.002547621726989746,False,0.5427346034356725,0.7830810012771362,0.9250845211988304,11,False,0.8218258490815499,0.8219540660047497,0.01529642939567566,0.0014749467372894287,False,0.1766892817982456,0.7728513466783749,0.012244820594787598,0.00452655553817749,False,0.24847519188596492,0.7243561206450814,0.009661734104156494,0.007109642028808594,False,0.31558388157894735,0.635986388874904,0.005579859018325806,0.011191517114639282,False,0.44406752558479534,0.7545098366188464,0.011228114366531372,0.005543261766433716,False,0.5695529513888888,0.7811948551613692,0.7241582145467836,8,False,0.7535070404124532,0.0018861461157669845,0.06831880866909668
add_att:206,000000283113.jpg,add_att,"A hot dog is smothered with bacon, onions, and mustard.","A hot dog is smothered with bacon, pickle-flavored onions, and mustard.",0.31644517183303833,0.3155258595943451,0.0009193122386932373,0.5229666333239751,15,4.2500725161431774e-17,1.3654423999978462,0.0003054000007978175,0.00014209999790182337,0.42066934359380437,-0.0032002627849578857,0.004119575023651123,True,0.11244710286458333,0.32457528099747,-0.007328242063522339,0.008247554302215576,True,0.24503072102864584,0.3151822263640574,-0.0077600181102752686,0.008679330348968506,True,0.3293202718098958,0.3763571953676978,-0.005050390958786011,0.005969703197479248,True,0.4637807210286458,0.38030627068116757,-0.004882484674453735,0.005801796913146973,True,0.5177510579427084,0.4111915418064447,0.7244517008463541,11,False,0.37920096394212205,0.43874435947928014,-0.0024625957012176514,0.0033819079399108887,True,0.1602630615234375,0.3566896622252046,-0.005897611379623413,0.00681692361831665,True,0.2445526123046875,0.3110237428336113,-0.007953375577926636,0.008872687816619873,True,0.3084259033203125,0.30431962202898516,-0.008268117904663086,0.009187430143356323,True,0.4393870035807292,0.27872608460072373,-0.009507894515991211,0.010427206754684448,True,0.5004069010416666,0.2953096124686152,0.5510304768880209,8,False,0.37967714744304654,0.11588192933782948,-0.00047618350092448747
add_obj:684,000000369370.jpg,add_obj,A delicious sandwich layered with meat and dressed with avocado lies on a cutting board.,A delicious sandwich layered with pickles and meat and dressed with avocado lies on a cutting board.,0.2761591672897339,0.2741887867450714,0.0019703805446624756,0.5491007590114011,12,4.597017211338539e-17,1.345983700000943,0.0002913999996962957,0.00013649999891640618,0.455579343367064,-0.0017815232276916504,0.003751903772354126,True,0.13651529947916666,0.4483276129535322,-0.002074301242828369,0.004044681787490845,True,0.21911112467447916,0.6127947113469386,0.004590749740600586,-0.0026203691959381104,False,0.3355255126953125,0.638273915447208,0.005678802728652954,-0.0037084221839904785,False,0.4457651774088542,0.5642384276225059,0.002583816647529602,-0.0006134361028671265,False,0.5296529134114584,0.5572218023324025,0.5296529134114584,6,False,0.5419928402247935,0.6603846964529313,0.006650090217590332,-0.0046797096729278564,False,0.15626017252604166,0.703233107659585,0.00862741470336914,-0.006657034158706665,False,0.2789103190104167,0.6823501966007933,0.007645934820175171,-0.005675554275512695,False,0.3514760335286458,0.6064079512298528,0.00432237982749939,-0.002351999282836914,False,0.4154256184895833,0.5353268276686574,0.0014154314994812012,0.0005549490451812744,False,0.5173288981119791,0.6179167896909377,0.4154256184895833,6,False,0.6335910244422676,-0.06069498735853518,-0.09159818421747401
replace_att:353,000000177935.jpg,replace_att,A kitchen has a vintage gas range and yellow walls.,A kitchen has a modern gas range and yellow walls.,0.34895801544189453,0.32868510484695435,0.020272910594940186,0.8836328181399435,14,3.469446951953614e-17,1.3271107000000484,0.0002476999979990069,0.00011079999967478216,0.7209208852053886,0.009490340948104858,0.010782569646835327,False,0.14483642578125,0.8962113396062317,0.02155819535255432,-0.0012852847576141357,False,0.23145548502604166,0.7019621129710621,0.008566588163375854,0.011706322431564331,False,0.3761342366536458,0.7818669690266261,0.0127657949924469,0.007507115602493286,False,0.4298350016276042,0.6865872611220741,0.00784212350845337,0.012430787086486816,False,0.5474751790364584,0.5815502373542433,0.9374796549479166,13,False,0.7818856422177545,0.6762017152110961,0.007363706827163696,0.01290920376777649,False,0.15086873372395834,0.6440738338252201,0.005930900573730469,0.014342010021209717,False,0.21688334147135416,0.540047329700207,0.0016053318977355957,0.01866757869720459,False,0.3478546142578125,0.4319349769482248,-0.0027396082878112793,0.023012518882751465,True,0.4204864501953125,0.52160588671452,0.0008647739887237549,0.01940813660621643,False,0.5071055094401041,0.45154216930287044,0.8953399658203125,12,False,0.621926998712733,0.13000806805137283,0.15995864350502143
replace_obj:652,000000278848.jpg,replace_obj,People are waiting for the bus with umbrellas. ,People are waiting for the train with umbrellas.,0.30942344665527344,0.25967922806739807,0.049744218587875366,0.9931349406265899,13,5.2692225582795515e-17,1.2862255000000005,0.0003096000000368804,0.0001446999995096121,0.9787507013644152,0.03829953074455261,0.011444687843322754,False,0.11821492513020833,0.8991318649458536,0.021876156330108643,0.027868062257766724,False,0.2011566162109375,0.7457624439103272,0.010761380195617676,0.03898283839225769,False,0.4363911946614583,0.7457624439103272,0.010761380195617676,0.03898283839225769,False,0.4363911946614583,0.7453842372692712,0.010741442441940308,0.03900277614593506,False,0.5080108642578125,0.6491209127505587,0.9320271809895834,12,False,0.8686748462424567,0.7794578572224911,0.01262509822845459,0.037119120359420776,False,0.1719207763671875,0.730099285792433,0.009951263666152954,0.03979295492172241,False,0.23497517903645834,0.7018430111114702,0.008560895919799805,0.04118332266807556,False,0.3065948486328125,0.6086285905443063,0.0044155120849609375,0.04532870650291443,False,0.4297281901041667,0.19785562575463855,-0.013997510075569153,0.06374172866344452,True,0.5428059895833334,0.4723516960055216,0.7647654215494791,11,False,0.6955000560307133,0.1767692167450371,0.17317479021174342
replace_rel:142,000000306700.jpg,replace_rel,A woman getting ready to eat a pizza on the table.,A woman getting ready to eat a pizza next to the table.,0.32231849431991577,0.31759339570999146,0.004725098609924316,0.6159776345305489,13,5.204170427930421e-17,1.331430399997771,0.00024820000180625357,0.0001083999995898921,0.6797588097671352,0.0075266361236572266,-0.00280153751373291,False,0.10317484537760417,0.5983168934894197,0.003984570503234863,0.0007405281066894531,False,0.2506815592447917,0.5208376283698308,0.0008339881896972656,0.0038911104202270508,False,0.3411356608072917,0.5152257679712474,0.0006092190742492676,0.004115879535675049,False,0.4031626383463542,0.5344052240185576,0.001378387212753296,0.0033467113971710205,False,0.5258127848307291,0.5556498292705478,0.9154764811197916,12,False,0.5861834212864132,0.6797588097671352,0.0075266361236572266,-0.00280153751373291,False,0.10317484537760417,0.5983168934894197,0.003984570503234863,0.0007405281066894531,False,0.2506815592447917,0.43826006017509905,-0.0024822652339935303,0.007207363843917847,True,0.3774058024088542,0.5845646984232139,0.003415405750274658,0.0013096928596496582,False,0.4690297444661458,0.5784799216242992,0.0031653642654418945,0.0015597343444824219,False,0.5198822021484375,0.5019650757239792,0.6454416910807291,8,False,0.5832383016619521,0.05368475354656865,0.00294511962446109
swap_att:155,000000422706.jpg,swap_att,People watch from a large boat as a smaller boat is lowered into the ocean.,People watch from a smaller boat as a larger boat is lowered into the ocean.,0.2951972484588623,0.2899811863899231,0.005216062068939209,0.6275232744363117,13,2.1250362580715887e-17,1.2868166999978712,0.00029409999842755497,0.00013920000128564425,0.5411146258212223,0.0016483068466186523,0.0035677552223205566,False,0.10221925255847954,0.5266738080027671,0.0010679662227630615,0.0041480958461761475,False,0.24809256213450293,0.5540299297610971,0.002169668674468994,0.003046393394470215,False,0.376484831871345,0.4843722836925669,-0.000625312328338623,0.005841374397277832,True,0.5065446820175439,0.4843722836925669,-0.000625312328338623,0.005841374397277832,True,0.5065446820175439,0.4853442942919035,0.7804676078216374,10,False,0.5419334338803178,0.5411146258212223,0.0016483068466186523,0.0035677552223205566,False,0.10221925255847954,0.4385785104712269,-0.0024693310260772705,0.0076853930950164795,True,0.24402069627192982,0.4184129441034007,-0.0032929182052612305,0.00850898027420044,True,0.3201697277046784,0.42465309917164085,-0.003037005662918091,0.0082530677318573,True,0.4794236567982456,0.4368584600150211,-0.002539217472076416,0.007755279541015625,True,0.5571774488304093,0.4534949221174117,0.6122076023391813,8,False,0.4710214537144826,0.0318493721744918,0.07091198016583516
swap_obj:69,000000193162.jpg,swap_obj,A man is right behind a cow on green grass.,A cow is right behind a man on green grass.,0.2761547565460205,0.2708137333393097,0.005341023206710815,0.6304394038288881,14,2.2551405187698492e-17,1.2562460000008286,0.0002936999990197364,0.0001405000002705492,0.6530893463616984,0.006326466798782349,-0.0009854435920715332,False,0.1607844480994152,0.633080940697842,0.005454570055007935,-0.00011354684829711914,False,0.2372875548245614,0.6861304735212563,0.00782090425491333,-0.0024798810482025146,False,0.40145285087719296,0.6861304735212563,0.00782090425491333,-0.0024798810482025146,False,0.40145285087719296,0.6673659256721403,0.006962954998016357,-0.001621931791305542,False,0.550866913377193,0.6643319330971051,0.550866913377193,7,False,0.6567533568977661,0.6530893463616984,0.006326466798782349,-0.0009854435920715332,False,0.1607844480994152,0.6594007945434069,0.006606251001358032,-0.0012652277946472168,False,0.2301375182748538,0.6588215825198079,0.006580471992492676,-0.0012394487857818604,False,0.3121002375730994,0.6112102345890356,0.004524022340774536,0.0008170008659362793,False,0.44840209247076024,0.557676344123614,0.002317368984222412,0.0030236542224884033,False,0.5249051991959064,0.5960859483906695,0.5730879934210527,8,False,0.6362793682582926,0.06824598470643561,0.020473988639473584
add_att:443,000000176606.jpg,add_att,A sheep standing up against the side of a house covered in grass.,A sheep standing up against the side of a house covered in brownish grass.,0.36113324761390686,0.35268744826316833,0.008445799350738525,0.6994289256082367,14,3.122502256758253e-17,1.2680571999990207,0.0002587999988463707,0.00011019999874406494,0.37928626969248647,-0.004925787448883057,0.013371586799621582,True,0.1593017578125,0.3193297255798877,-0.007568538188934326,0.01601433753967285,True,0.2758534749348958,0.37617219628470244,-0.005058273673057556,0.013504073023796082,True,0.3770955403645833,0.40126918392254085,-0.004001796245574951,0.012447595596313477,True,0.4325052897135417,0.5767290433773797,0.0030936002731323242,0.005352199077606201,False,0.5681101481119791,0.5719824603135699,0.7384287516276041,10,False,0.4395087972718328,0.5784784682185854,0.003165304660797119,0.005280494689941406,False,0.12733968098958334,0.6084887331390243,0.0044096410274505615,0.004036158323287964,False,0.2805277506510417,0.5373034127760833,0.0014949142932891846,0.006950885057449341,False,0.3678995768229167,0.616357543319466,0.004741162061691284,0.003704637289047241,False,0.4186197916666667,0.5837893579907142,0.0033834874629974365,0.005062311887741089,False,0.6038258870442709,0.5510279807192415,0.487274169921875,7,False,0.6007158322202347,0.02095447959432839,-0.16120703494840194
add_obj:45,000000062025.jpg,add_obj,"A bathroom with a sink, toilet and tub in front of a large mirror.","A bathroom with a sink, toilet, tub, and jacuzzi in front of a large mirror.",0.30609533190727234,0.29855111241340637,0.007544219493865967,0.6801414554304118,14,3.8977068100853884e-17,1.3148046000023896,0.00029709999944316223,0.00014589999773306772,0.7214003162406616,0.009514182806015015,-0.001969963312149048,False,0.120330810546875,0.6801894311808051,0.007546424865722656,-2.205371856689453e-06,False,0.2910054524739583,0.8112021173700459,0.014578402042388916,-0.007034182548522949,False,0.36212158203125,0.7345601103462694,0.010178834199905396,-0.0026346147060394287,False,0.4317067464192708,0.5882120129776228,0.0035657882690429688,0.003978431224822998,False,0.5131327311197916,0.7073197334362064,0.7968648274739584,10,False,0.7105343427525693,0.5926190279598298,0.0037480294704437256,0.003796190023422241,False,0.158203125,0.620995043601024,0.0049377381801605225,0.0026064813137054443,False,0.22440083821614584,0.6280587976851691,0.005238980054855347,0.00230523943901062,False,0.3915913899739583,0.6288806209845017,0.005274176597595215,0.002270042896270752,False,0.4272257486979167,0.6214382449967812,0.004956573247909546,0.002587646245956421,False,0.5475565592447916,0.5754185295267882,0.6760203043619791,9,False,0.6262052493668082,0.13190120390941817,0.08432909338576111
replace_att:452,000000008277.jpg,replace_att,A plate of shredded chicken with a broccoli cheese sauce.,A plate of whole chicken with a broccoli cheese sauce.,0.3461524248123169,0.30814608931541443,0.038006335496902466,0.9781322844924707,16,6.245004513516506e-17,1.4412147000002733,0.00031680000029155053,0.00014650000230176374,0.9925577295206238,0.04893109202384949,-0.010924756526947021,False,0.11985015869140625,0.9762504571291144,0.037161558866500854,0.0008447766304016113,False,0.20347213745117188,0.9850479252164149,0.04187840223312378,-0.0038720667362213135,False,0.3007621765136719,0.9813212331832947,0.039615124464035034,-0.0016087889671325684,False,0.40441131591796875,0.9277958349053972,0.02553313970565796,0.012473195791244507,False,0.5551300048828125,0.8925087326344575,0.7189140319824219,10,False,0.9756183338166803,0.9563833669659084,0.03087720274925232,0.0071291327476501465,False,0.18091201782226562,0.839907047171475,0.016575366258621216,0.02143096923828125,False,0.26092529296875,0.8523820993461928,0.017534077167510986,0.02047225832939148,False,0.30744171142578125,0.8271131825053163,0.01565304398536682,0.022353291511535645,False,0.40531158447265625,0.7417942444497929,0.010553151369094849,0.027453184127807617,False,0.5410690307617188,0.8430597867285434,0.5822486877441406,9,False,0.8776941738988933,0.04944894590591409,0.09792415991778702
replace_obj:603,000000550426.jpg,replace_obj,A vase is filled with a bouquet of tulips. ,A basket is filled with a bouquet of tulips.,0.3533577024936676,0.3263383209705353,0.027019381523132324,0.9371409130529809,12,3.642919299551295e-17,1.1733405999984825,0.0002961999998660758,0.0001357000001007691,0.9630410301270681,0.03260287642478943,-0.0055834949016571045,False,0.21022780593093093,0.9630410301270681,0.03260287642478943,-0.0055834949016571045,False,0.21022780593093093,0.969903744804171,0.03472796082496643,-0.0077085793018341064,False,0.33248873873873874,0.9759520041725319,0.03703361749649048,-0.010014235973358154,False,0.4101973066816817,0.9756753698846925,0.03691640496253967,-0.009897023439407349,False,0.5075309684684685,0.961457856666317,0.6918871996996997,8,False,0.9624668002213986,0.9535922232475111,0.030227690935134888,-0.0032083094120025635,False,0.12518768768768768,0.9214975209684589,0.02462869882583618,0.0023906826972961426,False,0.2862471846846847,0.8479028929017337,0.017182469367980957,0.009836912155151367,False,0.37128730292792794,0.8408190051287601,0.01664334535598755,0.010376036167144775,False,0.4183969125375375,0.8377713450271295,0.016417384147644043,0.010601997375488281,False,0.5566758164414415,0.858324382291648,0.4753073385885886,6,False,0.8989398985277173,0.10313347437466902,0.06352690169368136
replace_rel:477,000000187144.jpg,replace_rel,A white bus is pulled up to a sidewalk.,A white bus is speeding past a sidewalk.,0.2599066197872162,0.24627184867858887,0.01363477110862732,0.7963242381994463,15,2.0816681711721685e-17,1.2097023999995145,0.0002555999999458436,0.0001157000006060116,0.47698280985753655,-0.0009213387966156006,0.01455610990524292,True,0.14180501302083334,0.526177499462669,0.001048058271408081,0.012586712837219238,False,0.23142496744791666,0.4516556737481723,-0.0019398331642150879,0.015574604272842407,True,0.3025614420572917,0.43187318728984114,-0.0027421265840530396,0.01637689769268036,True,0.42535400390625,0.3806139530461675,-0.004869431257247925,0.018504202365875244,True,0.5501556396484375,0.4877071698175942,0.42535400390625,6,False,0.4997809083252705,0.25964912463957274,-0.010477930307388306,0.024112701416015625,True,0.14647420247395834,0.23789885394988178,-0.01164233684539795,0.02527710795402527,True,0.21051025390625,0.23031786887099154,-0.01206517219543457,0.02569994330406189,True,0.3111012776692708,0.31995645285826213,-0.007539719343185425,0.021174490451812744,True,0.4626413981119792,0.27973135135925387,-0.009457945823669434,0.023092716932296753,True,0.5288899739583334,0.25428694728768125,0.7571309407552084,11,False,0.337262328397635,0.23342022252991296,0.16251857992763552
swap_att:445,000000149622.jpg,swap_att,Two birds perched up on a large tree branch.,A large bird perched up on two tree branches.,0.30724868178367615,0.25128892064094543,0.05595976114273071,0.9963009602217952,7,1.6479873021779667e-17,1.2119707999991078,0.00027599999884841964,0.00012029999925289303,0.4170878336516883,-0.0033473968505859375,0.05930715799331665,True,0.280424507941989,0.4170878336516883,-0.0033473968505859375,0.05930715799331665,True,0.280424507941989,0.8218895075537047,0.01529201865196228,0.04066774249076843,False,0.42956340642265195,0.8218895075537047,0.01529201865196228,0.04066774249076843,False,0.42956340642265195,0.8400846917833601,0.01658858358860016,0.039371177554130554,False,0.5603904091850829,0.7686150271837582,0.6400908580801105,4,False,0.7125029745348908,0.4170878336516883,-0.0033473968505859375,0.05930715799331665,True,0.280424507941989,0.4170878336516883,-0.0033473968505859375,0.05930715799331665,True,0.280424507941989,0.8218895075537047,0.01529201865196228,0.04066774249076843,False,0.42956340642265195,0.8218895075537047,0.01529201865196228,0.04066774249076843,False,0.42956340642265195,0.8218170755844576,0.015287071466445923,0.04067268967628479,False,0.5092638553176796,0.7349199041862834,1.0,7,False,0.6991785386047349,0.03369512299747479,0.013324435930155865
swap_obj:145,000000120853.jpg,swap_obj,A close up of a sandwich with a drink in the back.,A close up of a drink with a sandwich in the back.,0.2937934398651123,0.2815632224082947,0.012230217456817627,0.7725948833205344,14,4.683753385137379e-17,1.3024413000021013,0.00030029999834368937,0.0001413000027241651,0.7228904991721454,0.009588450193405151,0.0026417672634124756,False,0.15987070540935672,0.7181658291630157,0.009353816509246826,0.0028764009475708008,False,0.21016652960526316,0.7166402266426035,0.009278565645217896,0.0029516518115997314,False,0.3776384320175439,0.6489734278920776,0.006145298480987549,0.006084918975830078,False,0.4706688596491228,0.5761694881894972,0.0030706822872161865,0.00915953516960144,False,0.5566463358918129,0.6459803533748144,0.5566463358918129,7,False,0.7044253717365455,0.7228904991721454,0.009588450193405151,0.0026417672634124756,False,0.15987070540935672,0.7258032893962815,0.00973433256149292,0.002495884895324707,False,0.24131373355263158,0.7220563153806839,0.009546846151351929,0.0026833713054656982,False,0.3343441611842105,0.3598779034090627,-0.005758941173553467,0.017989158630371094,True,0.42578696089181284,0.22060926294215796,-0.012621194124221802,0.02485141158103943,True,0.5685592562134503,0.4061958881318495,0.6963061951754386,9,False,0.5923551938265169,0.23978446524296493,0.1120701779100286
add_att:599,000000261982.jpg,add_att,a guy having a spill on his skate board,A dreadlocked guy having a spill on his skateboard.,0.2717127203941345,0.25127360224723816,0.020439118146896362,0.8853309944816281,11,1.7780915628762273e-17,1.2684235000015178,0.0002858000007108785,0.00013390000094659626,0.8092090825977821,0.014448791742324829,0.005990326404571533,False,0.26824517588797814,0.8092090825977821,0.014448791742324829,0.005990326404571533,False,0.26824517588797814,0.8983804230769267,0.02179357409477234,-0.0013544559478759766,False,0.3372822745901639,0.9513557222673147,0.02973353862762451,-0.00929442048072815,False,0.4543950648907104,0.9619098641031151,0.03228965401649475,-0.011850535869598389,False,0.5062916239754098,0.8976129064209692,0.912413550204918,9,False,0.877319200767764,0.8092090825977821,0.014448791742324829,0.005990326404571533,False,0.26824517588797814,0.8092090825977821,0.014448791742324829,0.005990326404571533,False,0.26824517588797814,0.8179757393847823,0.01502692699432373,0.005412191152572632,False,0.3381734545765027,0.7925216054833693,0.013401925563812256,0.0070371925830841064,False,0.42846012636612024,0.9644447304822704,0.03300464153289795,-0.012565523386001587,False,0.5493937841530054,0.9006453394628124,0.7366162909836066,7,False,0.8429482731191694,-0.0030324330418431966,0.03437092764859462
add_obj:490,000000221017.jpg,add_obj,A rooster walking on a beach near the ocean.,A rooster walking on a beach with a surfboard near the ocean.,0.3934314250946045,0.3697948157787323,0.023636609315872192,0.9140139634755636,15,1.9081958235744878e-16,1.3609569999971427,0.0003359000002092216,0.00014179999925545417,0.7028243151294399,0.008607834577560425,0.015028774738311768,False,0.13197835286458334,0.7874732275600114,0.013097614049911499,0.010538995265960693,False,0.271270751953125,0.6003514866462506,0.004069298505783081,0.01956731081008911,False,0.3440195719401042,0.645939492831098,0.006012380123138428,0.017624229192733765,False,0.4171905517578125,0.7582026130918096,0.011428505182266235,0.012208104133605957,False,0.5642801920572916,0.7423253605602875,0.7971038818359375,12,False,0.726292001242069,0.8181043860234211,0.015035569667816162,0.00860103964805603,False,0.1214752197265625,0.6985717658202317,0.008405059576034546,0.015231549739837646,False,0.24907938639322916,0.7000945044187005,0.008477479219436646,0.015159130096435547,False,0.3116200764973958,0.5765187784109589,0.0030849874019622803,0.020551621913909912,False,0.4646759033203125,0.3549231846373579,-0.005974680185317993,0.029611289501190186,True,0.5226491292317709,0.5385111088144527,0.5226491292317709,8,False,0.7087057811982311,0.20381425174583478,0.01758622004383792
replace_att:649,000000199551.jpg,replace_att,A boy asleep on a large bed under a mosquito net,A boy awake on a large bed under a mosquito net.,0.3505047559738159,0.34417301416397095,0.006331741809844971,0.6532088492855775,15,1.196959198423997e-16,1.1574270999990404,0.00024510000002919696,0.0001114999977289699,0.5557214480773507,0.002238154411315918,0.004093587398529053,False,0.10602841739766082,0.47203737580565214,-0.0011196732521057129,0.007451415061950684,True,0.21631144919590642,0.5716722626067482,0.0028867721557617188,0.003444969654083252,False,0.3622590003654971,0.5465194884970348,0.001866176724433899,0.004465565085411072,False,0.42967607821637427,0.5590770661762545,0.0023741722106933594,0.003957569599151611,False,0.5148882949561403,0.5661476662389601,0.8344126918859649,12,False,0.5471552554276358,0.5580982751254808,0.0023344755172729492,0.0039972662925720215,False,0.13211006030701755,0.4900860668502075,-0.0003966093063354492,0.00672835111618042,True,0.23601973684210525,0.35715960523550055,-0.005877137184143066,0.012208878993988037,True,0.3696032072368421,0.463469816861432,-0.0014638155698776245,0.007795557379722595,True,0.4370202850877193,0.41309663168650695,-0.003511786460876465,0.009843528270721436,True,0.5222325018274854,0.47710384996902716,0.4370202850877193,7,False,0.4903360928234119,0.08904381626993291,0.05681916260422387
replace_obj:443,000000180135.jpg,replace_obj,a man holding a skateboard and a microphone ,A woman holding a skateboard and a microphone.,0.3017926514148712,0.29172733426094055,0.010065317153930664,0.7323408520435712,10,8.326672684688674e-17,1.218007999999827,0.0002992000008816831,0.00012900000001536682,0.9106130575466845,0.023211434483528137,-0.013146117329597473,False,0.16536336336336335,0.8768767222736438,0.019631803035736084,-0.00956648588180542,False,0.28424024024024025,0.6922727571205035,0.008107662200927734,0.0019576549530029297,False,0.38127327327327326,0.6412201735916285,0.005806639790534973,0.004258677363395691,False,0.4535015015015015,0.6243602174139575,0.005080968141555786,0.004984349012374878,False,0.5356396396396397,0.5383453451076842,0.9372312312312312,9,False,0.7810318761780818,0.922909303104157,0.024825483560562134,-0.01476016640663147,False,0.1586126126126126,0.9368250467670469,0.02696588635444641,-0.016900569200515747,False,0.26375375375375376,0.7750095230975614,0.012368172407150269,-0.0023028552532196045,False,0.3783843843843844,0.8502822838064392,0.017368167638778687,-0.0073028504848480225,False,0.4605225225225225,0.8962013595862297,0.021557122468948364,-0.0114918053150177,False,0.5807627627627627,0.8716041763795099,0.5807627627627627,6,False,0.8590452350955737,-0.33325883127182576,-0.07801335891749195
replace_rel:548,000000144798.jpg,replace_rel,A bathroom with toys and books for young children.  ,A bathroom without toys and books for young children.,0.3263653516769409,0.31296175718307495,0.013403594493865967,0.7925490465458167,15,5.2475385148298415e-17,1.290675000000192,0.00025860000096145086,0.00011369999992894009,0.857801843197375,0.017971515655517578,-0.004567921161651611,False,0.10056870404411765,0.7987074194359335,0.013782352209091187,-0.0003787577152252197,False,0.2310546875,0.6804240684044381,0.007557213306427002,0.005846381187438965,False,0.31579733455882353,0.8290740468949189,0.01579079031944275,-0.0023871958255767822,False,0.4343118106617647,0.7172933724520908,0.009310752153396606,0.00409284234046936,False,0.5054457720588236,0.7289033289821678,0.7272346047794118,10,False,0.7877868606225946,0.857801843197375,0.017971515655517578,-0.004567921161651611,False,0.10056870404411765,0.7860963765310682,0.013015538454055786,0.00038805603981018066,False,0.24051011029411765,0.7323899201710277,0.01006782054901123,0.0033357739448547363,False,0.37308134191176473,0.7255125723394293,0.00971972942352295,0.0036838650703430176,False,0.4444048713235294,0.8033983353001465,0.014076709747314453,-0.0006731152534484863,False,0.5077205882352941,0.7397260310871705,0.5788545496323529,8,False,0.7859810953463223,-0.01082270210500269,0.0018057652762722975
swap_att:240,000000323709.jpg,swap_att,A large jet airplane parked next to a domed tower.,A domed jet airplane parked next to a large tower.,0.34260106086730957,0.3257994055747986,0.016801655292510986,0.8429264486716288,18,3.859759734048396e-17,1.1034388000007311,0.00030220000189729035,0.0001523000028100796,0.6760326867903631,0.007355988025665283,0.009445667266845703,False,0.15807342529296875,0.483874342461332,-0.0006452500820159912,0.017446905374526978,True,0.25579071044921875,0.4631693217873747,-0.001475900411605835,0.01827755570411682,True,0.32878875732421875,0.517163489260731,0.0006868094205856323,0.016114845871925354,False,0.44178009033203125,0.46273881941464945,-0.001493215560913086,0.018294870853424072,True,0.5129241943359375,0.5329592207889752,0.5932846069335938,10,False,0.5878704434338701,0.6760326867903631,0.007355988025665283,0.009445667266845703,False,0.15807342529296875,0.4280803704608985,-0.0028968751430511475,0.019698530435562134,True,0.2236328125,0.40355752830040115,-0.00390663743019104,0.020708292722702026,True,0.3552703857421875,0.38148975588864664,-0.0048322975635528564,0.021633952856063843,True,0.400360107421875,0.32274729704898625,-0.007411748170852661,0.024213403463363647,True,0.5191268920898438,0.4184877300991767,0.609161376953125,10,False,0.5210716040792985,0.11447149068979845,0.06679883935457154
swap_obj:126,000000105014.jpg,swap_obj,A bowl full of food sitting on a table next to a fork that rests on top of a circular disk.,A fork full of food sitting on a table next to a bowl that rests on top of a circular disk.,0.27622541785240173,0.2663731575012207,0.00985226035118103,0.7281439443021803,10,3.9898639947466563e-17,0.8601137999976345,0.000274800000624964,0.00012880000213044696,0.6416914028068635,0.005827128887176514,0.004025131464004517,False,0.13361773574561403,0.5625336423033235,0.0025145113468170166,0.007337749004364014,False,0.22359283625730994,0.4968812274104023,-0.00012475252151489258,0.009977012872695923,True,0.318827668128655,0.6151450768063257,0.004689916968345642,0.005162343382835388,False,0.4437534265350877,0.5645718042890344,0.0025973767042160034,0.007254883646965027,False,0.5758920413011696,0.582981689992389,0.5758920413011696,5,False,0.5965391802819601,0.41558693433512717,-0.003409162163734436,0.013261422514915466,True,0.18520993238304093,0.4968812274104023,-0.00012475252151489258,0.009977012872695923,True,0.318827668128655,0.4968812274104023,-0.00012475252151489258,0.009977012872695923,True,0.318827668128655,0.44488861777434346,-0.0022134482860565186,0.012065708637237549,True,0.45096628289473684,0.486818879862892,-0.0005273669958114624,0.010379627346992493,True,0.5313242415935673,0.49368389928786555,0.5313242415935673,5,False,0.5016391546011872,0.08929779070452343,0.09490002568077283
add_att:581,000000426329.jpg,add_att,Several desserts sitting behind a glass window with display cards in front of them.,Several desserts sitting behind a glass window with handwritten display cards in front of them.,0.2712850570678711,0.2696990370750427,0.0015860199928283691,0.5395675923455311,15,3.382710778154774e-17,1.0376294999987294,0.00029519999952754006,0.00014430000010179356,0.6141822641136703,0.004649266600608826,-0.0030632466077804565,False,0.1598078855994152,0.5673859289354811,0.002711936831474304,-0.001125916838645935,False,0.2176249543128655,0.6170771475549047,0.004771605134010315,-0.003185585141181946,False,0.36171075475146197,0.7018554837935457,0.008561491966247559,-0.0069754719734191895,False,0.4481793676900585,0.6981954190061431,0.008387193083763123,-0.006801173090934753,False,0.5119300529970761,0.6544737018180558,0.6195403874269005,9,False,0.612054129920358,0.5133169977586192,0.0005328059196472168,0.0010532140731811523,False,0.1375125639619883,0.5490786227223222,0.0019694864749908447,-0.0003834664821624756,False,0.23535727339181287,0.6506139603758282,0.006217390298843384,-0.004631370306015015,False,0.3518252010233918,0.6659552711514306,0.006899476051330566,-0.005313456058502197,False,0.41557588633040937,0.6167513989120892,0.004757821559906006,-0.0031718015670776367,False,0.5222610562865497,0.5804112762037059,0.4753403691520468,7,False,0.5832698226222548,0.07406242561434984,0.028784307298103218
add_obj:660,000000135561.jpg,add_obj,"A small, white formica kitchen with a refrigerator, sink and small electrical appliances","A small, white formica kitchen with bar stools, a refrigerator, sink, and small electrical appliances.",0.31353363394737244,0.3096752166748047,0.003858417272567749,0.595281280293868,15,8.673617379884035e-17,1.3629932000003464,0.0003006000006280374,0.00014319999900180846,0.6333342771146125,0.005465477705001831,-0.001607060432434082,False,0.13831583658854166,0.6543367584420379,0.006381571292877197,-0.0025231540203094482,False,0.2072296142578125,0.6711235064669985,0.00713270902633667,-0.003274291753768921,False,0.3287607828776042,0.6284277010743258,0.005254775285720825,-0.0013963580131530762,False,0.4842936197916667,0.7261252274760799,0.009750515222549438,-0.0058920979499816895,False,0.5728556315104166,0.5680334977749311,0.75054931640625,11,False,0.6474975315520008,0.6465771955029135,0.0060402750968933105,-0.0021818578243255615,False,0.10646565755208333,0.601866418332234,0.004132479429244995,-0.0002740621566772461,False,0.2277069091796875,0.6586942931534093,0.006574809551239014,-0.0027163922786712646,False,0.3559163411458333,0.7454591730768203,0.010745391249656677,-0.006886973977088928,False,0.4327901204427083,0.6741209209552991,0.007268831133842468,-0.0034104138612747192,False,0.5511016845703125,0.641586325415667,0.3559163411458333,6,False,0.6542254989131131,-0.0735528276407359,-0.006727967361112253
replace_att:142,000000168458.jpg,replace_att,A vase with purple iris's sitting next to a ceramic pitcher.,A vase with pink iris's sitting next to a ceramic pitcher.,0.3786230683326721,0.3436938524246216,0.03492921590805054,0.9704856946905405,14,7.28583859910259e-17,1.3112929000017175,0.0002955999989353586,0.00014379999993252568,0.8121496654533776,0.014640390872955322,0.020288825035095215,False,0.10883501838235295,0.8987383208815608,0.021832838654518127,0.01309637725353241,False,0.2581399356617647,0.9247361949163881,0.025085091590881348,0.00984412431716919,False,0.32266773897058826,0.9211752579488489,0.02458423376083374,0.010344982147216797,False,0.45085592830882354,0.542755538776671,0.0017144083976745605,0.03321480751037598,False,0.5357249540441177,0.6804510106232512,0.9046243106617647,12,False,0.8661052342593585,0.791984987241609,0.013369321823120117,0.02155989408493042,False,0.14939682904411763,0.31152400888257886,-0.00793004035949707,0.04285925626754761,True,0.2582318474264706,0.28174912603249064,-0.009358018636703491,0.04428723454475403,True,0.32919921875,0.29724291473925235,-0.008604615926742554,0.04353383183479309,True,0.4455997242647059,0.2668595832125706,-0.010106146335601807,0.045035362243652344,True,0.5410615808823529,0.3973731155876705,0.6299115349264706,9,False,0.5052624740276908,0.2830778950355807,0.3608427602316677
replace_obj:701,000000488270.jpg,replace_obj,Small plane inches above flat surface near water.,A small bird inches above flat surface near water.,0.28180426359176636,0.22026517987251282,0.06153908371925354,0.9978793471223891,14,2.6020852139652106e-17,0.851425200002268,0.00028759999986505136,0.00014010000086273067,0.47098876910054344,-0.0011617541313171387,0.06270083785057068,True,0.10545729472140762,0.29826021184868884,-0.008555963635444641,0.07009504735469818,True,0.2465691440615836,0.23085718717374154,-0.012034773826599121,0.07357385754585266,True,0.3056611986803519,0.1484142809209592,-0.01747092604637146,0.079010009765625,True,0.4262509164222874,0.07743085344442542,-0.024777770042419434,0.08631685376167297,True,0.5094448771994134,0.2191195383340472,0.5094448771994134,8,False,0.35258459582756124,0.47098876910054344,-0.0011617541313171387,0.06270083785057068,True,0.10545729472140762,0.4252222392771795,-0.003013715147972107,0.06455279886722565,True,0.24541788856304986,0.20775246199242842,-0.013385266065597534,0.07492434978485107,True,0.3047390487536657,0.08484062963964302,-0.023783236742019653,0.0853223204612732,True,0.4567964167888563,0.06290132211553881,-0.027012214064598083,0.08855129778385162,True,0.5399903775659824,0.22617962669039166,0.766478418255132,11,False,0.3469210460772439,-0.007060088356344446,0.005663549750317354
replace_rel:475,000000399205.jpg,replace_rel,All of these men are using their cell phones.,All of these men are talking on their cell phones.,0.2922866940498352,0.28600186109542847,0.006284832954406738,0.6521454745467298,11,4.163336342344337e-17,1.4011871999973664,0.0004244999981892761,0.0002226999968115706,0.7456285027539293,0.010754317045211792,-0.004469484090805054,False,0.10419209798177083,0.775375673379331,0.012389183044433594,-0.0061043500900268555,False,0.2859039306640625,0.6686250314566142,0.007019728422164917,-0.0007348954677581787,False,0.3433787027994792,0.6914350328191182,0.008068367838859558,-0.0017835348844528198,False,0.4357350667317708,0.6376416778265872,0.005651429295539856,0.0006334036588668823,False,0.6886189778645834,0.6595394606770235,0.9270782470703125,10,False,0.7019319980718366,0.7196623810446889,0.009427875280380249,-0.0031430423259735107,False,0.2528839111328125,0.7196623810446889,0.009427875280380249,-0.0031430423259735107,False,0.2528839111328125,0.6028771944857665,0.004174679517745972,0.0021101534366607666,False,0.3157552083333333,0.5596441438608545,0.00239717960357666,0.003887653350830078,False,0.4248911539713542,0.5599584671202212,0.0024099349975585938,0.0038748979568481445,False,0.543731689453125,0.6020469622778051,0.6567535400390625,7,False,0.6344902893667003,0.05749249839921844,0.06744170870513633
swap_att:435,000000009378.jpg,swap_att,A man holding onto a yellow frisbee while having long hair.,A man holding onto a long frisbee while having yellow hair.,0.3134738504886627,0.28416186571121216,0.02931198477745056,0.9493673157499729,11,3.469446951953614e-17,1.308698299999378,0.0002824000002874527,0.00013240000043879263,0.3314869017969782,-0.007014676928520203,0.036326661705970764,True,0.14515556268328444,0.2828607602523409,-0.009303152561187744,0.038615137338638306,True,0.25405516862170086,0.23757697017908322,-0.011660099029541016,0.04097208380699158,True,0.33557665872434017,0.4719939264417963,-0.001121416687965393,0.030433401465415955,True,0.4719517503665689,0.35759148365838456,-0.005858331918716431,0.03517031669616699,True,0.5657132056451613,0.43092027916376185,0.6830324413489736,7,False,0.41523093655965754,0.347861286193049,-0.006284534931182861,0.03559651970863342,True,0.17892572397360704,0.10649013747419225,-0.021271049976348877,0.05058303475379944,True,0.2551548753665689,0.1099367904071427,-0.02091386914253235,0.05022585391998291,True,0.3489163306451613,0.28379207589501354,-0.009257286787033081,0.03856927156448364,True,0.48529142228739003,0.24889138493591909,-0.011045336723327637,0.0403573215007782,True,0.6026106579912024,0.2681478372398396,0.6026106579912024,6,False,0.33456417432085067,0.16277244192392226,0.08066676223880687
swap_obj:16,000000141597.jpg,swap_obj,A large cargo van parked in front of a smart car.,A smart car parked in front of a large cargo van.,0.3060304522514343,0.300616592168808,0.005413860082626343,0.6321347796376319,15,5.204170427930421e-17,1.071007800001098,0.0002935999982582871,0.0001441000022168737,0.5846645718767038,0.00341951847076416,0.0019943416118621826,False,0.12978572733918128,0.5972581767421176,0.0039405375719070435,0.0014733225107192993,False,0.22295321637426901,0.6186030624017018,0.004836231470108032,0.0005776286125183105,False,0.3463484557748538,0.6591885835683589,0.006596803665161133,-0.00118294358253479,False,0.430452759502924,0.49454676377040635,-0.00021813809871673584,0.005631998181343079,True,0.5595074926900585,0.5652818929020826,0.7095154879385965,10,False,0.602703409021693,0.36236555247168983,-0.005651116371154785,0.011064976453781128,True,0.12961440058479531,0.2027434848123589,-0.013692349195480347,0.01910620927810669,True,0.25866913377192985,0.21759219534650112,-0.012797534465789795,0.018211394548416138,True,0.31642338267543857,0.26717951850648575,-0.010089799761772156,0.015503659844398499,True,0.4699093110380117,0.21937016592263334,-0.012693405151367188,0.01810726523399353,True,0.5566349141081871,0.2642819068910074,0.5566349141081871,7,False,0.30784054753773105,0.30099998601107525,0.2948628614839619
add_att:575,000000125405.jpg,add_att,two brown dogs walking in the field with their mouth open,Two striped brown dogs walking in the field with their mouth open.,0.3128103017807007,0.31223008036613464,0.00058022141456604,0.5145014672433545,13,4.7704895589362195e-17,1.4879240999980539,0.0002911000010499265,0.00013949999993201345,0.8456248821371541,0.017006903886795044,-0.016426682472229004,False,0.13585069444444445,0.8100372960097526,0.014502525329589844,-0.013922303915023804,False,0.21952097039473684,0.9157906677102823,0.02386482059955597,-0.02328459918498993,False,0.3460286458333333,0.8444243697328856,0.016915231943130493,-0.016335010528564453,False,0.4227830317982456,0.8897247689269973,0.02087932825088501,-0.02029910683631897,False,0.507898163377193,0.8065615577531642,0.6460731907894737,8,False,0.8115217973196331,0.612558499545475,0.004580795764923096,-0.004000574350357056,False,0.14564487390350878,0.7220042771831771,0.0095442533493042,-0.00896403193473816,False,0.2305030153508772,0.6983269666899156,0.008393436670303345,-0.007813215255737305,False,0.3188333790204678,0.7061875669221996,0.008769392967224121,-0.008189171552658081,False,0.4666198373538012,0.5632067915832523,0.002541869878768921,-0.001961648464202881,False,0.51167877375731,0.6329799335046593,0.39660430372807015,5,False,0.652385071882061,0.17358162424850487,0.15913672543757218
add_obj:384,000000111951.jpg,add_obj,A couple of white bathroom sinks sitting next to a toilet.,A couple of white bathroom sinks sitting next to a toilet and a plant.,0.25944218039512634,0.2546025216579437,0.004839658737182617,0.6186839197619312,14,3.436920886779049e-17,1.1515084999991814,0.0002922000021499116,0.00014229999942472205,0.6247022998283992,0.005095556378364563,-0.0002558976411819458,False,0.1023782169117647,0.38258031353526445,-0.004786103963851929,0.009625762701034546,True,0.2555951286764706,0.514852087209412,0.0005942583084106445,0.004245400428771973,False,0.36977826286764703,0.553755619956243,0.0021585673093795776,0.0026810914278030396,False,0.4401711856617647,0.5896081131142367,0.003623455762863159,0.001216202974319458,False,0.5049402573529411,0.4984003152354003,0.7136603860294117,9,False,0.5281585883546873,0.5133475234199707,0.0005340278148651123,0.004305630922317505,False,0.1532169117647059,0.4503045857206593,-0.001994401216506958,0.006834059953689575,True,0.22895220588235293,0.4308811882461476,-0.002782568335533142,0.007622227072715759,True,0.4017233455882353,0.4308811882461476,-0.002782568335533142,0.007622227072715759,True,0.4017233455882353,0.3189638423652515,-0.007585376501083374,0.012425035238265991,True,0.5406939338235294,0.3826678553539775,0.5860179227941177,8,False,0.46503084430025504,0.11573245988142278,0.06312774405443228
replace_att:740,000000403385.jpg,replace_att,A very big whit rest room with a shabby looking shower.,A very big white rest room with a luxurious looking shower.,0.3192892372608185,0.30415022373199463,0.015139013528823853,0.8196386675970023,16,5.767955557622884e-17,1.3651489000003494,0.00030080000215093605,0.00014540000120177865,0.7504796331297082,0.011011719703674316,0.004127293825149536,False,0.13812748319070906,0.673755818440156,0.007252216339111328,0.007886797189712524,False,0.20634359718826406,0.6839332656176436,0.007719069719314575,0.007419943809509277,False,0.3395190250611247,0.5395231684978465,0.0015842318534851074,0.013554781675338745,False,0.4056435284229829,0.4586863153065734,-0.0016563236713409424,0.016795337200164795,True,0.5367464471271394,0.49852991811763203,0.7505778193765281,11,False,0.6582360735503131,0.5263335302237819,0.001054316759109497,0.014084696769714355,False,0.1263609795232274,0.3002998573557746,-0.008458703756332397,0.02359771728515625,True,0.2218062347188264,0.21398832540239257,-0.013010501861572266,0.028149515390396118,True,0.32429515586797064,0.12566160208119173,-0.019398748874664307,0.03453776240348816,True,0.46008270935207823,0.14056690254846185,-0.018105894327163696,0.03324490785598755,True,0.5279931998777506,0.2400882640307938,0.46008270935207823,8,False,0.34648683173298384,0.2584416540868382,0.31174924181732927
replace_obj:802,000000476215.jpg,replace_obj,A man standing behind two brown horses on a dirt field.,A man standing behind two brown cows on a dirt field.,0.3382450342178345,0.32049158215522766,0.01775345206260681,0.8551211410051064,15,2.667137344314341e-17,0.9816336000003503,0.0002976000032504089,0.00014229999942472205,0.6523962546429289,0.006295889616012573,0.011457562446594238,False,0.16184059633027523,0.6392940523504703,0.0057230144739151,0.012030437588691711,False,0.23865754013761467,0.6540084131429678,0.00636705756187439,0.011386394500732422,False,0.3783746655198777,0.5809106350336167,0.0032651275396347046,0.014488324522972107,False,0.4257036028287462,0.23207016423591859,-0.011966586112976074,0.029720038175582886,True,0.5098074350152905,0.47539864684332195,0.8194344896788991,12,False,0.638201565404724,0.5100345845233494,0.00040143728256225586,0.017352014780044556,False,0.16628440366972477,0.500858306041691,3.4332275390625e-05,0.017719119787216187,False,0.22830060206422018,0.4533331631570707,-0.0018721222877502441,0.019625574350357056,True,0.3305320623088685,0.3859642833550735,-0.004643082618713379,0.02239653468132019,True,0.44494218272171254,0.3388577529167229,-0.0066838860511779785,0.02443733811378479,True,0.5290460149082569,0.425838188922923,0.5290460149082569,8,False,0.5143489618449965,0.049560457920398926,0.12385260355972749
replace_rel:75,000000409475.jpg,replace_rel,Two people standing next to each other on a ski slope.,Two people standing far from each other on a ski slope.,0.3260253667831421,0.3134293854236603,0.012595981359481812,0.7789569213642207,15,1.9949319973733282e-17,1.200675100000808,0.0002998999989358708,0.00014379999993252568,0.7185866785595588,0.009374618530273438,0.003221362829208374,False,0.12800089518229166,0.5999259587455844,0.004051566123962402,0.00854441523551941,False,0.22881571451822916,0.5023364850679704,9.34600830078125e-05,0.012502521276473999,False,0.3412272135416667,0.5039368054319471,0.00015747547149658203,0.01243850588798523,False,0.462890625,0.48359077582683685,-0.0006566047668457031,0.013252586126327515,True,0.5398000081380209,0.5092299878926253,0.7953948974609375,12,False,0.5991999602154103,0.5589815586137014,0.002370297908782959,0.010225683450698853,False,0.12920633951822916,0.5691586410112282,0.0027841925621032715,0.00981178879737854,False,0.22228495279947916,0.45733765358948253,-0.001710653305053711,0.014306634664535522,True,0.3900197347005208,0.4443550769425411,-0.0022350549697875977,0.01483103632926941,True,0.4500579833984375,0.4614395012112813,-0.0015454888343811035,0.014141470193862915,True,0.5232747395833334,0.45406402675607177,0.7787322998046875,11,False,0.5451346501121787,0.05516596113655353,0.05406531010323168
swap_att:489,000000553990.jpg,swap_att,A woman is riding a horse as it jumps over a bar.,A woman is jumping a horse as it rides over a bar.,0.2408347874879837,0.22904694080352783,0.011787846684455872,0.7647292135569269,14,3.9898639947466563e-17,0.8425189000008686,0.0002873999983421527,0.00014139999984763563,0.5931362404233983,0.0037694573402404785,0.008018389344215393,False,0.20199665505865103,0.5931362404233983,0.0037694573402404785,0.008018389344215393,False,0.20199665505865103,0.5680211474519659,0.0027378201484680176,0.009050026535987854,False,0.3601654142228739,0.4800259430618284,-0.0007993876934051514,0.012587234377861023,True,0.4061755406891496,0.5750931246135745,0.003026619553565979,0.008761227130889893,False,0.5259748442082112,0.5793428777005503,0.5259748442082112,7,False,0.6013277315906642,0.7526287115684019,0.011126816272735596,0.0006610304117202759,False,0.1585754215542522,0.7491050815155029,0.010938450694084167,0.0008493959903717041,False,0.2399193548387097,0.7392982331814338,0.010423243045806885,0.0013646036386489868,False,0.31038077346041054,0.423442658808306,-0.003086566925048828,0.0148744136095047,True,0.5161977639296188,0.423442658808306,-0.003086566925048828,0.0148744136095047,True,0.5161977639296188,0.5780136693714568,0.5896260997067448,8,False,0.6847758559304139,0.0013292083290934453,-0.08344812433974969
swap_obj:23,000000052507.jpg,swap_obj,a person holding a surf board in a body of water,A surf board holding a person in a body of water.,0.3343096375465393,0.32638201117515564,0.007927626371383667,0.6884242143171714,14,3.5778671692021646e-17,1.427471400002105,0.00028920000113430433,0.0001415999977325555,0.3989822767370155,-0.004097074270248413,0.01202470064163208,True,0.10430803571428572,0.6032859673123926,0.004191756248474121,0.003735870122909546,False,0.23989955357142856,0.5423376290893082,0.0016975700855255127,0.006230056285858154,False,0.30906808035714284,0.4621261348878569,-0.00151786208152771,0.009445488452911377,True,0.4277455357142857,0.4537807728041798,-0.0018540620803833008,0.009781688451766968,True,0.5021037946428571,0.4765641532228728,0.8447098214285714,12,False,0.5137162103531455,0.3989822767370155,-0.004097074270248413,0.01202470064163208,True,0.10430803571428572,0.3831281498988264,-0.004762917757034302,0.012690544128417969,True,0.21091517857142858,0.34129297688018667,-0.00657537579536438,0.014503002166748047,True,0.36216517857142855,0.4078847141357966,-0.003727167844772339,0.011654794216156006,True,0.4313337053571429,0.4147848018220935,-0.0034421980381011963,0.011369824409484863,True,0.5112834821428571,0.4219114343825767,0.6931696428571429,10,False,0.41460767980954844,0.0546527188402961,0.09910853054359708
add_att:387,000000062025.jpg,add_att,"A bathroom with a sink, toilet and tub in front of a large mirror.","A bathroom with a sink, toilet and tub in front of a foggy large mirror.",0.30609533190727234,0.2979678809642792,0.008127450942993164,0.6926941585675336,14,4.163336342344337e-17,1.0548387999988336,0.0002978000011353288,0.000139899999339832,0.5918338255689806,0.00371551513671875,0.004411935806274414,False,0.120330810546875,0.44847651192903665,-0.0020682811737060547,0.010195732116699219,True,0.2910054524739583,0.42488539207664305,-0.003027498722076416,0.01115494966506958,True,0.36212158203125,0.3019292516807611,-0.008381277322769165,0.01650872826576233,True,0.4317067464192708,0.2111345618618106,-0.01318100094795227,0.021308451890945435,True,0.5131327311197916,0.3202985998308095,0.7968648274739584,10,False,0.47413195392740626,0.6418400831252931,0.0058335959911346436,0.0022938549518585205,False,0.10521952311197917,0.4381272652718945,-0.002487659454345703,0.010615110397338867,True,0.22118631998697916,0.4428530249661548,-0.0022959113121032715,0.010423362255096436,True,0.3844045003255208,0.3772788798519529,-0.005011141300201416,0.01313859224319458,True,0.4804789225260417,0.3154251076601871,-0.007748767733573914,0.015876218676567078,True,0.6008097330729166,0.3719803652007141,0.7533518473307291,10,False,0.47569031442283466,-0.0516817653699046,-0.0015583604954284014
add_obj:1250,000000011051.jpg,add_obj,A woman pinning a flower onto a man's blazer.,A woman and a child are pinning a flower onto a man's blazer.,0.2833564281463623,0.26514849066734314,0.018207937479019165,0.8606613432348555,14,6.505213034913027e-17,1.7727735999978904,0.00030470000274362974,0.00014150000060908496,0.8841374992175168,0.020322084426879883,-0.0021141469478607178,False,0.1918979458041958,0.9572249204816201,0.031080827116966248,-0.012872889637947083,False,0.2565787077505827,0.9083201816838884,0.02293294668197632,-0.004725009202957153,False,0.33866459061771564,0.9030836937369384,0.022319674491882324,-0.004111737012863159,False,0.4116222319347319,0.9439162789276309,0.028231918811798096,-0.01002398133277893,False,0.5278217875874126,0.7940352777531648,0.8739301063519813,12,False,0.9035584728070988,0.7538719799650118,0.011193707585334778,0.007014229893684387,False,0.11090472027972027,0.5659292499345706,0.0026526153087615967,0.015555322170257568,False,0.2783635635198135,0.5640926028498858,0.0025778859853744507,0.015630051493644714,False,0.3510252768065268,0.4109339230915614,-0.003601059317588806,0.02180899679660797,True,0.47026150932400934,0.3546305184180465,-0.0059874653816223145,0.02419540286064148,True,0.5242979676573427,0.48630199859444967,0.5574191433566433,7,False,0.6101570439194839,0.3077332791587152,0.2934014288876149
replace_att:639,000000550322.jpg,replace_att,A collection of kitchen utensils in a metal bowl.,A collection of kitchen utensils in a plastic bowl.,0.3281031847000122,0.2971896529197693,0.03091353178024292,0.9565346596843818,11,4.85722573273506e-17,0.8918304999970132,0.0002898999991884921,0.0001325999983237125,0.933241632557267,0.026375845074653625,0.004537686705589294,False,0.12217881944444445,0.8237934192916732,0.015422627329826355,0.015490904450416565,False,0.22569444444444445,0.818834111323598,0.015084683895111084,0.015828847885131836,False,0.38655884502923976,0.6124414348560264,0.004575863480567932,0.026337668299674988,False,0.45361613669590645,0.56563382259008,0.0026405900716781616,0.02827294170856476,False,0.517835115131579,0.724602180697885,0.8611510873538012,9,False,0.8194149807452412,0.8497290512446513,0.017324775457382202,0.013588756322860718,False,0.17057291666666666,0.767017188871499,0.011915445327758789,0.01899808645248413,False,0.2927517361111111,0.71057124364712,0.008981600403785706,0.021931931376457214,False,0.37378929093567254,0.6684893223145951,0.007013604044914246,0.023899927735328674,False,0.41133840460526316,0.6200455494885673,0.004897415637969971,0.02601611614227295,False,0.597913240131579,0.7308736237844001,0.41133840460526316,5,False,0.7673041066892483,-0.006271443086515172,0.052110874055992906
replace_obj:1514,000000087038.jpg,replace_obj,A person on a skateboard and bike at a skate park.,A person on a skateboard and scooter at a skate park.,0.28483256697654724,0.2681773602962494,0.01665520668029785,0.8409776957765317,13,4.7704895589362195e-17,1.3711934999992081,0.0002994999995280523,0.00013889999900129624,0.5772273111507867,0.0031140148639678955,0.013541191816329956,False,0.15497334798177084,0.5383838544827815,0.0015383809804916382,0.015116825699806213,False,0.21750895182291666,0.4877034340580833,-0.0004919618368148804,0.017147168517112732,True,0.3655293782552083,0.30604736411159317,-0.008186638355255127,0.02484184503555298,True,0.4418690999348958,0.31740987750444705,-0.0076570063829422,0.02431221306324005,True,0.5064900716145834,0.41862297702689366,0.6923472086588541,9,False,0.5353652836569085,0.7243906319790613,0.00966346263885498,0.006991744041442871,False,0.14421590169270834,0.5131167171854096,0.0005247890949249268,0.016130417585372925,False,0.23131306966145834,0.36864244308656074,-0.005380451679229736,0.022035658359527588,True,0.3024393717447917,0.35022688704719096,-0.006180420517921448,0.0228356271982193,True,0.418914794921875,0.2490111888601245,-0.011038929224014282,0.027694135904312134,True,0.5478108723958334,0.4056652560492485,0.6124318440755209,9,False,0.5085885783686019,0.012957720977645137,0.026776705288306557
replace_rel:146,000000292082.jpg,replace_rel,A smiling man and a very cute small girl sitting together.,A smiling man and a very cute small girl are standing next to each other.,0.2933344542980194,0.26491326093673706,0.02842119336128235,0.9449098887451383,15,2.7755575615628914e-17,1.364932400003454,0.00031689999741502106,0.00014250000094762072,0.9448912693957986,0.028417617082595825,3.5762786865234375e-06,False,0.1054229736328125,0.7631782220504849,0.011701837182044983,0.016719356179237366,False,0.20745086669921875,0.6509952698447725,0.006234169006347656,0.022187024354934692,False,0.3497581481933594,0.5148591590127712,0.0005945414304733276,0.02782665193080902,False,0.42302703857421875,0.16309976017681893,-0.01635342836380005,0.0447746217250824,True,0.5494918823242188,0.4187438912715014,0.8892860412597656,13,False,0.6787227520390203,0.9448912693957986,0.028417617082595825,3.5762786865234375e-06,False,0.1054229736328125,0.9508863862716792,0.029632583260536194,-0.0012113898992538452,False,0.21831512451171875,0.7721791364880879,0.01220656931400299,0.016214624047279358,False,0.3599891662597656,0.2840195879864012,-0.009246096014976501,0.03766728937625885,True,0.4346923828125,0.16663138284015028,-0.016096919775009155,0.044518113136291504,True,0.5315017700195312,0.4606613201656028,0.5315017700195312,8,False,0.7336657596843066,-0.04191742889410138,-0.05494300764528626
swap_att:520,000000349302.jpg,swap_att,TWO GIRAFFES STANDING IN THE SHADE OF A TREE.,A giraffe standing in the shade of two trees.,0.3213985860347748,0.29526546597480774,0.02613312005996704,0.931713419303072,13,3.5128150388530344e-17,1.1846261999999115,0.0002486000012140721,0.00011520000043674372,0.6455645319789928,0.005995988845825195,0.020137131214141846,False,0.10939784356725146,0.5351896773273972,0.0014099180698394775,0.024723201990127563,False,0.26693850511695905,0.3284898307311358,-0.007150232791900635,0.033283352851867676,True,0.37103664108187134,0.3450238292095105,-0.00640985369682312,0.03254297375679016,True,0.4532906158625731,0.34716052434449257,-0.006315439939498901,0.03244855999946594,True,0.557320221125731,0.3805946449432591,0.8863703855994152,11,False,0.5166526475866736,0.4751786941594099,-0.0009936690330505371,0.027126789093017578,True,0.18383360745614036,0.32223939616661895,-0.0074349939823150635,0.033568114042282104,True,0.22988052814327486,0.33206932782080834,-0.006988406181335449,0.03312152624130249,True,0.31298542580409355,0.28019634525282716,-0.009434878826141357,0.0355679988861084,True,0.4746550621345029,0.23213231083852243,-0.011963099241256714,0.038096219301223755,True,0.5290455957602339,0.32692395700107835,0.6331437317251462,8,False,0.4504145443372129,0.05367068794218077,0.06623810324946072
swap_obj:101,000000379800.jpg,swap_obj,An orange train engine moves down the track with one train car behind it.,One orange train car moves down the track with a train engine behind it.,0.32622167468070984,0.30026406049728394,0.025957614183425903,0.9305882930719747,14,1.1449174941446927e-16,1.2568223000016587,0.0003069000013056211,0.0001416000013705343,0.8125580737214438,0.01466718316078186,0.011290431022644043,False,0.18675642449238578,0.7122486516909162,0.009063303470611572,0.01689431071281433,False,0.23495994606598986,0.6784634834279798,0.007467195391654968,0.018490418791770935,False,0.4180183217005076,0.6784634834279798,0.007467195391654968,0.018490418791770935,False,0.4180183217005076,0.6667053427596338,0.0069332122802734375,0.019024401903152466,False,0.509225293464467,0.7018254427485453,0.6223379996827412,8,False,0.7622511707548257,0.9024731828102559,0.022250115871429443,0.00370749831199646,False,0.12911940831218274,0.7675067972103498,0.011942863464355469,0.014014750719070435,False,0.2543970098350254,0.7857358484545868,0.012994110584259033,0.01296350359916687,False,0.34560398159898476,0.6700164903574575,0.00708259642124176,0.018875017762184143,False,0.45142469067258884,0.6476283324248849,0.006086304783821106,0.019871309399604797,False,0.5074456694162437,0.6893194865226724,0.6641467718908629,10,False,0.8034613645546921,0.012505956225872916,-0.041210193799866346
add_att:616,000000579818.jpg,add_att,The old fashioned train is going over the bridge.,The old fashioned train is going over the rainy bridge.,0.2733073830604553,0.25468459725379944,0.018622785806655884,0.8655623141770326,14,2.42861286636753e-17,1.1131238999987545,0.0002979000018967781,0.00014010000086273067,0.8216985603271545,0.015278980135917664,0.00334380567073822,False,0.13503011067708334,0.7337335611987171,0.01013648509979248,0.008486300706863403,False,0.2193603515625,0.7122978185964912,0.009065702557563782,0.009557083249092102,False,0.3001708984375,0.7898280396377084,0.013238891959190369,0.005383893847465515,False,0.4489813910590278,0.7665036614730036,0.011886730790138245,0.006736055016517639,False,0.5541720920138888,0.7763419439824797,0.4489813910590278,7,False,0.7787285742585791,0.7828929686647723,0.01282605528831482,0.0057967305183410645,False,0.15616861979166666,0.7518266289311658,0.011083781719207764,0.00753900408744812,False,0.2588907877604167,0.7784042829929608,0.012563914060592651,0.006058871746063232,False,0.3112114800347222,0.578752411140254,0.0031765401363372803,0.015446245670318604,False,0.4710828993055556,0.5911410763644854,0.003686845302581787,0.014935940504074097,False,0.5371025933159722,0.6744647485015283,0.6130032009548612,9,False,0.7348279807315524,0.10187719548095142,0.04390059352702669
add_obj:101,000000410428.jpg,add_obj,"Curious sheep on a large, well used pasture.","Curious sheep on a large, well used pasture with a pond.",0.25460442900657654,0.25359535217285156,0.0010090768337249756,0.5252055368165196,15,3.848917712323541e-17,1.1440842999982124,0.0002758999980869703,0.00011359999916749075,0.3328841978392793,-0.006951689720153809,0.007960766553878784,True,0.18040136147660818,0.387655834203403,-0.004571765661239624,0.0055808424949646,True,0.24978869700292397,0.34135930921462254,-0.006572425365447998,0.007581502199172974,True,0.31932451571637427,0.3719732273900068,-0.005237609148025513,0.006246685981750488,True,0.4128689236111111,0.47594427049469135,-0.0009629726409912109,0.0019720494747161865,True,0.5384856999269005,0.3265728138480896,0.6665924250730995,9,False,0.398089160749705,0.47508356265212226,-0.0009974837303161621,0.0020065605640411377,True,0.12314967105263158,0.45652195262383743,-0.0017435252666473389,0.0027526021003723145,True,0.28184964364035087,0.44403574966499104,-0.0022479891777038574,0.003257066011428833,True,0.3804310581140351,0.47158730561553974,-0.0011377334594726562,0.002146810293197632,True,0.42731747989766083,0.48136802373114174,-0.000745624303817749,0.0017547011375427246,True,0.5737333241959064,0.3987519214502065,0.6918688322368421,10,False,0.4725779486233744,-0.07217910760211688,-0.07448878787366936
replace_att:479,000000088269.jpg,replace_att,A plate holding a grilled cheese sandwich and bowl of soup.,A plate holding a grilled vegan sandwich and bowl of soup.,0.36418768763542175,0.35045892000198364,0.01372876763343811,0.7978445403662436,13,6.158268339717665e-17,1.3113159999993513,0.0003087999975832645,0.00013829999807057902,0.8309004195186962,0.01592022180557251,-0.0021914541721343994,False,0.13484700520833334,0.7541431155755862,0.011208325624465942,0.002520442008972168,False,0.2099151611328125,0.5210198477748811,0.000841289758682251,0.01288747787475586,False,0.3681589762369792,0.6536799210252148,0.006352543830871582,0.007376223802566528,False,0.4360300699869792,0.7032048075426006,0.0086260586977005,0.00510270893573761,False,0.5061798095703125,0.7535390746952081,1.0,13,False,0.7065842248358866,0.8003901490663972,0.013887345790863037,-0.00015857815742492676,False,0.15705362955729166,0.8278092755109617,0.01570180058479309,-0.0019730329513549805,False,0.2673695882161458,0.8571170502677343,0.01791548728942871,-0.004186719655990601,False,0.342437744140625,0.8144867703402007,0.014794319868087769,-0.0010655522346496582,False,0.4371337890625,0.8507369822974694,0.01740393042564392,-0.0036751627922058105,False,0.5719807942708334,0.8317228292303408,0.5719807942708334,7,False,0.8216653997762516,-0.07818375453513271,-0.11508117494036507
replace_obj:128,000000384670.jpg,replace_obj,A young man in a yellow shirt preparing to serve in an tennis match.,A young woman in a yellow shirt preparing to serve in a tennis match.,0.32610034942626953,0.2856929302215576,0.040407419204711914,0.9827194471888632,13,3.7730235602495554e-17,1.2786635000011302,0.0002520000016374979,0.00010960000145132653,0.9738297101215744,0.03616611659526825,0.0042413026094436646,False,0.1620635986328125,0.9472376754026457,0.02887752652168274,0.011529892683029175,False,0.2263641357421875,0.7525610129352428,0.011123180389404297,0.029284238815307617,False,0.3627115885416667,0.7757776904003754,0.012412279844284058,0.027995139360427856,False,0.4318695068359375,0.7859179227121883,0.013004928827285767,0.027402490377426147,False,0.5051981608072916,0.7274887491289416,0.7600606282552084,10,False,0.8834039415883452,0.9358365213002205,0.026800066232681274,0.01360735297203064,False,0.1692047119140625,0.6700537178556626,0.007084280252456665,0.03332313895225525,False,0.2390594482421875,0.7701235018210821,0.012090086936950684,0.02831733226776123,False,0.3033599853515625,0.7172661762609017,0.00930941104888916,0.031098008155822754,False,0.4431813557942708,0.574738062797463,0.0030120909214019775,0.037395328283309937,False,0.5087890625,0.6466151127848024,1.0,13,False,0.8079441248366843,0.08087363634413913,0.07545981675166091
replace_rel:409,000000311303.jpg,replace_rel,A cup with soda in front of a panini with a side of greens.,A cup with soda behind a panini with a side of greens.,0.35565751791000366,0.34862419962882996,0.007033318281173706,0.6689260669501222,12,6.461844948013606e-17,0.8270161000000371,0.000247500000114087,0.00010540000221226364,0.6567311564841843,0.006487607955932617,0.0005457103252410889,False,0.16288034539473684,0.646036271790953,0.0060166120529174805,0.0010167062282562256,False,0.2588176169590643,0.6740047004537196,0.007263541221618652,-0.0002302229404449463,False,0.3436472039473684,0.7665609959425077,0.011889934539794922,-0.004856616258621216,False,0.4169122350146199,0.8159149294296313,0.014889121055603027,-0.007855802774429321,False,0.5251450566520468,0.717223352584791,1.0,12,False,0.694764587211451,0.6038129500353683,0.004213780164718628,0.002819538116455078,False,0.17558707967836257,0.6643682182300469,0.006828218698501587,0.00020509958267211914,False,0.27152435124269003,0.6839165153341035,0.007718294858932495,-0.0006849765777587891,False,0.3441440515350877,0.5960349570162047,0.003889709711074829,0.003143608570098877,False,0.4067297149122807,0.6656621703885288,0.006886303424835205,0.00014701485633850098,False,0.5127067342836257,0.6387950349219895,0.6220417580409356,8,False,0.6405916785392768,0.07842831766280145,0.05417290867217417
swap_att:590,000000515025.jpg,swap_att,A man sitting at a table with a cat eating food.,A man eating at a table with a cat sitting next to him.,0.28711384534835815,0.2833530306816101,0.003760814666748047,0.5929276537744715,12,5.377642775528102e-17,1.097415500000352,0.00027119999867863953,0.00011539999832166359,0.6928876163464252,0.008136540651321411,-0.004375725984573364,False,0.16936791849415206,0.6666964025217028,0.006932809948921204,-0.0031719952821731567,False,0.2578125,0.6396774395296814,0.005739644169807434,-0.001978829503059387,False,0.34630847953216376,0.6428787119211712,0.005878806114196777,-0.0021179914474487305,False,0.4245876736111111,0.6138336944521042,0.004634559154510498,-0.0008737444877624512,False,0.5717916209795322,0.6250935130299317,0.6240577028508771,6,False,0.6462342437719972,0.6928876163464252,0.008136540651321411,-0.004375725984573364,False,0.16936791849415206,0.6666964025217028,0.006932809948921204,-0.0031719952821731567,False,0.2578125,0.5968914446708814,0.003925293684005737,-0.00016447901725769043,False,0.33609169407894735,0.5793637028101309,0.003201618790626526,0.000559195876121521,False,0.42908214546783624,0.6069068267880433,0.004343286156654358,-0.000582471489906311,False,0.517578125,0.6061660902358326,0.42908214546783624,5,False,0.6291771294377143,0.01892742279409909,0.01705711433428292
swap_obj:75,000000087470.jpg,swap_obj,A herd of cattle walking down a road being followed by a cowboy.,A cowboy walking down a road being followed by a herd of cattle.,0.3467575013637543,0.34224188327789307,0.004515618085861206,0.6110105037043567,14,4.0115480381963664e-17,0.9814076000002387,0.0002733000001171604,0.00011000000085914508,0.7585641258750943,0.01144823431968689,-0.006932616233825684,False,0.1537150930851064,0.703547103102577,0.008642464876174927,-0.004126846790313721,False,0.2508467004654255,0.5440621325975504,0.0017670691013336182,0.002748548984527588,False,0.36062687001329785,0.5864567605851706,0.003493368625640869,0.001022249460220337,False,0.47095765458776595,0.5664504348645509,0.0026738345623016357,0.0018417835235595703,False,0.5319616439494681,0.5236002313888978,0.7833641539228723,10,False,0.6434362382559332,0.6999173912272361,0.008469045162200928,-0.003953427076339722,False,0.10183261303191489,0.5747424332584856,0.0030122697353363037,0.0015033483505249023,False,0.3283171958111702,0.5747424332584856,0.0030122697353363037,0.0015033483505249023,False,0.3283171958111702,0.48674182025903046,-0.0005304515361785889,0.005046069622039795,True,0.4008425448803192,0.4680552487851106,-0.0012795329093933105,0.005795150995254517,True,0.5111733294547872,0.5677076719422008,0.7708090924202128,10,False,0.5913001656850652,-0.04410744055330307,0.05213607257086805
add_att:189,000000095786.jpg,add_att,Three hand formed clay pots with dripping paint,Three hand formed clay pots with silver dripping paint.,0.3149000108242035,0.2922585904598236,0.022641420364379883,0.9058634369485598,14,6.177241877736162e-17,1.0235625999994227,0.00048710000191931613,0.00025300000197603367,0.8711691867123967,0.019113361835479736,0.0035280585289001465,False,0.11434730538922155,0.8320638184967634,0.01600325107574463,0.006638169288635254,False,0.26692814371257484,0.7289731925343375,0.009894192218780518,0.012747228145599365,False,0.3348383233532934,0.7919525808545612,0.01336735486984253,0.009274065494537354,False,0.49646706586826345,0.7914800566188007,0.01333869993686676,0.009302720427513123,False,0.5630479041916168,0.8034742573140714,0.8967425149700599,12,False,0.8172851851103607,0.8711691867123967,0.019113361835479736,0.0035280585289001465,False,0.11434730538922155,0.8199398218837363,0.015159398317337036,0.007482022047042847,False,0.24438323353293412,0.8677194928137513,0.01880943775177002,0.0038319826126098633,False,0.3464491017964072,0.8073150072063817,0.01432657241821289,0.008314847946166992,False,0.44339520958083833,0.6420284636973743,0.00584179162979126,0.016799628734588623,False,0.5113053892215569,0.7461527744711641,0.6595688622754491,8,False,0.8372387778774781,0.05732148284290728,-0.01995359276711739
add_obj:39,000000395801.jpg,add_obj,A woman sits on a bench as people walk down a sidewalk. ,A woman sits on a bench with an umbrella as people walk down a sidewalk.,0.22790531814098358,0.20565646886825562,0.022248849272727966,0.9024620342307772,14,4.336808689942018e-17,1.3968893000019307,0.0003954999992856756,0.0002004000016313512,0.8405321996055777,0.01662193238735199,0.0056269168853759766,False,0.11229451497395833,0.6215616321140136,0.00496181845664978,0.017287030816078186,False,0.2673288981119792,0.699391019266707,0.00844399631023407,0.013804852962493896,False,0.3468729654947917,0.5522314124174564,0.002096906304359436,0.02015194296836853,False,0.4857177734375,0.5437508819093108,0.0017545223236083984,0.020494326949119568,False,0.577301025390625,0.628686152151023,0.577301025390625,7,False,0.6942932002343088,0.3894613489988512,-0.004495769739151001,0.026744619011878967,True,0.136993408203125,0.2886280295597727,-0.009020566940307617,0.031269416213035583,True,0.2165374755859375,0.2713808263426337,-0.009876281023025513,0.03212513029575348,True,0.3202768961588542,0.2059275455268679,-0.013496503233909607,0.03574535250663757,True,0.4090321858723958,0.056192838847314804,-0.028211325407028198,0.050460174679756165,True,0.5653432210286459,0.20835408905346184,0.5653432210286459,8,False,0.3293166933355562,0.4203320630975611,0.36497650689875266
replace_att:439,000000205776.jpg,replace_att,A big brown bear asleep in a hammock.,A tiny brown bear asleep in a hammock.,0.30208149552345276,0.2829252779483795,0.019156217575073242,0.8716494067900007,13,2.6237692574149207e-17,1.3408678000014334,0.0003080000024056062,0.0001384999995934777,0.848014510455251,0.017191126942634583,0.0019650906324386597,False,0.2042049632352941,0.848014510455251,0.017191126942634583,0.0019650906324386597,False,0.2042049632352941,0.7698873156223003,0.01207675039768219,0.007079467177391052,False,0.3632697610294118,0.5808986634460114,0.0032646358013153076,0.015891581773757935,False,0.4583409926470588,0.5176148203830815,0.0007048845291137695,0.018451333045959473,False,0.5310317095588235,0.6776810608795416,0.6166704963235294,8,False,0.7690579330301777,0.40043889952362366,-0.004036366939544678,0.02319258451461792,True,0.10545151654411765,0.18220315252046942,-0.01501491665840149,0.03417113423347473,True,0.27632697610294116,0.5616926157456098,0.002480342984199524,0.016675874590873718,False,0.3952952665441177,0.46754588769870564,-0.0012999922037124634,0.020456209778785706,True,0.45300436580882353,0.4330526731300184,-0.002694070339202881,0.021850287914276123,True,0.5123276654411765,0.3696893542739689,0.6712718290441176,9,False,0.42455843510899477,0.30799170660557273,0.3444994979211829
replace_obj:411,000000332570.jpg,replace_obj,A person holding a smart device in their left  hand.,A celebrity holding a smart device in their left hand.,0.2866309583187103,0.2712194621562958,0.01541149616241455,0.8236317834502302,17,7.112366251504909e-17,1.3221886000028462,0.00032730000020819716,0.00014830000145593658,0.8418763718395611,0.016722559928894043,-0.0013110637664794922,False,0.21414871794871795,0.8418763718395611,0.016722559928894043,-0.0013110637664794922,False,0.21414871794871795,0.8231121168886225,0.015375763177871704,3.573298454284668e-05,False,0.35217948717948716,0.8276860470057568,0.01569315791130066,-0.0002816617488861084,False,0.4104974358974359,0.8284341138665693,0.015745699405670166,-0.00033420324325561523,False,0.5034717948717948,0.8319935620622391,0.7166205128205129,11,False,0.8309641694790717,0.7818471453938819,0.01276463270187378,0.0026468634605407715,False,0.1505794871794872,0.7866505957084655,0.013048529624938965,0.002362966537475586,False,0.2432051282051282,0.6360822860650708,0.005584001541137695,0.009827494621276855,False,0.45592307692307693,0.6360822860650708,0.005584001541137695,0.009827494621276855,False,0.45592307692307693,0.677018145881736,0.007401019334793091,0.00801047682762146,False,0.508251282051282,0.7580713418654478,0.6048923076923077,9,False,0.7460762062107823,0.07392222019679129,0.0848879632682894
replace_rel:990,000000164637.jpg,replace_rel,An old fashion sink with the cover painted pink near the mirror. ,An old fashion sink with the cover painted pink far from the mirror.,0.33018559217453003,0.32346582412719727,0.006719768047332764,0.661945657437644,15,4.85722573273506e-17,1.2849937999999383,0.00030640000113635324,0.00014830000145593658,0.5544709655869914,0.0021875202655792236,0.00453224778175354,False,0.13263448079427084,0.5153671965104997,0.0006148815155029297,0.006104886531829834,False,0.275482177734375,0.5074470496212998,0.00029790401458740234,0.006421864032745361,False,0.3711293538411458,0.4617350247868852,-0.001533597707748413,0.008253365755081177,True,0.4355112711588542,0.435310978213861,-0.0026021450757980347,0.009321913123130798,True,0.5123392740885416,0.44238581137981303,0.9111887613932291,13,False,0.5302231793149154,0.5629875668806231,0.002532958984375,0.004186809062957764,False,0.15879313151041666,0.4941768894983615,-0.00023293495178222656,0.00695270299911499,True,0.22488911946614584,0.4443734727736834,-0.0022343099117279053,0.008954077959060669,True,0.353668212890625,0.4214401431561002,-0.003168642520904541,0.009888410568237305,True,0.4180501302083333,0.3779246579605419,-0.004983663558959961,0.011703431606292725,True,0.5001576741536459,0.461476413713116,0.6413981119791666,9,False,0.5064682015182985,-0.019090602333302953,0.02375497779661684
swap_att:209,000000268375.jpg,swap_att,A herd of gray elephants standing next to each other on a block of cement.,A herd of cement elephants standing next to each other on a block of gray.,0.29485976696014404,0.2851790189743042,0.009680747985839844,0.7247355980470688,12,2.6020852139652106e-17,1.1362507000012556,0.0002482999989297241,0.00010720000136643648,0.21190248563123196,-0.013134956359863281,0.022815704345703125,True,0.16706996681415928,0.30982503261014765,-0.008009374141693115,0.01769012212753296,True,0.2876855180678466,0.45107855051127876,-0.0019631385803222656,0.01164388656616211,True,0.3873755530973451,0.2465377304847037,-0.01117163896560669,0.020852386951446533,True,0.47440772492625366,0.2560204452991914,-0.010667562484741211,0.020348310470581055,True,0.531411320058997,0.23385952149451417,0.7806162426253688,9,False,0.36189474855998865,0.21190248563123196,-0.013134956359863281,0.022815704345703125,True,0.16706996681415928,0.4633716250365581,-0.0014677643775939941,0.011148512363433838,True,0.21626682337758113,0.4481750379701722,-0.002080470323562622,0.011761218309402466,True,0.3368823746312684,0.4651728699565072,-0.0013953447341918945,0.011076092720031738,True,0.43657240966076694,0.19840391821152767,-0.013962998986244202,0.023643746972084045,True,0.5806081766224189,0.42075343002076265,0.4935760047935103,6,False,0.4187702267794001,-0.1868939085262485,-0.05687547821941147
swap_obj:205,000000507667.jpg,swap_obj,A map of the Boston subway printed on a statue of a cow.,A statue of a cow printed on a map of the Boston subway.,0.39779767394065857,0.3971391022205353,0.000658571720123291,0.5164583448836988,16,3.8163916471489756e-17,1.4087862000014866,0.0003006000006280374,0.0001460999992559664,0.37531132518301724,-0.005094975233078003,0.005753546953201294,True,0.17,0.525878054708103,0.0010360479354858398,-0.00037747621536254883,False,0.2507150259067358,0.4936524463671436,-0.00025391578674316406,0.0009124875068664551,True,0.30297927461139895,0.46194020359949395,-0.0015253424644470215,0.0021839141845703125,True,0.4805544041450777,0.5949222284047411,0.0038435161113739014,-0.0031849443912506104,False,0.5193419689119171,0.5132595351809432,0.8267357512953368,13,False,0.4701215658868735,0.5579042266468214,0.0023266077041625977,-0.0016680359840393066,False,0.12340932642487047,0.6632309022385471,0.006777256727218628,-0.006118685007095337,False,0.21446113989637305,0.477973213290992,-0.0008816421031951904,0.0015402138233184814,True,0.3229222797927461,0.46962269832093106,-0.001216590404510498,0.001875162124633789,True,0.40864248704663214,0.4760126576240531,-0.000960230827331543,0.001618802547454834,True,0.5031554404145078,0.5018208833330882,0.5031554404145078,9,False,0.5347770388705614,0.011438651847855086,-0.0646554729836879
add_att:391,000000515579.jpg,add_att,A man holding a ball while standing next to a gate.,A man holding a ball while standing next to an electric gate.,0.22258654236793518,0.21533839404582977,0.007248148322105408,0.6736663934798065,12,1.734723475976807e-17,0.840730200001417,0.0005637000031128991,0.0002915999975812156,0.6792726958215927,0.007504314184188843,-0.00025616586208343506,False,0.10564457831325301,0.7459279693403239,0.01077011227607727,-0.003521963953971863,False,0.2374156626506024,0.7066711996925525,0.008792713284492493,-0.001544564962387085,False,0.3153855421686747,0.600862277576149,0.004090592265129089,0.0031575560569763184,False,0.5195,0.600862277576149,0.004090592265129089,0.0031575560569763184,False,0.5195,0.6493594294810104,0.5195,7,False,0.6841926640797721,0.625977980014239,0.005150005221366882,0.0020981431007385254,False,0.12737951807228914,0.6940769961991975,0.008192494511604309,-0.0009443461894989014,False,0.2221144578313253,0.6406745781812522,0.0057829320430755615,0.0014652162790298462,False,0.3338313253012048,0.46171613713515913,-0.0015343576669692993,0.008782505989074707,True,0.4175301204819277,0.5414790637304245,0.0016629844903945923,0.005585163831710815,False,0.5041265060240964,0.49664007089442586,0.6646746987951807,8,False,0.6137936238893359,0.15271935858658459,0.07039904019043619
add_obj:1617,000000072795.jpg,add_obj,A crowd watching a professional baseball game on a sunny day,A crowd and a clown are watching a professional baseball game on a sunny day.,0.3234475553035736,0.318788081407547,0.004659473896026611,0.6144241104384255,13,7.24247051220317e-17,1.0078711999994994,0.0002444000019750092,0.00010570000085863285,0.21857301403689988,-0.012740015983581543,0.017399489879608154,True,0.12506103515625,0.17118499676065077,-0.015772521495819092,0.020431995391845703,True,0.2570749918619792,0.022704469451439967,-0.037622272968292236,0.04228174686431885,True,0.3249003092447917,0.06550727504097646,-0.026578426361083984,0.031237900257110596,True,0.4186248779296875,0.28969084728925476,-0.008968859910964966,0.013628333806991577,True,0.579864501953125,0.3071155130590639,0.7197367350260416,9,False,0.20204659996229513,0.21857301403689988,-0.012740015983581543,0.017399489879608154,True,0.12506103515625,0.32698813573695157,-0.007218390703201294,0.011877864599227905,True,0.24175008138020834,0.41135565640393984,-0.0035836398601531982,0.00824311375617981,True,0.3186594645182292,0.3348733005403906,-0.006862252950668335,0.011521726846694946,True,0.4024098714192708,0.07347676008135685,-0.02534469962120056,0.030004173517227173,True,0.5438639322916666,0.3195425760949073,0.4702351888020833,6,False,0.3170663464047427,-0.0124270630358434,-0.11501974644244756
replace_att:719,000000560266.jpg,replace_att,Two brown bears swimming together in the water.,Two white bears swimming together in the water.,0.3144097328186035,0.26329246163368225,0.051117271184921265,0.9940104242973872,15,4.5102810375396984e-17,1.208250899999257,0.00026960000104736537,0.00011319999975967221,0.9946282318393007,0.05221211910247803,-0.0010948479175567627,False,0.1405618106617647,0.9835035431871828,0.0408797562122345,0.010237514972686768,False,0.20492876838235294,0.8939590497826,0.02131834626197815,0.029798924922943115,False,0.3435431985294118,0.9718167222161317,0.03540438413619995,0.015712887048721313,False,0.40021254595588235,0.9810451867029252,0.03946560621261597,0.011651664972305298,False,0.5375229779411764,0.8562578118024511,0.7761086856617647,11,False,0.968309293293939,0.869164871237714,0.018935948610305786,0.03218132257461548,False,0.15268267463235294,0.26694122083550864,-0.01010197401046753,0.061219245195388794,True,0.23771829044117648,0.4211447819368529,-0.003180757164955139,0.054298028349876404,True,0.3020852481617647,0.44378083606030455,-0.002258315682411194,0.05337558686733246,True,0.43084214154411765,0.8048453051745289,0.014168575406074524,0.03694869577884674,False,0.5145392922794118,0.7024002825206921,0.5145392922794118,7,False,0.6231260341049641,0.153857529281759,0.34518325918897486
replace_obj:1447,000000487583.jpg,replace_obj,A corner of a rest room with a cookie and coffee.,A corner of a living room with a cookie and coffee.,0.28246137499809265,0.2273668497800827,0.05509452521800995,0.9959679996948663,14,3.122502256758253e-17,1.2911761999966984,0.0002930000009655487,0.0001391000005241949,0.9958948636899092,0.05491402745246887,0.00018049776554107666,False,0.14529302602639296,0.9946772502798518,0.052304282784461975,0.0027902424335479736,False,0.21419079912023462,0.9986913342397623,0.06637437641620636,-0.011279851198196411,False,0.34558284457478006,0.9983798979491069,0.06423644721508026,-0.009141921997070312,False,0.4185701521260997,0.9994392774708689,0.07485723495483398,-0.019762709736824036,False,0.5416972140762464,0.9978630148952536,0.6139571114369502,9,False,0.9970597707954499,0.9775676301514978,0.03774562478065491,0.01734890043735504,False,0.13732015212609971,0.9674168355313474,0.033908337354660034,0.021186187863349915,False,0.20958004948680353,0.8902269917506324,0.020930618047714233,0.034163907170295715,False,0.34774789222873903,0.7862747220479521,0.013026148080825806,0.04206837713718414,False,0.4139307642961877,0.6713760472527331,0.007144153118133545,0.047950372099876404,False,0.5455232771260997,0.6936478207404924,0.6165288214809385,9,False,0.8899609751314566,0.3042151941547613,0.10709879566399338
replace_rel:78,000000439715.jpg,replace_rel,A man riding a brown horse in uniform next to tall green trees.,A man leading a brown horse in uniform next to tall green trees.,0.36678212881088257,0.3597578704357147,0.007024258375167847,0.6687253919636733,12,2.7972416050126014e-17,1.210746900000231,0.00024080000002868474,0.00011549999908311293,0.5970434562739992,0.003931611776351929,0.003092646598815918,False,0.10442606608072917,0.548464632540532,0.0019446909427642822,0.0050795674324035645,False,0.2531585693359375,0.5140927648322968,0.0005638599395751953,0.006460398435592651,False,0.3458099365234375,0.49375301325016685,-0.0002498924732208252,0.007274150848388672,True,0.4500071207682292,0.6207235530878054,0.004926204681396484,0.0020980536937713623,False,0.5757853190104166,0.5507265407075509,0.8769276936848959,10,False,0.561139943203627,0.5970434562739992,0.003931611776351929,0.003092646598815918,False,0.10442606608072917,0.635154597768181,0.005543947219848633,0.0014803111553192139,False,0.27142333984375,0.6740138679185901,0.00726395845413208,-0.0002397000789642334,False,0.36407470703125,0.581926420324395,0.003306865692138672,0.003717392683029175,False,0.4311014811197917,0.4582268283692551,-0.0016748309135437012,0.008699089288711548,True,0.5011647542317709,0.6323900403459037,0.27142333984375,3,False,0.6148748295340545,-0.08166349963835284,-0.053734886330427445
swap_att:457,000000088040.jpg,swap_att,A display of fine food and spices on a wooden table.,A display of wooden food and spices on a fine table.,0.2469114512205124,0.2405184656381607,0.006392985582351685,0.6545948815295654,13,4.163336342344337e-17,1.2567909999997937,0.0003173000004608184,0.0001382000009471085,0.6461105517513286,0.006019860506057739,0.0003731250762939453,False,0.10547446089181287,0.6275991999241486,0.005219310522079468,0.0011736750602722168,False,0.27446546052631576,0.5594080027445302,0.002387598156929016,0.0040053874254226685,False,0.3352407711988304,0.46291368118520765,-0.0014861822128295898,0.007879167795181274,True,0.43962445175438597,0.386146525419088,-0.0046353936195373535,0.011028379201889038,True,0.5113646747076024,0.48557929762813107,0.6356965003654971,8,False,0.5790417181831881,0.6461105517513286,0.006019860506057739,0.0003731250762939453,False,0.10547446089181287,0.5602499810027299,0.002421766519546509,0.003971219062805176,False,0.27063345211988304,0.42383014792685647,-0.0030706971883773804,0.009463682770729065,True,0.3493466739766082,0.44099419674522283,-0.002371281385421753,0.008764266967773438,True,0.43505573830409355,0.31951566660844133,-0.007559984922409058,0.013952970504760742,True,0.50679596125731,0.4530614027331775,0.5697528326023392,7,False,0.5352993666180004,0.03251789489495355,0.04374235156518769
swap_obj:76,000000414170.jpg,swap_obj,"Three people on packed snow trail, two skiing, one walking.","Three people on packed snow trail, one skiing, two walking.",0.3246966600418091,0.32257279753685,0.0021238625049591064,0.5528978692182154,14,3.2065279251258794e-17,1.0716250999976182,0.00029770000037387945,0.0001388000018778257,0.5758506944276002,0.003057628870010376,-0.0009337663650512695,False,0.10884076286764706,0.5569513696564042,0.0022879838943481445,-0.00016412138938903809,False,0.25598000919117647,0.5544385718756775,0.002186208963394165,-6.23464584350586e-05,False,0.3181008731617647,0.5384531061269947,0.0015411674976348877,0.0005826950073242188,False,0.4459329044117647,0.5080131583435629,0.0003205537796020508,0.0018033087253570557,False,0.5355870863970589,0.5345592638112614,0.8273667279411765,11,False,0.5527583606774632,0.5332697648512492,0.0013327598571777344,0.0007911026477813721,False,0.11283318014705883,0.5413765815985754,0.0016588568687438965,0.00046500563621520996,False,0.2552274816176471,0.541184926925025,0.0016511380672454834,0.00047272443771362305,False,0.34130859375,0.5605788938528056,0.0024351179599761963,-0.00031125545501708984,False,0.40668658088235293,0.5644732627454829,0.0025933682918548584,-0.00046950578689575195,False,0.5365349264705882,0.5542026157904116,0.5365349264705882,8,False,0.546921020129367,-0.019643351979150236,0.005837340548096148
add_att:589,000000266206.jpg,add_att,Outside shot of a restroom showing the door partially open.,Outside shot of a restroom showing the rusty door partially open.,0.28194886445999146,0.2663610279560089,0.015587836503982544,0.8261787454421582,15,8.53267109746092e-17,1.2818418000024394,0.0002469000028213486,0.00011339999764459208,0.864518183618563,0.01853334903717041,-0.002945512533187866,False,0.10410384685672515,0.8891365440418603,0.020819514989852905,-0.005231678485870361,False,0.2005436769005848,0.8095105073091037,0.014468327164649963,0.0011195093393325806,False,0.31729143823099415,0.6889970121941752,0.007954344153404236,0.007633492350578308,False,0.4061871801900585,0.5884971211201763,0.0035775601863861084,0.012010276317596436,False,0.5517806560672515,0.6376757611644331,0.6769919590643275,10,False,0.7816956471021251,0.8776231773432455,0.019701123237609863,-0.004113286733627319,False,0.11970600328947369,0.7712048747084984,0.012151271104812622,0.003436565399169922,False,0.23330135233918128,0.7222835384065962,0.009558171033859253,0.006029665470123291,False,0.3475762975146199,0.6684975779288332,0.007013976573944092,0.008573859930038452,False,0.41444512975146197,0.6633829867581672,0.006784066557884216,0.008803769946098328,False,0.5033408717105263,0.6856288111497553,0.6531090095029239,10,False,0.7681882528417395,-0.04795304998532213,0.013507394260385608
add_obj:238,000000246968.jpg,add_obj,A woman standing at a kitchen counter pouring something from a measuring cup.,A woman standing at a kitchen counter pouring something from a measuring cup and holding a spatula.,0.3174688220024109,0.31606125831604004,0.0014075636863708496,0.5351311088021694,15,9.540979117872439e-17,1.2168818000027386,0.0002959000012197066,0.00014319999900180846,0.44180874959481814,-0.0023382455110549927,0.0037458091974258423,True,0.1389859740497076,0.47717165684537455,-0.000913769006729126,0.0023213326930999756,True,0.23322139985380116,0.5164270862864591,0.0006573200225830078,0.0007502436637878418,False,0.3213633040935672,0.6040870427194173,0.004225239157676697,-0.002817675471305847,False,0.4734957510964912,0.6327246917891377,0.005439236760139465,-0.004031673073768616,False,0.5145399305555556,0.5912714948533271,0.8896998355263158,13,False,0.5161792930111346,0.5003017484775423,1.2069940567016602e-05,0.001395493745803833,False,0.13570221125730994,0.48425319174853254,-0.0006300806999206543,0.002037644386291504,True,0.310038605628655,0.48425319174853254,-0.0006300806999206543,0.002037644386291504,True,0.310038605628655,0.5194161304684674,0.0007770359516143799,0.0006305277347564697,False,0.44579792580409355,0.559298186125482,0.0023831427097320557,-0.0009755790233612061,False,0.5638249269005848,0.5321064871676205,0.6580603527046783,9,False,0.5105567708270109,0.05916500768570654,0.005622522184123735
replace_att:505,000000005060.jpg,replace_att,A man in green shirt with cellphone reflecting in a mirror.,A man in a red shirt with cellphone reflecting in a mirror.,0.35090380907058716,0.31812164187431335,0.032782167196273804,0.9636739088015716,13,5.551115123125783e-17,1.1996902999999293,0.00024510000002919696,0.0001095000006898772,0.9080505530794093,0.02290061116218567,0.009881556034088135,False,0.12721761067708334,0.42705225075670916,-0.002938881516456604,0.03572104871273041,True,0.20147196451822916,0.4708692202583928,-0.0011665523052215576,0.03394871950149536,True,0.3474782307942708,0.5914270054626158,0.003698676824569702,0.0290834903717041,False,0.4192606608072917,0.5800919951309453,0.0032315105199813843,0.02955065667629242,False,0.505950927734375,0.69869828782636,0.6451772054036459,8,False,0.6385690538670137,0.9080505530794093,0.02290061116218567,0.009881556034088135,False,0.12721761067708334,0.8816238983772049,0.020078986883163452,0.012703180313110352,False,0.24889628092447916,0.916619270253634,0.023972749710083008,0.008809417486190796,False,0.3206787109375,0.36319710685132156,-0.005615144968032837,0.03839731216430664,True,0.4527079264322917,0.18484320849918975,-0.014838725328445435,0.04762089252471924,True,0.5287882486979166,0.4748884301599532,0.5287882486979166,7,False,0.752316322784047,0.22380985766640682,-0.11374726891703335
replace_obj:1551,000000057150.jpg,replace_obj,Two young children holding a large teddy bear.,A couple holding a large teddy bear.,0.30639326572418213,0.29516083002090454,0.011232435703277588,0.7545898696642361,15,9.367506770274758e-17,0.764356299998326,0.0002330999996047467,0.0001143000008596573,0.7458641403068663,0.010766744613647461,0.00046569108963012695,False,0.15631510416666666,0.7215248854698004,0.009520381689071655,0.0017120540142059326,False,0.20951822916666665,0.9319506215633135,0.026170462369918823,-0.014938026666641235,False,0.3608984375,0.9537473395282041,0.030262798070907593,-0.019030362367630005,False,0.4105729166666667,0.8206710349684679,0.015209004282951355,-0.003976568579673767,False,0.5236197916666666,0.5869934866404918,0.7836979166666667,12,False,0.8185136160955825,0.524060189504177,0.0009631514549255371,0.01026928424835205,False,0.14796875,0.7215248854698004,0.009520381689071655,0.0017120540142059326,False,0.20951822916666665,0.8203956477511176,0.015190303325653076,-0.003957867622375488,False,0.3313802083333333,0.9096924592694445,0.023098856210708618,-0.01186642050743103,False,0.4629296875,0.9057530827426901,0.022628486156463623,-0.011396050453186035,False,0.5477734375,0.824590149913832,0.39791666666666664,6,False,0.7625304396420447,-0.23759666327334017,0.055983176453537786
replace_rel:1260,000000018150.jpg,replace_rel,A man with a receding hairline offers a slice of pizza to a toddler.,A man with a receding hairline takes a slice of pizza from a toddler.,0.31431108713150024,0.3114379048347473,0.0028731822967529297,0.5713394647603561,13,6.938893903907228e-17,0.9419429999979911,0.000298099999781698,0.00013840000247000717,0.6281492972524967,0.005242854356765747,-0.0023696720600128174,False,0.1425933837890625,0.7042899763753734,0.00867810845375061,-0.005804926156997681,False,0.2046356201171875,0.6980374559889133,0.008379697799682617,-0.0055065155029296875,False,0.3119761149088542,0.624536690155964,0.005088493227958679,-0.0022153109312057495,False,0.4524586995442708,0.5232205278664356,0.0009294897317886353,0.0019436925649642944,False,0.526214599609375,0.5971663841343986,0.64422607421875,9,False,0.641074663971966,0.39817428794642995,-0.0041307806968688965,0.007003962993621826,True,0.17241923014322916,0.2815296498594144,-0.009368866682052612,0.012242048978805542,True,0.24002583821614584,0.2945283821817373,-0.008734911680221558,0.011608093976974487,True,0.3473663330078125,0.2726242435789317,-0.009813487529754639,0.012686669826507568,True,0.4117838541666667,0.1255297029198059,-0.019410759210586548,0.022283941507339478,True,0.52423095703125,0.22334138050050883,0.5979868570963541,8,False,0.33978866188813234,0.37382500363388976,0.30128600208383366
swap_att:212,000000449579.jpg,swap_att,Woman in red shirt getting ready to hit tennis ball.,Woman in tennis shirt getting ready to hit red ball.,0.27768000960350037,0.2661195397377014,0.01156046986579895,0.7606136898470612,13,5.204170427930421e-17,1.290745300000708,0.00030169999809004366,0.00013929999840911478,0.36827177296472247,-0.0053963810205459595,0.01695685088634491,True,0.19318233735380116,0.24763688260090821,-0.011112555861473083,0.022673025727272034,True,0.25664176717836257,0.22785808939637062,-0.012204453349113464,0.023764923214912415,True,0.3211577119883041,0.19093612661438533,-0.014439389109611511,0.02599985897541046,True,0.40919110928362573,0.3224724576061929,-0.0074243247509002686,0.01898479461669922,True,0.545258817616959,0.357612518866197,0.6168162920321637,8,False,0.36181832458718416,0.36827177296472247,-0.0053963810205459595,0.01695685088634491,True,0.19318233735380116,0.24930556853860464,-0.011023193597793579,0.02258366346359253,True,0.2576982821637427,0.22494267156779427,-0.012370914220809937,0.023931384086608887,True,0.3308776498538012,0.1892359905058524,-0.014549821615219116,0.026110291481018066,True,0.40077896564327486,0.23908418922478875,-0.011577069759368896,0.023137539625167847,True,0.550524259868421,0.2539304817834672,0.4723364400584795,6,False,0.35032077790569605,0.10368203708272977,0.011497546681488113
swap_obj:9,000000187055.jpg,swap_obj,A man with a ball facing a girl with a racquet.,A girl with a ball facing a man with a racquet.,0.31157079339027405,0.30049821734428406,0.01107257604598999,0.7516174907329818,14,6.348003719902628e-17,1.0015504000002693,0.00029179999910411425,0.00014139999984763563,0.6348941949436899,0.005532711744308472,0.0055398643016815186,False,0.1425436580882353,0.4650879757141572,-0.0013987571001052856,0.012471333146095276,True,0.2546817555147059,0.437778079041247,-0.002501845359802246,0.013574421405792236,True,0.33345588235294116,0.4695633141145332,-0.0012189745903015137,0.012291550636291504,True,0.4645795036764706,0.46780148731330434,-0.0012897253036499023,0.012362301349639893,True,0.5178136488970588,0.4640377851034024,0.5573414522058824,8,False,0.5416856678966689,0.6348941949436899,0.005532711744308472,0.0055398643016815186,False,0.1425436580882353,0.6683013965196751,0.007005125284194946,0.004067450761795044,False,0.20793313419117648,0.6259071546322915,0.005146980285644531,0.005925595760345459,False,0.3360638786764706,0.5373082286936715,0.0014951080083847046,0.009577468037605286,False,0.4305032169117647,0.46348130363749174,-0.0014633536338806152,0.012535929679870605,True,0.5531422334558823,0.5091740819505759,0.7335305606617647,10,False,0.6158187210702865,-0.04513629684717352,-0.07413305317361751
add_att:24,000000411665.jpg,add_att,A white and gray kitten pokes its paw at a mirror and looks at its reflection.,A white and gray kitten pokes its paw at a mirror and looks at its distorted reflection.,0.4024355113506317,0.4012649357318878,0.0011705756187438965,0.529231019984153,15,9.84455572616838e-17,0.9877087999993819,0.00029400000130408444,0.00014319999900180846,0.43164030687970123,-0.0027516186237335205,0.003922194242477417,True,0.16959635416666666,0.3241971088726165,-0.0073454976081848145,0.008516073226928711,True,0.2484466374269006,0.2664755166141053,-0.010125786066055298,0.011296361684799194,True,0.3039622167397661,0.26010712916382445,-0.010454118251800537,0.011624693870544434,True,0.44670595760233917,0.27173690459276817,-0.009858280420303345,0.011028856039047241,True,0.5140659265350878,0.2813991350908044,0.6700189601608187,9,False,0.3563174317906336,0.5102803522087097,0.0004112720489501953,0.0007593035697937012,False,0.11904353983918128,0.4221451679311441,-0.0031397342681884766,0.004310309886932373,True,0.2035418951023392,0.39753100822683046,-0.00415763258934021,0.0053282082080841064,True,0.3134023209064328,0.35355765972990394,-0.006034374237060547,0.007204949855804443,True,0.44062385782163743,0.31117895065472795,-0.007946133613586426,0.009116709232330322,True,0.5257218567251462,0.34835522012169634,0.6695963541666666,10,False,0.422949895254882,-0.06695608503089195,-0.06663246346424845
add_obj:1438,000000273198.jpg,add_obj,"a fire hydrant that has dirty, brown water inside","An umbrella and a fire hydrant that has dirty, brown water inside are on the sidewalk.",0.32147568464279175,0.29324766993522644,0.028228014707565308,0.9438956076666926,12,3.9898639947466563e-17,1.3355537000024924,0.00028029999884893186,0.0001336999994236976,0.7665273964643605,0.011888056993484497,0.01633995771408081,False,0.12898133333333334,0.7062166289329946,0.008770793676376343,0.019457221031188965,False,0.22251733333333334,0.8695804833238296,0.018972545862197876,0.009255468845367432,False,0.4456853333333333,0.8695804833238296,0.018972545862197876,0.009255468845367432,False,0.4456853333333333,0.7296606661504804,0.00992901623249054,0.018298998475074768,False,0.5262933333333333,0.7467088047690753,0.73232,8,False,0.7970330154588131,0.8977674387521346,0.021726608276367188,0.00650140643119812,False,0.16317333333333334,0.9007615098819138,0.022057145833969116,0.006170868873596191,False,0.226736,0.451093309063217,-0.0019625425338745117,0.03019055724143982,True,0.3833706666666667,0.3701808666454996,-0.0053144097328186035,0.03354242444038391,True,0.437248,0.6403033241066852,0.005766808986663818,0.02246120572090149,False,0.5258346666666667,0.5693485111033416,0.654816,8,False,0.7229842708247924,0.1773602936657337,0.07404874463402067
replace_att:508,000000091654.jpg,replace_att,The asian dish is filled with several different ingredients.,The Mexican dish is filled with several different ingredients.,0.3007960915565491,0.24514032900333405,0.05565576255321503,0.9961872185770775,13,3.903127820947816e-17,1.3077131000027293,0.000260199998592725,0.00010860000111279078,0.9940199184066743,0.051133230328559875,0.004522532224655151,False,0.11191304524739583,0.9065185876758319,0.022718489170074463,0.032937273383140564,False,0.279632568359375,0.9306938073850646,0.025973960757255554,0.029681801795959473,False,0.4575907389322917,0.9306938073850646,0.025973960757255554,0.029681801795959473,False,0.4575907389322917,0.69222291660955,0.0081053227186203,0.04755043983459473,False,0.5664520263671875,0.702572466639691,0.7890116373697916,9,False,0.922502936942821,0.9940199184066743,0.051133230328559875,0.004522532224655151,False,0.11191304524739583,0.9881168707608711,0.04420681297779083,0.011448949575424194,False,0.23640950520833334,0.9854889809700663,0.04218229651451111,0.013473466038703918,False,0.3114267985026042,0.3074980977520407,-0.008118420839309692,0.06377418339252472,True,0.4712626139322917,0.4741687584426309,-0.001034170389175415,0.05668993294239044,True,0.518951416015625,0.6314258312262245,0.6622314453125,9,False,0.830035432210179,0.07114663541346644,0.09246750473264209
replace_obj:704,000000058636.jpg,replace_obj,street signs on the corner of Gladys and Detroit,Street signs on the corner of Gladys and Chicago.,0.3503662347793579,0.33484959602355957,0.01551663875579834,0.8251539172575852,14,1.0256552551712872e-16,1.286667700001999,0.0002663000013853889,0.00012069999866071157,0.8229011342712733,0.015361279249191284,0.00015535950660705566,False,0.10583472016765286,0.7605751601269921,0.011558353900909424,0.003958284854888916,False,0.22215930103550297,0.7509863032040903,0.011038795113563538,0.004477843642234802,False,0.33919656065088755,0.7443251045139568,0.010685712099075317,0.0048309266567230225,False,0.40089142628205127,0.6873940943466903,0.007879644632339478,0.007636994123458862,False,0.5463433801775148,0.7445242354625463,0.9232849482248521,13,False,0.7651114948935107,0.8229011342712733,0.015361279249191284,0.00015535950660705566,False,0.10583472016765286,0.7402546175222874,0.010472923517227173,0.005043715238571167,False,0.25283915803747536,0.7176769718879957,0.009329676628112793,0.006186962127685547,False,0.31118635971400394,0.629160538870845,0.005286172032356262,0.010230466723442078,False,0.4402582593688363,0.5835018479772782,0.0033716559410095215,0.012144982814788818,False,0.5432307075936884,0.658578845412561,0.5432307075936884,8,False,0.7252796304216357,0.08594539004998536,0.039831864471875034
replace_rel:1179,000000284991.jpg,replace_rel,A man puts a red bottle up to his mouth.,A man drops a red bottle from his hand.,0.3204653561115265,0.28278326988220215,0.03768208622932434,0.9774278718425615,14,1.9949319973733282e-17,1.2274367999998503,0.0002437999974063132,0.00010260000271955505,0.971770567138145,0.0353875458240509,0.0022945404052734375,False,0.10437225877192982,0.8355615495751096,0.016255676746368408,0.021426409482955933,False,0.23605971308479531,0.6775044267390169,0.007423266768455505,0.030258819460868835,False,0.302054778874269,0.7674581346033131,0.011940136551856995,0.025741949677467346,False,0.4336908351608187,0.8003761025930697,0.0138864666223526,0.02379561960697174,False,0.5000970851608187,0.8039227472232792,0.7471331323099415,10,False,0.8354610005327961,0.926906383995684,0.02540111541748047,0.012280970811843872,False,0.16653531615497075,0.9368507936015792,0.026970237493515015,0.010711848735809326,False,0.23294156615497075,0.9265674572544791,0.02535119652748108,0.012330889701843262,False,0.3620876736111111,0.8828386220117491,0.02019590139389038,0.01748618483543396,False,0.4352841739766082,0.8604317343381788,0.018188804388046265,0.019493281841278076,False,0.5501359192251462,0.7559805109127238,0.8690892269736842,12,False,0.9217876715208408,0.047942236310555386,-0.0863266709880447
swap_att:115,000000153343.jpg,swap_att,two teddy bears that are large sitting in a small garden,Two teddy bears that are small sitting in a large garden.,0.3095528483390808,0.29434025287628174,0.015212595462799072,0.8207238803074791,12,2.6020852139652106e-17,1.2058439000029466,0.0002320000021427404,0.00010280000060447492,0.6353451873739627,0.005552172660827637,0.009660422801971436,False,0.18352254231770834,0.6280319941663509,0.00523783266544342,0.009974762797355652,False,0.2561136881510417,0.6763713500128762,0.007371455430984497,0.007841140031814575,False,0.3305155436197917,0.7492562848657172,0.010946497321128845,0.004266098141670227,False,0.4086252848307292,0.7678498929106639,0.011962100863456726,0.003250494599342346,False,0.5223388671875,0.6749077649858323,0.9329935709635416,11,False,0.708211696123797,0.6245108328509982,0.0050873905420303345,0.010125204920768738,False,0.16097513834635416,0.6566021497792022,0.00648188591003418,0.008730709552764893,False,0.2279815673828125,0.6380247944396383,0.005668014287948608,0.009544581174850464,False,0.37713623046875,0.5066663844644299,0.00026667118072509766,0.014945924282073975,False,0.4908498128255208,0.5862670176163589,0.003485545516014099,0.011727049946784973,False,0.5788828531901041,0.5607443654206905,0.7258758544921875,8,False,0.6374095502585782,0.11416339956514177,0.07080214586521882
swap_obj:175,000000533958.jpg,swap_obj,A white plate topped with a fried egg next to a salad.,A salad topped with a fried egg next to a white plate.,0.28444889187812805,0.2747109532356262,0.009737938642501831,0.7258750492070795,13,4.9439619065339e-17,1.3868095999969228,0.00028730000121868216,0.00014000000010128133,0.7728230933854446,0.012243211269378662,-0.002505272626876831,False,0.1094970703125,0.6743379176854495,0.007278710603713989,0.002459228038787842,False,0.21973037719726562,0.47231702156377775,-0.0011084526777267456,0.010846391320228577,True,0.3206062316894531,0.5876260925432893,0.003541603684425354,0.006196334958076477,False,0.490203857421875,0.5344159761919325,0.0013788193464279175,0.008359119296073914,False,0.57159423828125,0.581177831091449,0.7468757629394531,8,False,0.6214072376113706,0.6468543246526831,0.0060524046421051025,0.0036855340003967285,False,0.1008758544921875,0.64179075442903,0.0058314502239227295,0.0039064884185791016,False,0.22806167602539062,0.5100532034587082,0.00040218234062194824,0.009335756301879883,False,0.3348274230957031,0.5051578539799013,0.00020632147789001465,0.009531617164611816,False,0.4117698669433594,0.5149257825519445,0.0005972087383270264,0.009140729904174805,False,0.6033935546875,0.5760790610249872,0.4931602478027344,7,False,0.5791702898757656,0.005098770066461866,0.042236947735605046
add_att:356,000000572517.jpg,add_att,"A Polar Bear walks toward water, while a large bird lands on the opposite bank.","A scruffy Polar Bear walks toward water, while a large bird lands on the opposite bank.",0.36342334747314453,0.3611903786659241,0.002232968807220459,0.5555934143460348,15,4.662069341687669e-17,1.2261994000000414,0.00030280000282800756,0.00014419999934034422,0.4821563623222574,-0.0007140487432479858,0.002947017550468445,True,0.147250645280236,0.4721361596954685,-0.0011157095432281494,0.0033486783504486084,True,0.21930885877581122,0.5323877099699087,0.0012973248958587646,0.0009356439113616943,False,0.35080775258112096,0.5298576533646467,0.0011957287788391113,0.0010372400283813477,False,0.4335591814159292,0.4706713408611745,-0.0011744946241378784,0.0034074634313583374,True,0.5027021109882006,0.5239438107973623,0.5647584808259587,8,False,0.5080046073291071,0.4969765912438847,-0.00012093782424926758,0.0023539066314697266,True,0.14064804572271386,0.47191334199325374,-0.001124650239944458,0.003357619047164917,True,0.27102922197640117,0.5198758654523051,0.0007954537868499756,0.0014375150203704834,False,0.35233453171091444,0.5224855766708759,0.0009000301361083984,0.0013329386711120605,False,0.40252811578171094,0.4335367569584265,-0.0026743561029434204,0.004907324910163879,True,0.5482980733775811,0.4501649449592252,0.5972299041297935,9,False,0.4985283410320181,0.07377886583813709,0.009476266297089031
add_obj:1547,000000301718.jpg,add_obj,A table with three plates with food and a man and a woman both holding utensil near plates.,A table with three plates with food and a man and a woman both holding sauce near plates and utensils.,0.26467153429985046,0.25295543670654297,0.011716097593307495,0.7634358640266923,12,4.0766001685454967e-17,1.3933522000006633,0.00028050000037183054,0.00013559999933931977,0.8176755850245206,0.015006780624389648,-0.0032906830310821533,False,0.19864908854166666,0.8402531762956883,0.01660113036632538,-0.004885032773017883,False,0.2915852864583333,0.8341287116595162,0.016151756048202515,-0.0044356584548950195,False,0.3687591552734375,0.7352281168553211,0.010213121771812439,0.0015029758214950562,False,0.443695068359375,0.726517992721779,0.00977027416229248,0.0019458234310150146,False,0.5260670979817709,0.7906944129749788,0.6534525553385416,7,False,0.7940005025231397,0.6813170563294866,0.007598310708999634,0.004117786884307861,False,0.122955322265625,0.6992377997606031,0.008436709642410278,0.003279387950897217,False,0.20461527506510416,0.6054130947450951,0.004280716180801392,0.0074353814125061035,False,0.3632354736328125,0.5553836879832109,0.002224475145339966,0.00949162244796753,False,0.4549153645833333,0.5490926423946342,0.001970052719116211,0.009746044874191284,False,0.5311635335286459,0.601953887497539,0.6884714762369791,9,False,0.6475937548697599,0.1887405254774398,0.1464067476533798
replace_att:346,000000464522.jpg,replace_att,A brown and white dog standing next to another dog.,A brown and black dog standing next to another dog.,0.2845166027545929,0.2574002742767334,0.027116328477859497,0.9377095919638382,17,4.85722573273506e-17,1.2752996999988682,0.0005185000009078067,0.0002635000018926803,0.9588824556032907,0.03149333596229553,-0.004377007484436035,False,0.12941554588607596,0.9613808746915468,0.03214623034000397,-0.00502990186214447,False,0.21313785601265822,0.9217085387799803,0.024657905101776123,0.002458423376083374,False,0.326651503164557,0.9025536811488822,0.022259265184402466,0.004857063293457031,False,0.4603639240506329,0.878770642926422,0.019808396697044373,0.0073079317808151245,False,0.526414161392405,0.7030756418702903,0.6555083069620253,12,False,0.9323050043715213,0.9672670902480972,0.033860936760902405,-0.006744608283042908,False,0.13348991297468354,0.8881380750226346,0.020718619227409363,0.006397709250450134,False,0.28482990506329114,0.8942598339484994,0.021350115537643433,0.0057662129402160645,False,0.3281200553797468,0.302804336911988,-0.008339792490005493,0.03545612096786499,True,0.4264883306962025,0.15957888267424347,-0.01661364734172821,0.04372997581958771,True,0.541707871835443,0.4619377045314659,0.6440170094936709,11,False,0.7229737518803894,0.24113793733882438,0.20933125249113194
replace_obj:953,000000386352.jpg,replace_obj,a tennis player who has just made a shot.,A golfer who has just made a shot.,0.2781647741794586,0.20988312363624573,0.06828165054321289,0.9989183280269118,13,1.8214596497756474e-17,1.0972389000016847,0.00023549999968963675,0.00011549999908311293,0.9921762657081341,0.048427388072013855,0.019854262471199036,False,0.19434735928362573,0.9126661392083116,0.0234663188457489,0.04481533169746399,False,0.34401841191520466,0.9126661392083116,0.0234663188457489,0.04481533169746399,False,0.34401841191520466,0.7680933798522517,0.011975765228271484,0.056305885314941406,False,0.47560307017543857,0.2305958776048049,-0.012049496173858643,0.08033114671707153,True,0.5651498538011696,0.6809725815164386,0.6143891630116959,7,False,0.8693758990571205,0.9976260010364213,0.06040802597999573,0.007873624563217163,False,0.14371459247076024,0.9896754883195615,0.045628562569618225,0.022653087973594666,False,0.2783888432017544,0.9706176783238719,0.03497539460659027,0.03330625593662262,False,0.37259000365497075,0.899828012396857,0.021953150629997253,0.04632849991321564,False,0.420133177997076,0.3662509226059054,-0.005483344197273254,0.07376499474048615,True,0.5698042306286549,0.6806467336421618,0.8311860380116959,10,False,0.8929865947110774,0.00032584787427680784,-0.023610695653956904
replace_rel:838,000000493286.jpg,replace_rel,A vintage red car in front of a vintage army prop plane.,A vintage red car behind a vintage army prop plane.,0.32448679208755493,0.3174131512641907,0.007073640823364258,0.6698184569704694,14,5.551115123125783e-17,1.1356681999968714,0.000289100000372855,0.00013969999781693332,0.6566444826537564,0.0064837634563446045,0.0005898773670196533,False,0.15112559886759583,0.6747625304315369,0.0072980523109436035,-0.0002244114875793457,False,0.28029045078397213,0.7013151419580923,0.008535683155059814,-0.0014620423316955566,False,0.3426883710801394,0.6886191518108933,0.007936716079711914,-0.0008630752563476562,False,0.41134037456445993,0.6106513193691553,0.0045005083084106445,0.0025731325149536133,False,0.5172310540069687,0.681400742667642,0.8104788218641115,11,False,0.6682707663957621,0.5481575819906525,0.001932293176651001,0.005141347646713257,False,0.10589067944250871,0.5671382908310874,0.0027018487453460693,0.0043717920780181885,False,0.23118330792682926,0.5208413471887896,0.0008341372013092041,0.006239503622055054,False,0.3528078723867596,0.5284825031327326,0.0011405348777770996,0.005933105945587158,False,0.4165192182055749,0.4902260834714258,-0.0003910064697265625,0.00746464729309082,True,0.5331827090592335,0.5219333592031217,0.5331827090592335,8,False,0.5502203887603385,0.15946738346452027,0.11805037763542359
swap_att:468,000000381639.jpg,swap_att,A girl stands on an airport tarmac between orange cones in front of an airplane being boarded.,A girl stands on a orange tarmac between airport cones in front of an airplane being boarded.,0.36020803451538086,0.357310026884079,0.00289800763130188,0.5719473557475427,11,4.683753385137379e-17,1.4936545000018668,0.0002851999997801613,0.00013240000043879263,0.3961735041897034,-0.004214346408843994,0.007112354040145874,True,0.15711573206638116,0.4420590203883352,-0.0023280978202819824,0.005226105451583862,True,0.23612319325481798,0.4244434087657823,-0.003045588731765747,0.005943596363067627,True,0.3175981999464668,0.3029446598416943,-0.008333146572113037,0.011231154203414917,True,0.40816966675588867,0.27755448556133866,-0.009566247463226318,0.012464255094528198,True,0.5425003345824411,0.3299448224718953,0.6726068990899358,7,False,0.3988857079587515,0.4604723890891173,-0.0015844106674194336,0.0044824182987213135,True,0.17067886777301927,0.3974596338133735,-0.0041606128215789795,0.007058620452880859,True,0.247687198875803,0.4318750153558171,-0.0027420520782470703,0.00564005970954895,True,0.3392707775695932,0.36198277669794526,-0.005667686462402344,0.008565694093704224,True,0.4544047778372591,0.2854711551281461,-0.009174823760986328,0.012072831392288208,True,0.5845113423447538,0.4395631407944742,0.3392707775695932,4,False,0.4224652724274218,-0.1096183183225789,-0.023579564468670322
swap_obj:238,000000533536.jpg,swap_obj,A cat looking at a tv monitor on a desk,A tv monitor looking at a cat on a desk.,0.3169848620891571,0.3152685761451721,0.0017162859439849854,0.5428021338380078,13,3.946495907847236e-17,1.1801978000003146,0.00028530000054161064,0.00013609999950858764,0.32641452570615465,-0.007244467735290527,0.008960753679275513,True,0.15656026204427084,0.15703646370676794,-0.01680445671081543,0.018520742654800415,True,0.22522989908854166,0.09887464498999048,-0.022097915410995483,0.02381420135498047,True,0.3292032877604167,0.09318835888807131,-0.022753119468688965,0.02446940541267395,True,0.40325927734375,0.15124219729249977,-0.017248913645744324,0.01896519958972931,True,0.5174662272135416,0.25038465996824116,0.7399393717447916,10,False,0.2299961236978719,0.14357158784370452,-0.01785936951637268,0.019575655460357666,True,0.14972432454427084,0.10568184591447903,-0.021356284618377686,0.02307257056236267,True,0.2536977132161458,0.09887464498999048,-0.022097915410995483,0.02381420135498047,True,0.3292032877604167,0.15731400444690447,-0.01678350567817688,0.018499791622161865,True,0.4039815266927083,0.166436136741066,-0.016110986471176147,0.017827272415161133,True,0.54498291015625,0.17607508350051737,0.4039815266927083,5,False,0.1916890353839272,0.07430957646772379,0.03830708831394469
add_att:12,000000173044.jpg,add_att,A clock tower stands in front of a large mirrored sky scraper. ,A twisted clock tower stands in front of a large mirrored sky scraper.,0.34020259976387024,0.3347257375717163,0.005476862192153931,0.6335986097659023,13,8.847089727481716e-17,1.0216982000019925,0.00023380000129691325,0.00010560000009718351,0.5258007756121297,0.0010329484939575195,0.004443913698196411,False,0.10649635235191637,0.4399233068877432,-0.0024147331714630127,0.007891595363616943,True,0.2598608993902439,0.3529149232176911,-0.006062507629394531,0.011539369821548462,True,0.31203043336236935,0.34425175742073083,-0.006444036960601807,0.011920899152755737,True,0.4033849629790941,0.36885125172970185,-0.00537148118019104,0.01084834337234497,True,0.5293581228222997,0.396015925832306,0.8125952743902439,10,False,0.44059292756571244,0.419062157167036,-0.003266245126724243,0.008743107318878174,True,0.11677918118466898,0.42835035975785585,-0.0028858482837677,0.00836271047592163,True,0.22327553353658536,0.39532899109837055,-0.004249662160873413,0.009726524353027344,True,0.34758139155052264,0.36315299389566646,-0.005617052316665649,0.01109391450881958,True,0.41465456228222997,0.3776815646897776,-0.004994004964828491,0.010470867156982422,True,0.503409462108014,0.3867054659600257,0.769306674651568,10,False,0.4292628316428969,0.009310459872280297,0.01133009592281553
add_obj:1268,000000347693.jpg,add_obj,a room with some big window on the side of it ,A room with a big window and a potted plant on the side of it.,0.24412186443805695,0.2074597179889679,0.03666214644908905,0.9750645854184706,13,2.0816681711721685e-17,1.1835580000006303,0.00028329999986453913,0.00013730000137002207,0.9863515499268983,0.042803868651390076,-0.006141722202301025,False,0.1255254020467836,0.9547444036921947,0.030491173267364502,0.006170973181724548,False,0.2553796600877193,0.9351114657798801,0.02667994797229767,0.009982198476791382,False,0.3177768640350877,0.9374332846895779,0.027069121599197388,0.009593024849891663,False,0.4646267361111111,0.947135180163854,0.0288570374250412,0.0078051090240478516,False,0.5156021564327485,0.9536373587347088,0.6748789290935673,8,False,0.9573645646662101,0.8621862897668475,0.01833568513393402,0.01832646131515503,False,0.1471125730994152,0.9129812017034904,0.023505911231040955,0.013156235218048096,False,0.2322048611111111,0.8798609456315575,0.019911140203475952,0.016751006245613098,False,0.3620591191520468,0.9051778311151841,0.02256128191947937,0.01410086452960968,False,0.4244563230994152,0.7702466733399016,0.01209704577922821,0.02456510066986084,False,0.5499817251461988,0.7581525087078933,0.6111396655701754,7,False,0.8871510335144679,0.19548485002681548,0.07021353115174223
replace_att:738,000000231508.jpg,replace_att,A uniformed baseball player being watched by people.,A casual baseball player being watched by people.,0.3363310992717743,0.2962445914745331,0.04008650779724121,0.9821659507906033,13,1.3183898417423734e-16,1.187585299998318,0.0002970000023196917,0.00013890000263927504,0.6494186679685452,0.006164848804473877,0.033921658992767334,False,0.14248358208955225,0.7965542254437759,0.013648957014083862,0.02643755078315735,False,0.2810507462686567,0.740012151473307,0.010460317134857178,0.029626190662384033,False,0.34602388059701494,0.7433193805040025,0.010632932186126709,0.029453575611114502,False,0.4429134328358209,0.5841202498156404,0.0033971071243286133,0.0366894006729126,False,0.5650925373134328,0.5643556781677287,0.7284179104477612,9,False,0.7419834591314892,0.9431213988401548,0.02808275818824768,0.01200374960899353,False,0.13856716417910447,0.8284663038167887,0.01574796438217163,0.02433854341506958,False,0.21555223880597016,0.6038806773170866,0.004216611385345459,0.03586989641189575,False,0.3580358208955224,0.49096789871464347,-0.00036132335662841797,0.04044783115386963,True,0.41490149253731345,0.42321930408094816,-0.0030957162380218506,0.04318222403526306,True,0.5117910447761194,0.5668015020013506,0.8007283582089553,10,False,0.740622412734349,-0.0024458238336219074,0.0013610463971401865
replace_obj:60,000000356498.jpg,replace_obj,there is some type of flat bread with topping on the top of it,There is some type of topping on the top of a bagel.,0.2687978446483612,0.2038123607635498,0.0649854838848114,0.9984966403058143,13,1.9081958235744878e-17,1.0727977999995346,0.0003485000015643891,0.00017139999908977188,0.9926899150472138,0.049111634492874146,0.015873849391937256,False,0.10410857142857143,0.9966177182383354,0.05685816705226898,0.00812731683254242,False,0.22530285714285714,0.9966100596634413,0.05683547258377075,0.00815001130104065,False,0.36158285714285715,0.8937810751715869,0.021299585700035095,0.043685898184776306,False,0.49509142857142857,0.8302554244542136,0.015874385833740234,0.04911109805107117,False,0.5459085714285714,0.7714833387776033,0.9307714285714286,12,False,0.9708799896815384,0.9968559551629229,0.05759096145629883,0.007394522428512573,False,0.1339657142857143,0.977962494082449,0.037927255034446716,0.027058228850364685,False,0.2380742857142857,0.948192583984229,0.02907024323940277,0.03591524064540863,False,0.30730285714285716,0.8793200981793748,0.019860073924064636,0.045125409960746765,False,0.49473142857142854,0.7312590314851102,0.010010197758674622,0.05497528612613678,False,0.5605085714285715,0.7834458443365149,0.7400057142857143,10,False,0.9408568992810709,-0.01196250555891154,0.030023090400467578
replace_rel:463,000000064359.jpg,replace_rel,Four giraffes standing around while three zebras walk by.,Four giraffes standing around while three zebras run past.,0.33963650465011597,0.3390062153339386,0.0006302893161773682,0.5157520184832837,13,6.288372600415926e-17,1.2007262999977684,0.000296499998512445,0.00013839999883202836,0.49909401039095175,-3.62396240234375e-05,0.0006665289402008057,True,0.1596265060240964,0.4734985567036084,-0.0010610520839691162,0.0016913414001464844,True,0.22265060240963855,0.5826969530793854,0.003338545560836792,-0.002708256244659424,False,0.3453975903614458,0.6089600593859533,0.004429429769515991,-0.003799140453338623,False,0.4241265060240964,0.5828607209283974,0.003345280885696411,-0.002714991569519043,False,0.5030843373493976,0.5099082079411792,0.8720963855421687,11,False,0.5375437832271657,0.4956728108271482,-0.00017309188842773438,0.0008033812046051025,True,0.13216867469879517,0.4043604875569306,-0.003873288631439209,0.004503577947616577,True,0.20540963855421687,0.4238603505505662,-0.003069460391998291,0.003699749708175659,True,0.3301265060240964,0.40746947265584177,-0.003744363784790039,0.004374653100967407,True,0.4090843373493976,0.3094523513098279,-0.008026808500289917,0.008657097816467285,True,0.5810180722891566,0.38125756730725197,0.5810180722891566,7,False,0.423217847617793,0.12865064063392723,0.11432593560937265
swap_att:448,000000225946.jpg,swap_att,a green white engine is pulling some gray train cars,a gray white engine is pulling some green train cars.,0.30982062220573425,0.2985248565673828,0.01129576563835144,0.7557607469853436,14,4.85722573273506e-17,1.2044819000002462,0.00025459999960730784,0.00011050000102841295,0.40179341406374375,-0.003979980945587158,0.015275746583938599,True,0.17119932432432433,0.2887167641663492,-0.009016245603561401,0.020312011241912842,True,0.22933382601351351,0.3087096396395195,-0.008061587810516357,0.019357353448867798,True,0.3072371199324324,0.27770211450463667,-0.009558886289596558,0.020854651927947998,True,0.47128378378378377,0.2999702632630917,-0.008474394679069519,0.01977016031742096,True,0.5172719594594595,0.35890968759077035,0.726953125,10,False,0.39401048211251777,0.4188670009917094,-0.003274261951446533,0.014570027589797974,True,0.11072107263513513,0.2887167641663492,-0.009016245603561401,0.020312011241912842,True,0.22933382601351351,0.24833855820650688,-0.011074930429458618,0.02237069606781006,True,0.3469436233108108,0.2380534214249141,-0.011633813381195068,0.02292957901954651,True,0.4321948902027027,0.23711411387811038,-0.011685669422149658,0.0229814350605011,True,0.5786845439189189,0.28179618823244645,0.6574799408783784,9,False,0.3354331405271072,0.0771134993583239,0.05857734158541056
swap_obj:181,000000051314.jpg,swap_obj,the surfer is riding the wave sideways along the beach.,The wave is riding the surfer sideways along the beach.,0.28308868408203125,0.2712441682815552,0.011844515800476074,0.765747265468813,14,4.466912950640278e-17,1.1407598999976472,0.00029680000079679303,0.00014119999832473695,0.7178725765159067,0.009339332580566406,0.002505183219909668,False,0.13592529296875,0.7629074493349994,0.011686861515045166,0.0001576542854309082,False,0.2525431315104167,0.7557563460748261,0.011295527219772339,0.0005489885807037354,False,0.3355153401692708,0.776959496313133,0.012480348348617554,-0.0006358325481414795,False,0.4351348876953125,0.8523078352421055,0.017528176307678223,-0.0056836605072021484,False,0.512237548828125,0.6813805993277834,0.8292287190755209,12,False,0.7600604684365313,0.6518053333638841,0.0062698423862457275,0.005574673414230347,False,0.15010579427083334,0.6130966174417671,0.004603475332260132,0.007241040468215942,False,0.22720845540364584,0.3475517072428139,-0.006298184394836426,0.0181427001953125,True,0.3361714680989583,0.3033841144213392,-0.008312344551086426,0.0201568603515625,True,0.40374755859375,0.3628235981266837,-0.005631297826766968,0.017475813627243042,True,0.5562082926432291,0.41203891747565924,0.40374755859375,6,False,0.5038971219376714,0.26934168185212415,0.25616334649885986
add_att:133,000000038829.jpg,add_att,A man riding a bicycle with a boy on the back of it.,A man riding a bicycle with a curly-haired boy on the back of it.,0.31533974409103394,0.30997416377067566,0.005365580320358276,0.6310113656220283,12,2.862293735361732e-17,1.2335066000014194,0.00028279999969527125,0.00013490000128513202,0.5684218382036672,0.0027541518211364746,0.0026114284992218018,False,0.1525093658625731,0.5518367548594415,0.002080947160720825,0.003284633159637451,False,0.2674696180555556,0.5460485840047319,0.0018471777439117432,0.003518402576446533,False,0.41628974780701755,0.5460485840047319,0.0018471777439117432,0.003518402576446533,False,0.41628974780701755,0.5448545199884767,0.0017990171909332275,0.003566563129425049,False,0.5046943530701754,0.6092618381744785,0.7805190058479532,9,False,0.5662221057723452,0.6665430753412237,0.006925910711288452,-0.0015603303909301758,False,0.11731885051169591,0.6839693415297414,0.007720738649368286,-0.0023551583290100098,False,0.2057234557748538,0.6649308510480472,0.006853461265563965,-0.0014878809452056885,False,0.3050187317251462,0.592810398978298,0.0037559568881988525,0.0016096234321594238,False,0.4385736476608187,0.6973762039458954,0.008348345756530762,-0.0029827654361724854,False,0.5242712902046783,0.677298677435985,0.5242712902046783,7,False,0.6524312298420111,-0.0680368392615065,-0.08620912406966585
add_obj:1398,000000417465.jpg,add_obj,A bear extends its long tongue while yawning,A bear and a fox extend their long tongues while yawning.,0.384581595659256,0.32941585779190063,0.05516573786735535,0.9959964960992292,14,5.551115123125783e-17,1.1557669999965583,0.000280100000964012,0.00014000000010128133,0.876748283445339,0.019619911909103394,0.03554582595825195,False,0.11057559742647059,0.5970936446924427,0.003933697938919067,0.05123203992843628,False,0.21799172794117647,0.2715549969110953,-0.009867474436759949,0.0650332123041153,True,0.3508616727941177,0.6996196690249572,0.008454874157905579,0.04671086370944977,False,0.40419921875,0.5222967114474905,0.0008924603462219238,0.05427327752113342,False,0.5685029871323529,0.5822589088773995,0.706692325367647,10,False,0.6450072571855351,0.8893628380325371,0.02084249258041382,0.03432324528694153,False,0.12860753676470588,0.605450827040425,0.0042822957038879395,0.05088344216346741,False,0.23602366727941176,0.6755253260142486,0.007332831621170044,0.0478329062461853,False,0.3101505055147059,0.4300749120818237,-0.002815455198287964,0.05798119306564331,True,0.45799057904411766,0.6792304913334116,0.007502377033233643,0.047663360834121704,False,0.511328125,0.7256781631921385,0.5590647977941177,8,False,0.7046481929799312,-0.143419254314739,-0.05964093579439611
replace_att:463,000000441586.jpg,replace_att,A man standing on a vehicle with two large wheels.,A man standing on a vehicle with two small wheels.,0.2911558747291565,0.2835666835308075,0.007589191198348999,0.6811190170198385,12,4.098284211995207e-17,1.279842899999494,0.00030220000189729035,0.00013620000027003698,0.6817653149687676,0.007618963718414307,-2.9772520065307617e-05,False,0.14881663602941175,0.761611806287579,0.011615365743637085,-0.004026174545288086,False,0.26082835477941174,0.6963664075864414,0.008300542831420898,-0.0007113516330718994,False,0.37021484375,0.683018066825499,0.007676765322685242,-8.757412433624268e-05,False,0.43438648897058824,0.2980830926263975,-0.008564427495002747,0.016153618693351746,True,0.5651079963235294,0.5235501676335976,0.8612706801470589,10,False,0.655402110697212,0.2690957414931964,-0.009992152452468872,0.01758134365081787,True,0.14005629595588234,0.36551694620989245,-0.005514979362487793,0.013104170560836792,True,0.25206801470588236,0.4551318073974679,-0.0017995685338974,0.009388759732246399,True,0.3274931066176471,0.5438625220847134,0.0017590224742889404,0.005830168724060059,False,0.40341796875,0.4451697897941153,-0.002202063798904419,0.009791254997253418,True,0.5409811580882353,0.3721504563132946,0.6608226102941176,9,False,0.4417598652209295,0.15139971132030305,0.21364224547628247
replace_obj:1272,000000373315.jpg,replace_obj,Skateboarder grinding his board on the side of a pavement course. ,Skateboarder grinding his board on the side of a beachfront boulevard.,0.2924869656562805,0.29080694913864136,0.0016800165176391602,0.541901904054847,15,7.892991815694472e-17,1.0289826000007452,0.0002548000011302065,0.00011129999984405003,0.17921736821496878,-0.015216588973999023,0.016896605491638184,True,0.12322071335078534,0.1436533246027111,-0.017852723598480225,0.019532740116119385,True,0.2462624754581152,0.12131129399376671,-0.019800707697868347,0.021480724215507507,True,0.3334475212696335,0.08982065405787423,-0.02315826714038849,0.02483828365802765,True,0.4037600212696335,0.11013393296373929,-0.02089373767375946,0.02257375419139862,True,0.5334025278141361,0.17047873679051145,0.6385542784685864,10,False,0.18039975533415312,0.17921736821496878,-0.015216588973999023,0.016896605491638184,True,0.12322071335078534,0.09417863146297395,-0.02263648808002472,0.02431650459766388,True,0.2615858147905759,0.11794321751124046,-0.0201205313205719,0.02180054783821106,True,0.3487708606020942,0.11182965604286042,-0.02072186768054962,0.022401884198188782,True,0.4084076407068063,0.08987207591672326,-0.023151978850364685,0.024831995368003845,True,0.5070557918848168,0.13252717483419352,0.5754509571335078,8,False,0.17629100108365403,0.037951561956317936,0.004108754250499086
replace_rel:544,000000183127.jpg,replace_rel,A man on a surfboard surfing a large wave.,A man on a surfboard wiping out on a large wave.,0.2832200527191162,0.2829923927783966,0.0002276599407196045,0.5056912527099356,15,3.686287386450715e-17,1.0152564000018174,0.0002562000008765608,0.00011350000204402022,0.46208909594065106,-0.0015193521976470947,0.0017470121383666992,True,0.15131007858187134,0.470250738623418,-0.0011913776397705078,0.0014190375804901123,True,0.22518046418128654,0.5731624846246323,0.0029476583003997803,-0.0027199983596801758,False,0.30050712719298245,0.54604784526607,0.0018471479415893555,-0.001619488000869751,False,0.4239766081871345,0.5687595772859863,0.00276792049407959,-0.0025402605533599854,False,0.5650984557748538,0.5461630822790515,0.5999234740497076,9,False,0.5215162558394871,0.5215367252842592,0.0008620023727416992,-0.0006343424320220947,False,0.11963176169590643,0.5786456009566879,0.003172159194946289,-0.0029444992542266846,False,0.2649282711988304,0.5505178109589406,0.0020276308059692383,-0.0017999708652496338,False,0.3230137518274854,0.5468972599591196,0.001881420612335205,-0.0016537606716156006,False,0.46413559941520466,0.5177532278307349,0.0007104277610778809,-0.00048276782035827637,False,0.5331403051900585,0.5447559180419226,0.3230137518274854,5,False,0.5408190624565338,0.001407164237128944,-0.01930280661704664
swap_att:657,000000177539.jpg,swap_att,A man in striped shorts leaning against a board on a beach. ,A man on a striped board leaning against shorts on a beach.,0.2872302830219269,0.2785947620868683,0.008635520935058594,0.7034022538435117,14,1.463672932855431e-17,1.1057921999999962,0.00026760000037029386,0.00011099999755970202,0.5544330501741968,0.0021859854459762573,0.006449535489082336,False,0.13428019919590642,0.5550304200699565,0.002210170030593872,0.006425350904464722,False,0.20618032711988304,0.44596197031451923,-0.002169996500015259,0.010805517435073853,True,0.3104497898391813,0.4407837210176567,-0.0023798197507858276,0.011015340685844421,True,0.4445872167397661,0.3950900037239904,-0.004259660840034485,0.012895181775093079,True,0.5057051809210527,0.44557496533138063,0.5784562317251462,8,False,0.5171773014317258,0.5529170238290096,0.0021246373653411865,0.006510883569717407,False,0.12200749269005848,0.44175142299657316,-0.002340570092201233,0.010976091027259827,True,0.2691314875730994,0.3976505701344299,-0.004152640700340271,0.012788161635398865,True,0.33621162280701755,0.30977787635382975,-0.008011579513549805,0.0166471004486084,True,0.44048108552631576,0.35328014216137066,-0.006046518683433533,0.014682039618492126,True,0.5015990497076024,0.3892548003576037,0.7102007949561403,10,False,0.46871602373570836,0.056320164973776954,0.048461277696017435
swap_obj:184,000000086956.jpg,swap_obj,A man standing behind a woman holding a bat.,A woman holding a bat stands behind a man.,0.276791512966156,0.2716429829597473,0.005148530006408691,0.6259434402311805,12,1.9949319973733282e-17,1.051543199999287,0.00026450000223121606,0.00010869999823626131,0.43684159703291253,-0.002539902925491333,0.007688432931900024,True,0.10384623209635417,0.6183783850719047,0.004826709628105164,0.00032182037830352783,False,0.2579193115234375,0.5943845379709758,0.0038212090730667114,0.00132732093334198,False,0.3456573486328125,0.5926514047327301,0.003749370574951172,0.0013991594314575195,False,0.4334615071614583,0.4256688053462712,-0.0029954463243484497,0.008143976330757141,True,0.5443674723307291,0.5004834762586201,0.5443674723307291,8,False,0.5478992480364162,0.43684159703291253,-0.002539902925491333,0.007688432931900024,True,0.10384623209635417,0.31152592645783855,-0.007929950952529907,0.013078480958938599,True,0.22925821940104166,0.26753298430601596,-0.010071754455566406,0.015220284461975098,True,0.3620656331380208,0.3218343531979193,-0.007453545928001404,0.012602075934410095,True,0.4498036702473958,0.24021726707605212,-0.01151488721370697,0.01666341722011566,True,0.5117899576822916,0.29759165111232866,0.5117899576822916,6,False,0.35920317014668635,0.20289182514629145,0.18869607788972986
add_att:521,000000095843.jpg,add_att,a double decker bus sits parked on a curb ,An adorned with graffiti double decker bus sits parked on a curb.,0.29342418909072876,0.2605486810207367,0.032875508069992065,0.9639992521506393,11,2.168404344971009e-17,0.8907994000001054,0.00024930000290623866,0.0001021999996737577,0.9166363517378756,0.023974984884262085,0.00890052318572998,False,0.173944037462908,0.6538600365130156,0.006360501050949097,0.02651500701904297,False,0.27788274295252224,0.5666904819170718,0.0026836097240448,0.030191898345947266,False,0.3548544139465875,0.5907419689920321,0.003670334815979004,0.02920517325401306,False,0.4022510200296736,0.598813870103629,0.004005253314971924,0.02887025475502014,False,0.5907015022255193,0.6869491425992298,0.8394322607566765,9,False,0.7307746100044936,0.8083116265457402,0.014390766620635986,0.01848474144935608,False,0.10393870548961424,0.8324316282709988,0.01602959632873535,0.016845911741256714,False,0.2673520956973294,0.8394380370491017,0.01654052734375,0.016334980726242065,False,0.355497728115727,0.825774358216518,0.01555970311164856,0.017315804958343506,False,0.4156505007418398,0.6652216156900698,0.006866514682769775,0.02600899338722229,False,0.5131096995548962,0.8320348982261467,0.4156505007418398,5,False,0.8235837032298033,-0.14508575562691695,-0.09280909322530972
add_obj:860,000000271997.jpg,add_obj,A portrait picture of a young man in a suit and tie.,A portrait picture and a desk lamp are on a desk with a young man in a suit and tie.,0.2714956998825073,0.24051712453365326,0.030978575348854065,0.9568042839148759,13,2.2551405187698492e-17,1.290870899996662,0.00026360000265412964,0.00011230000018258579,0.9427458235354139,0.028012961149215698,0.0029656141996383667,False,0.14713040865384616,0.9394339187385808,0.027415424585342407,0.0035631507635116577,False,0.2552283653846154,0.8938042734215386,0.021302029490470886,0.009676545858383179,False,0.3531700721153846,0.9257921540806499,0.0252377986907959,0.0057407766580581665,False,0.410536858974359,0.9647278445221386,0.03308752179145813,-0.002108946442604065,False,0.5252904647435898,0.9478660445266472,0.8674178685897436,11,False,0.9364534813967109,0.9082577458782068,0.022925451397895813,0.008053123950958252,False,0.11600060096153846,0.905571407493749,0.022607222199440002,0.008371353149414062,False,0.2240985576923077,0.9402521269227622,0.027560144662857056,0.0034184306859970093,False,0.3883513621794872,0.9415209563283673,0.027788281440734863,0.0031902939081192017,False,0.45798778044871796,0.9297683989488014,0.025831371545791626,0.005147203803062439,False,0.5174278846153846,0.8780476082804258,0.7396634615384615,9,False,0.925607977391155,0.06981843624622142,0.01084550400555595
replace_att:785,000000264535.jpg,replace_att,An old man reading a book on a park bench.,A young man reading a book on a park bench.,0.35269346833229065,0.3111730217933655,0.04152044653892517,0.9845114525446821,11,5.898059818321144e-17,1.4729624999999942,0.000252800000453135,0.00010269999984302558,0.8562403230325709,0.017844080924987793,0.023676365613937378,False,0.25836181640625,0.8562403230325709,0.017844080924987793,0.023676365613937378,False,0.25836181640625,0.8186766697742814,0.015074074268341064,0.026446372270584106,False,0.38938140869140625,0.8188442794469964,0.015085369348526001,0.02643507719039917,False,0.4472618103027344,0.8078436504910691,0.014360591769218445,0.027159854769706726,False,0.52764892578125,0.8570286598574204,0.8929252624511719,10,False,0.8723338580075986,0.8562403230325709,0.017844080924987793,0.023676365613937378,False,0.25836181640625,0.8562403230325709,0.017844080924987793,0.023676365613937378,False,0.25836181640625,0.8339009754115716,0.016135305166244507,0.025385141372680664,False,0.3490562438964844,0.7955562977228737,0.01358748972415924,0.02793295681476593,False,0.47913360595703125,0.817160521864598,0.014972269535064697,0.026548177003860474,False,0.5465316772460938,0.8326009613690264,0.6536064147949219,7,False,0.8686741572895615,0.02442769848839399,0.0036597007180370067
replace_obj:195,000000281447.jpg,replace_obj,A horse standing in the dirt near a fence.,A cow standing in the dirt near a fence.,0.29460933804512024,0.22886081039905548,0.06574852764606476,0.9986069320472399,15,3.2959746043559335e-17,1.0984037000016542,0.0002539000015531201,0.00011219999942113645,0.9691083067294853,0.034458890557289124,0.031289637088775635,False,0.1269589206231454,0.9744610517880469,0.03641679883003235,0.02933172881603241,False,0.277372728115727,0.9885320302158542,0.04456663131713867,0.021181896328926086,False,0.33534055081602376,0.9850455108335053,0.041876763105392456,0.023871764540672302,False,0.40710195660237386,0.2593759474021674,-0.010492146015167236,0.076240673661232,True,0.5479066209198813,0.6841770183878866,0.6861728022997032,10,False,0.887738997510686,0.6571623545427097,0.006506741046905518,0.05924178659915924,False,0.11258577522255193,0.45849836847344716,-0.001663893461227417,0.06741242110729218,True,0.21850078820474778,0.174715839235254,-0.015525668859481812,0.08127419650554657,True,0.3639129729228487,0.18140275476337422,-0.015068724751472473,0.08081725239753723,True,0.43567437870919884,0.20204348492224453,-0.013735711574554443,0.0794842392206192,True,0.5059810830860534,0.3586234113889869,0.6447572793026706,10,False,0.44386319635720045,0.3255536069988997,0.4438758011534855
replace_rel:337,000000481390.jpg,replace_rel,Looking down at the spectators and players during a basketball game,Looking down at the spectators and players after a basketball game.,0.3186143636703491,0.27351608872413635,0.04509827494621277,0.9891193335888077,12,9.71445146547012e-17,1.0535861999996996,0.00026819999766303226,0.00010830000246642157,0.9506571361137703,0.029583603143692017,0.015514671802520752,False,0.10458882649739583,0.9550748917079088,0.03056792914867401,0.014530345797538757,False,0.3002573649088542,0.9550748917079088,0.03056792914867401,0.014530345797538757,False,0.3002573649088542,0.9425794270169373,0.02798217535018921,0.01711609959602356,False,0.4648234049479167,0.9449874056186878,0.028436094522476196,0.016662180423736572,False,0.5847015380859375,0.947693964180654,0.5847015380859375,6,False,0.9529119993250685,0.9506571361137703,0.029583603143692017,0.015514671802520752,False,0.10458882649739583,0.9644684322073193,0.033011555671691895,0.012086719274520874,False,0.2747141520182292,0.9639544409808236,0.03286260366439819,0.012235671281814575,False,0.3825836181640625,0.9416268679795691,0.027807533740997314,0.017290741205215454,False,0.4590403238932292,0.943161512878289,0.028090238571166992,0.017008036375045776,False,0.5412801106770834,0.9184846688766382,0.7091929117838541,8,False,0.9582906597066042,0.029209295304015837,-0.0053786603815356715
swap_att:87,000000256192.jpg,swap_att,A yellow BMW touring motorcycle parked in the street as people look on from behind a steel rail on the sidewalk.,A steel BMW touring motorcycle parked in the street as people look on from behind a yellow rail on the sidewalk.,0.28167524933815,0.2762923538684845,0.005382895469665527,0.6314144331348484,10,1.6479873021779667e-17,1.1794579999987036,0.00024219999977503903,0.0001019000010273885,0.39550354404200944,-0.004242360591888428,0.009625256061553955,True,0.2805735270182292,0.39550354404200944,-0.004242360591888428,0.009625256061553955,True,0.2805735270182292,0.5551459742549609,0.0022148489952087402,0.003168046474456787,False,0.3643900553385417,0.19509993258308178,-0.014172062277793884,0.01955495774745941,True,0.4971160888671875,0.3638463154949871,-0.005587086081504822,0.010969981551170349,True,0.6252543131510416,0.4278188735393319,0.9506072998046875,9,False,0.4310297835988525,0.4721294750024267,-0.0011159777641296387,0.006498873233795166,True,0.18909200032552084,0.5131055489991244,0.0005243420600891113,0.004858553409576416,False,0.2729085286458333,0.5384671784722852,0.001541733741760254,0.0038411617279052734,False,0.3223012288411458,0.38453853501056123,-0.0047032833099365234,0.01008617877960205,True,0.49407958984375,0.389126213033486,-0.004509866237640381,0.009892761707305908,True,0.6222178141276041,0.4327869449947881,0.7757924397786459,8,False,0.48285284302270565,-0.004968071455456191,-0.051823059423853124
swap_obj:197,000000050380.jpg,swap_obj,A  man guiding a pony with a boy riding on it.,A boy guiding a pony with a man riding on it.,0.34052371978759766,0.3265542984008789,0.01396942138671875,0.8016982037351539,13,4.163336342344337e-17,0.9425040000023728,0.00024820000180625357,0.0001100999979826156,0.9550153295324086,0.03055405616760254,-0.01658463478088379,False,0.21995499817251463,0.9550153295324086,0.03055405616760254,-0.01658463478088379,False,0.21995499817251463,0.9428058756741692,0.028024092316627502,-0.014054670929908752,False,0.32886170504385964,0.9120262229597033,0.02338629961013794,-0.00941687822341919,False,0.4748378106725146,0.9065919284306029,0.02272714674472809,-0.008757725358009338,False,0.5322836714181286,0.8030395724798792,0.9611031158625731,12,False,0.9095870145115881,0.6217102366137103,0.004968136548995972,0.009001284837722778,False,0.14218978435672514,0.559129960791667,0.0023763179779052734,0.011593103408813477,False,0.28532757675438597,0.5110935837394502,0.0004438161849975586,0.013525605201721191,False,0.35078010782163743,0.5506962679204546,0.0020348429679870605,0.01193457841873169,False,0.41690652412280704,0.3692773458893555,-0.005353182554244995,0.019322603940963745,True,0.5422834429824561,0.36278859836206023,0.7453684667397661,10,False,0.5781309212129625,0.440250974117819,0.3314560932986256
add_att:638,000000205647.jpg,add_att,A Fedex truck drives in front of hills.,A Fedex truck drives in front of snowy hills.,0.34658005833625793,0.34015870094299316,0.0064213573932647705,0.6552360877014005,13,7.979727989493313e-17,1.1234332000021823,0.0002413000001979526,0.0001097999993362464,0.537484190132118,0.0015021860599517822,0.004919171333312988,False,0.12617073282163743,0.46652625691216615,-0.0013409554958343506,0.007762312889099121,True,0.23663651315789475,0.4722505437671109,-0.0011111199855804443,0.007532477378845215,True,0.30448761878654973,0.3950932088863671,-0.00425952672958374,0.01068088412284851,True,0.5145570632309941,0.3950932088863671,-0.00425952672958374,0.01068088412284851,True,0.5145570632309941,0.29770591519547346,0.7285727339181286,9,False,0.492942634222895,0.6493718485412265,0.006162792444229126,0.00025856494903564453,False,0.13891744334795322,0.5390300217783579,0.0015643835067749023,0.004856973886489868,False,0.27126165021929827,0.5314920947854261,0.0012613534927368164,0.005160003900527954,False,0.3269314236111111,0.6705450525746749,0.007106512784957886,-0.0006851553916931152,False,0.4373972039473684,0.6699113852994414,0.007077842950820923,-0.0006564855575561523,False,0.5177094755116959,0.5431227721533743,0.5889242964181286,8,False,0.6167022830374836,-0.2454168569579009,-0.12375964881458862
add_obj:1363,000000360137.jpg,add_obj,A person with a rainbow umbrella looking at the ocean,A person with a rainbow umbrella and a kite is looking at the ocean.,0.3170918822288513,0.2993251085281372,0.01776677370071411,0.8552861033497262,12,3.382710778154774e-17,1.195221500001935,0.00023670000155107118,0.00010900000052060932,0.9091555793020998,0.02303367853164673,-0.005266904830932617,False,0.13325119018554688,0.9268330555243153,0.025390297174453735,-0.007623523473739624,False,0.24254608154296875,0.8969904756077623,0.021642237901687622,-0.0038754642009735107,False,0.3158073425292969,0.8306335162938352,0.015901237726211548,0.0018655359745025635,False,0.4422874450683594,0.8419069176640982,0.016724854707717896,0.0010419189929962158,False,0.5057334899902344,0.813453967142667,0.7159042358398438,9,False,0.8838844433963018,0.7946063002184514,0.013529181480407715,0.0042375922203063965,False,0.20773696899414062,0.7946063002184514,0.013529181480407715,0.0042375922203063965,False,0.20773696899414062,0.7768249309395006,0.012472584843635559,0.005294188857078552,False,0.3445549011230469,0.756374971667686,0.01132906973361969,0.006437703967094421,False,0.45384979248046875,0.6565278932488922,0.006478592753410339,0.011288180947303772,False,0.5337982177734375,0.6938985682922568,0.6361045837402344,7,False,0.7851974240981442,0.11955539885041022,0.0986870192981576
replace_att:617,000000278353.jpg,replace_att,A sheep with short hair stands under a fence.,A sheep with long hair stands under a fence.,0.3158009648323059,0.30456000566482544,0.011240959167480469,0.7547476763288464,16,8.933825901280557e-17,1.4520356000030006,0.00026230000003124587,0.0001143000008596573,0.6479734093616248,0.006101429462432861,0.005139529705047607,False,0.15829730083857443,0.8324889884421587,0.016033709049224854,-0.004792749881744385,False,0.22836821933962265,0.8635936574543567,0.018454641103744507,-0.007213681936264038,False,0.3533764085429769,0.71616067365775,0.00925496220588684,0.001985996961593628,False,0.4099801821278826,0.5738994473972447,0.0029777884483337402,0.008263170719146729,False,0.5441479952830188,0.5978372703028708,0.7151426559224319,11,False,0.7353816321459735,0.7221789104272295,0.009552955627441406,0.0016880035400390625,False,0.12504913522012578,0.6391899299874299,0.005718499422073364,0.0055224597454071045,False,0.25685845780922434,0.7285160354237703,0.009871065616607666,0.0013698935508728027,False,0.32071786556603776,0.8256812956981677,0.01555323600769043,-0.004312276840209961,False,0.4151680424528302,0.8167264255270579,0.014943242073059082,-0.0037022829055786133,False,0.5496920859538784,0.7901626777894802,0.4763168238993711,8,False,0.74515146261227,-0.19232540748660942,-0.009769830466296536
replace_obj:42,000000148719.jpg,replace_obj,An older Dodge pickup sits parked next to another older pickup.,An older Dodge sedan sits parked next to another older sedan.,0.29263073205947876,0.2634851336479187,0.02914559841156006,0.9485615065372618,10,2.7755575615628914e-17,0.8372435999990557,0.00023330000112764537,0.00010290000136592425,0.9606364327356763,0.031947553157806396,-0.002801954746246338,False,0.3093210856119792,0.9606364327356763,0.031947553157806396,-0.002801954746246338,False,0.3093210856119792,0.9606364327356763,0.031947553157806396,-0.002801954746246338,False,0.3093210856119792,0.7651530820477751,0.011811420321464539,0.01733417809009552,False,0.4871622721354167,0.7587924751217607,0.01146070659160614,0.01768489181995392,False,0.5602976481119791,0.6197688912708172,0.9076995849609375,8,False,0.9003482068093751,0.8421297173822003,0.01674160361289978,0.012403994798660278,False,0.10448710123697917,0.23310053044406018,-0.011908859014511108,0.04105445742607117,True,0.2505747477213542,0.09878758395856194,-0.022107690572738647,0.051253288984298706,True,0.3823903401692708,0.12414559004472354,-0.01953744888305664,0.0486830472946167,True,0.4371999104817708,0.10684341237617538,-0.021233975887298584,0.05037957429885864,True,0.5373484293619791,0.26874513684962975,0.8466695149739584,8,False,0.39386185459420825,0.3510237544211875,0.5064863522151668
replace_rel:543,000000361551.jpg,replace_rel,A group of people and luggage on a airport tarmac.,A group of people and luggage near an airport tarmac.,0.33790916204452515,0.3337979018688202,0.004111260175704956,0.6013578459805295,14,6.765421556309548e-17,1.1724720999991405,0.00024189999749069102,0.00011079999967478216,0.5976785480126022,0.003958016633987427,0.0001532435417175293,False,0.1065673828125,0.600678932750652,0.0040829479694366455,2.8312206268310547e-05,False,0.2522735595703125,0.5316375441777283,0.0012671947479248047,0.0028440654277801514,False,0.3327229817708333,0.5281980626670192,0.0011291205883026123,0.0029821395874023438,False,0.4434305826822917,0.6457574887574677,0.006004422903060913,-0.001893162727355957,False,0.6008656819661459,0.6037569070497641,0.6008656819661459,8,False,0.5788597371178399,0.6180910477927454,0.00481453537940979,-0.000703275203704834,False,0.10870361328125,0.5400088349847254,0.0016037821769714355,0.0025074779987335205,False,0.21274312337239584,0.5719531927864895,0.0028982460498809814,0.0012130141258239746,False,0.30621337890625,0.3867379720320626,-0.0046104490756988525,0.008721709251403809,True,0.4794108072916667,0.35801400373190184,-0.005839943885803223,0.009951204061508179,True,0.5540618896484375,0.45966285065576784,0.4794108072916667,7,False,0.5221629420370402,0.1440940563939963,0.05669679508079972
swap_att:652,000000312340.jpg,swap_att,Black and White cat laying down in dead leaves.,Dead cat laying down in black and white leaves.,0.29923588037490845,0.28216201066970825,0.017073869705200195,0.8464970550643396,15,4.85722573273506e-17,0.8851374000005308,0.00027550000231713057,0.00011180000001331791,0.8374859912937008,0.016396403312683105,0.0006774663925170898,False,0.13605813419117646,0.6142525289340969,0.004652231931686401,0.012421637773513794,False,0.2511201746323529,0.6155690217934783,0.004707828164100647,0.012366041541099548,False,0.34218175551470587,0.7971107556973334,0.013683333992958069,0.0033905357122421265,False,0.46034007352941175,0.7720081766530971,0.012196853756904602,0.004877015948295593,False,0.5237591911764706,0.7539505720345506,0.7280503216911764,11,False,0.7394438078416341,0.835401380565589,0.01624402403831482,0.000829845666885376,False,0.11324103860294117,0.8421770591504573,0.01674516499042511,0.00032870471477508545,False,0.251953125,0.882529084140599,0.020166009664535522,-0.003092139959335327,False,0.34301470588235294,0.8985142055385625,0.021808236837387085,-0.00473436713218689,False,0.4043600643382353,0.9064670541816705,0.022712409496307373,-0.005638539791107178,False,0.5431812959558824,0.8631967336674711,0.7798023897058823,12,False,0.8653125383311079,-0.10924616163292045,-0.12586873048947378
swap_obj:43,000000179174.jpg,swap_obj,A large stack of trunks and luggage on a sidewalk with people behind it.,A large group of people on a sidewalk with trunks and luggage behind them.,0.3267907500267029,0.2891611158847809,0.037629634141922,0.9773118585019511,13,4.423544863740858e-17,1.1414045999990776,0.0002378999997745268,0.0001053000014508143,0.9026667243804858,0.022272124886512756,0.01535750925540924,False,0.13751827485380116,0.8972469742121314,0.021670028567314148,0.01595960557460785,False,0.2335297880116959,0.8601951782509311,0.018169119954109192,0.019460514187812805,False,0.3338758680555556,0.8628402706146346,0.01839083433151245,0.019238799810409546,False,0.43347382127192985,0.8957232684194835,0.02150583267211914,0.016123801469802856,False,0.5690446820175439,0.9208638987246713,0.700492278874269,9,False,0.8942329996892462,0.9026667243804858,0.022272124886512756,0.01535750925540924,False,0.13751827485380116,0.8972469742121314,0.021670028567314148,0.01595960557460785,False,0.2335297880116959,0.8928359335192074,0.02120041847229004,0.016429215669631958,False,0.31746847587719296,0.861676282350506,0.018292829394340515,0.019336804747581482,False,0.46277069627192985,0.8901065073593218,0.02091829478740692,0.016711339354515076,False,0.5131693165204678,0.8723420363727441,0.6422526041666666,8,False,0.9010895578200853,0.048521862351927236,-0.006856558130839074
add_att:503,000000378454.jpg,add_att,A man gets air catching the Frisbee near the water.,A man gets air catching the glowing Frisbee near the water.,0.3063339293003082,0.2764260470867157,0.02990788221359253,0.9521562301719436,15,7.806255641895632e-17,0.9232315000008384,0.0002502999996067956,0.00011660000018309802,0.5627210180919502,0.0025221258401870728,0.027385756373405457,False,0.14602179276315788,0.4140456623522319,-0.003472656011581421,0.03338053822517395,True,0.20576343201754385,0.3931308566774405,-0.00434170663356781,0.03424958884716034,True,0.3326822916666667,0.27098235473023086,-0.009896442294120789,0.03980432450771332,True,0.4061414930555556,0.16155235737811732,-0.016467228531837463,0.04637511074542999,True,0.510867827119883,0.307612058567562,0.5757721125730995,9,False,0.46595968034306473,0.922132227903023,0.02471676468849182,0.005191117525100708,False,0.1374440332602339,0.9181040400708593,0.02416861057281494,0.005739271640777588,False,0.2421703673245614,0.9223224692085096,0.02474328875541687,0.005164593458175659,False,0.3074858369883041,0.907471377548881,0.022831439971923828,0.007076442241668701,False,0.4344046966374269,0.8409816813261005,0.01665550470352173,0.0132523775100708,False,0.5588221856725146,0.878485528195325,0.5588221856725146,9,False,0.9129135901429797,-0.570873469627763,-0.44695390979991495
add_obj:652,000000131273.jpg,add_obj,A grey and white dog sitting in the passenger side of a car.,A grey and white dog sitting in the passenger side of a motorcycle.,0.3304324150085449,0.3050895929336548,0.025342822074890137,0.9265104569491561,14,6.245004513516506e-17,1.1237105000000156,0.00024839999969117343,0.00011129999984405003,0.8858078604899179,0.020486176013946533,0.0048566460609436035,False,0.12487284342447917,0.7896016168593022,0.013225257396697998,0.012117564678192139,False,0.2849578857421875,0.7809787175512883,0.012713789939880371,0.012629032135009766,False,0.3543701171875,0.885428985267364,0.020448774099349976,0.004894047975540161,False,0.4128672281901042,0.8420112133656891,0.01673269271850586,0.008610129356384277,False,0.5240681966145834,0.8428928813973955,0.9429117838541666,13,False,0.8520913067275742,0.9272068665733906,0.025445550680160522,-0.00010272860527038574,False,0.10153706868489583,0.9517601522801994,0.029821276664733887,-0.00447845458984375,False,0.2126617431640625,0.9467149732188376,0.02877342700958252,-0.003430604934692383,False,0.33380126953125,0.9304460902897179,0.025935620069503784,-0.0005927979946136475,False,0.4100189208984375,0.911350295909074,0.023302346467971802,0.002040475606918335,False,0.5265858968098959,0.8703160190351047,0.6207122802734375,9,False,0.9350482685759887,-0.027423137637709205,-0.0829569618484145
replace_att:563,000000008021.jpg,replace_att,a large screen showing a person wearing a suit,A smaller screen showing a person wearing a suit.,0.28465592861175537,0.28202497959136963,0.002630949020385742,0.5653969345071281,14,2.7755575615628914e-17,1.0599246000019775,0.00025400000231456943,0.00011050000102841295,0.36317884105131776,-0.005615934729576111,0.008246883749961853,True,0.1517486572265625,0.4128567654776178,-0.0035216808319091797,0.006152629852294922,True,0.2430267333984375,0.342819852351028,-0.0065075308084487915,0.009138479828834534,True,0.3394419352213542,0.18907417908678806,-0.01456037163734436,0.017191320657730103,True,0.4219868977864583,0.15530684660120528,-0.01693570613861084,0.019566655158996582,True,0.606658935546875,0.24799939538043178,0.6750946044921875,9,False,0.32316852938937807,0.38150522644531787,-0.004831641912460327,0.007462590932846069,True,0.1874237060546875,0.4128567654776178,-0.0035216808319091797,0.006152629852294922,True,0.2430267333984375,0.43541024631336467,-0.002598106861114502,0.005229055881500244,True,0.363861083984375,0.3324561338051673,-0.0069709718227386475,0.00960192084312439,True,0.4464060465494792,0.25336525335328125,-0.010807439684867859,0.013438388705253601,True,0.5226898193359375,0.24512449786076207,0.8269246419270834,11,False,0.41345004199538327,0.0028748975196697113,-0.0902815126060052
replace_obj:550,000000403565.jpg,replace_obj,A person standing next to a bike on top of a road.,A person standing next to a car on top of a road.,0.30755117535591125,0.25029605627059937,0.05725511908531189,0.9967489208251107,13,2.0816681711721685e-17,1.0793220000014117,0.0002558999985922128,0.00010929999916697852,0.9943713297826196,0.051742374897003174,0.005512744188308716,False,0.10465040153631285,0.7521209465873777,0.011099562048912048,0.04615555703639984,False,0.24949262395251395,0.6444044322066333,0.005945324897766113,0.051309794187545776,False,0.3333515188547486,0.6461643832790991,0.006022214889526367,0.05123290419578552,False,0.40247468575418993,0.5133482679470533,0.0005340576171875,0.05672106146812439,False,0.5335250087290503,0.6706859891110193,0.75403718575419,10,False,0.7681093923223268,0.9943713297826196,0.051742374897003174,0.005512744188308716,False,0.10465040153631285,0.7523620068862557,0.011112496256828308,0.04614262282848358,False,0.2758489001396648,0.729071512312159,0.009899169206619263,0.04735594987869263,False,0.33032362953910616,0.6545699493291324,0.00639188289642334,0.05086323618888855,False,0.4569494151536313,0.6393627728082991,0.00572599470615387,0.05152912437915802,False,0.5200277147346368,0.5289856114025967,0.6954488914106145,9,False,0.8123933451283059,0.1417003777084226,-0.04428395280597908
replace_rel:852,000000227478.jpg,replace_rel,"two women sitting on a park bench, one looking over her shoulder","Two women standing beside a park bench, one looking over her shoulder.",0.27699151635169983,0.25423896312713623,0.0227525532245636,0.9068068559960006,13,2.5587171270657905e-17,1.0507248999965668,0.0002505999982531648,0.00010860000111279078,0.7807943793389963,0.01270301640033722,0.01004953682422638,False,0.20064798990885416,0.7807943793389963,0.01270301640033722,0.01004953682422638,False,0.20064798990885416,0.827667556708459,0.015691861510276794,0.007060691714286804,False,0.3269093831380208,0.843725013703634,0.016862094402313232,0.005890458822250366,False,0.4148712158203125,0.7835308023410974,0.01286362111568451,0.00988893210887909,False,0.526702880859375,0.7694162951024333,0.6029917399088541,8,False,0.8265551160421353,0.5338338300306117,0.0013554245233535767,0.021397128701210022,False,0.19866943359375,0.5355240182502272,0.0014233589172363281,0.02132919430732727,False,0.2876129150390625,0.5782811557821623,0.00315721333026886,0.01959533989429474,False,0.3321787516276042,0.608289565331213,0.004401281476020813,0.018351271748542786,False,0.4034525553385417,0.4327570898584787,-0.0027061104774475098,0.02545866370201111,True,0.5383961995442709,0.47616793536566826,0.6457773844401041,9,False,0.6092310616976266,0.293248359736765,0.21732405434450863
swap_att:530,000000206025.jpg,swap_att,A man in a striped suit stands in front of palm trees.,A man in a palm suit stands in front of striped trees.,0.3157839775085449,0.2662699818611145,0.04951399564743042,0.9929761808263493,12,2.3418766925686896e-17,1.0835836000005656,0.0002372999988438096,0.00010910000128205866,0.976496712495793,0.03726831078529358,0.01224568486213684,False,0.12840500553097345,0.9396742590558145,0.027457743883132935,0.022056251764297485,False,0.24547727691740412,0.9194339864377092,0.024346813559532166,0.025167182087898254,False,0.34435495022123896,0.8928504752198362,0.02120193839073181,0.02831205725669861,False,0.42305609328908556,0.7597800132588051,0.011514738202095032,0.03799925744533539,False,0.600807752581121,0.7316330037580098,0.818952802359882,9,False,0.9132968294228824,0.9646917242457435,0.03307691216468811,0.01643708348274231,False,0.10106125553097345,0.9496400949234853,0.029368877410888672,0.020145118236541748,False,0.21813352691740412,0.9121416480512642,0.023400694131851196,0.026113301515579224,False,0.31701120022123896,0.916880382748008,0.024006962776184082,0.025507032871246338,False,0.46885946718289084,0.8701044828830374,0.019018828868865967,0.030495166778564453,False,0.5132570519911505,0.7989421098762737,0.7879966353244838,9,False,0.9382431566201882,-0.0673091061182639,-0.02494632719730583
swap_obj:84,000000383842.jpg,swap_obj,this lady is using controllers and those men are watching,Those men are using controllers and this lady is watching.,0.26649710536003113,0.2556680142879486,0.01082909107208252,0.7470441099978108,12,1.3877787807814457e-17,0.9329596999996284,0.00025440000172238797,0.00010289999772794545,0.6663701674480156,0.006918132305145264,0.003910958766937256,False,0.1481616984870317,0.6793496303066195,0.007507845759391785,0.003321245312690735,False,0.23777467579250722,0.5648011042543551,0.002606704831123352,0.008222386240959167,False,0.36777287463976943,0.5610974841397529,0.002456173300743103,0.008372917771339417,False,0.45678359149855907,0.41472873813030836,-0.0034445077180862427,0.014273598790168762,True,0.5499031880403458,0.5396317871553071,0.6005943804034583,8,False,0.6208645191753087,0.6663701674480156,0.006918132305145264,0.003910958766937256,False,0.1481616984870317,0.5537268983757296,0.0021574050188064575,0.008671686053276062,False,0.2857078530259366,0.3619483629883108,-0.0056691765785217285,0.016498267650604248,True,0.37127949387608067,0.46244690961451385,-0.0015049576759338379,0.012334048748016357,True,0.4608924711815562,0.41472873813030836,-0.0034445077180862427,0.014273598790168762,True,0.5499031880403458,0.4603227463655651,0.6287430205331412,8,False,0.5524098745614293,0.07930904078974205,0.0684546446138794
add_att:607,000000371677.jpg,add_att,A computer desk has two monitors and other equipment on it.,A computer desk has two curved monitors and other equipment on it.,0.2700973451137543,0.2589986324310303,0.011098712682723999,0.7521051110873512,13,4.163336342344337e-17,1.071296900001471,0.00024990000019897707,0.00010740000288933516,0.7898369444174936,0.013239428400993347,-0.002140715718269348,False,0.11449178059895833,0.7399834814830155,0.010458827018737793,0.0006398856639862061,False,0.2934112548828125,0.7477350598989108,0.01086568832397461,0.00023302435874938965,False,0.4165293375651042,0.7477350598989108,0.01086568832397461,0.00023302435874938965,False,0.4165293375651042,0.756199193350145,0.011319532990455627,-0.00022082030773162842,False,0.5263722737630209,0.7334193581703259,0.7314961751302084,9,False,0.7586038151141623,0.695160863169068,0.008243590593338013,0.0028551220893859863,False,0.159332275390625,0.6965031308162954,0.008307009935379028,0.0027917027473449707,False,0.2313995361328125,0.6935239619459171,0.008166462182998657,0.002932250499725342,False,0.3545176188151042,0.6854831683481479,0.007790863513946533,0.003307849168777466,False,0.4531097412109375,0.7619227928358624,0.01163250207901001,-0.0005337893962860107,False,0.561187744140625,0.6871208500276549,0.4531097412109375,7,False,0.7078015740235604,0.046298508142671,0.05080224109060194
add_obj:690,000000571804.jpg,add_obj,"A collection of sinks, and basins are on display.","A collection of sinks, basins, and mirrors are on display.",0.32966259121894836,0.3129494786262512,0.016713112592697144,0.8417505677608175,15,1.4224732503009818e-16,0.923762499998702,0.0002682999984244816,0.00011399999857530929,0.5963893875238626,0.0039044320583343506,0.012808680534362793,False,0.15087747434017595,0.42955780436709495,-0.002836555242538452,0.019549667835235596,True,0.23090405058651026,0.3963631595239725,-0.004206418991088867,0.02091953158378601,True,0.3436469024926686,0.32587384144168274,-0.00726906955242157,0.023982182145118713,True,0.4453583211143695,0.35977252572648954,-0.005763515830039978,0.02247662842273712,True,0.5185804618768328,0.42534794805635934,0.9501981763196481,14,False,0.49738371658313335,0.5479228407248822,0.0019228160381317139,0.01479029655456543,False,0.16146787939882698,0.6067642628312115,0.004337310791015625,0.012375801801681519,False,0.21966069464809385,0.40402603810715076,-0.003887176513671875,0.02060028910636902,True,0.36353899376832843,0.35831544947772465,-0.005826830863952637,0.02253994345664978,True,0.44356557001466274,0.3612865192400177,-0.005697846412658691,0.022410959005355835,True,0.5510218108504399,0.482965476885093,0.816893099340176,12,False,0.5220721351576081,-0.057617528828733666,-0.024688418574474735
replace_att:544,000000049269.jpg,replace_att,A brown horse stands over a light colored dog.,A black horse stands over a light colored dog.,0.3334222733974457,0.31703731417655945,0.01638495922088623,0.8373301733724215,15,2.2551405187698492e-17,1.1982982000008633,0.00023890000011306256,0.0001112000027205795,0.832635642724571,0.01604422926902771,0.0003407299518585205,False,0.13022531702898552,0.8577967538092796,0.01797109842300415,-0.00158613920211792,False,0.26321331521739133,0.845947517450267,0.01703163981437683,-0.0006466805934906006,False,0.3328917572463768,0.8586102100473589,0.01803794503211975,-0.0016529858112335205,False,0.41571557971014494,0.6546599034038985,0.006395861506462097,0.009989097714424133,False,0.5427932518115942,0.6637316662368347,0.7490602355072464,11,False,0.8239549643996287,0.7031142988988225,0.00862172245979309,0.00776323676109314,False,0.13555819746376813,0.8181930666397372,0.015041530132293701,0.0013434290885925293,False,0.21304913949275361,0.8264858231363839,0.01560923457145691,0.0007757246494293213,False,0.34667685688405797,0.7928482740366263,0.013421803712844849,0.002963155508041382,False,0.42075407608695653,0.8623952610989462,0.018353283405303955,-0.0019683241844177246,False,0.5478317481884057,0.8245101287776073,0.5478317481884057,8,False,0.80022985417348,-0.16077846254077266,0.02372511022614865
replace_obj:716,000000567640.jpg,replace_obj,two soccer teams going after the soccer ball,The referee watching two soccer teams going after the soccer ball.,0.29216262698173523,0.21873635053634644,0.0734262764453888,0.9993530715017914,12,6.938893903907228e-17,1.0073263000012957,0.00023060000239638612,0.00010570000085863285,0.995685069286449,0.05441349744796753,0.019012778997421265,False,0.17198414522058825,0.9884217069228748,0.04446977376937866,0.028956502676010132,False,0.28631663602941176,0.9354287391623652,0.02673235535621643,0.04669392108917236,False,0.36801470588235297,0.8275627486820992,0.015684515237808228,0.057741761207580566,False,0.40879480698529413,0.8502067694151205,0.017362236976623535,0.05606403946876526,False,0.5525103400735294,0.8350388110618309,0.7925264246323529,9,False,0.9412983829541519,0.995685069286449,0.05441349744796753,0.019012778997421265,False,0.17198414522058825,0.9532045246142699,0.030140429735183716,0.04328584671020508,False,0.21276424632352942,0.9527518051851394,0.03003939986228943,0.043386876583099365,False,0.3221966911764706,0.9337936443142894,0.026464790105819702,0.04696148633956909,False,0.4029871323529412,0.8258888099163538,0.015567660331726074,0.05785861611366272,False,0.5334329044117647,0.8879501718640065,0.5334329044117647,7,False,0.9496248472806018,-0.05291136080217562,-0.0083264643264499
replace_rel:336,000000579307.jpg,replace_rel,The young boy is flying his kite on the beach by the water.,The young boy is flying his kite on the beach overlooking the water.,0.2519022524356842,0.24771854281425476,0.004183709621429443,0.6030933697743401,11,2.4069288229178198e-17,0.9674377999981516,0.00023240000155055895,0.00010350000229664147,0.5536145861894461,0.002152860164642334,0.0020308494567871094,False,0.18457539876302084,0.5685629360970408,0.0027599036693573,0.0014238059520721436,False,0.24796549479166666,0.6046207831336834,0.004247561097145081,-6.385147571563721e-05,False,0.3480936686197917,0.4798831218390348,-0.0008051097393035889,0.004988819360733032,True,0.5832061767578125,0.4798831218390348,-0.0008051097393035889,0.004988819360733032,True,0.5832061767578125,0.5137260075375459,0.8195139567057291,8,False,0.5633376683077796,0.5714504045606588,0.0028777122497558594,0.001305997371673584,False,0.23511250813802084,0.5714504045606588,0.0028777122497558594,0.001305997371673584,False,0.23511250813802084,0.5817814022622443,0.003300905227661133,0.0008828043937683105,False,0.3217620849609375,0.5239743338526933,0.0009597092866897583,0.003224000334739685,False,0.4196879069010417,0.44167131535115156,-0.0023438185453414917,0.006527528166770935,True,0.5393524169921875,0.5013314630247626,0.5393524169921875,5,False,0.5561415862448582,0.012394544512783323,0.007196082062921438
swap_att:52,000000005529.jpg,swap_att,A person on skis is skiing down a snowy hill. ,A person in a snowy outfit is skiing down a hill.,0.29508787393569946,0.29378509521484375,0.0013027787208557129,0.5325234811067718,12,5.551115123125783e-17,0.9330421999984537,0.00023860000146669336,0.00010540000221226364,0.3901056982418386,-0.004468679428100586,0.005771458148956299,True,0.11584507042253521,0.44762599638555733,-0.002102673053741455,0.003405451774597168,True,0.26390294894366195,0.39625834614127403,-0.004210799932479858,0.005513578653335571,True,0.349493838028169,0.4054265081932309,-0.0038290470838546753,0.005131825804710388,True,0.4593419894366197,0.6497900679019448,0.00618116557598114,-0.004878386855125427,False,0.6242132482394366,0.503365134892507,0.7018871038732394,8,False,0.45271570961590374,0.6248961728112445,0.0051038265228271484,-0.0038010478019714355,False,0.16258802816901408,0.5148610200126664,0.0005946159362792969,0.000708162784576416,False,0.24059198943661972,0.5136215053591316,0.0005449950695037842,0.0007577836513519287,False,0.31454665492957745,0.507018730911424,0.00028076767921447754,0.0010220110416412354,False,0.47941791373239434,0.5033914522752047,0.00013566017150878906,0.0011671185493469238,False,0.5436894806338028,0.508434763742991,0.24059198943661972,3,False,0.5392456399367477,-0.005069628850484009,-0.08652993032084394
swap_obj:41,000000259597.jpg,swap_obj,A young boy is recording a performance on a cellphone of several people.,Several people are recording a performance on a cellphone of a young boy.,0.32381805777549744,0.3176629841327667,0.006155073642730713,0.6491960803975673,15,5.811323644522304e-17,0.9560394000000088,0.0002537000000302214,0.00011220000305911526,0.6811915095901967,0.007592529058456421,-0.001437455415725708,False,0.11365625,0.6144068123568994,0.004658743739128113,0.0014963299036026,False,0.2607109375,0.5686141087498962,0.0027619898319244385,0.0033930838108062744,False,0.330171875,0.5603663546710607,0.0024264901876449585,0.0037285834550857544,False,0.4497734375,0.5825106993308403,0.0033308863639831543,0.0028241872787475586,False,0.505359375,0.537523543162521,0.816453125,11,False,0.6158589718830735,0.5889777005053813,0.0035974085330963135,0.0025576651096343994,False,0.1352265625,0.6324552450044519,0.005427643656730652,0.000727429986000061,False,0.2488828125,0.6439802303895106,0.0059268176555633545,0.0002282559871673584,False,0.3169140625,0.6531734055173365,0.006330177187919617,-0.0001751035451889038,False,0.4034609375,0.6321032464626228,0.005412504076957703,0.0007425695657730103,False,0.5106171875,0.5830601864091697,0.652796875,9,False,0.6297135120621759,-0.045536643246648634,-0.01385454017910237
add_att:69,000000213086.jpg,add_att,A man holding an oven door open while he looks in it. ,A man holding a smoky oven door open while he looks in it.,0.2878624498844147,0.28566524386405945,0.0021972060203552246,0.55471022296782,14,1.7564075194265172e-17,0.8253189999995811,0.00027939999927184545,0.00011040000026696362,0.34051688212535947,-0.006609916687011719,0.008807122707366943,True,0.18389866666666665,0.3910796831850861,-0.00442776083946228,0.006624966859817505,True,0.25165333333333334,0.3353553889103968,-0.006840616464614868,0.009037822484970093,True,0.312592,0.32700059701766576,-0.007217824459075928,0.009415030479431152,True,0.4740586666666667,0.31069526400937497,-0.007968708872795105,0.01016591489315033,True,0.5577386666666667,0.35711979907011127,0.6950613333333333,9,False,0.3754252874108886,0.308162943331147,-0.008087217807769775,0.010284423828125,True,0.12013866666666667,0.3209675842434077,-0.0074932873249053955,0.00969049334526062,True,0.20381866666666668,0.5786630398570052,0.0031728744506835938,-0.0009756684303283691,False,0.328848,0.6573691301608923,0.006515920162200928,-0.004318714141845703,False,0.4569066666666667,0.6708445444266824,0.007120072841644287,-0.0049228668212890625,False,0.5178453333333334,0.5285170277918806,0.37668266666666667,6,False,0.4905075965726332,-0.17139722872176932,-0.11508230916174461
add_obj:1342,000000476415.jpg,add_obj,A guy wearing a tie has his hands in his pockets. ,A guy wearing a tie has his hands and phone in his pockets.,0.30007749795913696,0.2965675890445709,0.00350990891456604,0.5868578468727805,14,2.461138931542095e-17,0.9732739999999467,0.00025459999960730784,0.00011020000238204375,0.660301141861906,0.00664636492729187,-0.00313645601272583,False,0.16501328812316715,0.727048230151837,0.009796977043151855,-0.006287068128585815,False,0.23328102089442815,0.7326115317952248,0.01007913053035736,-0.006569221615791321,False,0.3026885538856305,0.666803346391851,0.006937623023986816,-0.0034277141094207764,False,0.44725416972140764,0.6998413331341453,0.008465424180030823,-0.004955515265464783,False,0.5217249358504399,0.6634336244271519,0.9422711235337243,13,False,0.6765080690579467,0.4761665319502226,-0.00095406174659729,0.00446397066116333,True,0.12743424670087977,0.4809677511474702,-0.0007616579532623291,0.004271566867828369,True,0.20849179802052786,0.44415494016794455,-0.0022431612014770508,0.005753070116043091,True,0.3344884072580645,0.4252626656138431,-0.00301206111907959,0.00652197003364563,True,0.4080427510997067,0.427688597342065,-0.00291287899017334,0.00642278790473938,True,0.5206023185483871,0.45607364256451544,0.4080427510997067,6,False,0.4701937308107061,0.2073599818626365,0.2063143382472406
replace_att:235,000000332570.jpg,replace_att,A PERSON HOLDING A BLACKBERRY CELL PHONE IN THEIR HAND ,A PERSON HOLDING AN ANDROID CELL PHONE IN THEIR HAND.,0.31384843587875366,0.29541900753974915,0.018429428339004517,0.8632963795993546,17,3.209238430557093e-17,1.192283000000316,0.0002615999983390793,0.0001277999981539324,0.7378786995008783,0.01034972071647644,0.008079707622528076,False,0.12185128205128205,0.6042356456251228,0.004231452941894531,0.014197975397109985,False,0.3260461538461538,0.6042356456251228,0.004231452941894531,0.014197975397109985,False,0.3260461538461538,0.6980117001158231,0.008378475904464722,0.010050952434539795,False,0.47662564102564103,0.1109398591106897,-0.020811766386032104,0.03924119472503662,True,0.5432205128205129,0.4248769398775777,0.7832153846153846,12,False,0.661905832377602,0.2604956103425564,-0.010433942079544067,0.028863370418548584,True,0.13272307692307692,0.30335010366137344,-0.008313953876495361,0.026743382215499878,True,0.2430974358974359,0.3201010749110511,-0.007533073425292969,0.025962501764297485,True,0.33944615384615384,0.4555261230959034,-0.0017836689949035645,0.02021309733390808,True,0.4257846153846154,0.3277204855830637,-0.007185131311416626,0.025614559650421143,True,0.5302717948717949,0.37756979223991616,0.5302717948717949,10,False,0.39626981896489294,0.04730714763766153,0.2656360134127091
replace_obj:152,000000226147.jpg,replace_obj,A woman is taking a picture of food with a mobile device.,A man is taking a picture of food with a mobile device.,0.2772388756275177,0.26835858821868896,0.008880287408828735,0.708483206436441,12,3.729655473350135e-17,1.1200309000014386,0.00023909999799798243,0.00010629999815137126,0.7028685077614242,0.008609950542449951,0.0002703368663787842,False,0.19848124186197916,0.7232381168474968,0.009605810046195984,-0.0007255226373672485,False,0.2978464762369792,0.07382139710591532,-0.025294184684753418,0.03417447209358215,True,0.3868560791015625,0.42248398360052114,-0.0031258463859558105,0.012006133794784546,True,0.4793904622395833,0.44683471717933004,-0.00213468074798584,0.011014968156814575,True,0.5365854899088541,0.5797468014701628,0.656005859375,8,False,0.5483040418120735,0.1630908108532445,-0.016354084014892578,0.025234371423721313,True,0.15684000651041666,0.23557521546117693,-0.011770933866500854,0.02065122127532959,True,0.288299560546875,0.2063740556986088,-0.013469219207763672,0.022349506616592407,True,0.3827107747395833,0.18716066361935377,-0.014685660600662231,0.023565948009490967,True,0.4820760091145833,0.2716469730965543,-0.009862825274467468,0.018743112683296204,True,0.5861460367838541,0.2135718399286136,0.3827107747395833,5,False,0.27099279013321764,0.36617496154154916,0.27731125167885584
replace_rel:903,000000311295.jpg,replace_rel,A group of zebras in a field by some trees.,A group of zebras are running across a field near some trees.,0.33817172050476074,0.3274466395378113,0.010725080966949463,0.7450735937880867,15,3.426078865054194e-17,0.8006438000011258,0.0002458000017213635,0.00011839999933727086,0.6798327635628016,0.007530033588409424,0.003195047378540039,False,0.14261810124269006,0.7669111900761605,0.011909514665603638,-0.0011844336986541748,False,0.20808205409356725,0.8222711391769136,0.015318110585212708,-0.004593029618263245,False,0.3623503746345029,0.7357310951994298,0.010238975286483765,0.00048610568046569824,False,0.4057759959795322,0.7995226415607953,0.01383313536643982,-0.0031080543994903564,False,0.5508383589181286,0.7691119741685823,0.6809267635233918,10,False,0.7565305510806395,0.6360174359109181,0.005581200122833252,0.005143880844116211,False,0.12768411915204678,0.7134169155861105,0.009120374917984009,0.001604706048965454,False,0.24948030884502925,0.720261443036089,0.009457588195800781,0.0012674927711486816,False,0.3150299250730994,0.7741660313804928,0.012319862842559814,-0.0015947818756103516,False,0.45973821271929827,0.7861291982324082,0.01301749050617218,-0.0022924095392227173,False,0.5231119791666666,0.7431204068334256,0.45973821271929827,7,False,0.7166860363204723,0.02599156733515673,0.03984451476016715
swap_att:294,000000377814.jpg,swap_att,"A dozen doughnuts sits in a doughnut box and two are chocolate, three are glazed and one is a raised pink iced.","A dozen doughnuts sits in a doughnut box and one is chocolate, three are glazed and two are raised pink iced.",0.32390886545181274,0.31669527292251587,0.007213592529296875,0.6729062635755311,15,4.206704429243757e-17,1.1716387000014947,0.00025890000324579887,0.0001143000008596573,0.6693437226572473,0.007052183151245117,0.0001614093780517578,False,0.136444091796875,0.6577576797400168,0.006533175706863403,0.0006804168224334717,False,0.2606913248697917,0.6513337486450628,0.006249070167541504,0.0009645223617553711,False,0.3454335530598958,0.662043017582749,0.006724119186401367,0.0004894733428955078,False,0.4418589274088542,0.6477483618998433,0.006091564893722534,0.0011220276355743408,False,0.5037333170572916,0.6509352829863246,0.7965443929036459,12,False,0.6617102746333074,0.6724810600864507,0.0071942806243896484,1.9311904907226562e-05,False,0.12958272298177084,0.6386426431888363,0.005694776773452759,0.0015188157558441162,False,0.21500142415364584,0.5936057969820959,0.0037889182567596436,0.0034246742725372314,False,0.3280181884765625,0.5827708682633792,0.003341585397720337,0.003872007131576538,False,0.4348958333333333,0.5925211732696467,0.003743976354598999,0.003469616174697876,False,0.56817626953125,0.5973464138275767,0.6300506591796875,9,False,0.6230192851983782,0.05358886915874794,0.03869098943492921
swap_obj:162,000000022892.jpg,swap_obj,"A cat sitting on a table next to plants and a dog outside of a sliding glass door, looking in.","A dog sitting on a table next to plants and a cat outside of a sliding glass door, looking in.",0.3405124843120575,0.33492735028266907,0.005585134029388428,0.6361085006815644,11,1.0408340855860843e-17,1.0541914999994333,0.0002420999990135897,0.00010340000153519213,0.9041026763962426,0.02243664860725403,-0.0168515145778656,False,0.24177844311377245,0.9041026763962426,0.02243664860725403,-0.0168515145778656,False,0.24177844311377245,0.8984454304230268,0.021800696849822998,-0.01621556282043457,False,0.4473293413173653,0.8984454304230268,0.021800696849822998,-0.01621556282043457,False,0.4473293413173653,0.9035680338126422,0.022375136613845825,-0.016790002584457397,False,0.5534850299401197,0.7951695764301946,0.9131017964071856,10,False,0.84392426078425,0.30688729690329136,-0.008147120475769043,0.01373225450515747,True,0.1272814371257485,0.4231312803778746,-0.0030993223190307617,0.00868445634841919,True,0.3328323353293413,0.4231312803778746,-0.0030993223190307617,0.00868445634841919,True,0.3328323353293413,0.266724041533359,-0.010113075375556946,0.015698209404945374,True,0.40922754491017965,0.15855972534014962,-0.016689836978912354,0.02227497100830078,True,0.5740119760479042,0.2641214409080205,0.7223892215568862,8,False,0.3422084040606136,0.5310481355221741,0.5017158567236364
add_att:290,000000067180.jpg,add_att,A woman is sitting on an old wooden bench.,A woman is sitting on a carved old wooden bench.,0.2888267934322357,0.26048168540000916,0.028345108032226562,0.9445124817624835,15,2.168404344971009e-17,0.9734398999971745,0.00025400000231456943,0.00011209999865968712,0.9292383973073577,0.02575048804283142,0.0025946199893951416,False,0.10736083984375,0.906629147092986,0.022731542587280273,0.005613565444946289,False,0.24556477864583334,0.9012894664456327,0.022116348147392273,0.0062287598848342896,False,0.3686065673828125,0.8572467520452418,0.017926082015037537,0.010419026017189026,False,0.437957763671875,0.8192788821078462,0.015114694833755493,0.01323041319847107,False,0.5107218424479166,0.8352363708746136,0.6585489908854166,10,False,0.9019474899079902,0.9359118191572533,0.026812613010406494,0.0015324950218200684,False,0.11956278483072917,0.8924669641265768,0.021161913871765137,0.007183194160461426,False,0.2690531412760417,0.919893843971165,0.024409055709838867,0.003936052322387695,False,0.3311920166015625,0.910550330333538,0.023203730583190918,0.0051413774490356445,False,0.451141357421875,0.8676019447356812,0.018799200654029846,0.009545907378196716,False,0.5101267496744791,0.840324522594464,0.5828908284505209,9,False,0.9166519953654269,-0.005088151719850442,-0.014704505457436623
add_obj:588,000000232489.jpg,add_obj,Two slices of pizza are sitting on a paper plate.,Two slices of pizza and a cupcake are sitting on a paper plate.,0.27689650654792786,0.2665592432022095,0.010337263345718384,0.7376376854639571,15,3.859759734048396e-17,1.438031300000148,0.0002361999977438245,0.000112599998828955,0.5829215857367597,0.0033477842807769775,0.006989479064941406,False,0.14225006103515625,0.5104322788452256,0.00041735172271728516,0.009919911623001099,False,0.2072296142578125,0.30903218754158523,-0.008046478033065796,0.01838374137878418,True,0.3149261474609375,0.2270257280703395,-0.012251824140548706,0.02258908748626709,True,0.40933990478515625,0.406923455087294,-0.0037669837474823,0.014104247093200684,True,0.5689582824707031,0.3459741525282407,0.40933990478515625,7,False,0.43847652457424763,0.5758841780224734,0.00305899977684021,0.007278263568878174,False,0.13652801513671875,0.6260578701482025,0.0051534175872802734,0.00518384575843811,False,0.20930862426757812,0.7042117647125997,0.00867435336112976,0.001662909984588623,False,0.3170051574707031,0.06279556455616424,-0.02703016996383667,0.037367433309555054,True,0.4444007873535156,0.040256550400210624,-0.03171393275260925,0.04205119609832764,True,0.529510498046875,0.2730874468716229,0.4444007873535156,7,False,0.48777117579996854,0.07288670565661781,-0.04929465122572091
replace_att:630,000000414795.jpg,replace_att,a bunch of elephants are standing by a body of water,A solitary elephant is standing by a body of water.,0.3299740254878998,0.2600224018096924,0.0699516236782074,0.9990845348418236,12,5.204170427930421e-17,1.045937299997604,0.00023809999765944667,0.0001083999995898921,0.9991957577404108,0.07124805450439453,-0.0012964308261871338,False,0.11729939778645833,0.9991309189181207,0.07047204673290253,-0.0005204230546951294,False,0.23184712727864584,0.9995080364304862,0.07616613805294037,-0.006214514374732971,False,0.38287353515625,0.9996772628163647,0.08038349449634552,-0.010431870818138123,False,0.4554189046223958,0.9998562391701216,0.0884721577167511,-0.0185205340385437,False,0.5163370768229166,0.9982468003850239,0.8714497884114584,10,False,0.9993352503977739,0.9994068280394349,0.0742943286895752,-0.004342705011367798,False,0.20949808756510416,0.9994068280394349,0.0742943286895752,-0.004342705011367798,False,0.20949808756510416,0.9995707063801093,0.07752940058708191,-0.007577776908874512,False,0.3085734049479167,0.9994304140307889,0.07470031082630157,-0.004748687148094177,False,0.4278920491536458,0.9991103165168533,0.07023754715919495,-0.00028592348098754883,False,0.5004374186197916,0.9968566699237595,0.6882731119791666,8,False,0.9993581573280429,0.0013901304612643495,-2.2906930268962178e-05
replace_obj:1625,000000117645.jpg,replace_obj,A person riding a snowboard down a snowy slope.,A penguin riding a snowboard down a snowy slope.,0.2977440655231476,0.29239487648010254,0.005349189043045044,0.6306296357525195,15,4.9439619065339e-17,1.0863706999989517,0.0002507999997760635,0.0001173999989987351,0.6789960407742037,0.007491618394851685,-0.0021424293518066406,False,0.14248148600260416,0.6600377125063146,0.006634622812271118,-0.0012854337692260742,False,0.21204630533854166,0.33318341097989335,-0.00693821907043457,0.012287408113479614,True,0.3610076904296875,0.1724117355909838,-0.01568630337715149,0.021035492420196533,True,0.4331817626953125,0.16991138394754368,-0.01586255431175232,0.021211743354797363,True,0.50872802734375,0.6792501355591685,0.7547353108723959,11,False,0.48164305509562855,0.7487506363196592,0.01091960072517395,-0.005570411682128906,False,0.14881388346354166,0.692918055984897,0.00813797116279602,-0.0027887821197509766,False,0.22186787923177084,0.8171306866089021,0.014970272779464722,-0.009621083736419678,False,0.3319854736328125,0.7807232148433983,0.012698858976364136,-0.007349669933319092,False,0.4041595458984375,0.8553694477204257,0.01777350902557373,-0.012424319982528687,False,0.5453542073567709,0.6994973580826968,0.6836598714192709,10,False,0.7547430520532001,-0.020247222523528285,-0.2730999969575716
replace_rel:1046,000000166521.jpg,replace_rel,A living room with two televisions decorated for the holiday.,A living room with two televisions that are empty.,0.32628706097602844,0.2962324619293213,0.030054599046707153,0.9528201784701879,15,4.2500725161431774e-17,0.9628042000003916,0.0002500000009604264,0.00011749999976018444,0.9596808797968915,0.031697750091552734,-0.001643151044845581,False,0.15393603372434017,0.8699079824621141,0.01900145411491394,0.011053144931793213,False,0.27310529692082114,0.902941181401576,0.022303402423858643,0.007751196622848511,False,0.3501649560117302,0.9137623084675783,0.023604631423950195,0.006449967622756958,False,0.4154142228739003,0.42316037858301137,-0.003098130226135254,0.03315272927284241,True,0.5253218933284457,0.5551509712489787,0.7987593933284457,12,False,0.8704427650078984,0.9247923869112954,0.025093168020248413,0.00496143102645874,False,0.1206240835777126,0.45988900701143454,-0.0016078948974609375,0.03166249394416809,True,0.2694281524926686,0.2949446805261637,-0.008714884519577026,0.03876948356628418,True,0.34503299120234604,0.31244326647276055,-0.007887214422225952,0.037941813468933105,True,0.4102822580645161,0.03335398488696659,-0.03366655111312866,0.06372115015983582,True,0.5501798478739003,0.300960998220789,0.6176915322580645,9,False,0.5249268558630178,0.25418997302818974,0.3455159091448806
swap_att:562,000000256916.jpg,swap_att,Several square pizzas are sitting on round plates. ,Several round pizzas are sitting on square plates.,0.3240055441856384,0.32377398014068604,0.00023156404495239258,0.5057888424521456,11,3.2959746043559335e-17,1.0528945000005479,0.00023890000011306256,0.0001049999991664663,0.5981521447771665,0.003977715969085693,-0.0037461519241333008,False,0.16072591145833334,0.7005510928191722,0.008499234914779663,-0.00826767086982727,False,0.20938618977864584,0.8541373677488002,0.017674267292022705,-0.017442703247070312,False,0.335784912109375,0.7262929213721336,0.009758949279785156,-0.009527385234832764,False,0.4760284423828125,0.7720619391038531,0.01219990849494934,-0.011968344449996948,False,0.543548583984375,0.6999223988980554,0.8328755696614584,8,False,0.6990649010698031,0.5981521447771665,0.003977715969085693,-0.0037461519241333008,False,0.16072591145833334,0.637480186332795,0.005644440650939941,-0.005412876605987549,False,0.2125701904296875,0.7028523249843258,0.008609175682067871,-0.008377611637115479,False,0.3433583577473958,0.8023706019754714,0.014011770486831665,-0.013780206441879272,False,0.5486297607421875,0.8023706019754714,0.014011770486831665,-0.013780206441879272,False,0.5486297607421875,0.6671886648131806,0.3433583577473958,4,False,0.6614393683136229,0.03273373408487479,0.03762553275618019
swap_obj:156,000000395903.jpg,swap_obj,A man carries his surfboard near incoming waves.,His surfboard carries a man near incoming waves.,0.27523690462112427,0.2634197771549225,0.011817127466201782,0.7652556204052857,11,1.1275702593849246e-17,0.86507630000051,0.0002567999981692992,0.00010430000111227855,0.18932265350972538,-0.014544174075126648,0.02636130154132843,True,0.11818440755208333,0.1456904346243286,-0.017688095569610596,0.029505223035812378,True,0.26220703125,0.12968413196870135,-0.01903754472732544,0.03085467219352722,True,0.4360012478298611,0.12968413196870135,-0.01903754472732544,0.03085467219352722,True,0.4360012478298611,0.08099544090611217,-0.024288982152938843,0.036106109619140625,True,0.5066867404513888,0.15785570912749725,0.6574028862847222,8,False,0.22086296441720052,0.26864932057174346,-0.010014861822128296,0.021831989288330078,True,0.10938178168402778,0.17178965381372815,-0.015729963779449463,0.027547091245651245,True,0.3628268771701389,0.17178965381372815,-0.015729963779449463,0.027547091245651245,True,0.3628268771701389,0.12968413196870135,-0.01903754472732544,0.03085467219352722,True,0.4360012478298611,0.11600912060744956,-0.02030777931213379,0.03212490677833557,True,0.52069091796875,0.16799827884836194,0.5982666015625,7,False,0.2569525395925661,-0.010142569720864691,-0.03608957517536557
add_att:160,000000349837.jpg,add_att,A row of refrigerator freezers sitting next to each other.,A row of frosty refrigerator freezers sitting next to each other.,0.34381183981895447,0.3277444541454315,0.01606738567352295,0.8329580868821578,14,2.3201926491189795e-17,0.8735587000010128,0.0002609000002848916,0.00011269999959040433,0.7482142745904713,0.010891109704971313,0.005176275968551636,False,0.1911951951951952,0.6669582686554141,0.006944596767425537,0.009122788906097412,False,0.24242042042042042,0.6752659360282872,0.007321000099182129,0.00874638557434082,False,0.31175375375375375,0.6247990666619039,0.005099684000015259,0.01096770167350769,False,0.4584864864864865,0.6254768531296478,0.005128607153892517,0.010938778519630432,False,0.5577177177177177,0.6767002999108933,0.8827567567567568,12,False,0.7016943970740224,0.735673146219786,0.010235995054244995,0.005831390619277954,False,0.11270870870870871,0.7004810667501423,0.008495897054672241,0.007571488618850708,False,0.26114714714714715,0.6503815583091758,0.006207168102264404,0.009860217571258545,False,0.31237237237237236,0.5673007042528595,0.0027084648609161377,0.013358920812606812,False,0.41106306306306306,0.5498459001151992,0.002000480890274048,0.014066904783248901,False,0.5102942942942943,0.6335773981119008,0.6768588588588589,10,False,0.6762833357966181,0.043122901798992475,0.025411061277404223
add_obj:1284,000000144798.jpg,add_obj,A cup sits on the edge of a white tub in a bathroom.,A cup and a plant sit on the edge of a white tub in a bathroom.,0.27253222465515137,0.2564558684825897,0.016076356172561646,0.8330828641532875,15,2.42861286636753e-17,1.0246541000014986,0.0002986999970744364,0.00011349999840604141,0.9078248611920362,0.022873610258102417,-0.0067972540855407715,False,0.13048598345588236,0.9573854023674365,0.031120091676712036,-0.01504373550415039,False,0.2464499080882353,0.8619749244645349,0.01831790804862976,-0.0022415518760681152,False,0.36769301470588234,0.878288340758642,0.019763201475143433,-0.003686845302581787,False,0.45190142463235294,0.7593012966179683,0.011488527059555054,0.004587829113006592,False,0.5152171415441177,0.8702720462403417,0.6527975643382353,10,False,0.8872725184687155,0.8992140029273475,0.021885216236114502,-0.0058088600635528564,False,0.10393497242647058,0.8727817455677711,0.019257813692092896,-0.00318145751953125,False,0.2529296875,0.8079645987595047,0.014368385076522827,0.0017079710960388184,False,0.3162454044117647,0.8095185495052641,0.014468848705291748,0.0016075074672698975,False,0.4004538143382353,0.9398291587006474,0.02748510241508484,-0.011408746242523193,False,0.5010225183823529,0.8951012902914646,0.5744312959558824,9,False,0.8608567208027998,-0.024829244051122856,0.02641579766591562
replace_att:492,000000236914.jpg,replace_att,Two stuffed bears are positioned at a table with a jar of honey,Two realistic bears are positioned at a table with a jar of honey.,0.3660033941268921,0.3524271249771118,0.013576269149780273,0.7953737385128254,14,5.377642775528102e-17,0.9537616000015987,0.0002607000023999717,0.00011199999789823778,0.7998286656948382,0.013852238655090332,-0.0002759695053100586,False,0.10196509401114207,0.9009964962964008,0.02208346128463745,-0.008507192134857178,False,0.23454365424791088,0.8282908952782188,0.015735626220703125,-0.0021593570709228516,False,0.3294089484679666,0.6796679769575645,0.007522463798522949,0.006053805351257324,False,0.41325187151810583,0.7493738455476349,0.010952755808830261,0.002623513340950012,False,0.5289813283426184,0.569943743239857,0.8938675139275766,12,False,0.797770299119969,0.829267386942893,0.015804439783096313,-0.00222817063331604,False,0.1571476758356546,0.8111340995695069,0.01457396149635315,-0.000997692346572876,False,0.25911276984679665,0.6177413485591678,0.0047997236251831055,0.008776545524597168,False,0.3403714745821727,0.3324839131926677,-0.006969720125198364,0.020545989274978638,True,0.40830649373259054,0.11569195276108538,-0.020338743925094604,0.03391501307487488,True,0.5805623259052924,0.380541860956659,0.7669470316852368,10,False,0.5860140114212863,0.189401882283198,0.2117562876986827
replace_obj:1358,000000099182.jpg,replace_obj,a man is flipping through a book on a bed,A woman is flipping through a book on a bed.,0.28070902824401855,0.26128920912742615,0.019419819116592407,0.8745697157410971,13,3.469446951953614e-17,1.0959815999995044,0.0002595000005385373,0.00010739999925135635,0.8868125131217196,0.020585879683494568,-0.0011660605669021606,False,0.12269461077844311,0.9440037762021992,0.028248459100723267,-0.00882863998413086,False,0.29652095808383233,0.9356846919212172,0.026774808764457703,-0.007354989647865295,False,0.36306586826347303,0.9346862989674547,0.02661009132862091,-0.007190272212028503,False,0.4275748502994012,0.9406292179198473,0.02762746810913086,-0.008207648992538452,False,0.5031736526946108,0.7817072721754176,0.764317365269461,9,False,0.9160528642229241,0.661582770103618,0.006703555583953857,0.01271626353263855,False,0.19331137724550898,0.5517011338023964,0.0020754635334014893,0.017344355583190918,False,0.2611137724550898,0.5680895197970921,0.002740606665611267,0.01667921245098114,False,0.31311976047904194,0.6003793731097615,0.004070460796356201,0.015349358320236206,False,0.42017365269461077,0.6806676833022525,0.007568418979644775,0.011851400136947632,False,0.551688622754491,0.636931667094168,0.42017365269461077,6,False,0.6625306660360409,0.14477560508124954,0.25352219818688315
replace_rel:1154,000000486438.jpg,replace_rel,Eight doughnuts sitting on a white serving tray.,Eight doughnuts next to a white serving tray.,0.2865409851074219,0.2750384509563446,0.01150253415107727,0.7595572012093955,13,2.168404344971009e-17,0.8020800000012969,0.00025550000282237306,0.00010900000052060932,0.8622990364488953,0.018345177173614502,-0.0068426430225372314,False,0.17156661184210525,0.8380362722901896,0.01643688976764679,-0.004934355616569519,False,0.2526726973684211,0.8333466818998562,0.016095340251922607,-0.004592806100845337,False,0.3391298885233918,0.8063761095250717,0.014266327023506165,-0.002763792872428894,False,0.4818108095760234,0.8279825270840694,0.01571395993232727,-0.00421142578125,False,0.5320438139619883,0.8247557913594401,0.6722176535087719,9,False,0.8239197434991801,0.8566206889030666,0.01787501573562622,-0.00637248158454895,False,0.15615862573099415,0.856606412862768,0.0178738534450531,-0.00637131929397583,False,0.20091488486842105,0.7041589961005402,0.008671820163726807,0.002830713987350464,False,0.3457488121345029,0.701426563261103,0.008541002869606018,0.0029615312814712524,False,0.44116639254385964,0.6235413720578524,0.005046069622039795,0.006456464529037476,False,0.5517692342836257,0.6925193634882891,0.6328753198099415,9,False,0.7573566929568576,0.13223642787115097,0.06656305054232248
swap_att:430,000000182441.jpg,swap_att,A bunch of birds flying around a couple of waves near the ocean.,A couple of birds flying around a bunch of waves near the ocean.,0.3134464621543884,0.2947816252708435,0.018664836883544922,0.8660508863785864,13,3.8163916471489756e-17,0.8944090000004508,0.0002510999984224327,0.00010760000077425502,0.6021677437656543,0.0041450560092926025,0.01451978087425232,False,0.15636633032915362,0.6688871249613637,0.007031559944152832,0.01163327693939209,False,0.2220562304075235,0.6242931141578176,0.005078107118606567,0.013586729764938354,False,0.3858799471003135,0.7173127110015136,0.009311705827713013,0.00935313105583191,False,0.49159972570532917,0.6001362384780898,0.004060328006744385,0.014604508876800537,False,0.5474137931034483,0.6015352690097535,0.7946279878526645,10,False,0.6761753945196185,0.5925665039287314,0.003745853900909424,0.014918982982635498,False,0.1823018710815047,0.6243637122444123,0.005081117153167725,0.013583719730377197,False,0.2599737950626959,0.5832258718404169,0.0033603012561798096,0.015304535627365112,False,0.33322516653605017,0.5062149542286998,0.0002486109733581543,0.018416225910186768,False,0.41179711990595613,0.5305495135018267,0.0012235045433044434,0.01744133234024048,False,0.5269274098746082,0.4640843321003273,0.592617309952978,8,False,0.6204365717442867,0.13745093690942622,0.05573882277533182
swap_obj:79,000000535523.jpg,swap_obj,A bagel machine is making bagels while people people work in the background.,People are making bagels while a bagel machine works in the background.,0.2777302861213684,0.27413350343704224,0.003596782684326172,0.5889625496881862,15,2.7321894746634712e-17,1.1299414999994042,0.0002657000004546717,0.00011519999679876491,0.7562140279647214,0.011320337653160095,-0.007723554968833923,False,0.11124246162280702,0.7696765838231756,0.0120648592710495,-0.008468076586723328,False,0.2530039290935672,0.726356604579035,0.009762153029441833,-0.006165370345115662,False,0.34415547331871343,0.5977358765468123,0.003960400819778442,-0.0003636181354522705,False,0.46920687134502925,0.6188301494076064,0.004845857620239258,-0.001249074935913086,False,0.5235060307017544,0.6125903438524085,0.735014619883041,10,False,0.7010015038674335,0.6417085332651461,0.005827873945236206,-0.002231091260910034,False,0.1250513980263158,0.44661226428251877,-0.002143681049346924,0.005740463733673096,True,0.2599426626461988,0.44018987573230006,-0.0024039149284362793,0.006000697612762451,True,0.3289359466374269,0.45902450118479016,-0.0016427040100097656,0.0052394866943359375,True,0.4220234831871345,0.44346343092870416,-0.0022711753845214844,0.005867958068847656,True,0.5730080409356725,0.47806760250605795,0.5730080409356725,8,False,0.5077178335289598,0.13452274134635056,0.1932836703384737
add_att:490,000000532058.jpg,add_att,A little boy drinking milk from a bottle while laying in bed.,A little boy drinking milk from a metallic bottle while laying in bed.,0.3535723090171814,0.3525277376174927,0.0010445713996887207,0.5260905658189433,12,3.2959746043559335e-17,1.0477170999984082,0.0002362000013818033,0.0001067000011971686,0.185602857535106,-0.014788389205932617,0.015832960605621338,True,0.10090128580729167,0.2621489694958171,-0.010348290205001831,0.011392861604690552,True,0.20562744140625,0.15301216743991028,-0.01711168885231018,0.0181562602519989,True,0.3399200439453125,0.16422726813386218,-0.01627105474472046,0.01731562614440918,True,0.4414825439453125,0.13840028419456474,-0.018286406993865967,0.019330978393554688,True,0.5375264485677084,0.24268013022120755,0.9268849690755209,11,False,0.219282410388219,0.185602857535106,-0.014788389205932617,0.015832960605621338,True,0.10090128580729167,0.14397110906271676,-0.01782691478729248,0.0188714861869812,True,0.23519388834635416,0.16421581486548534,-0.016271889209747314,0.017316460609436035,True,0.3126169840494792,0.15050322859911638,-0.017306596040725708,0.01835116744041443,True,0.408660888671875,0.16058646701137774,-0.01653870940208435,0.01758328080177307,True,0.5610758463541666,0.16729725502902304,0.4817759195963542,6,False,0.19388852058064213,0.0753828751921845,0.02539388980757687
add_obj:438,000000369081.jpg,add_obj,A herd of three horses standing on top of a green field.,A herd of three horses and some goats are standing on top of a green field.,0.3305314779281616,0.2998093068599701,0.03072217106819153,0.9557320692248379,13,1.951563910473908e-17,0.9398247999997693,0.0002537000000302214,0.0001126000024669338,0.8090231260048776,0.0144367516040802,0.016285419464111328,False,0.11636271994134897,0.912457826051376,0.02344021201133728,0.007281959056854248,False,0.20911038306451613,0.856294607595639,0.017848491668701172,0.012873679399490356,False,0.3686365927419355,0.6836220189706081,0.007704675197601318,0.02301749587059021,False,0.4128253299120235,0.6327049536421472,0.005438387393951416,0.025283783674240112,False,0.5999243951612904,0.7189985751846375,0.7703903958944281,10,False,0.8013575564784133,0.8239536417811623,0.015433669090270996,0.015288501977920532,False,0.16055145711143695,0.89730534645836,0.021676361560821533,0.009045809507369995,False,0.2155883431085044,0.841806137939716,0.01671728491783142,0.014004886150360107,False,0.3018637738269795,0.7545567546774866,0.011230647563934326,0.019491523504257202,False,0.4510286840175953,0.49501237426156736,-0.00019951164722442627,0.030921682715415955,True,0.5456321022727273,0.6424474496056438,0.6247193456744868,8,False,0.8126732602616096,0.07655112557899368,-0.01131570378319624
replace_att:209,000000111951.jpg,replace_att,A couple of white bathroom sinks sitting next to a toilet.,A couple of black bathroom sinks sitting next to a toilet.,0.25944221019744873,0.24577809870243073,0.013664111495018005,0.7967997019135645,14,3.7513395167998453e-17,1.1260551999985182,0.0002537000000302214,0.00011699999959091656,0.7877429365839445,0.013113737106323242,0.0005503743886947632,False,0.1023782169117647,0.7466696990673262,0.010809287428855896,0.0028548240661621094,False,0.2555951286764706,0.8046755619111061,0.014157772064208984,-0.000493660569190979,False,0.36977826286764703,0.6924946040738791,0.008118078112602234,0.0055460333824157715,False,0.4401711856617647,0.6805228868606465,0.0075617581605911255,0.00610235333442688,False,0.5049402573529411,0.7959027519780469,0.7136603860294117,9,False,0.7612557332089214,0.5429862879338271,0.0017237067222595215,0.011940404772758484,False,0.13143956801470588,0.638133535945282,0.005672723054885864,0.007991388440132141,False,0.2584616268382353,0.6221089724351123,0.00498509407043457,0.008679017424583435,False,0.36083984375,0.6502056847665802,0.006199434399604797,0.007464677095413208,False,0.4351964613970588,0.6818981755026268,0.007625088095664978,0.006039023399353027,False,0.5232823988970589,0.6334956284739041,0.5878963694852941,8,False,0.6374141167809555,0.16240712350414288,0.12384161642796587
replace_obj:1083,000000450303.jpg,replace_obj,Small group using laptops and headphones in a classroom.,Small group using laptops and speakers in a classroom.,0.30018922686576843,0.29293397068977356,0.007255256175994873,0.6738226332354398,12,3.7730235602495554e-17,1.0412195000026259,0.00048180000158026814,0.00019299999985378236,0.5823439931326718,0.0033240318298339844,0.003931224346160889,False,0.16507975260416666,0.4962531731543312,-0.00014987587928771973,0.007405132055282593,True,0.23812357584635416,0.49530776209327665,-0.00018769502639770508,0.007442951202392578,True,0.3015340169270833,0.4437179398481455,-0.002260863780975342,0.009516119956970215,True,0.4628397623697917,0.35482629940474075,-0.005978912115097046,0.013234168291091919,True,0.5614013671875,0.4906715431668337,0.828155517578125,9,False,0.5158555335800685,0.5823439931326718,0.0033240318298339844,0.003931224346160889,False,0.16507975260416666,0.4962531731543312,-0.00014987587928771973,0.007405132055282593,True,0.23812357584635416,0.4854590779861307,-0.0005818009376525879,0.007837057113647461,True,0.3555450439453125,0.4706661434024865,-0.0011747032403945923,0.008429959416389465,True,0.4189554850260417,0.3784075235645266,-0.004963129758834839,0.012218385934829712,True,0.51751708984375,0.43852241593650776,0.6731109619140625,8,False,0.527268697531598,0.05214912723032594,-0.01141316395152947
replace_rel:182,000000558114.jpg,replace_rel,A group of basketball players walking on the court,A group of basketball players playing on the court.,0.3056679666042328,0.2813166677951813,0.024351298809051514,0.919467204732488,11,2.2551405187698492e-17,1.2701546999996935,0.000258100000792183,0.00011010000162059441,0.797173887576878,0.013687238097190857,0.010664060711860657,False,0.18987019856770834,0.8170903807492823,0.014967575669288635,0.009383723139762878,False,0.2577006022135417,0.8639774484073848,0.01848725974559784,0.005864039063453674,False,0.3677927652994792,0.8051147914773924,0.014185741543769836,0.010165557265281677,False,0.56378173828125,0.8051147914773924,0.014185741543769836,0.010165557265281677,False,0.56378173828125,0.8459330911049674,0.8340352376302084,8,False,0.8404237486289545,0.797173887576878,0.013687238097190857,0.010664060711860657,False,0.18987019856770834,0.47917575939754004,-0.0008334517478942871,0.0251847505569458,True,0.24129231770833334,0.5366268928437836,0.0014677047729492188,0.022883594036102295,False,0.3180796305338542,0.5338304926198284,0.001355290412902832,0.02299600839614868,False,0.514068603515625,0.5338304926198284,0.001355290412902832,0.02299600839614868,False,0.514068603515625,0.5773103514155675,0.5799611409505209,5,False,0.6607776257442851,0.26862273968939987,0.1796461228846694
swap_att:183,000000198641.jpg,swap_att,A black cat sitting next to a couple of monitors sitting on top of a table.,A couple of cats sitting next to a black monitor sitting on top of a table.,0.3368726968765259,0.3246758282184601,0.012196868658065796,0.7720084389306413,15,6.245004513516506e-17,1.1770007999984955,0.0002578999992692843,0.00011349999840604141,0.6156462441370653,0.0047110915184021,0.007485777139663696,False,0.12516318537859009,0.7230254008250458,0.00959518551826477,0.0026016831398010254,False,0.2483171507832898,0.7272244390827612,0.009805858135223389,0.0023910105228424072,False,0.3111333224543081,0.6664072702321365,0.006919801235198975,0.005277067422866821,False,0.4471279373368146,0.7045608311202611,0.00869111716747284,0.0035057514905929565,False,0.5322801077023499,0.6611187340271607,0.7460427545691906,11,False,0.691283077254906,0.6725316006545502,0.007196575403213501,0.005000293254852295,False,0.11826860313315928,0.5929190218803618,0.0037604570388793945,0.008436411619186401,False,0.266899885770235,0.5850625490760679,0.0034359097480773926,0.008760958909988403,False,0.3197107539164491,0.6262280934397122,0.005160689353942871,0.007036179304122925,False,0.46887238903394257,0.32088964517240853,-0.007496863603591919,0.019693732261657715,True,0.5543305319843342,0.4510385317652377,0.7324473727154047,11,False,0.6158388251758734,0.21008020226192298,0.0754442520790326
swap_obj:140,000000376625.jpg,swap_obj,The rail trolley is driving in front of other automobiles. ,Other automobiles are driving in front of the rail trolley.,0.2754833996295929,0.26464012265205383,0.010843276977539062,0.7473120859709868,10,1.214306433183765e-17,1.0240843999999925,0.0002303000001120381,9.950000094249845e-05,0.7844450741127825,0.01291760802268982,-0.002074331045150757,False,0.14627307200292397,0.6423359435272693,0.005855172872543335,0.0049881041049957275,False,0.25424319261695905,0.495419883690133,-0.00018320977687835693,0.01102648675441742,True,0.4380482456140351,0.495419883690133,-0.00018320977687835693,0.01102648675441742,True,0.4380482456140351,0.5077397898971643,0.0003096163272857666,0.010533660650253296,False,0.5141230354532164,0.5904509993404523,0.7997076023391813,7,False,0.6453172972595218,0.8248256054093054,0.015493899583816528,-0.004650622606277466,False,0.18380505299707603,0.8056298182791577,0.01421859860420227,-0.003375321626663208,False,0.2598798428362573,0.8093236255150722,0.014456212520599365,-0.0036129355430603027,False,0.32586919773391815,0.6488539290735952,0.0061400532722473145,0.004703223705291748,False,0.4338393183479532,0.606837502449174,0.004340380430221558,0.006502896547317505,False,0.5067559850146199,0.6607758067565812,0.7664873446637427,8,False,0.7583270884307609,-0.0703248074161289,-0.1130097911712391
add_att:84,000000131431.jpg,add_att,An image of a clock on a building.,A glowing image of a clock on a building.,0.32807669043540955,0.311445951461792,0.016630738973617554,0.840650205772149,13,4.380176776841438e-17,0.996271699998033,0.00025739999910001643,0.00011369999992894009,0.8905335794090774,0.020962029695510864,-0.0043312907218933105,False,0.2746783088235294,0.8905335794090774,0.020962029695510864,-0.0043312907218933105,False,0.2746783088235294,0.9261066420023237,0.02528366446495056,-0.008652925491333008,False,0.3436753216911765,0.9278507188361171,0.025541335344314575,-0.008910596370697021,False,0.4344381893382353,0.8954438794852941,0.021475955843925476,-0.004845216870307922,False,0.5525562959558824,0.8803214646983569,0.7458697150735294,9,False,0.8908561096969467,0.7825422282762772,0.012805432081222534,0.0038253068923950195,False,0.12644761029411763,0.795624877658179,0.0135917067527771,0.003039032220840454,False,0.4023494944852941,0.795624877658179,0.0135917067527771,0.003039032220840454,False,0.4023494944852941,0.795624877658179,0.0135917067527771,0.003039032220840454,False,0.4023494944852941,0.7525576831734567,0.01112300157546997,0.005507737398147583,False,0.5176700367647059,0.7841666955461329,0.7390682444852941,9,False,0.791242903929318,0.09615476915222398,0.09961320576762878
add_obj:1329,000000441286.jpg,add_obj,A person on a surf board riding a wave.,A person on a surf board riding a wave with a dolphin.,0.2925351560115814,0.26923513412475586,0.02330002188682556,0.9113315136049533,17,3.0574501264091225e-17,1.3158484000014141,0.0002672000009624753,0.00011889999950653873,0.6537028595286015,0.006353557109832764,0.016946464776992798,False,0.10038269352791879,0.8362944300574927,0.016309112310409546,0.006990909576416016,False,0.2753757534898477,0.8454084465605841,0.016990333795547485,0.006309688091278076,False,0.3125644432106599,0.8220207862123481,0.015300989151000977,0.007999032735824585,False,0.4552169257614213,0.7950665334482173,0.013557404279708862,0.0097426176071167,False,0.5127894987309645,0.7959679737756582,0.6761332090736041,11,False,0.7911088784338344,0.6537028595286015,0.006353557109832764,0.016946464776992798,False,0.10038269352791879,0.8327452547845722,0.01605209708213806,0.0072479248046875,False,0.2540450507614213,0.8440477490729906,0.016886591911315918,0.0064134299755096436,False,0.3227266418147208,0.8731383657931161,0.01928997039794922,0.004010051488876343,False,0.42211790133248733,0.808855923176267,0.014425933361053467,0.008874088525772095,False,0.5358254679568528,0.8093115062854555,0.48356698128172587,7,False,0.8049328505549886,-0.013343532509797251,-0.013823972121154271
replace_att:294,000000306700.jpg,replace_att,A woman holding a large pepperoni pizza at a table.  ,A woman holding a small pepperoni pizza at a table.,0.3552907407283783,0.3287675678730011,0.026523172855377197,0.9341536715897181,13,3.3393426912553537e-17,1.0474396999998135,0.0004650000009860378,0.00024290000146720558,0.8585584652589449,0.01803368330001831,0.008489489555358887,False,0.10317484537760417,0.7783878325272854,0.012562960386276245,0.013960212469100952,False,0.2506815592447917,0.6695079406841036,0.007059603929519653,0.019463568925857544,False,0.3548533121744792,0.5699703774748567,0.002817302942276001,0.023705869913101196,False,0.4057057698567708,0.43792772275496683,-0.0024957656860351562,0.029018938541412354,True,0.5395304361979166,0.4466810223981863,0.9154764811197916,12,False,0.7183703828758308,0.8585584652589449,0.01803368330001831,0.008489489555358887,False,0.10317484537760417,0.5292087445781705,0.0011696815490722656,0.02535349130630493,False,0.23699951171875,0.45037909433023243,-0.0019913911819458008,0.028514564037322998,True,0.3215230305989583,0.09572950205113892,-0.02245602011680603,0.04897919297218323,True,0.445953369140625,0.060901335687364756,-0.027356654405593872,0.05387982726097107,True,0.5079243977864584,0.3148080465397364,0.8606669108072916,11,False,0.5228510044281915,0.13187297585844993,0.19551937844763922
replace_obj:681,000000158548.jpg,replace_obj,a couple of people that are walking in some grass,A couple of deer that are walking in some grass.,0.24907909333705902,0.23785720765590668,0.011221885681152344,0.7543944476655124,12,1.9081958235744878e-17,1.14612599999964,0.0002477000016369857,0.00010739999925135635,0.8146513012957474,0.014805212616920471,-0.0035833269357681274,False,0.20215855731865284,0.8146513012957474,0.014805212616920471,-0.0035833269357681274,False,0.20215855731865284,0.6895488168297613,0.007980108261108398,0.0032417774200439453,False,0.4033456120466321,0.6895488168297613,0.007980108261108398,0.0032417774200439453,False,0.4033456120466321,0.8935190781690681,0.021272018551826477,-0.010050132870674133,False,0.5019480650906736,0.8912249861679874,0.7730023477979274,9,False,0.7729045458881746,0.5683940559619566,0.002753019332885742,0.008468866348266602,False,0.10812520239637306,0.44533210534110385,-0.002195492386817932,0.013417378067970276,True,0.2789528011658031,0.6667030249316854,0.006933107972145081,0.004288777709007263,False,0.37755525420984454,0.4023150023939691,-0.003958284854888916,0.01518017053604126,True,0.4576283193005181,0.24851856801614972,-0.011065289378166199,0.022287175059318542,True,0.5738392568005182,0.4134258449280148,0.5738392568005182,6,False,0.5115387585805466,0.4777991412399726,0.26136578730762794
replace_rel:1307,000000127517.jpg,replace_rel,Many surfboards are propped against a rail on the beach.,Many surfboards are lying on the beach.,0.344281941652298,0.32996249198913574,0.014319449663162231,0.807204183165312,9,6.418476861114186e-17,1.0341589999989083,0.0002609000002848916,9.690000297268853e-05,0.14942619906277244,-0.017391085624694824,0.031710535287857056,True,0.359466552734375,0.14942619906277244,-0.017391085624694824,0.031710535287857056,True,0.359466552734375,0.14942619906277244,-0.017391085624694824,0.031710535287857056,True,0.359466552734375,0.288587033526792,-0.009022563695907593,0.023342013359069824,True,0.4974009195963542,0.30180991893814846,-0.008386939764022827,0.02270638942718506,True,0.5961201985677084,0.3006056960825578,0.876312255859375,7,False,0.38798922819012666,0.14942619906277244,-0.017391085624694824,0.031710535287857056,True,0.359466552734375,0.14942619906277244,-0.017391085624694824,0.031710535287857056,True,0.359466552734375,0.14942619906277244,-0.017391085624694824,0.031710535287857056,True,0.359466552734375,0.14180237786486524,-0.018004000186920166,0.0323234498500824,True,0.4242655436197917,0.13025703011156392,-0.018986880779266357,0.03330633044242859,True,0.50714111328125,0.25071430537802625,0.698150634765625,5,False,0.37986881595918115,0.04989139070453158,0.008120412230945506
swap_att:13,000000213171.jpg,swap_att,A man in black shirt standing in field with baseball mitt.,A man in baseball shirt standing in field with black mitt.,0.3523610830307007,0.34261372685432434,0.009747356176376343,0.7260623998645267,14,1.0364972768961422e-16,1.235414300001139,0.00027659999977913685,0.00011140000060549937,0.6605397473100064,0.006657004356384277,0.0030903518199920654,False,0.11943466666666666,0.6480777519814712,0.0061060041189193726,0.00364135205745697,False,0.248576,0.46389930033403,-0.001446545124053955,0.011193901300430298,True,0.34616,0.5672794889056797,0.0027076005935668945,0.007039755582809448,False,0.421456,0.642999125372503,0.005884051322937012,0.003863304853439331,False,0.543296,0.6104743799247898,0.84208,12,False,0.6149689482957746,0.7053712914948715,0.008730083703994751,0.0010172724723815918,False,0.16595733333333335,0.503758747103074,0.00015035271644592285,0.00959700345993042,False,0.23186133333333334,0.5310846596607715,0.0012449920177459717,0.008502364158630371,False,0.30796266666666666,0.365033271133409,-0.00553584098815918,0.015283197164535522,True,0.4407893333333333,0.28495077406562935,-0.00920034945011139,0.018947705626487732,True,0.519344,0.3829477689404107,0.6484853333333334,9,False,0.5449993840151424,0.2275266109843791,0.06996956428063228
swap_obj:232,000000426372.jpg,swap_obj,A truck is shown with another car in the back of it.,Another car is shown with a truck in the back of it.,0.27655524015426636,0.2611631155014038,0.015392124652862549,0.823350211684215,11,2.667137344314341e-17,1.146517799999856,0.00024029999985941686,0.0001049999991664663,0.7855516534021884,0.012983173131942749,0.0024089515209198,False,0.24896632858187134,0.7855516534021884,0.012983173131942749,0.0024089515209198,False,0.24896632858187134,0.7079452567237073,0.008854255080223083,0.006537869572639465,False,0.30510439510233917,0.5808638364678105,0.0032632052898406982,0.01212891936302185,False,0.45990382858187134,0.6846466412919169,0.007752090692520142,0.007640033960342407,False,0.5583424707602339,0.5481081967416341,0.7182245979532164,6,False,0.7240060787444438,0.6697815455850344,0.007071971893310547,0.008320152759552002,False,0.17989309210526316,0.6692414777371116,0.007047563791275024,0.008344560861587524,False,0.2589375456871345,0.6555080256800908,0.006433397531509399,0.00895872712135315,False,0.310758177997076,0.6058423143194211,0.004298686981201172,0.011093437671661377,False,0.5267783717105263,0.6058423143194211,0.004298686981201172,0.011093437671661377,False,0.5267783717105263,0.6662148612374303,0.5623800712719298,7,False,0.6791974842123599,-0.11810666449579621,0.044808594532083856
add_att:666,000000043816.jpg,add_att,A baseball player holding a bat as a ball approaches.,A baseball player holding a bat as a glowing ball approaches.,0.33163419365882874,0.311236709356308,0.020397484302520752,0.8849076490371587,14,4.0332320816460765e-17,0.7943166000004567,0.00025069999901461415,0.00010489999840501696,0.9479092305250497,0.029012709856033325,-0.008615225553512573,False,0.15981831928152493,0.9455751789276783,0.02854973077774048,-0.008152246475219727,False,0.2299532624633431,0.9027125370632111,0.022277340292930603,-0.001879855990409851,False,0.30206424120234604,0.8738063278424728,0.019350409507751465,0.0010470747947692871,False,0.4045775293255132,0.48615402911828676,-0.0005539804697036743,0.020951464772224426,True,0.577913077346041,0.6207446400121607,0.8127577437683284,11,False,0.845148717572748,0.8289659033921076,0.0157831609249115,0.004614323377609253,False,0.13242302052785923,0.8749311737311082,0.019452810287475586,0.000944674015045166,False,0.2025579637096774,0.8709201274556008,0.01909118890762329,0.001306295394897461,False,0.32494616019061584,0.7927136366523035,0.013413608074188232,0.0069838762283325195,False,0.420105159457478,0.49357273816510133,-0.00025710463523864746,0.0206545889377594,True,0.5308547928885631,0.8192274687650811,0.420105159457478,7,False,0.8108581749509548,-0.19848282875292045,0.03429054262179321
add_obj:211,000000460841.jpg,add_obj,a cat is rinsed off with soap and aqua,"A cat is rinsed off with soap, shampoo, and aqua.",0.29125627875328064,0.28928589820861816,0.0019703805446624756,0.5491007590114011,15,2.2551405187698492e-17,1.1283230000008189,0.00024959999791462906,0.00011440000162110664,0.49437802882109344,-0.00022488832473754883,0.0021952688694000244,True,0.107248,0.49196896486596575,-0.00032126903533935547,0.002291649580001831,True,0.24750933333333333,0.4998573213854417,-5.707144737243652e-06,0.0019760876893997192,True,0.31522666666666666,0.4295735052395293,-0.0028359144926071167,0.004806295037269592,True,0.4473706666666667,0.37489881952151616,-0.005112573504447937,0.007082954049110413,True,0.523152,0.5373221549734319,0.749408,11,False,0.47902288890039774,0.3956218277085087,-0.00423741340637207,0.006207793951034546,True,0.13832,0.42553147151150483,-0.0030010640621185303,0.004971444606781006,True,0.207008,0.5505989293744449,0.0020309090614318848,-6.052851676940918e-05,False,0.36741866666666667,0.5173900885644142,0.0006958842277526855,0.00127449631690979,False,0.40969066666666665,0.5461372311711721,0.0018507540225982666,0.00011962652206420898,False,0.5552106666666666,0.5184419566487306,0.4794293333333333,7,False,0.4895162197789405,0.018880198324701336,-0.010493330878542761
replace_att:781,000000273198.jpg,replace_att,Muddy water is coming out from a water hose.,Clear water is coming out from a water hose.,0.282360702753067,0.2663626968860626,0.015998005867004395,0.8319905125296945,12,2.5153490401663703e-17,0.9652280000009341,0.00024510000002919696,0.0001111999990826007,0.9018351056764293,0.02217783033847809,-0.006179824471473694,False,0.12898133333333334,0.730223181332149,0.009957551956176758,0.006040453910827637,False,0.20958933333333332,0.4752165986216277,-0.0009921491146087646,0.01699015498161316,True,0.366688,0.3909884903253287,-0.004431590437889099,0.020429596304893494,True,0.43936,0.4880094722838823,-0.0004797130823135376,0.016477718949317932,True,0.5024586666666667,0.4902222295910362,0.8635573333333333,10,False,0.6597295297033525,0.687965048697622,0.007906228303909302,0.008091777563095093,False,0.13623466666666667,0.4647673236135625,-0.0014116466045379639,0.01740965247154236,True,0.21273066666666668,0.25148378823957196,-0.010907143354415894,0.026905149221420288,True,0.3728,0.21418187815706186,-0.012998998165130615,0.02899700403213501,True,0.453408,0.16102282334366858,-0.0165063738822937,0.032504379749298096,True,0.5828906666666667,0.3068661021526196,0.6459893333333333,8,False,0.4254819282263946,0.18335612743841656,0.23424760147695795
replace_obj:352,000000223959.jpg,replace_obj,A man holding a tennis racquet on a tennis court.,A child holding a tennis racquet on a tennis court.,0.33040425181388855,0.3001291751861572,0.030275076627731323,0.9538014741907834,15,2.2551405187698492e-17,1.1971291000008932,0.00024670000129844993,0.00011220000305911526,0.9787737464986902,0.038310617208480835,-0.008035540580749512,False,0.16866556803385416,0.9764995850808369,0.03726956248283386,-0.006994485855102539,False,0.22806294759114584,0.5322215136362132,0.001290649175643921,0.028984427452087402,False,0.3274383544921875,0.7063127689382398,0.00877542793750763,0.021499648690223694,False,0.4733734130859375,0.39233373233423685,-0.00437512993812561,0.034650206565856934,True,0.514984130859375,0.7572709156315333,0.8215840657552084,12,False,0.7946728824863684,0.8688585368128039,0.018909037113189697,0.011366039514541626,False,0.1426239013671875,0.8607924571430529,0.01821887493133545,0.012056201696395874,False,0.2808481852213542,0.7964552000294562,0.013642847537994385,0.01663222908973694,False,0.3560231526692708,0.8035705640182208,0.01408761739730835,0.016187459230422974,False,0.4267832438151042,0.843349770175953,0.01683366298675537,0.013441413640975952,False,0.5672505696614584,0.8280172520942373,0.7217051188151041,11,False,0.8533924203080978,-0.07074633646270401,-0.05871953782172945
replace_rel:1367,000000181859.jpg,replace_rel,A cute cat laying down in a sink.,A cute cat laying down on top of a sink.,0.3554922342300415,0.3461982011795044,0.00929403305053711,0.7169542133458539,12,2.927345865710862e-17,1.1314673999986553,0.00022159999934956431,0.00010470000052009709,0.6422524082472202,0.005851536989212036,0.0034424960613250732,False,0.17770573680351906,0.6309794453994874,0.005364209413528442,0.003929823637008667,False,0.25178702346041054,0.6690613558748584,0.007039427757263184,0.0022546052932739258,False,0.32595422470674484,0.4431460719472056,-0.002284035086631775,0.011578068137168884,True,0.43574734237536655,0.4736315493091264,-0.0010557174682617188,0.010349750518798828,True,0.5714179343841642,0.5215946753749875,0.9317036290322581,11,False,0.5939387911530299,0.6996719626213538,0.008457362651824951,0.0008366703987121582,False,0.15752726356304986,0.6733967318952994,0.007235884666442871,0.0020581483840942383,False,0.20497502749266863,0.6469258038760106,0.0060555338859558105,0.003238499164581299,False,0.3122193456744868,0.647570181131353,0.006083756685256958,0.0032102763652801514,False,0.490417659457478,0.6693912116315108,0.007054328918457031,0.002239704132080078,False,0.5765269886363636,0.6830478722431661,0.7279027675953079,9,False,0.6712463111044303,-0.1614531968681786,-0.0773075199514004
swap_att:83,000000435003.jpg,swap_att,A desk with two computer monitors and a laptop.,A desk with a computer monitor and two laptops.,0.3001333475112915,0.2980111539363861,0.0021221935749053955,0.5528566126001753,13,2.7538735181131813e-17,1.0126749000010022,0.00024390000180574134,0.0001142999972216785,0.5343518334429418,0.0013762414455413818,0.0007459521293640137,False,0.17036732456140352,0.5701829305415347,0.0028259754180908203,-0.0007037818431854248,False,0.2523186220760234,0.5642666386709262,0.0025849640369415283,-0.0004627704620361328,False,0.31753700657894735,0.5982610246734695,0.003982245922088623,-0.0018600523471832275,False,0.43433045504385964,0.6193596998251178,0.004868313670158386,-0.0027461200952529907,False,0.502632721125731,0.5630093158561102,0.6790650127923976,9,False,0.5656930647404426,0.4799976761016166,-0.0008005201816558838,0.0029227137565612793,True,0.19151475694444445,0.5133140196399941,0.000532686710357666,0.0015895068645477295,False,0.26131327668128657,0.5093605607256939,0.0003744661808013916,0.001747727394104004,False,0.3045847039473684,0.46330715345815066,-0.0014703571796417236,0.003592550754547119,True,0.4194935581140351,0.4295505016840205,-0.002836853265762329,0.004959046840667725,True,0.5786675347222222,0.4451604152123478,0.47459795321637427,7,False,0.48843153874887796,0.11784890064376247,0.0772615259915646
swap_obj:91,000000210789.jpg,swap_obj,An adult standing behind a little girl while holding an umbrella.,A little girl standing behind an adult while holding an umbrella.,0.3505473732948303,0.34739238023757935,0.0031549930572509766,0.578227008585669,11,8.673617379884035e-17,1.2102521999986493,0.0002458000017213635,0.00010710000060498714,0.46704401245483385,-0.0013201534748077393,0.004475146532058716,True,0.1934992682506887,0.553888544645106,0.0021639466285705566,0.00099104642868042,False,0.3198497761707989,0.553888544645106,0.0021639466285705566,0.00099104642868042,False,0.3198497761707989,0.35155291405662753,-0.006122201681137085,0.009277194738388062,True,0.4303116391184573,0.4529757204991077,-0.0018865466117858887,0.005041539669036865,True,0.5447174156336089,0.442854024974052,0.8404625086088154,9,False,0.4803539088149782,0.4255555132104905,-0.0030000805854797363,0.006155073642730713,True,0.1104618629476584,0.4340678216517887,-0.0026527345180511475,0.005807727575302124,True,0.2971171229338843,0.47088110073933603,-0.0011660754680633545,0.004321068525314331,True,0.4026881026170799,0.47088110073933603,-0.0011660754680633545,0.004321068525314331,True,0.4026881026170799,0.4923346982271839,-0.00030663609504699707,0.0034616291522979736,True,0.5200316373966942,0.46816311085439355,0.5690696022727273,6,False,0.4614109232771563,-0.02530908588034153,0.018942985537821866
add_att:249,000000236914.jpg,add_att,Two stuffed animals sit at a table with honey.,Two dinosaur-shaped stuffed animals sit at a table with honey.,0.35275930166244507,0.3364344835281372,0.01632481813430786,0.8365093387443574,14,9.367506770274758e-17,0.800539399999252,0.0002497000023140572,0.00011219999942113645,0.9632588199131864,0.03266423940658569,-0.016339421272277832,False,0.10196509401114207,0.9776429900486348,0.037780046463012695,-0.021455228328704834,False,0.23454365424791088,0.9080147147463599,0.02289631962776184,-0.0065715014934539795,False,0.31838657729805014,0.6861041587437444,0.007819682359695435,0.008505135774612427,False,0.41325187151810583,0.8245642878366831,0.015475824475288391,0.0008489936590194702,False,0.5479576514623955,0.8206708849086678,0.8694017670612814,12,False,0.8701920979189821,0.47328087302057587,-0.001069784164428711,0.017394602298736572,True,0.16676640842618384,0.6200932918157542,0.004899442195892334,0.011425375938415527,False,0.23470142757660167,0.5073673459052025,0.00029471516609191895,0.016030102968215942,False,0.38539671831476324,0.3517900556871028,-0.006111800670623779,0.02243661880493164,True,0.44805993210306405,0.5598171010275853,0.0024041980504989624,0.013920620083808899,False,0.5429252263231198,0.5618008474434948,0.5429252263231198,7,False,0.5552585887496144,0.258870037465173,0.3149335091693677
add_obj:1555,000000090108.jpg,add_obj,A small bathroom with an open design concept,A small bathroom with an open design concept and a chandelier.,0.3003022372722626,0.2748807668685913,0.025421470403671265,0.9270441711589573,15,3.707971429900425e-17,1.1368476999996346,0.00025150000146823004,0.00011070000255131163,0.8778297981853607,0.019720375537872314,0.00570109486579895,False,0.16231791178385416,0.89357704971658,0.02127811312675476,0.004143357276916504,False,0.22454833984375,0.8914647001953868,0.02105790376663208,0.004363566637039185,False,0.3027547200520833,0.9418745467230849,0.027852684259414673,-0.002431213855743408,False,0.4589182535807292,0.9484833635665049,0.029129594564437866,-0.0037081241607666016,False,0.5305684407552084,0.9385646257130579,0.613433837890625,8,False,0.9089738409743617,0.9469270044619837,0.028815537691116333,-0.0033940672874450684,False,0.15451558430989584,0.9087750661861738,0.022987693548202515,0.00243377685546875,False,0.23659261067708334,0.8595820860341132,0.018118232488632202,0.0073032379150390625,False,0.3854014078776042,0.8422374576221618,0.016749709844589233,0.008671760559082031,False,0.4489898681640625,0.8899844480734038,0.02090582251548767,0.004515647888183594,False,0.5054117838541666,0.8700188276930623,0.4489898681640625,6,False,0.9012123892773252,0.06854579801999561,0.00776145169703657
replace_att:571,000000559543.jpg,replace_att,A cute girl in pink is playing a video game.,A cute girl in black is playing a video game.,0.22424817085266113,0.20888371765613556,0.015364453196525574,0.8229473850070235,14,2.7755575615628914e-17,1.0754075000004377,0.00026160000197705813,0.0001142999972216785,0.6182310339361976,0.004820466041564941,0.010543987154960632,False,0.11644444444444445,0.5906443351569658,0.003666296601295471,0.011698156595230103,False,0.22132732732732732,0.7098689533753704,0.008947476744651794,0.006416976451873779,False,0.3756036036036036,0.6829241779227577,0.007672429084777832,0.007692024111747742,False,0.45745345345345345,0.2838135803174072,-0.009256228804588318,0.02462068200111389,True,0.501033033033033,0.546090248685118,0.5609069069069069,8,False,0.6500330010836207,0.7561752918512232,0.011318236589431763,0.004046216607093811,False,0.10779579579579579,0.4744437019577412,-0.0010231435298919678,0.01638759672641754,True,0.22424024024024025,0.5558115823303942,0.0022418051958084106,0.013122648000717163,False,0.3560960960960961,0.7753684064306468,0.012388765811920166,0.0029756873846054077,False,0.441051051051051,0.7918189879803694,0.013359248638153076,0.0020052045583724976,False,0.5244384384384384,0.7062703741151879,0.7111711711711711,10,False,0.66084103900739,-0.16018012543006988,-0.010808037923769276
replace_obj:1346,000000491497.jpg,replace_obj,White ornate seat in nicely decorated room with television.,White ornate seat in nicely decorated room with a painting.,0.33768901228904724,0.30760458111763,0.030084431171417236,0.9529541044490234,13,7.632783294297951e-17,0.8351425000000745,0.00025459999960730784,0.00011319999975967221,0.1639926043992493,-0.016288161277770996,0.04637259244918823,True,0.15609066666666666,0.1747762231647722,-0.01552148163318634,0.04560591280460358,True,0.215504,0.16418820694638317,-0.016273900866508484,0.04635833203792572,True,0.319728,0.06327008970677418,-0.026949822902679443,0.05703425407409668,True,0.4567893333333333,0.06101298853138745,-0.027337148785591125,0.05742157995700836,True,0.5219146666666666,0.16866170370070283,1.0,13,False,0.2577723967449089,0.15174269936675572,-0.0172099769115448,0.047294408082962036,True,0.13494933333333334,0.19242273265820353,-0.014343440532684326,0.04442787170410156,True,0.20007466666666668,0.1559373444351589,-0.01688772439956665,0.04697215557098389,True,0.34481066666666665,0.08798549448420362,-0.023384839296340942,0.05346927046775818,True,0.40530133333333335,0.09148642333550172,-0.02295619249343872,0.05304062366485596,True,0.586096,0.19123470120104552,0.40530133333333335,6,False,0.2295826457304164,-0.022572997500342695,0.02818975101449253
replace_rel:1064,000000530854.jpg,replace_rel,Several different opened umbrellas all located near each other.,Several different opened umbrellas all located far from each other.,0.30531057715415955,0.29616832733154297,0.009142249822616577,0.7138639461819933,14,2.42861286636753e-17,1.0393628000019817,0.0002457000009599142,0.00011099999755970202,0.7199857434611628,0.009443908929824829,-0.00030165910720825195,False,0.1879538143382353,0.7059785183433243,0.00875931978225708,0.00038293004035949707,False,0.2460880055147059,0.7351222250129295,0.010207682847976685,-0.0010654330253601074,False,0.35890395220588234,0.7085379848229844,0.00888293981552124,0.0002593100070953369,False,0.4462201286764706,0.6789174374092275,0.0074880123138427734,0.0016542375087738037,False,0.5495519301470588,0.6680993673511367,0.7375746783088235,10,False,0.7136694714576308,0.7211804400236027,0.00950324535369873,-0.0003609955310821533,False,0.14223920036764706,0.7320930877133668,0.010052680969238281,-0.0009104311466217041,False,0.2295553768382353,0.7182249399708269,0.00935673713684082,-0.00021448731422424316,False,0.3301528033088235,0.7191757064589334,0.009403765201568604,-0.00026151537895202637,False,0.43400160845588237,0.6897567606604444,0.007989823818206787,0.00115242600440979,False,0.5406652113970588,0.6960080538471887,0.7691808363970588,11,False,0.718065522149492,-0.027908686496051938,-0.00439605069186122
swap_att:196,000000376284.jpg,swap_att,there is a fire hydrant surrounded by three metal poles,there is a metal hydrant surrounded by three fire poles.,0.30132901668548584,0.2831876277923584,0.01814138889312744,0.859861352851626,13,1.9081958235744878e-17,1.105215200001112,0.00024839999969117343,0.00010969999857479706,0.8426599186219803,0.016781538724899292,0.0013598501682281494,False,0.14482282282282283,0.8886612166525594,0.020771384239196777,-0.002629995346069336,False,0.22072672672672672,0.923221476438899,0.024869441986083984,-0.006728053092956543,False,0.37056456456456455,0.887916265240843,0.020696312189102173,-0.0025549232959747314,False,0.4689009009009009,0.8588246193546291,0.018055617809295654,8.577108383178711e-05,False,0.545069069069069,0.8616728248377127,0.7547207207207207,10,False,0.8811848926595554,0.7895218932861763,0.013220459222793579,0.004920929670333862,False,0.1474054054054054,0.7995240746271451,0.013833224773406982,0.004308164119720459,False,0.2233093093093093,0.8531626228834215,0.01759624481201172,0.0005451440811157227,False,0.3011111111111111,0.8185231059943214,0.015063732862472534,0.0030776560306549072,False,0.46845645645645645,0.7705732358314625,0.012115508317947388,0.006025880575180054,False,0.5470570570570571,0.7916934027721205,0.5470570570570571,7,False,0.8198208416380035,0.06997942206559216,0.061364051021551846
swap_obj:83,000000157601.jpg,swap_obj,A woman of Asian heritage eating a sandwich at a table with two cups of hot beverages.,A woman of Asian heritage drinking two cups of hot beverages at a table with a sandwich.,0.2904752194881439,0.28656747937202454,0.003907740116119385,0.5964690129407652,15,5.551115123125783e-17,1.1754751000007673,0.0002578999992692843,0.00011470000026747584,0.40852330535604664,-0.003700733184814453,0.007608473300933838,True,0.13414382934570312,0.4043698189671272,-0.003872901201248169,0.007780641317367554,True,0.21220016479492188,0.38462282511683776,-0.004699721932411194,0.008607462048530579,True,0.39443206787109375,0.35703713359631906,-0.005882471799850464,0.009790211915969849,True,0.46279144287109375,0.3240358513342462,-0.007352858781814575,0.01126059889793396,True,0.5136337280273438,0.39276319999672393,0.7279510498046875,10,False,0.4160276000051418,0.5255503531458577,0.0010229051113128662,0.0028848350048065186,False,0.20056915283203125,0.5255503531458577,0.0010229051113128662,0.0028848350048065186,False,0.20056915283203125,0.44638909627005097,-0.0021527111530303955,0.00606045126914978,True,0.3202362060546875,0.36783749982316927,-0.005415052175521851,0.009322792291641235,True,0.45554351806640625,0.2901773902445898,-0.008945226669311523,0.012852966785430908,True,0.5227203369140625,0.37300065845770536,0.754058837890625,11,False,0.4741791731688461,0.019762541539018574,-0.05815157316370434
add_att:415,000000293804.jpg,add_att,A room with two sofas and a fireplace. ,A room with two velvet sofas and a fireplace.,0.29693570733070374,0.2869102358818054,0.010025471448898315,0.7315590828738306,14,2.2551405187698492e-17,1.0020285999999032,0.0002597999991849065,0.00011150000136694871,0.5965522196576363,0.003911197185516357,0.006114274263381958,False,0.13045645645645645,0.7657935042721663,0.01184709370136261,-0.0018216222524642944,False,0.22169369369369368,0.8025616914923343,0.014023825526237488,-0.003998354077339172,False,0.3422342342342342,0.8036086648002432,0.014090031385421753,-0.0040645599365234375,False,0.40474474474474476,0.3979850514117961,-0.004138678312301636,0.014164149761199951,True,0.523015015015015,0.5721115992026247,0.7772312312312313,11,False,0.6970380172661744,0.5965522196576363,0.003911197185516357,0.006114274263381958,False,0.13045645645645645,0.542835415566215,0.0017176270484924316,0.008307844400405884,False,0.23547147147147146,0.47290793691851307,-0.001084744930267334,0.01111021637916565,True,0.3267087087087087,0.3854615176863637,-0.004664301872253418,0.014689773321151733,True,0.48263663663663664,0.39528980940904995,-0.004251301288604736,0.014276772737503052,True,0.5451471471471472,0.4904060767319238,0.39353153153153153,5,False,0.5211764171027997,0.08170552247070084,0.1758616001633747
add_obj:1156,000000351810.jpg,add_obj,A pile of luggage in a room with two women nearby.,A pile of luggage and a computer in a room with two women nearby.,0.329113632440567,0.3271273374557495,0.001986294984817505,0.5494947523572783,13,5.204170427930421e-17,1.0837486000018544,0.00024929999926825985,0.00010639999891282059,0.5915659864447803,0.0037044286727905273,-0.0017181336879730225,False,0.192496,0.4887716279469791,-0.00044921040534973145,0.0024355053901672363,True,0.254,0.3444660647496164,-0.006434544920921326,0.00842083990573883,True,0.3349973333333333,0.39929747744323474,-0.0040839314460754395,0.006070226430892944,True,0.41941333333333336,0.5493091995229747,0.0019787997007369995,7.495284080505371e-06,False,0.505328,0.5638656607950572,0.8837013333333333,11,False,0.492620434065484,0.38117688037108055,-0.004845559597015381,0.006831854581832886,True,0.14730666666666667,0.6174531244105835,0.004787519574165344,-0.0028012245893478394,False,0.23322133333333334,0.6507203129666855,0.006222069263458252,-0.004235774278640747,False,0.379392,0.4827460934167711,-0.0006904304027557373,0.002676725387573242,True,0.466736,0.34107593268203557,-0.006585031747817993,0.008571326732635498,True,0.5434986666666667,0.5367520601002287,0.294976,4,False,0.5248415262784664,0.027113600694828488,-0.03222109221298236
replace_att:524,000000284623.jpg,replace_att,A black cat sitting inside a bathroom sink,An orange cat sitting inside a bathroom sink.,0.2786930799484253,0.21501997113227844,0.06367310881614685,0.9982861726261821,14,5.117434254131581e-17,1.020314800000051,0.0002365000000281725,0.00010859999747481197,0.9991851484691538,0.07111689448356628,-0.007443785667419434,False,0.1705474853515625,0.9992404464952462,0.0718201994895935,-0.008147090673446655,False,0.2306671142578125,0.9989580828774517,0.06865650415420532,-0.004983395338058472,False,0.3178660074869792,0.9985064279614798,0.06505089998245239,-0.001377791166305542,False,0.471160888671875,0.9988842571366342,0.06797118484973907,-0.004298076033592224,False,0.5305531819661459,0.9989894357851512,0.6655629475911459,9,False,0.9988439917731385,0.9992153487473037,0.07149486243724823,-0.00782175362110138,False,0.13997904459635416,0.9987539402462733,0.0668652206659317,-0.003192111849784851,False,0.22717793782552084,0.9939690293373841,0.05104798078536987,0.012625128030776978,False,0.3037872314453125,0.6576637492985025,0.006529003381729126,0.057144105434417725,False,0.4282480875651042,0.6255826147355497,0.005133122205734253,0.0585399866104126,False,0.5049336751302084,0.7675981471150604,0.5049336751302084,7,False,0.9015642465927951,0.23139128867009084,0.09727974518034344
replace_obj:293,000000494427.jpg,replace_obj,AN INSPIRION LAPTOP SITTING ON THE TOP OF A TABLE WHICH IS WOOD,A MacBook Pro sitting on the top of a table which is wood.,0.31339290738105774,0.18968604505062103,0.1237068623304367,0.9999957589109665,15,4.85722573273506e-17,1.3026339999996708,0.0002378999997745268,0.00011240000094403513,0.9968657009223759,0.05762210488319397,0.06608475744724274,False,0.1411895751953125,0.9893017648391259,0.045269206166267395,0.07843765616416931,False,0.21175638834635416,0.9132059876166003,0.02353423833847046,0.10017262399196625,False,0.3554178873697917,0.9501410501369544,0.029474124312400818,0.09423273801803589,False,0.421112060546875,0.9160098956933198,0.023893281817436218,0.09981358051300049,False,0.5021158854166666,0.8822944879222882,0.75244140625,11,False,0.964903800929757,0.9861969718677664,0.04268968105316162,0.08101718127727509,False,0.1623077392578125,0.943672265339062,0.028185918927192688,0.09552094340324402,False,0.23287455240885416,0.9813900753590385,0.0396527498960495,0.08405411243438721,False,0.3097737630208333,0.9069775984298034,0.02277277410030365,0.10093408823013306,False,0.4272613525390625,0.782296162119992,0.012790977954864502,0.1109158843755722,False,0.5082651774088541,0.8031177997960872,0.7581888834635416,11,False,0.9495952044275273,0.07917668812620093,0.01530859650222971
replace_rel:726,000000252776.jpg,replace_rel,a man glares as other people behind him look on,A man glares as other people in front of him look on.,0.24883173406124115,0.23956619203090668,0.009265542030334473,0.7163756853850539,12,1.474514954580286e-17,0.9385598999979265,0.0002486000012140721,0.00011600000289035961,0.737985899076514,0.010355263948440552,-0.001089721918106079,False,0.1415723241017964,0.7900495873947169,0.013252243399620056,-0.0039867013692855835,False,0.236515250748503,0.7370966146619619,0.01030932366847992,-0.0010437816381454468,False,0.322827002245509,0.6434994000972538,0.005905851721763611,0.003359690308570862,False,0.46215381736526945,0.6801054711158862,0.00754256546497345,0.001722976565361023,False,0.5674705276946108,0.675775529954546,0.7177734375,8,False,0.7176898857662855,0.6696694803524254,0.007066905498504639,0.002198636531829834,False,0.13932681511976047,0.7526248275568739,0.011126607656478882,-0.0018610656261444092,False,0.2227790512724551,0.7787839429043159,0.012585937976837158,-0.0033203959465026855,False,0.3027694610778443,0.7395336679428546,0.01043546199798584,-0.0011699199676513672,False,0.4783986714071856,0.6677310159715232,0.006979405879974365,0.0022861361503601074,False,0.5733415980538922,0.7019666264989954,0.6158249906437125,7,False,0.7278169391002345,-0.0261910965444494,-0.010127053333949032
swap_att:340,000000264968.jpg,swap_att,A man with blue jersey holding a baseball bat.,A man with a baseball jersey holding a blue bat.,0.30391404032707214,0.30074769258499146,0.0031663477420806885,0.5785039026222473,14,6.548581121812447e-17,0.9090396999999939,0.0002488999998604413,0.00010820000170497224,0.8287680631806081,0.015769213438034058,-0.01260286569595337,False,0.10198203592814371,0.6694169333845872,0.007055491209030151,-0.003889143466949463,False,0.21822155688622755,0.7013778778971986,0.008538678288459778,-0.005372330546379089,False,0.39464071856287425,0.6817856823722237,0.007619902491569519,-0.004453554749488831,False,0.46397005988023954,0.6332955200296806,0.00546380877494812,-0.0022974610328674316,False,0.5286047904191616,0.608315745748238,0.8190958083832335,11,False,0.7003274610382044,0.8287680631806081,0.015769213438034058,-0.01260286569595337,False,0.10198203592814371,0.8349381945877584,0.01621037721633911,-0.013044029474258423,False,0.2751197604790419,0.640778855882821,0.005787461996078491,-0.0026211142539978027,False,0.3247185628742515,0.5696328691299403,0.0028035342693328857,0.00036281347274780273,False,0.4690119760479042,0.44358626824230424,-0.0022661983966827393,0.005432546138763428,True,0.5114011976047904,0.5727429083178218,0.8209640718562874,11,False,0.7062600882309905,0.03557283743041617,-0.0059326271927860885
swap_obj:99,000000440184.jpg,swap_obj,Four people play a game of mixed doubles tennis while another man looks on.,Another man plays a game of mixed doubles tennis while four people look on.,0.33859318494796753,0.3299015760421753,0.008691608905792236,0.7045710667897144,12,6.548581121812447e-17,1.0437767000003078,0.0002432000001135748,0.00011330000052112155,0.6847032620513964,0.007754713296890259,0.0009368956089019775,False,0.1427447150735294,0.7139363817981377,0.009145796298980713,-0.00045418739318847656,False,0.23866038602941175,0.6763896156116104,0.0073722898960113525,0.0013193190097808838,False,0.3351849724264706,0.719117319071769,0.009400874376296997,-0.0007092654705047607,False,0.41968060661764706,0.6511509890312802,0.006241023540496826,0.00245058536529541,False,0.5348862591911765,0.6280246197102288,0.7970932904411765,9,False,0.6940171548102648,0.6810044349968651,0.007583916187286377,0.0011076927185058594,False,0.15788717830882354,0.6473286874787347,0.006073176860809326,0.00261843204498291,False,0.25441176470588234,0.6377659603565311,0.005656808614730835,0.0030348002910614014,False,0.39715647977941176,0.6089061226893484,0.004427164793014526,0.00426444411277771,False,0.4689568014705882,0.6584925931735724,0.006565839052200317,0.002125769853591919,False,0.5534524356617647,0.593913861019481,0.8332375919117647,9,False,0.6568070271174191,0.03411075869074787,0.03721012769284571
add_att:88,000000261097.jpg,add_att,The tennis player is walking on the court.,The tennis player is walking on the clay court.,0.32992029190063477,0.2905675172805786,0.03935277462005615,0.9808342276085231,9,2.7755575615628914e-17,0.9981637000018964,0.00023399999918183312,9.250000221072696e-05,0.9233044563646917,0.02488115429878235,0.014471620321273804,False,0.2008108108108108,0.9233044563646917,0.02488115429878235,0.014471620321273804,False,0.2008108108108108,0.9418223140178636,0.02784314751625061,0.011509627103805542,False,0.3282942942942943,0.752787920790158,0.011135369539260864,0.028217405080795288,False,0.4813873873873874,0.4127783844285085,-0.0035249143838882446,0.0428776890039444,True,0.5807747747747748,0.7280824766521841,0.922084084084084,8,False,0.8569761195932524,0.9233044563646917,0.02488115429878235,0.014471620321273804,False,0.2008108108108108,0.9233044563646917,0.02488115429878235,0.014471620321273804,False,0.2008108108108108,0.9059399049174202,0.02265039086341858,0.016702383756637573,False,0.3001981981981982,0.8575133261818891,0.017947882413864136,0.021404892206192017,False,0.4276816816816817,0.4127783844285085,-0.0035249143838882446,0.0428776890039444,True,0.5807747747747748,0.7315278404475692,0.8720960960960961,8,False,0.8466789228544769,-0.0034453637953851812,0.010297196738775494
add_obj:1336,000000308394.jpg,add_obj,A woman with an umbrella on a commuter train takes a snooze,A man with an umbrella on a commuter train takes a snooze next to a woman.,0.29303595423698425,0.2904350757598877,0.0026008784770965576,0.5646578865932378,13,4.336808689942018e-17,0.9854244999987714,0.0002480999974068254,0.00010960000145132653,0.346399694616481,-0.006349027156829834,0.008949905633926392,True,0.10847267909356725,0.33025932303173416,-0.00707012414932251,0.009671002626419067,True,0.2542317708333333,0.4291510917175349,-0.0028531551361083984,0.005454033613204956,True,0.3247155975877193,0.4469967823670813,-0.002128124237060547,0.0047290027141571045,True,0.41003061038011696,0.7072025032519874,0.008818358182907104,-0.006217479705810547,False,0.501273528874269,0.5421211281647481,0.9283682839912281,12,False,0.42994603469713033,0.346399694616481,-0.006349027156829834,0.008949905633926392,True,0.10847267909356725,0.31602163983835113,-0.007721155881881714,0.010322034358978271,True,0.2645342196637427,0.2450907256569845,-0.011249691247940063,0.013850569725036621,True,0.3461371527777778,0.22451067251765458,-0.012395709753036499,0.014996588230133057,True,0.41776886878654973,0.4071611855447352,-0.0037571340799331665,0.006358012557029724,True,0.5551786366959064,0.3580450498754078,0.4653234649122807,6,False,0.331810177437808,0.1840760782893403,0.09813585725932233
replace_att:661,000000559842.jpg,replace_att,boys wearing red shirts running around after a soccer ball,Boys wearing yellow shirts running around after a soccer ball.,0.28362810611724854,0.25809282064437866,0.025535285472869873,0.9278102082357702,9,3.8163916471489756e-17,1.1842931999999564,0.0002521999995224178,9.979999958886765e-05,0.6463067804647376,0.0060284435749053955,0.019506841897964478,False,0.2509422971491228,0.6463067804647376,0.0060284435749053955,0.019506841897964478,False,0.2509422971491228,0.6460192341090653,0.006015866994857788,0.019519418478012085,False,0.3628700657894737,0.7669652589822912,0.011912539601325989,0.013622745871543884,False,0.4396187408625731,0.9087357744412664,0.02298295497894287,0.002552330493927002,False,0.5073784722222222,0.8376759277635735,0.6326811494883041,5,False,0.7505730743758336,0.6463067804647376,0.0060284435749053955,0.019506841897964478,False,0.2509422971491228,0.6463067804647376,0.0060284435749053955,0.019506841897964478,False,0.2509422971491228,0.6460192341090653,0.006015866994857788,0.019519418478012085,False,0.3628700657894737,0.5553255498111692,0.002222120761871338,0.023313164710998535,False,0.4881727430555556,0.3674737487701576,-0.005430698394775391,0.030965983867645264,True,0.5796098318713451,0.5788456598716595,0.6511615953947368,5,False,0.6681816426370915,0.258830267891914,0.0823914317387422
replace_obj:648,000000065736.jpg,replace_obj,A tennis player is hitting a ball on the court.,A basketball player is shooting a ball on the court.,0.29930344223976135,0.20704449713230133,0.09225894510746002,0.999901553072541,15,4.163336342344337e-17,0.7527253000007477,0.00025319999986095354,0.00011810000069090165,0.9999491471019676,0.09886522591114044,-0.00660628080368042,False,0.13232707419590642,0.99597072744474,0.05510132014751434,0.03715762495994568,False,0.25270696271929827,0.9945080481840481,0.05198964476585388,0.04026930034160614,False,0.31740565606725146,0.28405079995543014,-0.009244561195373535,0.10150350630283356,True,0.44242278874269003,0.2999937317871534,-0.00847327709197998,0.10073222219944,True,0.5141059027777778,0.5573437921655621,0.6724746436403509,10,False,0.8124709980652657,0.9999491471019676,0.09886522591114044,-0.00660628080368042,False,0.13232707419590642,0.8073852324726518,0.014331087470054626,0.0779278576374054,False,0.26225557383040937,0.9567709534705232,0.030970513820648193,0.06128843128681183,False,0.3339386878654971,0.6130517258945042,0.004601582884788513,0.08765736222267151,False,0.4645182291666667,0.38070283350726736,-0.004865661263465881,0.0971246063709259,True,0.5292169225146199,0.6103751240913324,0.9652834886695907,14,False,0.8457781244158976,-0.053031331925770364,-0.03330712635063193
replace_rel:1111,000000118921.jpg,replace_rel,A woman skiing on a path by some trees.,A woman skiing off a path by some trees.,0.31239041686058044,0.31013089418411255,0.0022595226764678955,0.5562489571070468,12,3.729655473350135e-17,0.9344272999987879,0.00023050000163493678,0.00011770000128308311,0.47921220402686676,-0.00083199143409729,0.0030915141105651855,True,0.22781318530701755,0.47921220402686676,-0.00083199143409729,0.0030915141105651855,True,0.22781318530701755,0.5267845043993719,0.0010724067687988281,0.0011871159076690674,False,0.35471491228070173,0.5321858992046624,0.0012892186641693115,0.000970304012298584,False,0.47014345760233917,0.5064764274791002,0.00025907158851623535,0.00200045108795166,False,0.5608895285087719,0.49009026224416746,0.7365280062134503,9,False,0.5170754078104044,0.46763232224369716,-0.0012965202331542969,0.0035560429096221924,True,0.1401738395467836,0.45883209319190443,-0.0016504526138305664,0.003909975290298462,True,0.21571751644736842,0.41263788753373937,-0.0035307109355926514,0.005790233612060547,True,0.30664633589181284,0.41216196539726685,-0.0035503506660461426,0.005809873342514038,True,0.4414747807017544,0.47869530617551626,-0.0008527040481567383,0.003112226724624634,True,0.5792843110380117,0.46247251466748174,0.5792843110380117,8,False,0.45463577103726915,0.027617747576685725,0.06243963677313524
swap_att:336,000000520301.jpg,swap_att,"An open-mouthed, leashed dog has its head outside of an unlocked car door window as a blurry park-like vista rushes by.","A blurry, leashed dog has its head outside of an unlocked car door window as an open-mouthed park-like vista rushes by.",0.33252736926078796,0.3118676245212555,0.02065974473953247,0.8875518258763438,15,7.19910242530375e-17,1.0778276000019105,0.00025380000079167075,0.00011109999832115136,0.8840822302461119,0.02031669020652771,0.00034305453300476074,False,0.10333251953125,0.863028504407455,0.01840674877166748,0.0022529959678649902,False,0.20269775390625,0.8774383717223783,0.019683927297592163,0.0009758174419403076,False,0.3689676920572917,0.8300364879754764,0.015858858823776245,0.004800885915756226,False,0.42718505859375,0.7938567265558873,0.013483315706253052,0.007176429033279419,False,0.5375264485677084,0.7982347637686464,0.8515116373697916,12,False,0.8600917737171214,0.7813816797797476,0.012737363576889038,0.007922381162643433,False,0.15122477213541666,0.7782279090665566,0.012553691864013672,0.008106052875518799,False,0.21573384602864584,0.590468864512484,0.0036590397357940674,0.017000705003738403,False,0.3577524820963542,0.4414137420960448,-0.002354264259338379,0.02301400899887085,True,0.4222768147786458,0.348090511524435,-0.006274431943893433,0.026934176683425903,True,0.51910400390625,0.5013378312726233,0.57281494140625,10,False,0.664992527848322,0.2968969324960231,0.19509924586879945
swap_obj:73,000000012667.jpg,swap_obj,A banana placed on a phone on a table.,A phone placed on a banana on a table.,0.34952273964881897,0.34315070509910583,0.006372034549713135,0.6541210244909199,12,3.5344990823027445e-17,1.0974984000022232,0.00022900000112713315,0.00010059999840450473,0.6523952408772836,0.006295844912528992,7.618963718414307e-05,False,0.1918792724609375,0.6722299388874898,0.007182881236076355,-0.0008108466863632202,False,0.23526509602864584,0.609830483890879,0.004465997219085693,0.0019060373306274414,False,0.3205362955729167,0.5026724978095032,0.00010690093040466309,0.006265133619308472,False,0.4882456461588542,0.5650413632903923,0.002616479992866516,0.0037555545568466187,False,0.5445302327473959,0.5797139114898194,0.6743062337239584,9,False,0.6098470619687931,0.5524565330864769,0.002106010913848877,0.004266023635864258,False,0.136138916015625,0.5074150192012212,0.00029662251472473145,0.006075412034988403,False,0.23787943522135416,0.5085010382436256,0.0003400743007659912,0.0060319602489471436,False,0.323150634765625,0.560857106720102,0.002446413040161133,0.003925621509552002,False,0.4325052897135417,0.5366580172206681,0.001468956470489502,0.004903078079223633,False,0.5553995768229166,0.5393078328053884,0.3665364583333333,5,False,0.5496411097354686,0.040406078684431024,0.06020595223332448
add_att:28,000000571893.jpg,add_att,A kitchen with a teapot on the stove and books on a shelf.,A kitchen with a spotted teapot on the stove and books on a shelf.,0.33520016074180603,0.3340354263782501,0.0011647343635559082,0.5290854852311729,14,2.905661822261152e-17,0.9998487000011664,0.0002488000027369708,0.00010990000009769574,0.5124622397386019,0.0004985928535461426,0.0006661415100097656,False,0.18698030884502925,0.4856582147537185,-0.0005738288164138794,0.0017385631799697876,True,0.2601596765350877,0.47394621427602607,-0.0010430961847305298,0.002207830548286438,True,0.3320940698099415,0.5436281465777798,0.001749575138092041,-0.0005848407745361328,False,0.42631807383040937,0.5012725564182404,5.0902366638183594e-05,0.0011138319969177246,False,0.5216328581871345,0.5491186686920734,0.8287931743421053,11,False,0.5102184718911777,0.5388152642854059,0.0015557408332824707,-0.0003910064697265625,False,0.13385188230994152,0.4039535618806422,-0.0038901865482330322,0.00505492091178894,True,0.20703125,0.4871431326514674,-0.0005143880844116211,0.0016791224479675293,True,0.3614423428362573,0.5396368182548553,0.0015888065099716187,-0.00042407214641571045,False,0.45566634685672514,0.5718630812669194,0.002894565463066101,-0.0017298310995101929,False,0.556257995248538,0.5316723908918712,0.556257995248538,7,False,0.5016392552869795,0.017446277800202137,0.008579216604198248
add_obj:1567,000000369751.jpg,add_obj,A row of parking meters in front of a stop sign. ,A row of parking meters in front of a bench and a stop sign.,0.28000307083129883,0.2730511724948883,0.0069518983364105225,0.6671204349339447,11,3.903127820947816e-17,1.2155710000006366,0.0002601000014692545,0.00010400000246590935,0.6703428995605262,0.007097363471984863,-0.00014546513557434082,False,0.1332764387829912,0.6272592276957945,0.0052047669887542725,0.00174713134765625,False,0.22245005498533724,0.5317265921744465,0.0012707710266113281,0.005681127309799194,False,0.33090863269794724,0.21321588758576218,-0.01305648684501648,0.020008385181427002,True,0.5482267228739003,0.21321588758576218,-0.01305648684501648,0.020008385181427002,True,0.5482267228739003,0.4290219311424873,0.7244890945747801,7,False,0.5303971138663801,0.6661060819061552,0.006906256079673767,4.564225673675537e-05,False,0.17377084860703812,0.5392899330119352,0.0015748441219329834,0.005377054214477539,False,0.30704728739002934,0.5392899330119352,0.0015748441219329834,0.005377054214477539,False,0.30704728739002934,0.3405419796822391,-0.00660879909992218,0.013560697436332703,True,0.5245486620234604,0.3405419796822391,-0.00660879909992218,0.013560697436332703,True,0.5245486620234604,0.4142817648119856,0.5866190890762464,6,False,0.5563750316503809,0.014740166330501736,-0.025977917784000826
replace_att:287,000000117908.jpg,replace_att,A cat standing next to an open refrigerator door.,A cat standing next to a closed refrigerator door.,0.25819817185401917,0.25774630904197693,0.00045186281204223633,0.5112946485819863,13,2.3418766925686896e-17,0.7114651000010781,0.00024510000002919696,0.0001067000011971686,0.5093963109304719,0.000375896692276001,7.596611976623535e-05,False,0.15855625,0.445633947540581,-0.002183273434638977,0.0026351362466812134,True,0.23365,0.48307725697539794,-0.0006771683692932129,0.0011290311813354492,True,0.30358125,0.6677756463509774,0.006981417536735535,-0.006529554724693298,False,0.48860625,0.7307409811954191,0.009983852505683899,-0.009531989693641663,False,0.5913125,0.6224211974760296,0.63228125,8,False,0.553914369202345,0.34245368113222474,-0.006523787975311279,0.006975650787353516,True,0.16905,0.35759285289634074,-0.005858272314071655,0.006310135126113892,True,0.24104375,0.3470858919686933,-0.006318733096122742,0.006770595908164978,True,0.3176,0.5294444867075918,0.0011791437864303589,-0.0007272809743881226,False,0.44935625,0.5061680227684591,0.0002467334270477295,0.00020512938499450684,False,0.5520625,0.48032648811993317,0.64260625,8,False,0.42615220480395594,0.14209470935609647,0.1277621643983891
replace_obj:1018,000000086755.jpg,replace_obj,The cross country skiers are enjoying their run.,The snowboarders are enjoying their run.,0.2712218463420868,0.2661847174167633,0.005037128925323486,0.6233314771821598,15,3.903127820947816e-17,0.9991399999998976,0.00025749999986146577,0.0001143000008596573,0.04678776574679639,-0.030142158269882202,0.03517928719520569,True,0.16642252604166666,0.011477873092284074,-0.04455789923667908,0.049595028162002563,True,0.23159281412760416,0.02106472969093097,-0.038388654589653015,0.0434257835149765,True,0.3053944905598958,0.008402408492700743,-0.04770798981189728,0.052745118737220764,True,0.4336751302083333,0.002735531570020223,-0.05898690223693848,0.06402403116226196,True,0.5427652994791666,0.07385072487809015,0.7440134684244791,11,False,0.11304808946578877,0.07663932032987143,-0.02488909661769867,0.029926225543022156,True,0.17021687825520834,0.078300279103449,-0.024656683206558228,0.029693812131881714,True,0.2440185546875,0.01711162301138916,-0.040507376194000244,0.04554450511932373,True,0.3040110270182292,0.0076430086671453405,-0.04866291582584381,0.0537000447511673,True,0.4709218343098958,0.002431519864012278,-0.06016804277896881,0.0652051717042923,True,0.52001953125,0.05425921529677952,0.4709218343098958,7,False,0.13550676806490672,0.01959150958131063,-0.022458678599117946
replace_rel:160,000000425702.jpg,replace_rel,A man holding a surfboard walking on a beach next to the ocean.,A man holding a surfboard sitting on a beach next to the ocean.,0.30642881989479065,0.2993105351924896,0.007118284702301025,0.6708050589327366,18,3.0357660829594124e-17,0.9750932999995712,0.00024699999994481914,0.00011860000086016953,0.7571013409463957,0.011368528008460999,-0.004250243306159973,False,0.1311990489130435,0.6921425909398666,0.008101552724838257,-0.0009832680225372314,False,0.2551877470355731,0.6312507307273493,0.005375862121582031,0.0017424225807189941,False,0.3168231225296443,0.4370993233023733,-0.002529427409172058,0.009647712111473083,True,0.44342885375494073,0.32794475517923194,-0.007174953818321228,0.014293238520622253,True,0.5514760375494071,0.49385603057282046,0.5514760375494071,10,False,0.604303318882915,0.6708037427080622,0.00711822509765625,5.960464477539063e-08,False,0.11734189723320158,0.6708037427080622,0.00711822509765625,5.960464477539063e-08,False,0.22542768033596838,0.6708037427080622,0.00711822509765625,5.960464477539063e-08,False,0.3440201951581028,0.7173078764393016,0.009311467409133911,-0.0021931827068328857,False,0.40310029644268774,0.645093191167195,0.005975395441055298,0.0011428892612457275,False,0.5179486783596838,0.6616307675285935,0.5179486783596838,9,False,0.6757613557056279,-0.16777473695577305,-0.0714580368227129
swap_att:569,000000354072.jpg,swap_att,A bathroom has a circular sink with red tiles,A bathroom has a red sink with circular tiles.,0.3182624578475952,0.31466931104660034,0.003593146800994873,0.5888745273186846,14,7.047314121155779e-17,0.7254377999997814,0.0002333999982511159,0.00011040000026696362,0.8827681664422953,0.020189091563224792,-0.01659594476222992,False,0.10981734538327526,0.8536227412035754,0.017633020877838135,-0.014039874076843262,False,0.24045895034843207,0.8279721273956373,0.015713229775428772,-0.012120082974433899,False,0.31253402656794427,0.822478359092014,0.01533229649066925,-0.011739149689674377,False,0.45748040069686413,0.7364351031016302,0.010275214910507202,-0.006682068109512329,False,0.5322844076655052,0.7732697570764546,0.5322844076655052,7,False,0.8130031619555498,0.6617115368423284,0.006709307432174683,-0.0031161606311798096,False,0.13149907447735193,0.6470803126820961,0.006062299013137817,-0.0024691522121429443,False,0.24676747604529617,0.6572422521990636,0.006510287523269653,-0.0029171407222747803,False,0.3152153201219512,0.6169820750192235,0.004767581820487976,-0.001174435019493103,False,0.46442862587108014,0.6102264484034936,0.004482641816139221,-0.0008894950151443481,False,0.5392326328397212,0.6530915851843229,0.39235354965156793,6,False,0.636573909880669,0.12017817189213176,0.1764292520748808
swap_obj:174,000000144003.jpg,swap_obj,A group of people watching a woman cutting a cake.,A woman watching a group of people cutting a cake.,0.3530840277671814,0.3321100175380707,0.020974010229110718,0.8906503152394438,14,4.5102810375396984e-17,0.9620715999990352,0.0002514000007067807,0.00011420000009820797,0.7968848550237515,0.013669371604919434,0.007304638624191284,False,0.14157333333333333,0.7530762081443944,0.011150866746902466,0.009823143482208252,False,0.219696,0.7647637966160663,0.011789768934249878,0.00918424129486084,False,0.36083733333333334,0.8648909000445716,0.018565207719802856,0.0024088025093078613,False,0.4627733333333333,0.8875909330139036,0.020663663744926453,0.00031034648418426514,False,0.5035573333333333,0.6935542590406333,0.9431093333333334,13,False,0.8060858242832111,0.7766484361102133,0.012462407350540161,0.008511602878570557,False,0.12695466666666666,0.851781853937597,0.01748645305633545,0.0034875571727752686,False,0.2937013333333333,0.8264858231363839,0.01560923457145691,0.005364775657653809,False,0.33448533333333336,0.8493034878312069,0.017291486263275146,0.0036825239658355713,False,0.400432,0.8085908414564179,0.014408797025680542,0.006565213203430176,False,0.505296,0.6657674223952244,0.7057386666666666,10,False,0.8272571022767431,0.02778683664540893,-0.021171277993532023
add_att:673,000000080666.jpg,add_att,A cat sitting on a bench in front of a building.,A cat sitting on a bench in front of a tall building.,0.32861438393592834,0.318651020526886,0.009963363409042358,0.7303376500584755,13,2.3852447794681098e-17,1.4679058999972767,0.00024869999833754264,0.00010259999908157624,0.8192757932942092,0.01511448621749878,-0.005151122808456421,False,0.15436935424804688,0.8054734341808312,0.014208614826202393,-0.004245251417160034,False,0.2623748779296875,0.7762664228708629,0.012440398335456848,-0.0024770349264144897,False,0.34552001953125,0.7979461845874294,0.013735070824623108,-0.0037717074155807495,False,0.4006080627441406,0.7867008591466349,0.013051524758338928,-0.00308816134929657,False,0.5417251586914062,0.7237536982165729,0.7817001342773438,10,False,0.7905762186540904,0.5975452488517168,0.003952473402023315,0.006010890007019043,False,0.12116622924804688,0.5627727174607234,0.0025242269039154053,0.007439136505126953,False,0.2291717529296875,0.39692446494833067,-0.004182964563369751,0.01414632797241211,True,0.35268402099609375,0.3256483384318336,-0.007279336452484131,0.01724269986152649,True,0.4082145690917969,0.25185226247147185,-0.010887578129768372,0.02085094153881073,True,0.5711708068847656,0.34673027407825935,0.7336578369140625,10,False,0.4718221632662479,0.3770234241383135,0.31875405538784257
add_obj:1216,000000508730.jpg,add_obj,A couple of little girls sitting next to each other in a bathroom.,A couple of little girls sitting next to each other with a rubber duck in a bathroom.,0.3009915351867676,0.2945912480354309,0.00640028715133667,0.6547599516726766,14,2.2551405187698492e-17,1.1670503999994253,0.00024480000138282776,0.00011610000001383014,0.3278229240222724,-0.0071804821491241455,0.013580769300460815,True,0.11076059391361257,0.11325017268949085,-0.020579636096954346,0.026979923248291016,True,0.23514193390052357,0.09501982763850522,-0.02253827452659607,0.02893856167793274,True,0.30938624836387435,0.0962550122927455,-0.022395461797714233,0.028795748949050903,True,0.455436027486911,0.16656310861247536,-0.016101837158203125,0.022502124309539795,True,0.5872106102748691,0.1770534675956722,0.6628200670811518,9,False,0.205824115791508,0.19244727904311232,-0.014341861009597778,0.020742148160934448,True,0.1329300965314136,0.177409185968165,-0.01534000039100647,0.02174028754234314,True,0.20269040412303665,0.09886004157624084,-0.022099554538726807,0.028499841690063477,True,0.35254417539267013,0.09753363736220967,-0.022249341011047363,0.028649628162384033,True,0.4262107329842932,0.05660027026987022,-0.02813476324081421,0.03453505039215088,True,0.5534961960078534,0.1364523551935043,0.5534961960078534,8,False,0.19323307695557784,0.040601112402167905,0.012591038835930157
replace_att:22,000000068409.jpg,replace_att,A  group of boys in suits holding a chalkboard.,A solitary boy in a suit holding a chalkboard.,0.3181413412094116,0.26299184560775757,0.05514949560165405,0.9959900143146242,14,1.249000902703301e-16,0.7775355999983731,0.00026620000062393956,0.00011199999789823778,0.8223471273063687,0.01532331109046936,0.03982618451118469,False,0.11550409226190476,0.5655481509114447,0.0026371031999588013,0.05251239240169525,False,0.29048549107142857,0.22727633607149986,-0.012237548828125,0.06738704442977905,True,0.38723958333333336,0.24714414501330667,-0.011139020323753357,0.06628851592540741,True,0.4456752232142857,0.3137241749524702,-0.007827654480934143,0.0629771500825882,True,0.5565197172619047,0.43434856589731563,0.4456752232142857,5,False,0.5565683150232534,0.8223471273063687,0.01532331109046936,0.03982618451118469,False,0.11550409226190476,0.5354765749120711,0.0014214515686035156,0.05372804403305054,False,0.21166294642857142,0.5019702958403376,7.881224155426025e-05,0.05507068336009979,False,0.3084170386904762,0.25991732907801224,-0.010463982820510864,0.06561347842216492,True,0.45152529761904764,0.21881031017778318,-0.012726128101348877,0.06787562370300293,True,0.5099609375,0.32067165092456756,0.9459542410714286,13,False,0.5666870821738426,0.11367691497274807,-0.010118767150589125
replace_obj:478,000000577539.jpg,replace_obj,"Bananas, marshmellows, chocolate chips and sprinkles in a bowl","Strawberries, marshmellows, chocolate chips and sprinkles in a bowl.",0.36052072048187256,0.3500280976295471,0.01049262285232544,0.7406332125376545,12,5.204170427930421e-17,0.9952250000023923,0.0002502999996067956,0.00010779999865917489,0.791578656504719,0.013344675302505493,-0.0028520524501800537,False,0.10440718562874252,0.5215159023262137,0.0008611679077148438,0.009631454944610596,False,0.23684431137724551,0.8424230899589865,0.016763687133789062,-0.006271064281463623,False,0.33731137724550897,0.6664052826352269,0.0069197118282318115,0.003572911024093628,False,0.44892215568862276,0.687819483866616,0.007899448275566101,0.0025931745767593384,False,0.5457065868263473,0.7221111593620132,0.8073113772455089,9,False,0.7058525662412255,0.791578656504719,0.013344675302505493,-0.0028520524501800537,False,0.10440718562874252,0.5215159023262137,0.0008611679077148438,0.009631454944610596,False,0.23684431137724551,0.8424230899589865,0.016763687133789062,-0.006271064281463623,False,0.33731137724550897,0.7231635434690488,0.009602084755897522,0.0008905380964279175,False,0.4663053892215569,0.5740543064532538,0.0029841214418411255,0.007508501410484314,False,0.5779161676646707,0.6626750546035031,0.712251497005988,8,False,0.707405543677361,0.05943610475851013,-0.001552977436135472
replace_rel:498,000000035197.jpg,replace_rel,A black and white photograph of a person wearing DC shoes on a skateboard in the sun. ,A black and white photograph of a person holding DC shoes while on a skateboard in the sun.,0.3503909409046173,0.3451882004737854,0.005202740430831909,0.6272118445184196,16,4.466912950640278e-17,1.1579459000022325,0.0004396999975142535,0.0002237999979115557,0.6626708602648617,0.006752192974090576,-0.001549452543258667,False,0.13418481231778426,0.60720433923161,0.004355758428573608,0.0008469820022583008,False,0.25121856778425655,0.5945034456454975,0.003826141357421875,0.0013765990734100342,False,0.38713442966472306,0.3034360794606942,-0.008309885859489441,0.01351262629032135,True,0.4451644497084548,0.26690127472881725,-0.010104015469551086,0.015306755900382996,True,0.5666909620991254,0.4844218435768874,0.8717258108600583,14,False,0.5350803994301447,0.46822888458460915,-0.0012725591659545898,0.006475299596786499,True,0.18873565051020408,0.31353973062313334,-0.007836222648620605,0.013038963079452515,True,0.2835106140670554,0.29076642691914034,-0.008916646242141724,0.014119386672973633,True,0.35376617164723034,0.2848399668722807,-0.009205788373947144,0.014408528804779053,True,0.43259725765306123,0.27191977367877307,-0.00984904170036316,0.015051782131195068,True,0.5124362244897959,0.3277417387311053,0.5622095936588921,9,False,0.40309719872018096,0.1566801048457821,0.13198320070996378
swap_att:113,000000201934.jpg,swap_att,A white bus parked next to a sidewalk near a fence.,A bus near a fence parked next to a white sidewalk.,0.36026251316070557,0.33735543489456177,0.0229070782661438,0.9081045357523304,13,5.551115123125783e-17,1.0108140999982425,0.0002629999980854336,0.00011110000195913017,0.7068777989827061,0.008802682161331177,0.014104396104812622,False,0.15737066666666666,0.6590144827473242,0.006589055061340332,0.016318023204803467,False,0.21882666666666667,0.7294275129939201,0.009917199611663818,0.01298987865447998,False,0.340624,0.7417011897961926,0.010548293590545654,0.012358784675598145,False,0.4063466666666667,0.1950837869651339,-0.01417309045791626,0.03708016872406006,True,0.560576,0.4770807900472752,0.9063253333333333,11,False,0.6674987566328877,0.7118374082812327,0.009043246507644653,0.013863831758499146,False,0.219952,0.7118374082812327,0.009043246507644653,0.013863831758499146,False,0.219952,0.33493337680639135,-0.0068595558404922485,0.029766634106636047,True,0.37732266666666664,0.32535259045093423,-0.007292807102203369,0.030199885368347168,True,0.4235466666666667,0.0762855513089556,-0.024939194321632385,0.047846272587776184,True,0.5542506666666667,0.3795237970678607,0.7169546666666666,10,False,0.5449310715397303,0.0975569929794145,0.12256768509315741
swap_obj:67,000000021503.jpg,swap_obj,"Crackers coated with spread, sitting on a plate, ready to eat.","Spread coated with crackers, sitting on a plate, ready to eat.",0.3111315369606018,0.30628204345703125,0.004849493503570557,0.6189159086976723,16,2.2551405187698492e-17,1.1520711999983178,0.00025240000104531646,0.00011500000255182385,0.6632049413267751,0.006776094436645508,-0.0019266009330749512,False,0.15455118815104166,0.782848895169263,0.01282346248626709,-0.007973968982696533,False,0.2676747639973958,0.8338712522307009,0.016133159399032593,-0.011283665895462036,False,0.3370717366536458,0.809341561209877,0.014457374811172485,-0.009607881307601929,False,0.4180399576822917,0.8027422598239048,0.014035224914550781,-0.009185731410980225,False,0.5220184326171875,0.6996442993180665,0.6894378662109375,10,False,0.7419290455880267,0.6739221872803955,0.007259786128997803,-0.002410292625427246,False,0.12977091471354166,0.6547956558176903,0.006401866674423218,-0.0015523731708526611,False,0.3031463623046875,0.6547956558176903,0.006401866674423218,-0.0015523731708526611,False,0.3031463623046875,0.8088241281786968,0.014423877000808716,-0.00957438349723816,False,0.4515228271484375,0.8231220967705963,0.015376448631286621,-0.010526955127716064,False,0.5037841796875,0.6840204236426577,0.7285359700520834,11,False,0.6953314872386004,0.015623875675408794,0.04659755834942636
add_att:299,000000051961.jpg,add_att,A graffiti covered wall and parking meter are seen in this image.,An illuminated graffiti covered wall and parking meter are seen in this image.,0.2924111783504486,0.2633534073829651,0.02905777096748352,0.9481312816745131,9,7.806255641895632e-17,0.9807772999993176,0.0002539000015531201,0.00010089999705087394,0.7798418510368335,0.012647449970245361,0.01641032099723816,False,0.1761124817251462,0.58443803731468,0.0034101903438568115,0.02564758062362671,False,0.24969732273391812,0.7271073685906693,0.009799957275390625,0.019257813692092896,False,0.35019759685672514,0.35272744507164505,-0.006070718169212341,0.03512848913669586,True,0.4344389619883041,0.6056102854959168,0.004288971424102783,0.024768799543380737,False,0.5116216648391813,0.532570359087125,0.7954244334795322,7,False,0.6855186694881035,0.7798418510368335,0.012647449970245361,0.01641032099723816,False,0.1761124817251462,0.8515706518856041,0.017469733953475952,0.011588037014007568,False,0.2766127558479532,0.19561829928408378,-0.0141390860080719,0.04319685697555542,True,0.4378312317251462,0.19561829928408378,-0.0141390860080719,0.04319685697555542,True,0.4378312317251462,0.0967941712636187,-0.02233363687992096,0.05139140784740448,True,0.5220725968567251,0.36128696663425686,0.6037440606725146,5,False,0.6337570669480237,0.17128339245286817,0.051761602540079776
add_obj:864,000000312278.jpg,add_obj,A collection of luggage that has been placed on a wooden carrier.,A collection of luggage and an umbrella have been placed on a wooden carrier.,0.35635480284690857,0.3143407702445984,0.04201403260231018,0.9852463799238345,10,5.377642775528102e-17,0.8248692999986815,0.00024230000053648837,0.00010119999933522195,0.4315971706520525,-0.0027533769607543945,0.044767409563064575,True,0.14660957532051283,0.49427708644795104,-0.00022892653942108154,0.04224295914173126,True,0.21981837606837606,0.5230183053610877,0.0009213835000991821,0.041092649102211,False,0.5005425347222222,0.5230183053610877,0.0009213835000991821,0.041092649102211,False,0.5005425347222222,0.5230183053610877,0.0009213835000991821,0.041092649102211,False,0.5005425347222222,0.45835925483199313,0.6538878872863247,5,False,0.5604762252951365,0.4315971706520525,-0.0027533769607543945,0.044767409563064575,True,0.14660957532051283,0.3921703268395199,-0.00438198447227478,0.04639601707458496,True,0.26140157585470086,0.5241765197837346,0.0009678155183792114,0.04104621708393097,False,0.3616786858974359,0.43452214672442985,-0.0026342421770095825,0.04464827477931976,True,0.4631827590811966,0.4563895987281576,-0.0017488598823547363,0.04376289248466492,True,0.5296057024572649,0.49638033787810026,0.39752771100427353,5,False,0.5198793876358244,-0.03802108304610713,0.0405968376593121
replace_att:33,000000579158.jpg,replace_att,A red yellow and blue airplane is sitting on the runway. ,A green yellow and blue airplane is sitting on the runway.,0.3119399845600128,0.2855440676212311,0.02639591693878174,0.933366574967096,12,3.122502256758253e-17,0.964365199997701,0.0002472000014677178,0.00010400000246590935,0.9614013948713918,0.032151758670806885,-0.0057558417320251465,False,0.1104736328125,0.9512015731504482,0.029700279235839844,-0.0033043622970581055,False,0.214447021484375,0.9367140117867013,0.02694714069366455,-0.0005512237548828125,False,0.3797963460286458,0.8794981921884886,0.019876867532730103,0.006519049406051636,False,0.4694010416666667,0.9262647487036731,0.025306791067123413,0.0010891258716583252,False,0.5446726481119791,0.8881610303923407,0.8296661376953125,10,False,0.93543437583509,0.9192723519660013,0.024325013160705566,0.002070903778076172,False,0.103973388671875,0.8445097016972424,0.01692172884941101,0.009474188089370728,False,0.20658365885416666,0.7460544664396079,0.010776787996292114,0.015619128942489624,False,0.3149871826171875,0.26274546280979266,-0.010317474603652954,0.03671339154243469,True,0.4868214925130208,0.3762585713273472,-0.005054593086242676,0.031450510025024414,True,0.5620930989583334,0.4966839207617285,0.4868214925130208,5,False,0.6826941162704446,0.3914771096306122,0.2527402595646454
replace_obj:1511,000000370999.jpg,replace_obj,A coin with a portrait and some rings on the table,A coin with a portrait and a book on the table.,0.24552340805530548,0.19622796773910522,0.049295440316200256,0.9928220957161517,16,2.5587171270657905e-17,1.0970319000007294,0.00026820000130101107,0.00011580000136746094,0.9921286280496556,0.048366203904151917,0.0009292364120483398,False,0.13873799641927084,0.9920849161338167,0.04831038415431976,0.0009850561618804932,False,0.2644704182942708,0.9851176008007408,0.0419258177280426,0.007369622588157654,False,0.3447621663411458,0.9003171987159974,0.022007539868354797,0.02728790044784546,False,0.4582773844401042,0.8221491565653858,0.015309765934944153,0.033985674381256104,False,0.5076446533203125,0.778941612575025,0.6864573160807291,10,False,0.9678818666861039,0.9898618433651939,0.045812591910362244,0.0034828484058380127,False,0.16729736328125,0.9874379573128564,0.043644338846206665,0.005651101469993591,False,0.20642598470052084,0.7299459815093801,0.009943485260009766,0.03935195505619049,False,0.3487955729166667,0.6540050412794838,0.006366908550262451,0.042928531765937805,False,0.4650675455729167,0.7427873647036957,0.010605067014694214,0.03869037330150604,False,0.549530029296875,0.8111282525952002,0.549530029296875,8,False,0.8484170803815331,-0.03218664002017513,0.1194647863045708
replace_rel:1074,000000227765.jpg,replace_rel,A wooden spoon in a soup pot on the stove.,A wooden spoon above a soup pot on the stove.,0.32395637035369873,0.31902405619621277,0.004932314157485962,0.6208673753197053,15,2.0383000842727483e-17,1.284124999998312,0.00028160000147181563,0.00011979999908362515,0.6850930241833564,0.007772773504257202,-0.0028404593467712402,False,0.11784871419270833,0.6841065385988375,0.007727086544036865,-0.0027947723865509033,False,0.20081075032552084,0.6191098941461879,0.0048577189445495605,7.459521293640137e-05,False,0.3460693359375,0.6990384538375207,0.008427232503890991,-0.0034949183464050293,False,0.43695068359375,0.49469017083120176,-0.0002124011516571045,0.005144715309143066,True,0.560302734375,0.578641439193632,0.560302734375,8,False,0.6459407778197376,0.5863880946618779,0.003490537405014038,0.0014417767524719238,False,0.174041748046875,0.5756563302544451,0.0030496716499328613,0.0018826425075531006,False,0.22577412923177084,0.5484498713373195,0.0019440948963165283,0.0029882192611694336,False,0.3817850748697917,0.4474064154275075,-0.0021115541458129883,0.00704386830329895,True,0.4726664225260417,0.4092587515266774,-0.003670305013656616,0.008602619171142578,True,0.5556284586588541,0.4876278272263167,0.5556284586588541,7,False,0.5463872571369127,0.09101361196731528,0.09955352068282486
swap_att:293,000000551815.jpg,swap_att,An orange cat laying on a white and brown cat in a bed.,A white and brown cat laying on an orange cat in a bed.,0.31762346625328064,0.3169034719467163,0.0007199943065643311,0.5179920858773798,15,4.640385298237959e-17,1.1882449000004272,0.0003083000010519754,0.00014390000069397502,0.5050468518899832,0.00020188093185424805,0.000518113374710083,False,0.1333465576171875,0.3361742641190412,-0.0068039000034332275,0.007523894309997559,True,0.24793497721354166,0.33850664679007386,-0.006699562072753906,0.007419556379318237,True,0.3109283447265625,0.2868466869589202,-0.00910748541355133,0.009827479720115662,True,0.4442291259765625,0.3174660560325562,-0.00765441358089447,0.008374407887458801,True,0.5177459716796875,0.4638398668292619,0.7657470703125,12,False,0.3892842410657385,0.6060920834177391,0.004309147596359253,-0.003589153289794922,False,0.12420654296875,0.5350221242852969,0.0014031827449798584,-0.0006831884384155273,False,0.2672322591145833,0.5704180965612311,0.002835571765899658,-0.002115577459335327,False,0.3292083740234375,0.5793575293601164,0.0032013654708862305,-0.0024813711643218994,False,0.4012959798177083,0.40157066035620037,-0.0039892494678497314,0.0047092437744140625,True,0.5154774983723959,0.45296636870882034,0.6784820556640625,10,False,0.5492254387090575,0.010873498120441583,-0.159941197643319
swap_obj:7,000000179214.jpg,swap_obj,A pizza with several vegetable toppings sitting on a storage tub.,A storage tub with several vegetable toppings sitting on a pizza.,0.27908509969711304,0.26148271560668945,0.017602384090423584,0.8532395167327262,14,2.42861286636753e-17,1.1638500000008207,0.0002627000030770432,0.0001111999990826007,0.7606636093612136,0.011563211679458618,0.006039172410964966,False,0.19333082054093567,0.3586115233888136,-0.005813956260681152,0.023416340351104736,True,0.27242096125730997,0.046108129481938584,-0.030295610427856445,0.04789799451828003,True,0.3366513614766082,0.046108129481938584,-0.030295610427856445,0.04789799451828003,True,0.43535841557017546,0.04775187383881357,-0.029928073287010193,0.04753045737743378,True,0.5656067251461988,0.2640302190940944,0.780016447368421,11,False,0.39591448889226344,0.5626458499125974,0.002519071102142334,0.01508331298828125,False,0.1433205409356725,0.18836009777260335,-0.014607012271881104,0.03220939636230469,True,0.21435832419590642,0.18836009777260335,-0.014607012271881104,0.03220939636230469,True,0.3130653782894737,0.046108129481938584,-0.030295610427856445,0.04789799451828003,True,0.43535841557017546,0.05600079254621994,-0.028247594833374023,0.04584997892379761,True,0.5036378380847953,0.1967003663957702,0.5036378380847953,7,False,0.3267288983076681,0.0673298526983242,0.06918559058459534
add_att:202,000000091406.jpg,add_att,A group of four women stand together in front of pizzas.,A group of four women stand together in front of heart-shaped pizzas.,0.3261217772960663,0.3210810124874115,0.005040764808654785,0.6234168400206052,12,7.719519468096792e-17,1.1803159000010055,0.00023069999951985665,0.0001007999999274034,0.4009999949389128,-0.004013001918792725,0.00905376672744751,True,0.10822847529498525,0.26311741431874935,-0.010298281908035278,0.015339046716690063,True,0.20179410951327434,0.502983549588255,0.00011934340000152588,0.004921421408653259,False,0.40175608407079644,0.502983549588255,0.00011934340000152588,0.004921421408653259,False,0.40175608407079644,0.7105424358478879,0.008980199694633484,-0.003939434885978699,False,0.5340788624631269,0.6618965751862396,0.679007651179941,8,False,0.45571732553343997,0.2446372020290393,-0.011274218559265137,0.016314983367919922,True,0.1850744376843658,0.19954557992843533,-0.013891369104385376,0.01893213391304016,True,0.22716168879056048,0.20714560761749373,-0.013422176241874695,0.01846294105052948,True,0.3990366887905605,0.2650298424110294,-0.010199874639511108,0.015240639448165894,True,0.4915018897492625,0.31790275075703905,-0.007634267210960388,0.012675032019615173,True,0.6254090615781711,0.29718889787270614,0.4915018897492625,6,False,0.2965802931356275,0.36470767731353343,0.15913703239781246
add_obj:1052,000000008690.jpg,add_obj,The two young girls are petting the two goats.,The two young girls are petting two goats and some chickens.,0.3505798876285553,0.3435724973678589,0.007007390260696411,0.6683516033906222,13,4.7704895589362195e-17,1.148939300001075,0.00028759999986505136,0.00013920000128564425,0.5466439411446394,0.0018711984157562256,0.0051361918449401855,False,0.1365814208984375,0.24635730177455917,-0.011181354522705078,0.01818874478340149,True,0.2698618570963542,0.39377593848563563,-0.00431467592716217,0.011322066187858582,True,0.361083984375,0.47691589714669463,-0.0009240210056304932,0.007931411266326904,True,0.4342397054036458,0.2288700683689016,-0.012147024273872375,0.019154414534568787,True,0.5649668375651041,0.3665283670483803,0.9306386311848959,12,False,0.4301075185265343,0.4174059546387596,-0.0033343136310577393,0.01034170389175415,True,0.13328043619791666,0.32598482245443794,-0.0072640180587768555,0.014271408319473267,True,0.2610575358072917,0.33349600720033795,-0.006924152374267578,0.01393154263496399,True,0.3123423258463542,0.33223923010748,-0.0069807469844818115,0.013988137245178223,True,0.4338226318359375,0.3287745445837808,-0.007137328386306763,0.014144718647003174,True,0.5011342366536459,0.35708301005469695,0.5011342366536459,7,False,0.3979845191671037,0.009445356993683374,0.03212299935943058
replace_att:667,000000077460.jpg,replace_att,People fill a park area under a cloudy sky while kites pepper the sky.,People fill a park area under a sunny sky while kites pepper the sky.,0.3284676969051361,0.31488120555877686,0.013586491346359253,0.7955400589807432,15,8.500145032286355e-17,1.2754948000001605,0.00029800000265822746,0.0001438999970559962,0.8299797211742224,0.015854835510253906,-0.0022683441638946533,False,0.18194330226608188,0.8496312250741436,0.017317116260528564,-0.0037306249141693115,False,0.2737287554824561,0.7052260308000694,0.008723095059394836,0.0048633962869644165,False,0.33881578947368424,0.7393326956527294,0.010425031185150146,0.0031614601612091064,False,0.4272546600877193,0.35206228109626164,-0.006099864840507507,0.01968635618686676,True,0.5661035727339181,0.7181939981568781,0.719046966374269,9,False,0.7334452251917968,0.7356209851777072,0.010233312845230103,0.0033531785011291504,False,0.16174958881578946,0.7005535935768383,0.008499354124069214,0.005087137222290039,False,0.22311883223684212,0.767474356261092,0.01194104552268982,0.0016454458236694336,False,0.38303522478070173,0.7124831419526625,0.009074747562408447,0.004511743783950806,False,0.4485734192251462,0.5831541529607334,0.0033573508262634277,0.010229140520095825,False,0.5031581231725146,0.660292484369104,0.5932702850877193,8,False,0.7336455768152609,0.057901513787774084,-0.00020035162346410118
replace_obj:1541,000000526751.jpg,replace_obj,A boat sitting on top of a beach next to a body of water.,A kayak sitting on top of a beach next to a body of water.,0.26119378209114075,0.21243847906589508,0.048755303025245667,0.9924267454740499,15,3.469446951953614e-17,1.140189999998256,0.00022790000002714805,0.00011129999984405003,0.9972262280904295,0.05884769558906555,-0.010092392563819885,False,0.13035110562865498,0.9579724271414636,0.031264930963516235,0.01749037206172943,False,0.2662703307748538,0.15917740497098462,-0.016643613576889038,0.0653989166021347,True,0.33931834795321636,0.15786909398033605,-0.016741693019866943,0.06549699604511261,True,0.40314898574561403,0.028989628238706176,-0.03511399030685425,0.08386929333209991,True,0.5656809667397661,0.3442976295036147,0.5656809667397661,8,False,0.580995269337836,0.9644204510897861,0.03299756348133087,0.015757739543914795,False,0.1410247624269006,0.788746779429577,0.013173878192901611,0.035581424832344055,False,0.22155975877192982,0.7189707160818237,0.009393617510795593,0.03936168551445007,False,0.306172331871345,0.06072592722558968,-0.027387365698814392,0.07614266872406006,True,0.4198190789473684,0.06711024116335232,-0.026319503784179688,0.07507480680942535,True,0.5500788103070176,0.3438253343574639,0.4821363304093567,7,False,0.5908144122952995,0.00047229514615082513,-0.009819142957463556
replace_rel:90,000000555412.jpg,replace_rel,A pizza is shown with various toppings on it.,A pizza is being enjoyed by people with various toppings on it.,0.28045743703842163,0.2769239544868469,0.003533482551574707,0.5874292859031249,9,1.734723475976807e-17,1.28862019999724,0.00027689999842550606,0.0001229999979841523,0.475293894880003,-0.0009890496730804443,0.004522532224655151,True,0.2023311860380117,0.475293894880003,-0.0009890496730804443,0.004522532224655151,True,0.2023311860380117,0.39680925747281004,-0.004187777638435364,0.007721260190010071,True,0.3872498629385965,0.34483527920594303,-0.006418198347091675,0.009951680898666382,True,0.5029525310672515,0.34483527920594303,-0.006418198347091675,0.009951680898666382,True,0.5029525310672515,0.35864607538489174,1.0,9,False,0.45938861287991795,0.475293894880003,-0.0009890496730804443,0.004522532224655151,True,0.2023311860380117,0.475293894880003,-0.0009890496730804443,0.004522532224655151,True,0.2023311860380117,0.24001960383253504,-0.011525720357894897,0.015059202909469604,True,0.36076845760233917,0.1866169812128753,-0.01472143828868866,0.018254920840263367,True,0.5053225511695907,0.1866169812128753,-0.01472143828868866,0.018254920840263367,True,0.5053225511695907,0.32909874390444716,0.6016424524853801,5,False,0.38591915343225175,0.029547331480444583,0.0734694594476662
swap_att:600,000000054593.jpg,swap_att,a young kid with a baseball bat gets ready for the pitch,A baseball kid with a young bat gets ready for the pitch.,0.29571449756622314,0.2836008369922638,0.01211366057395935,0.7705405679094364,12,5.551115123125783e-17,1.1624343000003137,0.0002826000018103514,0.00013549999857787043,0.5134323991250644,0.0005374252796173096,0.011576235294342041,False,0.14245248538011696,0.8804745215432095,0.019969314336776733,-0.007855653762817383,False,0.2514105902777778,0.6219394072260498,0.004977881908416748,0.0071357786655426025,False,0.322945221125731,0.8192689536318699,0.01511402428150177,-0.0030003637075424194,False,0.4356839364035088,0.8096345580082456,0.014476373791694641,-0.0023627132177352905,False,0.5173496893274854,0.7282311874564144,0.7418619791666666,9,False,0.7130215777481469,0.7279745990646231,0.009843707084655762,0.002269953489303589,False,0.10895810489766082,0.6445573898220897,0.005952000617980957,0.0061616599559783936,False,0.21506647478070176,0.6247012517576088,0.0050955116748809814,0.007018148899078369,False,0.3040707236842105,0.6288524505379182,0.005272969603538513,0.006840690970420837,False,0.40569033260233917,0.6589381326998907,0.006585657596588135,0.005528002977371216,False,0.5361556560672515,0.6456893310253529,0.3040707236842105,3,False,0.6689099289138883,0.08254185643106149,0.044111648834258554
swap_obj:87,000000489842.jpg,swap_obj,Many children sit around a person in a Santa costume.,A person in a Santa costume sits around many children.,0.2562151849269867,0.2422146201133728,0.014000564813613892,0.8021928511446507,13,6.938893903907228e-18,1.4182443000026979,0.0002927000023191795,0.00013889999900129624,0.7000866826593287,0.0084771066904068,0.005523458123207092,False,0.16957264072847683,0.6790941183443742,0.0074961185455322266,0.006504446268081665,False,0.2755630863686534,0.6916975730021901,0.008080676198005676,0.005919888615608215,False,0.34213317466887416,0.6485982340130081,0.006128832697868347,0.007871732115745544,False,0.43954797875275936,0.5680200505482925,0.002737775444984436,0.011262789368629456,False,0.5537087817328918,0.6482235282187039,0.6653128449227373,9,False,0.687756830104306,0.7569629286626134,0.011361002922058105,0.002639561891555786,False,0.1059904456401766,0.745664111901364,0.010756194591522217,0.003244370222091675,False,0.20092180601545254,0.7423221863024033,0.01058073341846466,0.003419831395149231,False,0.3480874034216336,0.7320331700335863,0.010049626231193542,0.003950938582420349,False,0.41856805325607066,0.7024606712920082,0.00859043002128601,0.005410134792327881,False,0.5018453366445916,0.7039411149363676,0.6510502897350994,8,False,0.7474979405905576,-0.05571758671766369,-0.059741110486251636
add_att:339,000000047828.jpg,add_att,A large blue lit bridge spanning over a lake.,A large blue lit bridge spanning over a frozen lake.,0.32993215322494507,0.30376479029655457,0.026167362928390503,0.9319309626885176,13,6.245004513516506e-17,0.9268115000013495,0.00022669999816571362,0.00010820000170497224,0.8314912710886992,0.015962332487106323,0.01020503044128418,False,0.15806471456692914,0.8420480802152875,0.016735464334487915,0.009431898593902588,False,0.2572896161417323,0.8585219087101494,0.018030673265457153,0.00813668966293335,False,0.32140440452755903,0.8195567068568665,0.015133470296859741,0.011033892631530762,False,0.4486958661417323,0.79723001927141,0.013690710067749023,0.01247665286064148,False,0.5226070374015748,0.7930798672406554,0.6483913631889764,8,False,0.8485600284672067,0.9153800899825415,0.023811697959899902,0.0023556649684906006,False,0.1638548843503937,0.8511977137320109,0.01744025945663452,0.008727103471755981,False,0.23432117372047245,0.926365643424483,0.02532157301902771,0.000845789909362793,False,0.308232344980315,0.6625869144768356,0.0067484378814697266,0.019418925046920776,False,0.4662970595472441,0.6733567479943463,0.007234066724777222,0.01893329620361328,False,0.5304118479330708,0.783170832381326,0.7188576525590551,9,False,0.8440308221043041,0.009909034859329369,0.004529206362902549
add_obj:1965,000000456559.jpg,add_obj,A smiling man in a hat is wearing sunglasses.,A smiling man in a hat is wearing a watch and sunglasses.,0.30916568636894226,0.2975727617740631,0.01159292459487915,0.7612041272731301,15,5.204170427930421e-17,1.078009299999394,0.0003183999979228247,0.0001449999981559813,0.7708212999961774,0.012129545211791992,-0.0005366206169128418,False,0.11562093098958333,0.7229084088032808,0.009589344263076782,0.002003580331802368,False,0.21333821614583334,0.7479651920610388,0.01087789237499237,0.0007150322198867798,False,0.3195088704427083,0.7396909304707517,0.010443627834320068,0.001149296760559082,False,0.4410552978515625,0.7924735771766154,0.013399004936218262,-0.0018060803413391113,False,0.5802205403645834,0.7527991456865629,0.8477732340494791,13,False,0.7525622709113662,0.7727367485066103,0.012238293886184692,-0.000645369291305542,False,0.158935546875,0.7762511533770537,0.012439519166946411,-0.0008465945720672607,False,0.22044881184895834,0.8149263178161028,0.014823436737060547,-0.0032305121421813965,False,0.3322397867838542,0.8431043254270378,0.016815096139907837,-0.0052221715450286865,False,0.4305470784505208,0.8391200529845606,0.016516953706741333,-0.004924029111862183,False,0.6024271647135416,0.8181085265603276,0.4305470784505208,7,False,0.804327467114183,-0.0653093808737647,-0.05176519620281683
replace_att:754,000000557501.jpg,replace_att,A colorful public restroom with striped walls and yellow counter.,A colorful public restroom with plain walls and yellow counter.,0.34965232014656067,0.3468528389930725,0.002799481153488159,0.569533503679849,13,2.7755575615628914e-17,1.33801979999771,0.00029510000240406953,0.00013830000170855783,0.43820943565943093,-0.0024843215942382812,0.00528380274772644,True,0.15506998697916666,0.3622133850520415,-0.005657702684402466,0.008457183837890625,True,0.3142445882161458,0.3622133850520415,-0.005657702684402466,0.008457183837890625,True,0.3142445882161458,0.441994336711855,-0.0023307204246520996,0.005130201578140259,True,0.4602101643880208,0.4023931164100157,-0.003955036401748657,0.006754517555236816,True,0.5201009114583334,0.39027802056154104,0.8046620686848959,10,False,0.4341803517270537,0.47527605717671095,-0.000989764928817749,0.003789246082305908,True,0.11156717936197917,0.34475448700385886,-0.006421774625778198,0.009221255779266357,True,0.2672831217447917,0.33739043247510603,-0.006749451160430908,0.009548932313919067,True,0.3403116861979167,0.32248417811137786,-0.00742378830909729,0.01022326946258545,True,0.4994862874348958,0.2807839684286053,-0.009405761957168579,0.012205243110656738,True,0.5711619059244791,0.3008365630595954,0.895233154296875,11,False,0.38723622696430854,0.08944145750194565,0.046944124762745176
replace_obj:965,000000300659.jpg,replace_obj,Several jets that are flying in the air performing tricks.,Several helicopters that are flying in the air performing tricks.,0.28310492634773254,0.24448177218437195,0.038623154163360596,0.9794134398016485,15,6.938893903907228e-17,1.0525159999997413,0.00023209999926621094,0.00011850000009872019,0.9727747047629836,0.0357600599527359,0.002863094210624695,False,0.12813313802083334,0.9722905646458828,0.03557881712913513,0.003044337034225464,False,0.2854207356770833,0.9546917081873443,0.030478984117507935,0.008144170045852661,False,0.3358629014756944,0.9708689330437571,0.035063862800598145,0.003559291362762451,False,0.4361707899305556,0.8838603133881375,0.020295053720474243,0.018328100442886353,False,0.5647854275173612,0.9259414776297925,0.4850328233506944,8,False,0.9605152704728607,0.9657285254474632,0.03338569402694702,0.005237460136413574,False,0.13344319661458334,0.9665812879029996,0.03364649415016174,0.0049766600131988525,False,0.23274739583333334,0.9344061048681598,0.026564285159111023,0.012058869004249573,False,0.3276163736979167,0.9301416100458972,0.02588866651058197,0.012734487652778625,False,0.4893052842881944,0.9119953719646363,0.023382455110549927,0.015240699052810669,False,0.5470987955729166,0.9445316483095927,0.4893052842881944,8,False,0.9502282228665795,-0.018590170679800178,0.010287047606281186
replace_rel:1199,000000227187.jpg,replace_rel,A small black and orange bird is perched on a table with banana peels in it.,A small black and orange bird is flying over a table with banana peels in it.,0.3467330038547516,0.3357706367969513,0.010962367057800293,0.7495543137269126,12,5.117434254131581e-17,1.2971309999993537,0.0002699000033317134,0.00010919999840552919,0.5712453062779514,0.002869337797164917,0.008093029260635376,False,0.12089029947916667,0.4609781239316585,-0.0015640556812286377,0.01252642273902893,True,0.21175638834635416,0.39170510885683535,-0.004401504993438721,0.015363872051239014,True,0.4352976481119792,0.39170510885683535,-0.004401504993438721,0.015363872051239014,True,0.4352976481119792,0.3211761203098683,-0.007483720779418945,0.01844608783721924,True,0.5047149658203125,0.3455854518739582,0.8267364501953125,10,False,0.4889515773152049,0.4891424858559379,-0.0004343688488006592,0.011396735906600952,True,0.15835062662760416,0.37545457442851404,-0.005088865756988525,0.01605123281478882,True,0.2949066162109375,0.36022330731657043,-0.005743950605392456,0.01670631766319275,True,0.3740183512369792,0.3474003443428244,-0.0063048601150512695,0.017267227172851562,True,0.4434356689453125,0.3171235788490721,-0.007670223712921143,0.018632590770721436,True,0.5699513753255209,0.38099591846313385,0.5699513753255209,7,False,0.44355484719620597,-0.035410466589175627,0.04539673011899892
swap_att:516,000000327780.jpg,swap_att,a piece of yellow cake with white frosting on a paper plate ,a piece of white cake with yellow frosting on a paper plate,0.32153016328811646,0.3142348527908325,0.0072953104972839355,0.6747023562384663,13,5.811323644522304e-17,1.3391004000004614,0.00029630000062752515,0.00013949999993201345,0.6333716483843972,0.005467087030410767,0.001828223466873169,False,0.1524505615234375,0.6366753661930878,0.005609631538391113,0.0016856789588928223,False,0.23227437337239584,0.6742790119341073,0.007276028394699097,1.9282102584838867e-05,False,0.3201243082682292,0.6353141158754559,0.00555083155632019,0.0017444789409637451,False,0.4995320638020833,0.5752467786509395,0.0030329078435897827,0.004262402653694153,False,0.5938161214192709,0.6079170905698854,0.7328033447265625,9,False,0.644182261541493,0.6914442524283689,0.00806879997253418,-0.0007734894752502441,False,0.18304951985677084,0.6892271823753627,0.007965087890625,-0.0006697773933410645,False,0.23354085286458334,0.6215966824031068,0.004963308572769165,0.0023320019245147705,False,0.3817952473958333,0.5885288763284132,0.003578871488571167,0.0037164390087127686,False,0.4760793050130208,0.5852224323266926,0.0034424960613250732,0.0038528144359588623,False,0.533203125,0.5850632389457978,0.6590220133463541,9,False,0.6519696660985286,0.022853851624087596,-0.007787404557035527
swap_obj:68,000000335800.jpg,swap_obj,A street sign with flags and a high rise building in the background.,A high rise building with flags and a street sign in the background.,0.32690927386283875,0.3138639032840729,0.01304537057876587,0.7865975721818452,12,3.5778671692021646e-17,1.2417237000008754,0.0002865000024030451,0.00013419999959296547,0.40922704907215407,-0.003671616315841675,0.016716986894607544,True,0.11003175255847954,0.46321230095281424,-0.0014741718769073486,0.014519542455673218,True,0.20765373720760233,0.4754685590485401,-0.000982046127319336,0.014027416706085205,True,0.30854235197368424,0.35150535864526783,-0.006124287843704224,0.019169658422470093,True,0.42706620065789475,0.17660189621781328,-0.01539541780948639,0.02844078838825226,True,0.5163902595029239,0.3797218331689383,0.8109637701023392,9,False,0.44214532325212486,0.6078623513620557,0.004383355379104614,0.008662015199661255,False,0.11852384868421052,0.3412072230699319,-0.006579190492630005,0.019624561071395874,True,0.22855560124269006,0.18169967478129398,-0.015048742294311523,0.028094112873077393,True,0.3178796600877193,0.1184250970837742,-0.02007429301738739,0.03311966359615326,True,0.4187682748538012,0.1149867664087795,-0.02040785551071167,0.03345322608947754,True,0.5531227156432749,0.22405279845017853,0.6908751370614035,8,False,0.3417432631509983,0.15566903471875979,0.10040206010112657
add_att:300,000000555705.jpg,add_att,Two cats sitting on top of a pair of shoes.,Two cats sitting on top of a pair of bright yellow shoes.,0.350206196308136,0.33764511346817017,0.01256108283996582,0.7783554431202656,15,3.469446951953614e-17,1.0104081999998016,0.0002476999979990069,0.00011280000035185367,0.572598061867677,0.002924591302871704,0.009636491537094116,False,0.11482665193602694,0.7469080797487683,0.010821893811225891,0.0017391890287399292,False,0.24619896885521886,0.6670966088989638,0.006950825452804565,0.005610257387161255,False,0.33690419823232326,0.8126790111277119,0.014675125479698181,-0.002114042639732361,False,0.4010416666666667,0.9252831977342265,0.02516394853591919,-0.01260286569595337,False,0.5477693602693603,0.7081172214188354,0.8094749579124579,12,False,0.7363006893394167,0.6291817465070922,0.005287081003189087,0.007274001836776733,False,0.11207123316498316,0.6525678990326966,0.006303459405899048,0.0062576234340667725,False,0.2434435500841751,0.6855204336689698,0.0077925920486450195,0.004768490791320801,False,0.3338331228956229,0.7954042947019548,0.013578146696090698,-0.001017063856124878,False,0.48026488846801346,0.7490532664237641,0.010935693979263306,0.0016253888607025146,False,0.5709701178451179,0.7477361987096391,0.701171875,10,False,0.7040866560789909,-0.03961897729080377,0.03221403326042582
add_obj:1231,000000579818.jpg,add_obj,A train driving over a small bridge on a green hillside.,A train driving over a small bridge near a waterfall on a green hillside.,0.30324679613113403,0.2803994119167328,0.022847384214401245,0.9076051697408748,14,4.336808689942018e-17,1.0160292000000481,0.0002826000018103514,0.00014169999849400483,0.9291654642314403,0.025739401578903198,-0.002892017364501953,False,0.1694607204861111,0.9404649850585772,0.027598097920417786,-0.0047507137060165405,False,0.20848253038194445,0.9238554525132474,0.024959221482276917,-0.0021118372678756714,False,0.3646511501736111,0.6867921206519871,0.007851645350456238,0.014995738863945007,False,0.4489813910590278,0.5691524291675836,0.002783939242362976,0.02006344497203827,False,0.5150010850694444,0.7217240503576925,0.6181098090277778,9,False,0.8680647764881838,0.7545225326906186,0.011228799819946289,0.011618584394454956,False,0.16514078776041666,0.8295562285640321,0.015824854373931885,0.00702252984046936,False,0.2174614800347222,0.8648895070227571,0.018565088510513306,0.0042822957038879395,False,0.3320244683159722,0.8208472848531454,0.015220984816551208,0.007626399397850037,False,0.4394124348958333,0.8208472848531454,0.015220984816551208,0.007626399397850037,False,0.5153130425347222,0.8071279641658669,0.6566908094618056,10,False,0.8316492837198362,-0.08540391380817436,0.03641549276834766
replace_att:371,000000165257.jpg,replace_att,a black counter on a wood cabinet in a kitchen,A white counter on a wood cabinet in a kitchen.,0.3039652705192566,0.2714892029762268,0.032476067543029785,0.9625870194551639,14,4.163336342344337e-17,1.026426000000356,0.00023709999732091092,0.00011140000060549937,0.7411492640946405,0.01051950454711914,0.021956562995910645,False,0.14519136541811847,0.8865920064161565,0.02056393027305603,0.011912137269973755,False,0.21402030705574912,0.4431729151201784,-0.002282947301864624,0.03475901484489441,True,0.35216817290940766,0.4431729151201784,-0.002282947301864624,0.03475901484489441,True,0.4048685213414634,0.48420108958459884,-0.000632166862487793,0.03310823440551758,True,0.5259894925958188,0.5209735216128032,0.6436057273519163,10,False,0.6674494882463287,0.5721421560939577,0.0029059648513793945,0.02957010269165039,False,0.13075729529616725,0.5707204061596363,0.002847909927368164,0.02962815761566162,False,0.21007322517421603,0.48989987694800985,-0.00040405988693237305,0.03288012742996216,True,0.32699531794425085,0.5039405304910822,0.0001576244831085205,0.032318443059921265,False,0.4479189351045296,0.4777426982434465,-0.000890880823135376,0.03336694836616516,True,0.5117459712543554,0.5539341864572875,0.4479189351045296,7,False,0.5844412065734423,-0.032960664844484344,0.08300828167288632
replace_obj:1199,000000235784.jpg,replace_obj,a man wlaks down a snowy tundra field,A polar bear walks down a snowy tundra field.,0.2728068232536316,0.25403231382369995,0.01877450942993164,0.8673180620590836,15,1.734723475976807e-17,0.9822901000006823,0.000298400002066046,0.00014260000170907006,0.9193943509290671,0.024341464042663574,-0.005566954612731934,False,0.14789999148501362,0.9583901466919237,0.031369179487228394,-0.012594670057296753,False,0.2703508174386921,0.9065154307187558,0.022718116641044617,-0.003943607211112976,False,0.33185030653950953,0.4949196239359601,-0.00020322203636169434,0.018977731466293335,True,0.4719910166893733,0.6005159358773156,0.004076153039932251,0.01469835638999939,False,0.5321706829019074,0.6317948038791886,0.728489015667575,11,False,0.8185366806695678,0.5710314232851588,0.0028606057167053223,0.01591390371322632,False,0.1348348092643052,0.6447908663760541,0.005962193012237549,0.012812316417694092,False,0.2006237227520436,0.35552591379181914,-0.005948364734649658,0.0247228741645813,True,0.35047683923705725,0.3302283417484225,-0.0070715248584747314,0.025846034288406372,True,0.4240250340599455,0.22592724894018734,-0.012314528226852417,0.031089037656784058,True,0.5412923620572208,0.35900964670585456,0.6748712108310627,10,False,0.4983280521731452,0.27278515717333407,0.32020862849642256
replace_rel:593,000000150265.jpg,replace_rel,Two people are walking close to each other on the side of the road. ,Two people are walking far from each other on the side of the road.,0.2796574831008911,0.2514541745185852,0.028203308582305908,0.9437646286289885,14,3.209238430557093e-17,1.3594981000023836,0.0002955999989353586,0.00014169999849400483,0.9287723565511705,0.025679826736450195,0.002523481845855713,False,0.18701171875,0.9071967477162199,0.022798776626586914,0.005404531955718994,False,0.2440185546875,0.891148404938421,0.02102525532245636,0.007178053259849548,False,0.3296051025390625,0.8105503840413179,0.014535903930664062,0.013667404651641846,False,0.4805399576822917,0.8193949034353913,0.015122532844543457,0.013080775737762451,False,0.5380859375,0.8374532772914212,0.7353871663411459,10,False,0.8914986114514594,0.8623156675424586,0.018346577882766724,0.009856730699539185,False,0.137847900390625,0.8084558879024508,0.014400079846382141,0.013803228735923767,False,0.2234344482421875,0.804513909335074,0.01414749026298523,0.014055818319320679,False,0.4104461669921875,0.804513909335074,0.01414749026298523,0.014055818319320679,False,0.4104461669921875,0.7133821831965669,0.00911867618560791,0.019084632396697998,False,0.5284016927083334,0.6792679422818408,0.6144256591796875,8,False,0.8257433902390987,0.15818533500958032,0.06575522121236066
swap_att:96,000000002592.jpg,swap_att,a white mug  showing pirate skull and bones and a large knife on a counter top.,A large mug showing pirate skull and bones and a white knife on a counter top.,0.4264867305755615,0.42576801776885986,0.0007187128067016602,0.5179600897911765,14,9.519295074422729e-17,1.221381499999552,0.0005941999988863245,0.00035120000029564835,0.6542329443997221,0.006376981735229492,-0.005658268928527832,False,0.15891638225255972,0.6233706610752463,0.005038797855377197,-0.004320085048675537,False,0.2626186540102389,0.42288323984981113,-0.003109484910964966,0.003828197717666626,True,0.339677101109215,0.5234781274865097,0.0009398162364959717,-0.00022110342979431152,False,0.46342390145051193,0.4480781173819709,-0.002084389328956604,0.002803102135658264,True,0.5051127879692833,0.5473263079126703,0.9225015998293515,12,False,0.5513681243027587,0.1966355591814538,-0.014074563980102539,0.0147932767868042,True,0.11874733361774745,0.16575174456396036,-0.016160398721694946,0.016879111528396606,True,0.22244960537542663,0.18431212437786587,-0.014874011278152466,0.015592724084854126,True,0.3596616360921502,0.1800254209677293,-0.015161752700805664,0.015880465507507324,True,0.480602069112628,0.22633508399064034,-0.01229122281074524,0.0130099356174469,True,0.56573965443686,0.21921200587253137,0.6661622760238908,9,False,0.2201803143828,0.32811430204013897,0.3311878099199587
swap_obj:22,000000482970.jpg,swap_obj,An open laptop and speakers on top of a desk.,Speakers on top of an open laptop on a desk.,0.2975567579269409,0.2830986976623535,0.014458060264587402,0.8093521380663456,13,3.8163916471489756e-17,1.0019275000013295,0.00022249999892665073,0.00010779999865917489,0.6513317182271098,0.006248980760574341,0.008209079504013062,False,0.1049533420138889,0.4045758453949052,-0.0038643479347229004,0.018322408199310303,True,0.2124905056423611,0.5931258118878374,0.003769025206565857,0.010689035058021545,False,0.383056640625,0.5217639137514211,0.0008711069822311401,0.013586953282356262,False,0.4756537543402778,0.6692216865508186,0.0070466697216033936,0.007411390542984009,False,0.6512993706597222,0.5012982686789657,0.7681613498263888,10,False,0.5753528869143593,0.6513317182271098,0.006248980760574341,0.008209079504013062,False,0.1049533420138889,0.34956829642078785,-0.006209373474121094,0.020667433738708496,True,0.3310682508680556,0.34956829642078785,-0.006209373474121094,0.020667433738708496,True,0.3310682508680556,0.2846518058720032,-0.009215027093887329,0.02367308735847473,True,0.4306572808159722,0.46127027245690616,-0.001552298665046692,0.016010358929634094,True,0.52325439453125,0.4261810049360879,0.59759521484375,8,False,0.48910584700446,0.07511726374287775,0.08624703990989924
add_att:407,000000268996.jpg,add_att,A street sign in front of a skyscraper,A flashing street sign in front of a skyscraper.,0.3023448884487152,0.28324732184410095,0.019097566604614258,0.8709918074556805,8,6.245004513516506e-17,0.9695868000017072,0.00026820000130101107,0.0001230000016221311,0.7252133492546855,0.00970470905303955,0.009392857551574707,False,0.170752,0.1623113011034216,-0.016411304473876953,0.03550887107849121,True,0.22336533333333333,0.6211672289377903,0.004945054650306702,0.014152511954307556,False,0.376672,0.5949534699587761,0.003844812512397766,0.015252754092216492,False,0.6750506666666667,0.5949534699587761,0.003844812512397766,0.015252754092216492,False,0.6750506666666667,0.6128028589922359,0.9661706666666666,7,False,0.5941980071919248,0.1623113011034216,-0.016411304473876953,0.03550887107849121,True,0.22336533333333333,0.1623113011034216,-0.016411304473876953,0.03550887107849121,True,0.22336533333333333,0.6211672289377903,0.004945054650306702,0.014152511954307556,False,0.376672,0.6042003675401126,0.00422997772693634,0.014867588877677917,False,0.41050133333333333,0.6598313795285966,0.006625428795814514,0.012472137808799744,False,0.524432,0.24866258441513192,0.22336533333333333,2,False,0.5113928494384045,0.36414027457710396,0.08280515775352038
add_obj:1046,000000029393.jpg,add_obj,A large brown dog standing on the side of a white wood fence.,A large brown dog and a raccoon are standing on the side of a white wood fence.,0.3523082435131073,0.3095743656158447,0.04273387789726257,0.9862570057411514,13,4.336808689942018e-17,1.264416899997741,0.00023850000070524402,0.00010900000052060932,0.8227347269718308,0.015349864959716797,0.027384012937545776,False,0.170272,0.7771783964633708,0.012492984533309937,0.030240893363952637,False,0.3169653333333333,0.7771783964633708,0.012492984533309937,0.030240893363952637,False,0.3169653333333333,0.12614142976377227,-0.01935514807701111,0.06208902597427368,True,0.47514133333333336,0.10064131950467281,-0.021901190280914307,0.06463506817817688,True,0.5303413333333333,0.4388298845539264,0.8735466666666667,11,False,0.6581790980876914,0.5783578308066523,0.0031603574752807617,0.03957352042198181,False,0.17264,0.3256725540455474,-0.007278233766555786,0.05001211166381836,True,0.22784,0.20466506788180316,-0.013573884963989258,0.05630776286125183,True,0.3074186666666667,0.3573833865287909,-0.00586739182472229,0.04860126972198486,True,0.454112,0.20218958989238373,-0.013726651668548584,0.05646052956581116,True,0.5171786666666667,0.39584877471893554,0.7071733333333333,9,False,0.4640178965430929,0.04298110983499087,0.19416120154459848
replace_att:506,000000368940.jpg,replace_att,A white sink with a black cabinet underneath it.,A white sink with a gray cabinet underneath it.,0.3011811375617981,0.2933388650417328,0.007842272520065308,0.686590467622421,13,5.204170427930421e-17,1.3847123999985342,0.0003023000026587397,0.0001401999979862012,0.8786961712283157,0.019801408052444458,-0.01195913553237915,False,0.21234639485677084,0.8786961712283157,0.019801408052444458,-0.01195913553237915,False,0.21234639485677084,0.9125009047113601,0.023445606231689453,-0.015603333711624146,False,0.3428090413411458,0.8546179112538123,0.017712891101837158,-0.00987061858177185,False,0.4082743326822917,0.9187972353999511,0.02426116168498993,-0.01641888916492462,False,0.6043446858723959,0.8844326407134174,0.8138834635416666,10,False,0.8517210920740735,0.8357293672501097,0.016267895698547363,-0.008425623178482056,False,0.14467875162760416,0.788513291454464,0.013159871101379395,-0.005317598581314087,False,0.2728627522786458,0.756873548929518,0.011356145143508911,-0.0035138726234436035,False,0.3185323079427083,0.7427383944460216,0.010602504014968872,-0.0027602314949035645,False,0.40435791015625,0.14725377915286333,-0.017563045024871826,0.025405317544937134,True,0.5418497721354166,0.39881495856477767,0.6082102457682291,8,False,0.6921642405799835,0.48561768214863976,0.15955685149409005
replace_obj:594,000000410650.jpg,replace_obj,A woman hitting a tennis ball with a tennis racket,A man hitting a tennis ball with a tennis racket.,0.29601749777793884,0.24865540862083435,0.04736208915710449,0.9913044380542821,7,2.688821387764051e-17,1.3586265000012645,0.00026979999893228523,0.0001224999978148844,0.9089066690316433,0.023003578186035156,0.024358510971069336,False,0.2065582275390625,0.9089066690316433,0.023003578186035156,0.024358510971069336,False,0.2065582275390625,0.9044929075338285,0.02248173952102661,0.02488034963607788,False,0.3041280110677083,0.8194354751313843,0.015125274658203125,0.03223681449890137,False,0.5323486328125,0.8194354751313843,0.015125274658203125,0.03223681449890137,False,0.5323486328125,0.7933130805601867,1.0,7,False,0.9043634273902741,0.5545983272808785,0.002192676067352295,0.0451694130897522,False,0.3751322428385417,0.5545983272808785,0.002192676067352295,0.0451694130897522,False,0.3751322428385417,0.5545983272808785,0.002192676067352295,0.0451694130897522,False,0.3751322428385417,0.5496437748858323,0.0019923150539398193,0.04536977410316467,False,0.4836069742838542,0.5630594225084834,0.002535879611968994,0.0448262095451355,False,0.7118275960286459,0.6525245498433312,1.0,7,False,0.6698547454678312,0.1407885307168555,0.2345086819224429
replace_rel:829,000000137246.jpg,replace_rel,A woman in brown shirt holding a hotdog by tables with umbrellas.,A woman in brown shirt holding a hotdog under tables with umbrellas.,0.33238422870635986,0.32474052906036377,0.007643699645996094,0.6823017475822883,13,5.4643789493269423e-17,1.070660900000803,0.0002860999993572477,0.00013929999840911478,0.7005735992076884,0.00850030779838562,-0.0008566081523895264,False,0.17601801801801803,0.7959871221580884,0.013613998889923096,-0.005970299243927002,False,0.2868408408408408,0.7954047796935034,0.013578176498413086,-0.005934476852416992,False,0.3648168168168168,0.6781058018760264,0.007450804114341736,0.0001928955316543579,False,0.4762822822822823,0.6339133513288788,0.005490422248840332,0.0021532773971557617,False,0.5607567567567567,0.5472466406995804,0.7983843843843844,10,False,0.7208407461882431,0.6705924539242472,0.0071086585521698,0.0005350410938262939,False,0.20548348348348347,0.6705924539242472,0.0071086585521698,0.0005350410938262939,False,0.20548348348348347,0.595052216938267,0.0038489103317260742,0.0037947893142700195,False,0.36773573573573576,0.5168475779794031,0.0006741583347320557,0.006969541311264038,False,0.41502702702702704,0.44287802617064675,-0.00229489803314209,0.009938597679138184,True,0.5258498498498498,0.5445320286079689,0.6240900900900901,8,False,0.6107203922288349,0.0027146120916115013,0.11012035395940822
swap_att:642,000000493864.jpg,swap_att,A man standing on a wet beach holding a blue board.,A man standing on a blue beach holding a wet board.,0.2988619804382324,0.29794415831565857,0.0009178221225738525,0.522929458892433,14,6.201636426617085e-17,1.1155515000027663,0.00029149999681976624,0.0001401999979862012,0.5344823423468628,0.0013814866542816162,-0.00046366453170776367,False,0.14104715983072916,0.5318987458999701,0.0012776851654052734,-0.0003598630428314209,False,0.21382649739583334,0.49489429459028683,-0.00020423531532287598,0.0011220574378967285,True,0.3494110107421875,0.21908654020561236,-0.012709975242614746,0.013627797365188599,True,0.4112447102864583,0.31141503731087583,-0.007935121655464172,0.008852943778038025,True,0.5950520833333334,0.36333124849946585,0.8581695556640625,12,False,0.42654329940037133,0.3685737759105242,-0.005383402109146118,0.006301224231719971,True,0.1265411376953125,0.3959389736760545,-0.004224151372909546,0.0051419734954833984,True,0.24245198567708334,0.3155013706787319,-0.007745236158370972,0.008663058280944824,True,0.3103485107421875,0.6753450058421249,0.00732460618019104,-0.0064067840576171875,False,0.4501546223958333,0.5396734666467677,0.0015902817249298096,-0.000672459602355957,False,0.5264943440755209,0.43029398521697226,0.666290283203125,9,False,0.4568065474293739,-0.06696273671750641,-0.030263248029002543
swap_obj:147,000000088462.jpg,swap_obj,A school bus in the street behind other cars.,Other cars in the street behind a school bus.,0.3104105591773987,0.3089632987976074,0.0014472603797912598,0.5361184877970078,12,2.168404344971009e-17,1.052980500000558,0.00025019999884534627,0.00011010000162059441,0.5235643629592072,0.0009432733058929443,0.0005039870738983154,False,0.14426317401960784,0.2218456525612217,-0.012549430131912231,0.013996690511703491,True,0.211633220996732,0.22315156114963844,-0.0124739408493042,0.013921201229095459,True,0.3505987030228758,0.22862873451821022,-0.012160703539848328,0.013607963919639587,True,0.4279833026960784,0.2992901328009736,-0.008506804704666138,0.009954065084457397,True,0.5014361213235294,0.38074783915046806,0.7968430861928104,9,False,0.3376988914680085,0.5235643629592072,0.0009432733058929443,0.0005039870738983154,False,0.14426317401960784,0.4910215254937455,-0.0003591775894165039,0.0018064379692077637,True,0.210031147875817,0.5127690082314369,0.000510871410369873,0.0009363889694213867,False,0.3298483455882353,0.47328830233086017,-0.001069486141204834,0.0025167465209960938,True,0.4085477941176471,0.3732725793805849,-0.005182027816772461,0.006629288196563721,True,0.5548853656045751,0.48801541936274573,0.4085477941176471,5,False,0.4878104642126823,-0.10726758021227767,-0.1501115727446738
add_att:541,000000577539.jpg,add_att,"A bowl full of marshmallows, chocolate, and other delicious treats.","A bowl full of marshmallows, fizzy chocolate, and other delicious treats.",0.33847349882125854,0.3339529037475586,0.004520595073699951,0.6111287885553541,12,7.43762690325056e-17,1.0791816000019026,0.0002727999999478925,0.0001391000005241949,0.457720809062331,-0.0016952157020568848,0.006215810775756836,True,0.132437125748503,0.4761055763603152,-0.0009565055370330811,0.005477100610733032,True,0.23290419161676645,0.5276447254041774,0.0011069178581237793,0.003413677215576172,False,0.33731137724550897,0.45271837701963796,-0.0018969327211380005,0.006417527794837952,True,0.44892215568862276,0.48852141752065575,-0.00045922398567199707,0.004979819059371948,True,0.5275928143712575,0.49844736737397244,0.7366706586826347,8,False,0.4962545824932452,0.5880235925623443,0.0035580098628997803,0.0009625852108001709,False,0.10440718562874252,0.4583785030354215,-0.0016687214374542236,0.006189316511154175,True,0.23684431137724551,0.5276447254041774,0.0011069178581237793,0.003413677215576172,False,0.33731137724550897,0.45271837701963796,-0.0018969327211380005,0.006417527794837952,True,0.44892215568862276,0.46749988899219663,-0.0013018399477005005,0.005822435021400452,True,0.5457065868263473,0.493045172212597,0.5457065868263473,5,False,0.5143129727128118,0.0054021951613754116,-0.018058390219566622
add_obj:480,000000340697.jpg,add_obj,A display in a store filled with lots of bottles of soda.,A display in a store filled with lots of bottles of soda and bags of chips.,0.31654247641563416,0.31032460927963257,0.006217867136001587,0.6506247995425822,12,6.591949208711867e-17,1.0661346999986563,0.0005330999993020669,0.00029490000088117085,0.6305046704453049,0.005343824625015259,0.0008740425109863281,False,0.24234234234234234,0.6305046704453049,0.005343824625015259,0.0008740425109863281,False,0.24234234234234234,0.65005553301709,0.006192833185195923,2.5033950805664062e-05,False,0.3350690690690691,0.6740485721153952,0.007265537977218628,-0.001047670841217041,False,0.4337057057057057,0.5285211202597441,0.0011420845985412598,0.005075782537460327,False,0.5589129129129129,0.5110549836357045,0.9447867867867867,11,False,0.6355095469073214,0.6136047827866014,0.004624903202056885,0.0015929639339447021,False,0.17415015015015015,0.624301502325884,0.00507846474647522,0.0011394023895263672,False,0.32022222222222224,0.624301502325884,0.00507846474647522,0.0011394023895263672,False,0.32022222222222224,0.6085029326733344,0.004410237073898315,0.0018076300621032715,False,0.45445645645645644,0.5688070895652423,0.00276985764503479,0.003448009490966797,False,0.5210810810810811,0.5500932153643818,0.7712012012012012,9,False,0.6188204262083118,-0.039038231728677375,0.01668912069900963
replace_att:653,000000232684.jpg,replace_att,A person sitting next to a laptop in a dark room.,A person sitting next to a laptop in a bright room.,0.34154051542282104,0.30376800894737244,0.03777250647544861,0.9776265038299747,14,2.0816681711721685e-17,1.2489295000013954,0.00024290000146720558,0.00010939999992842786,0.9790492438128765,0.038444072008132935,-0.0006715655326843262,False,0.11059713084795321,0.9778929227282414,0.037895023822784424,-0.00012251734733581543,False,0.24141652960526316,0.9703401446761774,0.03487852215766907,0.002893984317779541,False,0.30983872441520466,0.8905478142506502,0.02096349000930786,0.016809016466140747,False,0.4413034539473684,0.828337091504672,0.015738874673843384,0.022033631801605225,False,0.5117815698099415,0.9626149571583145,0.6353538468567251,9,False,0.949131494823417,0.9733030174729838,0.03596144914627075,0.0018110573291778564,False,0.17901932565789475,0.9670613800871208,0.03379616141319275,0.003976345062255859,False,0.259468658625731,0.9620117198581686,0.03231748938560486,0.00545501708984375,False,0.328633269371345,0.8905478142506502,0.02096349000930786,0.016809016466140747,False,0.4413034539473684,0.828337091504672,0.015738874673843384,0.022033631801605225,False,0.5117815698099415,0.8389953859513195,0.5893697459795322,8,False,0.9463516877749518,0.12361957120699496,0.002779807048465144
replace_obj:374,000000482275.jpg,replace_obj,A bride and groom are cutting a cake as they smile.,A bride and bridesmaid are cutting a cake as they smile.,0.31879472732543945,0.27985018491744995,0.0389445424079895,0.9800515600598858,9,6.938893903907228e-17,1.250578700000915,0.00022709999757353216,9.140000111074187e-05,0.9555711542288515,0.030684202909469604,0.008260339498519897,False,0.1571502685546875,0.9769420599365606,0.03746417164802551,0.0014803707599639893,False,0.2647654215494792,0.970365051160939,0.03488717973232269,0.004057362675666809,False,0.4314066569010417,0.970365051160939,0.03488717973232269,0.004057362675666809,False,0.4314066569010417,0.8893035887248247,0.020836472511291504,0.018108069896697998,False,0.545135498046875,0.8709592004753739,0.9539794921875,8,False,0.9613673751032674,0.9604159754774166,0.031889408826828,0.007055133581161499,False,0.1666412353515625,0.9292376134498364,0.02575036883354187,0.013194173574447632,False,0.2803700764973958,0.5730975929652027,0.0029450058937072754,0.03599953651428223,False,0.3875681559244792,0.5802890752434129,0.0032396018505096436,0.03570494055747986,False,0.4335886637369792,0.5540800015611856,0.0021716952323913574,0.036772847175598145,False,0.6096700032552084,0.7569628586781544,0.8744354248046875,7,False,0.7808635329384886,0.11399634179721951,0.18050384216477877
replace_rel:917,000000462629.jpg,replace_rel,Old appliances outside the back door of a repair shop. ,Old appliances inside the back door of a repair shop.,0.3341483771800995,0.33005547523498535,0.004092901945114136,0.6009176686017217,14,3.859759734048396e-17,1.1751051000028383,0.0002692000016395468,0.00011060000178986229,0.6865308237976544,0.007839500904083252,-0.003746598958969116,False,0.13674166055718476,0.6139799172346685,0.004640728235244751,-0.0005478262901306152,False,0.21638448497067447,0.6018578487064125,0.004132121801376343,-3.921985626220703e-05,False,0.3126317357038123,0.5673387449469669,0.002710014581680298,0.0013828873634338379,False,0.44081057551319647,0.44950800000965596,-0.002026587724685669,0.006119489669799805,True,0.5172459219208211,0.48065872867187603,0.8380739094574781,11,False,0.6034215089870009,0.507861204801803,0.00031447410583496094,0.003778427839279175,False,0.11860795454545454,0.3728905951105333,-0.005198359489440918,0.009291261434555054,True,0.2961819556451613,0.4286999497902189,-0.002871572971343994,0.00696447491645813,True,0.36009668255131966,0.4275266617324964,-0.002919495105743408,0.007012397050857544,True,0.4172757056451613,0.4236202008492352,-0.0030792951583862305,0.007172197103500366,True,0.5135229563782991,0.38237522103159116,0.6243871425953079,9,False,0.45764350131867665,0.09828350764028487,0.14577800766832422
swap_att:228,000000250137.jpg,swap_att,A young redheaded woman in sunglasses and black tank top holds a black leather purse and a white umbrella.,A young redheaded woman in sunglasses and white tank top holds a white leather purse and a black umbrella.,0.3705468773841858,0.3618869185447693,0.008659958839416504,0.7039118422332071,12,1.0755285551056204e-16,1.3192271999978402,0.00029399999766610563,0.00013419999959296547,0.5784036159867039,0.0031622350215911865,0.005497723817825317,False,0.17892964680989584,0.6886961496839137,0.007940307259559631,0.0007196515798568726,False,0.30950927734375,0.6886961496839137,0.007940307259559631,0.0007196515798568726,False,0.30950927734375,0.4898190713994098,-0.000407293438911438,0.009067252278327942,True,0.4276631673177083,0.4585631126069913,-0.0016612857580184937,0.010321244597434998,True,0.5038045247395834,0.5141662686866771,0.9089202880859375,10,False,0.6017799623890555,0.5784036159867039,0.0031622350215911865,0.005497723817825317,False,0.17892964680989584,0.5760028208030423,0.0030638575553894043,0.0055961012840271,False,0.2550710042317708,0.44027506754738427,-0.0024004578590393066,0.01106041669845581,True,0.3562266031901042,0.36689967577410926,-0.00545540452003479,0.014115363359451294,True,0.4070638020833333,0.26081809943315737,-0.010417208075523376,0.01907716691493988,True,0.565460205078125,0.4411594833812084,0.4981435139973958,6,False,0.4957088573856165,0.07300678530546872,0.10607110500343903
swap_obj:231,000000563349.jpg,swap_obj,A snowboarder is flying in the air over snow.,Snow is flying in the air over a snowboarder.,0.3046307861804962,0.29871344566345215,0.005917340517044067,0.6437629186890196,13,3.209238430557093e-17,1.0323840000019118,0.0002303000001120381,0.0001097999993362464,0.46648917116047395,-0.0013424456119537354,0.007259786128997803,True,0.13365200109649122,0.5207163936093178,0.0008291304111480713,0.005088210105895996,False,0.20309644554093567,0.5857800743383987,0.0034654736518859863,0.002451866865158081,False,0.3515339455409357,0.5433027984175463,0.001736462116241455,0.004180878400802612,False,0.42337696454678364,0.4414174162435558,-0.0023541152477264404,0.008271455764770508,True,0.5706722861842105,0.48737435649332966,0.6354280884502924,8,False,0.5321360584339889,0.5665821718713656,0.002679198980331421,0.0032381415367126465,False,0.1457419590643275,0.3363990955350104,-0.0067938268184661865,0.012711167335510254,True,0.2793939601608187,0.5141232878925712,0.0005650818347930908,0.0053522586822509766,False,0.35183662280701755,0.4812370768830678,-0.0007508695125579834,0.006668210029602051,True,0.4165924250730994,0.44638688679364663,-0.0021528005599975586,0.008070141077041626,True,0.5589364035087719,0.4467857456755536,0.48949195906432746,6,False,0.4966528963478127,0.04058861081777604,0.035483162086176245
add_att:241,000000063154.jpg,add_att,A surfer paddling on a board to go catch a wave.,A surfer paddling on a board to go catch a huge wave.,0.30542728304862976,0.2891063690185547,0.016320914030075073,0.8364559386280871,14,1.0755285551056204e-16,1.1876086000011128,0.00028020000172546133,0.0001419000000169035,0.4728915937937071,-0.0010854005813598633,0.017406314611434937,True,0.16449780058651026,0.5344623214006756,0.0013806819915771484,0.014940232038497925,False,0.2467008797653959,0.5562975080684333,0.0022614896297454834,0.01405942440032959,False,0.3293106213343108,0.499321252524551,-2.714991569519043e-05,0.016348063945770264,True,0.4092684659090909,0.5128300629560983,0.0005133152008056641,0.01580759882926941,False,0.5619043255131965,0.46080556899794994,0.6913031524926686,9,False,0.5580982359617911,0.4728915937937071,-0.0010854005813598633,0.017406314611434937,True,0.16449780058651026,0.5592585184948462,0.00238153338432312,0.013939380645751953,False,0.2471075421554252,0.5737496757931829,0.002971664071083069,0.013349249958992004,False,0.3217673203812317,0.5009071071924639,3.628432750701904e-05,0.016284629702568054,False,0.4039703995601173,0.5160140142722892,0.0006407797336578369,0.015680134296417236,False,0.5678553427419355,0.5244206022130118,0.9124301228005866,12,False,0.5637342477337267,-0.06361503321506184,-0.005636011771935623
add_obj:50,000000336587.jpg,add_obj,A broken telephone pole in a neighborhood with a stop sign attached to it.,A broken telephone pole in a neighborhood with a stop sign and a flower pot attached to it.,0.32298406958580017,0.3042670786380768,0.01871699094772339,0.8666547545037223,12,3.5561831257524545e-17,1.31335460000264,0.0003065999990212731,0.00013639999815495685,0.9238004013803716,0.024951398372650146,-0.006234407424926758,False,0.10065205891927083,0.8217913261355928,0.015285313129425049,0.00343167781829834,False,0.284271240234375,0.8115250592130309,0.014599502086639404,0.004117488861083984,False,0.3505045572916667,0.8677904578868875,0.018815621733665466,-9.863078594207764e-05,False,0.4202423095703125,0.860704225651648,0.01821151375770569,0.0005054771900177002,False,0.5281524658203125,0.8500756913698342,0.8000946044921875,9,False,0.863908656173169,0.3145579547790748,-0.007788956165313721,0.02650594711303711,True,0.14561971028645834,0.5740284368913124,0.0029830634593963623,0.015733927488327026,False,0.21587117513020834,0.6794343443499627,0.007511734962463379,0.01120525598526001,False,0.3935190836588542,0.5990064476831839,0.004013270139694214,0.014703720808029175,False,0.5087025960286459,0.5990064476831839,0.004013270139694214,0.014703720808029175,False,0.5087025960286459,0.5332962897090657,0.64715576171875,8,False,0.5940236942763479,0.31677940166076846,0.2698849618968211
replace_att:261,000000080057.jpg,replace_att,A teddy bear sitting in front of toy wooden shapes.,A plastic bear sitting in front of toy wooden shapes.,0.33548569679260254,0.3340245187282562,0.0014611780643463135,0.5364645968318053,13,4.163336342344337e-17,1.2091914999982691,0.0002806999982567504,0.0001370999998471234,0.5259939710265444,0.0010406970977783203,0.00042048096656799316,False,0.19999884430473372,0.5737944993719372,0.002973496913909912,-0.0015123188495635986,False,0.29587532359467456,0.604604040720293,0.00424686074256897,-0.0027856826782226562,False,0.3838757396449704,0.616249717205608,0.004736602306365967,-0.0032754242420196533,False,0.4526569434171598,0.5756905458714499,0.003051072359085083,-0.0015898942947387695,False,0.5235992973372781,0.5848448295391506,0.6988720414201184,9,False,0.5635662362637982,0.6029549651436382,0.0041779279708862305,-0.002716749906539917,False,0.18359375,0.5981120286898781,0.003976047039031982,-0.002514868974685669,False,0.24735345784023668,0.5644095194054448,0.002590775489807129,-0.0011295974254608154,False,0.31613466161242604,0.34247649842672695,-0.006522774696350098,0.007983952760696411,True,0.425573224852071,0.44768936918890934,-0.0021001100540161133,0.0035612881183624268,True,0.5603157359467456,0.4305105686939782,0.425573224852071,6,False,0.5099337517029153,0.15433426084517243,0.053632484560882876
replace_obj:1558,000000187144.jpg,replace_obj, A white bus parked at a stop next to a crowd.,A white bike parked at a stop next to a crowd.,0.27967801690101624,0.22055304050445557,0.05912497639656067,0.9973018782814873,15,2.42861286636753e-17,1.2442045000025246,0.0005287999993015546,0.00030139999944367446,0.9917386958776001,0.047878772020339966,0.011246204376220703,False,0.15312703450520834,0.9827044095617443,0.04039856791496277,0.0187264084815979,False,0.23142496744791666,0.9864765388370726,0.04289713501930237,0.0162278413772583,False,0.3025614420572917,0.9966358326943078,0.056912049651145935,0.002212926745414734,False,0.42535400390625,0.9987554081144716,0.06687702238559723,-0.00775204598903656,False,0.5156809488932291,0.9937789267617985,0.4674886067708333,7,False,0.9918926998521547,0.9711332706552636,0.035157740116119385,0.023967236280441284,False,0.144744873046875,0.9800538905276959,0.03894573450088501,0.02017924189567566,False,0.208251953125,0.878397094174613,0.01977337896823883,0.03935159742832184,False,0.3529307047526042,0.23752650052761104,-0.011662885546684265,0.07078786194324493,True,0.4312286376953125,0.23252032533428743,-0.011941343545913696,0.07106631994247437,True,0.5373026529947916,0.5170855715229538,0.579437255859375,9,False,0.7583693552787679,0.4766933552388447,0.23352334457338675
replace_rel:468,000000038576.jpg,replace_rel,A black and white photo of a desk with a keyboard and monitor.,A black and white photo on a desk with a keyboard and monitor.,0.3663371503353119,0.3602340519428253,0.006103098392486572,0.6480114773618408,13,1.0174559762418656e-16,1.1852542000015092,0.00023979999969014898,0.00011960000119870529,0.675849901685091,0.0073476433753967285,-0.0012445449829101562,False,0.1544140625,0.5936262867553842,0.003789767622947693,0.0023133307695388794,False,0.27870535714285716,0.7705432025403599,0.012113809585571289,-0.006010711193084717,False,0.33226004464285713,0.7824488989932279,0.012799948453903198,-0.006696850061416626,False,0.42515625,0.7885699420505595,0.013163268566131592,-0.0070601701736450195,False,0.5661439732142857,0.6206893596233728,0.818984375,10,False,0.7074406812361851,0.37765284591373793,-0.004995226860046387,0.011098325252532959,True,0.10065290178571429,0.22271479051523865,-0.01249915361404419,0.01860225200653076,True,0.282734375,0.2449628219364017,-0.011256605386734009,0.01735970377922058,True,0.34897321428571426,0.2373352147335505,-0.011673450469970703,0.017776548862457275,True,0.4743080357142857,0.25259788027746827,-0.010848045349121094,0.016951143741607666,True,0.5278627232142857,0.3571875487267416,0.5904966517857143,8,False,0.31278695866599854,0.2635018108966312,0.39465372257018655
swap_att:9,000000323751.jpg,swap_att,A white train with a yellow front running on rails. ,A yellow train with a white front running on rails.,0.29027682542800903,0.2862386107444763,0.004038214683532715,0.5996054616997644,13,4.651227319962814e-17,1.1379985000021406,0.0003069000013056211,0.0001373999984934926,0.586913483987501,0.0035122036933898926,0.0005260109901428223,False,0.12558190449852508,0.5987272360350461,0.004001647233963013,3.656744956970215e-05,False,0.21722322087020648,0.5827592739705959,0.003341108560562134,0.0006971061229705811,False,0.3448158646755162,0.5464541208298629,0.0018635392189025879,0.002174675464630127,False,0.4545192662241888,0.624442691957791,0.005084484815597534,-0.0010462701320648193,False,0.5708886430678466,0.5922607783205678,0.666856793879056,8,False,0.5855281885334888,0.5511585728696718,0.0020535290241241455,0.0019846856594085693,False,0.11853567477876106,0.5621346301665757,0.0024982988834381104,0.0015399158000946045,False,0.2740597345132743,0.539904452682378,0.0015995800495147705,0.0024386346340179443,False,0.3255265947640118,0.5789325912027353,0.0031839311122894287,0.0008542835712432861,False,0.42149474557522126,0.5678719624328598,0.0027317404747009277,0.0013064742088317871,False,0.5476470317109144,0.5829297431196402,0.4707088864306785,7,False,0.564518211132309,0.009331035200927595,0.021009977401179714
swap_obj:217,000000136466.jpg,swap_obj,A white stove top oven with two tea pots on top of it.,Two tea pots with a white stove top oven on top of them.,0.32856956124305725,0.2645786702632904,0.06399089097976685,0.9983396897360479,15,3.382710778154774e-17,1.041956000000937,0.00030530000003636815,0.00014390000069397502,0.9892457433660308,0.04521641135215759,0.018774479627609253,False,0.13863855421686747,0.9557313126876533,0.030721992254257202,0.033268898725509644,False,0.21362048192771085,0.978758354814038,0.03830321133136749,0.025687679648399353,False,0.347078313253012,0.9515150466889488,0.029768019914627075,0.03422287106513977,False,0.4648012048192771,0.9354971097839501,0.026743680238723755,0.03724721074104309,False,0.5398554216867469,0.935461740244812,0.651210843373494,9,False,0.9710307964550804,0.9892457433660308,0.04521641135215759,0.018774479627609253,False,0.13863855421686747,0.9557313126876533,0.030721992254257202,0.033268898725509644,False,0.21362048192771085,0.8457059815945616,0.01701311767101288,0.04697777330875397,False,0.32497590361445783,0.9096611158364499,0.023095041513442993,0.04089584946632385,False,0.45843373493975903,0.8578241983523656,0.01797334849834442,0.046017542481422424,False,0.533487951807229,0.8772328914628454,0.6930421686746988,10,False,0.926842505773039,0.05822884878196655,0.04418829068204144
add_att:429,000000088269.jpg,add_att,a plate with a bowl of  tomato soup and two halves of a grilled cheese sandwich.,A wooden plate with a bowl of tomato soup and two halves of a grilled cheese sandwich.,0.3826463222503662,0.3755711615085602,0.00707516074180603,0.669852070876174,13,7.806255641895632e-17,1.218159600000945,0.0002473999993526377,0.00010940000356640667,0.6771054636512136,0.007405012845993042,-0.0003298521041870117,False,0.13484700520833334,0.639889325385481,0.005748838186264038,0.0013263225555419922,False,0.20271809895833334,0.634896958252971,0.0055328309535980225,0.0015423297882080078,False,0.3479359944661458,0.4598268255283034,-0.001610398292541504,0.008685559034347534,True,0.5061798095703125,0.4598268255283034,-0.001610398292541504,0.008685559034347534,True,0.5061798095703125,0.5126350828745749,1.0,13,False,0.6216899098226982,0.6675180710879327,0.006969809532165527,0.00010535120964050293,False,0.12299601236979167,0.6149415069377967,0.004681318998336792,0.0023938417434692383,False,0.2314453125,0.5652519310754262,0.0026250481605529785,0.004450112581253052,False,0.335235595703125,0.587841644918094,0.003550499677658081,0.0035246610641479492,False,0.4240875244140625,0.4363577651206538,-0.002559572458267212,0.009634733200073242,True,0.5510152180989584,0.444334602654909,0.7949879964192709,11,False,0.5975508122876777,0.06830048021966595,0.024139097535020526
add_obj:1770,000000107226.jpg,add_obj,The man is riding a bike led by several dogs.,A child is riding a bike led by several dogs while the man watches.,0.3051024377346039,0.302813857793808,0.0022885799407958984,0.5569660774424751,13,6.114900252818245e-17,1.2369571999988693,0.00030049999986658804,0.00013929999840911478,0.3857728929639735,-0.004651159048080444,0.006939738988876343,True,0.17424519856770834,0.4152558238298085,-0.0034227967262268066,0.005711376667022705,True,0.28509521484375,0.3279982894053603,-0.007172524929046631,0.00946110486984253,True,0.398834228515625,0.3235193905796627,-0.007376447319984436,0.009665027260780334,True,0.4780120849609375,0.31683161291261713,-0.007683709263801575,0.009972289204597473,True,0.5405782063802084,0.34947417731253994,0.828521728515625,10,False,0.3970273809655093,0.3520442657062221,-0.006100654602050781,0.00838923454284668,True,0.16915384928385416,0.386615698141184,-0.004615604877471924,0.006904184818267822,True,0.21808369954427084,0.4938085114877814,-0.0002476722002029419,0.0025362521409988403,True,0.41351318359375,0.4938085114877814,-0.0002476722002029419,0.0025362521409988403,True,0.41351318359375,0.4772110627503456,-0.0009121894836425781,0.0032007694244384766,True,0.5552571614583334,0.4332438380366991,0.6012064615885416,8,False,0.4498834561363538,-0.08376966072415915,-0.05285607517084445
replace_att:696,000000091406.jpg,replace_att,people standing near a table with open pizza boxes,people standing near a table with closed pizza boxes.,0.2882123291492462,0.2750108242034912,0.013201504945755005,0.7892067438081428,12,3.903127820947816e-17,1.1420305999999982,0.00024699999994481914,0.00010719999772845767,0.6805112238866805,0.007561221718788147,0.005640283226966858,False,0.20179410951327434,0.6805112238866805,0.007561221718788147,0.005640283226966858,False,0.20179410951327434,0.7233404113412022,0.009610921144485474,0.0035905838012695312,False,0.42721008480825956,0.7233404113412022,0.009610921144485474,0.0035905838012695312,False,0.42721008480825956,0.6427552009691789,0.005873426795005798,0.0073280781507492065,False,0.5217609236725663,0.6509977200653377,0.6514622511061947,8,False,0.7112414577735486,0.6805112238866805,0.007561221718788147,0.005640283226966858,False,0.20179410951327434,0.6805112238866805,0.007561221718788147,0.005640283226966858,False,0.20179410951327434,0.710566340311934,0.008981361985206604,0.004220142960548401,False,0.3457665007374631,0.6081649339737665,0.0043960511684417725,0.008805453777313232,False,0.4780892791297935,0.566926107423323,0.0026932060718536377,0.010508298873901367,False,0.5705544800884956,0.6586202986568739,0.4780892791297935,6,False,0.6835542741825953,-0.007622578591536144,0.027687183590953346
replace_obj:1162,000000350002.jpg,replace_obj,a woman in a dress and pale makeup sitting by a table,A woman in a suit and pale makeup sitting by a table.,0.27402955293655396,0.24640245735645294,0.027627095580101013,0.940627137464089,15,1.734723475976807e-17,0.9061547000019345,0.00023890000011306256,0.00011330000052112155,0.9624553744205184,0.03243957459926605,-0.004812479019165039,False,0.137101379751462,0.9614931924628133,0.03217652440071106,-0.004549428820610046,False,0.22130276864035087,0.9701945021899977,0.03482803702354431,-0.007200941443443298,False,0.3551089638157895,0.9226741443879257,0.02479247748851776,0.002834618091583252,False,0.4233541209795322,0.9269737944648027,0.02541106939315796,0.002216026186943054,False,0.5814830043859649,0.9393152966426564,0.6388260690789473,9,False,0.948478335886156,0.9453815309040685,0.02851216495037079,-0.0008850693702697754,False,0.1473124543128655,0.9134766622969958,0.02356843650341034,0.004058659076690674,False,0.2324561403508772,0.9125300492819464,0.023449257016181946,0.004177838563919067,False,0.30014734100877194,0.9438468993238852,0.028218820691108704,-0.0005917251110076904,False,0.4253015350877193,0.844837365403375,0.0169467031955719,0.010680392384529114,False,0.5095029239766082,0.8956486082959448,0.6155656067251462,9,False,0.9250685632423856,0.04366668834671161,0.02340977264377042
replace_rel:673,000000248980.jpg,replace_rel,"A plate of food sitting on a table, it appears to be a salad.","A plate of food next to a table, it appears to be a salad.",0.2684754729270935,0.26119574904441833,0.007279723882675171,0.6743601695357312,13,4.0766001685454967e-17,1.2637461999984225,0.00029070000164210796,0.00014029999874765053,0.724758784430607,0.009681910276412964,-0.002402186393737793,False,0.14253866666666667,0.6939488381824299,0.0081864595413208,-0.0009067356586456299,False,0.28521066666666667,0.6064218217656505,0.00432296097278595,0.002956762909889221,False,0.3457226666666667,0.6413137557371006,0.0058107078075408936,0.0014690160751342773,False,0.42782933333333334,0.5594579508558001,0.0023896247148513794,0.0048900991678237915,False,0.5127093333333334,0.6106082774609538,0.6080053333333333,8,False,0.6679178570367232,0.7221675493585573,0.00955238938331604,-0.002272665500640869,False,0.14461333333333334,0.780074062038232,0.012660980224609375,-0.005381256341934204,False,0.28728533333333334,0.7110683698053317,0.00900578498840332,-0.0017260611057281494,False,0.3776906666666667,0.8260254740309628,0.015577167272567749,-0.008297443389892578,False,0.45979733333333334,0.7920488071179028,0.013373196125030518,-0.006093472242355347,False,0.5203093333333333,0.7535908001918767,0.6268746666666667,7,False,0.7449513011325418,-0.14298252273092293,-0.07703344409581858
swap_att:550,000000379800.jpg,swap_att,An orange train engine moves down the track with one train car behind it.,One train engine moves down the track with an orange train car behind it.,0.32622167468070984,0.31202736496925354,0.014194309711456299,0.805249195136619,14,2.949029909160572e-17,1.336522599998716,0.00028200000087963417,0.0001424999973096419,0.6269072796553745,0.005189716815948486,0.009004592895507812,False,0.18675642449238578,0.525927096568566,0.0010380148887634277,0.013156294822692871,False,0.23495994606598986,0.4878568243422497,-0.00048582255840301514,0.014680132269859314,True,0.4180183217005076,0.4878568243422497,-0.00048582255840301514,0.014680132269859314,True,0.4180183217005076,0.5051694011481638,0.00020678341388702393,0.013987526297569275,False,0.509225293464467,0.5337303411027019,0.6223379996827412,8,False,0.5883323136374448,0.727165316494451,0.00980287790298462,0.00439143180847168,False,0.12572374682741116,0.6925380743848415,0.008120119571685791,0.006074190139770508,False,0.26937262055837563,0.6165893659371017,0.004750967025756836,0.009443342685699463,False,0.32486813927664976,0.5172591157773221,0.0006906390190124512,0.013503670692443848,False,0.4237388959390863,0.5934375528458008,0.003781944513320923,0.010412365198135376,False,0.5373968908629442,0.6251089222045102,0.4797598746827411,8,False,0.6583534841753421,-0.0913785811018083,-0.07002117053789736
swap_obj:56,000000405972.jpg,swap_obj,An elephant leads a baby elephant towards a door.,A baby elephant leads an elephant towards a door.,0.26994791626930237,0.26448097825050354,0.005466938018798828,0.6333681881490265,13,2.211772431870429e-17,1.14988049999738,0.00023399999918183312,0.00010990000009769574,0.6340309177629097,0.00549548864364624,-2.855062484741211e-05,False,0.16604426319648094,0.6534262005474804,0.006341338157653809,-0.0008744001388549805,False,0.2188817357038123,0.6399476960318635,0.005751371383666992,-0.00028443336486816406,False,0.32217398277126097,0.7307119540844826,0.009982377290725708,-0.00451543927192688,False,0.46727799670087977,0.6711958589951454,0.007135987281799316,-0.0016690492630004883,False,0.555787206744868,0.6330686981792335,0.8380968200146628,11,False,0.6612566984635417,0.6237987797814369,0.005057036876678467,0.00040990114212036133,False,0.1596407624633431,0.6111726993619481,0.004522442817687988,0.0009444952011108398,False,0.24932413856304986,0.5464230983255057,0.0018622875213623047,0.0036046504974365234,False,0.31412092192082114,0.5423509439482957,0.0016981065273284912,0.003768831491470337,False,0.4822844116568915,0.5444871818132211,0.001784205436706543,0.003682732582092285,False,0.5477627840909091,0.5690574587492632,0.5477627840909091,7,False,0.5848486449636939,0.06401123942997033,0.0764080534998478
add_att:539,000000026465.jpg,add_att,A laptop computer is sitting on a desk.,An oak wood desk with a laptop computer sitting on it.,0.2899150550365448,0.25078651309013367,0.03912854194641113,0.9804081287467599,15,2.2985086056692694e-17,0.9482559999996738,0.00028530000054161064,0.00011169999925186858,0.9806149061544002,0.039236754179000854,-0.00010821223258972168,False,0.14991466666666667,0.981273155219039,0.03958892822265625,-0.0004603862762451172,False,0.20364266666666667,0.9749552636125687,0.036617279052734375,0.002511262893676758,False,0.33968,0.9804990543968812,0.039175987243652344,-4.744529724121094e-05,False,0.42243733333333333,0.9613272848553106,0.03213180601596832,0.00699673593044281,False,0.5216266666666667,0.9811533538695478,0.6631306666666666,10,False,0.9776639209194231,0.9800609385692276,0.03894934058189392,0.00017920136451721191,False,0.12571733333333332,0.9694347331944645,0.03456848859786987,0.00456005334854126,False,0.2642506666666667,0.9785765811398529,0.03821614384651184,0.000912398099899292,False,0.32712,0.9862958513480802,0.042762577533721924,-0.003634035587310791,False,0.47451733333333335,0.9766171685845012,0.037320926785469055,0.0018076151609420776,False,0.5476,0.9778050163812633,0.5476,8,False,0.9788870486171052,0.0033483374882845585,-0.0012231276976820693
add_obj:74,000000296284.jpg,add_obj,A display case in a bakery filled with donuts.,A display case in a bakery filled with cupcakes and donuts.,0.32129713892936707,0.2837289869785309,0.03756815195083618,0.9771751308307189,14,9.020562075079397e-17,0.6759063999998034,0.0004868000032729469,0.00029319999885046855,0.9771879561718717,0.03757390379905701,-5.751848220825195e-06,False,0.10490740740740741,0.9594355835113691,0.03163453936576843,0.005933612585067749,False,0.21573045267489713,0.9017837776917643,0.02217203378677368,0.0153961181640625,False,0.32271604938271603,0.8918234667570267,0.02109503746032715,0.016473114490509033,False,0.44943415637860085,0.8524295296911086,0.01753784716129303,0.020030304789543152,False,0.5149074074074074,0.9142100762787589,0.9560185185185185,13,False,0.9324567368823284,0.9855280104736266,0.042209625244140625,-0.004641473293304443,False,0.10698559670781893,0.9534067013857253,0.030185848474502563,0.007382303476333618,False,0.216440329218107,0.8378827015445156,0.01642557978630066,0.021142572164535522,False,0.3272633744855967,0.8398371071523656,0.016570165753364563,0.02099798619747162,False,0.40516460905349794,0.7485296754731056,0.010907858610153198,0.026660293340682983,False,0.531985596707819,0.8177030365052911,0.8165020576131687,11,False,0.8955668853843018,0.09650703977346786,0.03688985149802659
replace_att:13,000000202228.jpg,replace_att,A man wearing a hat while standing in front of a bathroom mirror.,A man removing a hat while standing in front of a bathroom mirror.,0.32997557520866394,0.32109448313713074,0.008881092071533203,0.7084998252388992,14,7.589415207398531e-17,1.1182870999982697,0.00029709999944316223,0.000139899999339832,0.17348020229001865,-0.015611603856086731,0.024492695927619934,True,0.16414896647135416,0.14769516597684704,-0.01752793788909912,0.026409029960632324,True,0.2537790934244792,0.1755282054118416,-0.01546943187713623,0.024350523948669434,True,0.3218892415364583,0.3459019009701905,-0.006371021270751953,0.015252113342285156,True,0.4578603108723958,0.2895219281395574,-0.008977070450782776,0.01785816252231598,True,0.5304209391276041,0.25448611465690624,0.79180908203125,11,False,0.29465640114171276,0.09348318020835054,-0.02271828055381775,0.03159937262535095,True,0.12294514973958333,0.19026142490544204,-0.014483124017715454,0.023364216089248657,True,0.21257527669270834,0.16215211604900628,-0.016423016786575317,0.02530410885810852,True,0.3418223063151042,0.20083060427693086,-0.013811111450195312,0.022692203521728516,True,0.40509033203125,0.09989845094474627,-0.02198353409767151,0.030864626169204712,True,0.5410614013671875,0.13523161741814996,0.5410614013671875,8,False,0.21572033082218786,0.11925449723875628,0.0789360703195249
replace_obj:1387,000000550322.jpg,replace_obj,A metal cup filled with scissors and two ladels.,A metal cup filled with paintbrushes and two ladels.,0.3257245123386383,0.3026697039604187,0.023054808378219604,0.9093299435126041,11,4.163336342344337e-17,1.256469100000686,0.00028199999724165536,0.00013219999891589396,0.8179437885702115,0.015024781227111816,0.008030027151107788,False,0.12217881944444445,0.8691770712969505,0.018937021493911743,0.004117786884307861,False,0.28304322002923976,0.6296315090756603,0.005306363105773926,0.01774844527244568,False,0.38655884502923976,0.3284964046880224,-0.007149934768676758,0.030204743146896362,True,0.47940081323099415,0.32013869528369315,-0.007531344890594482,0.030586153268814087,True,0.5604383680555556,0.5442337905871846,0.8611510873538012,9,False,0.6950829532711439,0.8179437885702115,0.015024781227111816,0.008030027151107788,False,0.12217881944444445,0.5665060583029884,0.0026760995388031006,0.020378708839416504,False,0.20745385599415206,0.5908413968350488,0.003674447536468506,0.0193803608417511,False,0.30029582419590645,0.503670835105152,0.0001468360424041748,0.02290797233581543,False,0.4015956231725146,0.19774757000212015,-0.014004319906234741,0.037059128284454346,True,0.5062020285087719,0.3260314448239598,0.6938790661549707,8,False,0.6131863904617394,0.21820234576322478,0.0818965628094045
replace_rel:863,000000199551.jpg,replace_rel,A young boy sleeping on floral printed sheets,A young boy playing on floral printed sheets.,0.2968817949295044,0.27496537566185,0.02191641926765442,0.899496438272797,15,6.678685382510707e-17,1.2388566999979957,0.00029150000045774505,0.00014459999874816276,0.9007034187756138,0.0220506489276886,-0.0001342296600341797,False,0.16650676169590642,0.5575028430763859,0.002310335636138916,0.019606083631515503,False,0.25171897843567254,0.17464151008615736,-0.015530824661254883,0.0374472439289093,True,0.33718818530701755,0.7094400311740625,0.00892665982246399,0.01298975944519043,False,0.42374246162280704,0.8271334243659149,0.015654459595680237,0.006261959671974182,False,0.5061734740497076,0.7394989794680032,0.5903063322368421,8,False,0.6813480532445768,0.6100403596020643,0.004474818706512451,0.017441600561141968,False,0.13211006030701755,0.6232356097871432,0.005033046007156372,0.016883373260498047,False,0.21757926717836257,0.7013338698963207,0.008536577224731445,0.013379842042922974,False,0.3422594572368421,0.4570262844626613,-0.0017232000827789307,0.02363961935043335,True,0.4086657072368421,0.7027122604729148,0.00860247015953064,0.01331394910812378,False,0.513586211622807,0.551077247881351,0.4086657072368421,6,False,0.6508960116006295,0.1884217315866522,0.030452041643947325
swap_att:371,000000491757.jpg,swap_att,A cat with blue eyes sitting on a pink bed.,A cat with pink eyes sitting on a blue bed.,0.3518950343132019,0.3438735604286194,0.00802147388458252,0.6904336408508318,15,6.938893903907228e-17,1.3167326000002504,0.00032309999733115546,0.00014369999917107634,0.6367622244782808,0.005613386631011963,0.0024080872535705566,False,0.1286767705613577,0.5102535414278545,0.0004101991653442383,0.007611274719238281,False,0.25267216057441255,0.463234531770149,-0.0014732778072357178,0.009494751691818237,True,0.3405168896866841,0.44491437814312423,-0.0022124052047729492,0.010233879089355469,True,0.4078461569843342,0.7451171781210288,0.010727375745773315,-0.002705901861190796,False,0.5605366759138382,0.6035487218718127,0.7041347095300261,10,False,0.5721045039353612,0.6877558075926281,0.007896482944488525,0.00012499094009399414,False,0.15889156331592688,0.6806657399565331,0.007568329572677612,0.0004531443119049072,False,0.21401762402088773,0.7017981069711207,0.00855875015258789,-0.0005372762680053711,False,0.3538980907310705,0.7131145985019454,0.009105592966079712,-0.0010841190814971924,False,0.43645459366840733,0.6712405819509957,0.00713801383972168,0.0008834600448608398,False,0.5053239229765013,0.6484271902219672,0.6425067313968669,9,False,0.6925732949766965,-0.04487846835015441,-0.12046879104133534
swap_obj:214,000000033638.jpg,swap_obj,A man preparing food on a large old oven.,A large old oven preparing food with a man standing next to it.,0.2629135549068451,0.25904813408851624,0.0038654208183288574,0.5954499994875634,15,8.153200337090993e-17,1.0708776999999827,0.00024000000121304765,0.00011509999967529438,0.3954764687777809,-0.00424349308013916,0.008108913898468018,True,0.1556583180147059,0.6580876800324591,0.006547838449478149,-0.002682417631149292,False,0.21804917279411765,0.6856290034750528,0.00779762864112854,-0.003932207822799683,False,0.3280560661764706,0.5846710851213008,0.0034197866916656494,0.000445634126663208,False,0.4794232536764706,0.6488807500352721,0.006141230463981628,-0.002275809645652771,False,0.5792336856617647,0.6435272115050955,0.7363166360294118,10,False,0.5897439504843124,0.4260247609459316,-0.0029808878898620605,0.006846308708190918,True,0.10187270220588235,0.37164815552534447,-0.005251526832580566,0.009116947650909424,True,0.20549172794117648,0.17109537385018547,-0.015778839588165283,0.01964426040649414,True,0.30596852022058824,0.2830306673705724,-0.009294778108596802,0.01316019892692566,True,0.43552389705882355,0.32812311049090137,-0.007166862487792969,0.011032283306121826,True,0.5074448529411765,0.30966620377972326,0.43552389705882355,7,False,0.33898889087134637,0.33386100772537225,0.250755059612966
add_att:601,000000069106.jpg,add_att,A group of zebras stand together by a rock wall. ,A group of zebras stand together by a lamplit rock wall.,0.3668111562728882,0.36215829849243164,0.004652857780456543,0.6142673580868331,15,8.326672684688674e-17,1.0549621999998635,0.00024299999859067611,0.00011250000170548446,0.5944632122646372,0.003824472427368164,0.0008283853530883789,False,0.13823353293413174,0.5720699293577253,0.0029030144214630127,0.0017498433589935303,False,0.2550059880239521,0.6340627271127656,0.005496859550476074,-0.0008440017700195312,False,0.31634730538922157,0.6426200356720899,0.0058675408363342285,-0.0012146830558776855,False,0.45464071856287425,0.423823961917507,-0.0030709505081176758,0.007723808288574219,True,0.5138323353293414,0.46633666344546143,0.7808443113772455,12,False,0.600364283107531,0.5886385704644014,0.0035834014415740967,0.0010694563388824463,False,0.137688622754491,0.5856773863152451,0.0034612417221069336,0.0011916160583496094,False,0.2567245508982036,0.5845777257895577,0.0034159421920776367,0.0012369155883789062,False,0.3125269461077844,0.5196363313104413,0.0007858574390411377,0.0038670003414154053,False,0.45962874251497005,0.5243411616666911,0.0009744167327880859,0.003678441047668457,False,0.5205988023952096,0.5413218483186873,0.5954011976047904,9,False,0.5731846939029565,-0.07498518487322592,0.027179589204574528
add_obj:157,000000420281.jpg,add_obj,A man eats a hot dog while looking at the camera.,A man and a child eat a hot dog while looking at the camera.,0.3157706558704376,0.2858286201953888,0.029942035675048828,0.952311575343731,12,2.905661822261152e-17,1.293523299998924,0.00029010000071139075,0.00013480000052368268,0.8693159482486971,0.018949240446090698,0.01099279522895813,False,0.12401835123697917,0.8639277069310567,0.018483027815818787,0.011459007859230042,False,0.2908782958984375,0.8457831590205505,0.017019033432006836,0.012923002243041992,False,0.3658447265625,0.7606012088537363,0.011559784412384033,0.018382251262664795,False,0.4419301350911458,0.6183906926540045,0.004827231168746948,0.02511480450630188,False,0.596466064453125,0.8369215790462574,0.7024892171223959,8,False,0.8203495425748069,0.8693159482486971,0.018949240446090698,0.01099279522895813,False,0.12401835123697917,0.9259871424362668,0.025266215205192566,0.004675820469856262,False,0.24309794108072916,0.5698589776742183,0.0028127580881118774,0.02712927758693695,False,0.3605906168619792,0.5025484490246501,0.00010193884372711182,0.029840096831321716,False,0.436676025390625,0.4126729201329744,-0.003529265522956848,0.033471301198005676,True,0.5102132161458334,0.5947547828835897,0.60736083984375,7,False,0.7490471817569395,0.24216679616266767,0.07130236081786734
replace_att:713,000000410880.jpg,replace_att,A very large teddy bear that is sitting in a chair. ,A very tiny teddy bear that is sitting in a chair.,0.3245634436607361,0.2333330363035202,0.09123040735721588,0.9998908895463011,15,3.642919299551295e-17,1.2589024000008067,0.00030639999749837443,0.00014799999917158857,0.9946154862901311,0.052188292145729065,0.039042115211486816,False,0.15898133333333334,0.9936227315168067,0.05048617720603943,0.04074423015117645,False,0.24745066666666668,0.9444003088884357,0.02832372486591339,0.06290668249130249,False,0.322224,0.7262455232248701,0.00975656509399414,0.08147384226322174,False,0.4542773333333333,0.6097964461574028,0.004464566707611084,0.0867658406496048,False,0.5398133333333334,0.666131585129836,0.8121493333333333,11,False,0.9010465399534239,0.998282494971239,0.06365163624286652,0.027578771114349365,False,0.15626666666666666,0.9882490968888817,0.04432004690170288,0.046910360455513,False,0.226272,0.9847655267624216,0.041688427329063416,0.049541980028152466,False,0.373856,0.8245444556871074,0.015474453568458557,0.07575595378875732,False,0.451344,0.6560405000020074,0.00645698606967926,0.08477342128753662,False,0.540704,0.5858476200837465,0.8806986666666666,13,False,0.9385966947176122,0.08028396504608948,-0.037550154764188326
replace_obj:1546,000000021903.jpg,replace_obj,a man is feeding an elephant over a fence,A man is feeding a giraffe over a fence.,0.3334353268146515,0.25777801871299744,0.07565730810165405,0.999482369336503,13,2.42861286636753e-17,1.3949208999983966,0.00030310000147437677,0.00013750000289292075,0.9830602999723088,0.04061010479927063,0.03504720330238342,False,0.12818400065104166,0.9787570226260192,0.03830257058143616,0.037354737520217896,False,0.21297200520833334,0.37724667237368853,-0.00501251220703125,0.0806698203086853,True,0.3593851725260417,0.51378901746835,0.0005517005920410156,0.07510560750961304,False,0.4347686767578125,0.43060824790353336,-0.0027936995029449463,0.078451007604599,True,0.5065053304036459,0.6155415608836998,0.7708485921223959,10,False,0.744239862596278,0.9963698586465347,0.0561484694480896,0.019508838653564453,False,0.14620463053385416,0.7693671073227467,0.012047410011291504,0.06360989809036255,False,0.2743886311848958,0.22068408587718055,-0.012616842985153198,0.08827415108680725,True,0.321807861328125,0.1809162351443582,-0.015101522207260132,0.09075883030891418,True,0.4661305745442708,0.13985876982048684,-0.018164634704589844,0.0938219428062439,True,0.5320892333984375,0.4437548681948808,0.7598317464192709,10,False,0.6053566093951204,0.17178669268881902,0.13888325320115757
replace_rel:861,000000151000.jpg,replace_rel,A woman holding a camera is taking a picture.,A woman putting away a camera.,0.30839988589286804,0.2746433913707733,0.03375649452209473,0.9669347921302938,12,2.42861286636753e-17,1.2103268999999273,0.00023270000019692816,0.00010549999933573417,0.6354363239284221,0.0055561065673828125,0.028200387954711914,False,0.23852181085043989,0.6354363239284221,0.0055561065673828125,0.028200387954711914,False,0.23852181085043989,0.5403489784392066,0.0016174763441085815,0.032139018177986145,False,0.30750549853372433,0.33820441074760194,-0.006713062524795532,0.04046955704689026,True,0.44925884347507333,0.22690363399175395,-0.012258782982826233,0.04601527750492096,True,0.5181050678152492,0.5774296308154999,0.6691314607771262,7,False,0.6048520598825132,0.6354363239284221,0.0055561065673828125,0.028200387954711914,False,0.23852181085043989,0.6354363239284221,0.0055561065673828125,0.028200387954711914,False,0.23852181085043989,0.6099822224347542,0.00447237491607666,0.029284119606018066,False,0.3221567998533724,0.6409661107244122,0.005795598030090332,0.027960896492004395,False,0.40840359237536655,0.5931941352490959,0.003771856427192688,0.02998463809490204,False,0.5825639204545454,0.6498479457236618,0.5825639204545454,6,False,0.6945100484074496,-0.07241831490816186,-0.08965798852493634
swap_att:89,000000462629.jpg,swap_att,A bunch of old refrigerators in front of an open door.,A bunch of open refrigerators in front of an old door.,0.3370043635368347,0.3107585608959198,0.026245802640914917,0.9324268673577975,14,7.28583859910259e-17,0.9232588000013493,0.00022360000002663583,0.00011050000102841295,0.8958707085754058,0.02152162790298462,0.004724174737930298,False,0.13674166055718476,0.8617226313454899,0.01829671859741211,0.007949084043502808,False,0.21638448497067447,0.6315344161046744,0.005388051271438599,0.02085775136947632,False,0.34456332478005863,0.6788472704664456,0.007484793663024902,0.018761008977890015,False,0.4788020069648094,0.5611433544390474,0.002458035945892334,0.023787766695022583,False,0.5172459219208211,0.5990223500580992,0.8380739094574781,11,False,0.7781232507598046,0.8196642193076098,0.015140742063522339,0.011105060577392578,False,0.224426090542522,0.8196642193076098,0.015140742063522339,0.011105060577392578,False,0.224426090542522,0.5547838355273518,0.002200186252593994,0.024045616388320923,False,0.30406891495601174,0.605078432666672,0.004266709089279175,0.021979093551635742,False,0.44081057551319647,0.6481841193181305,0.006110668182373047,0.02013513445854187,False,0.5170511821847508,0.6340097830892628,0.7229712701612904,9,False,0.7318723737263743,-0.034987433031163584,0.04625087703343034
swap_obj:136,000000117425.jpg,swap_obj,A baby holding a spoon looking at a cupcake and candle.,A baby holding a cupcake looking at a spoon and candle.,0.3319333493709564,0.3278196156024933,0.004113733768463135,0.6014171430885108,15,3.6456298049825087e-17,1.2693796999992628,0.00029659999927389435,0.00014229999942472205,0.5503570410734259,0.0020211338996887207,0.002092599868774414,False,0.12985131048387097,0.54443765766323,0.0017822086811065674,0.0023315250873565674,False,0.2194945931085044,0.544089485529499,0.0017681717872619629,0.002345561981201172,False,0.3171508431085044,0.5069785056588041,0.000279158353805542,0.0038345754146575928,False,0.44250022910557185,0.524342276605013,0.0009744614362716675,0.0031392723321914673,False,0.5002978372434017,0.5432580412344887,0.6519199046920822,10,False,0.5450355163404021,0.6091175960654831,0.00443604588508606,-0.0003223121166229248,False,0.10075490285923754,0.6176597110460863,0.004796266555786133,-0.000682532787322998,False,0.21785648826979473,0.5763099411356022,0.0030764341354370117,0.001037299633026123,False,0.32460822947214074,0.4825660063192093,-0.0006976425647735596,0.004811376333236694,True,0.4656398918621701,0.42875031414332165,-0.002869516611099243,0.006983250379562378,True,0.5316051136363636,0.504118090611001,0.6495200238269795,10,False,0.5667112711085082,0.03913995062348774,-0.021675754768106015
add_att:54,000000104572.jpg,add_att,"There is an empty tiled bathroom, with two sinks and two mirrors.","There is an empty tiled bathroom, with two sinks and two broken mirrors.",0.2884976267814636,0.2819282114505768,0.006569415330886841,0.6585730120045835,8,3.686287386450715e-17,0.9343842999987828,0.00021700000070268288,9.580000187270343e-05,0.5920670603795759,0.0037251710891723633,0.0028442442417144775,False,0.141796875,0.548000721092142,0.0019259601831436157,0.004643455147743225,False,0.21129314365671642,0.47849227814205136,-0.0008608400821685791,0.00743025541305542,True,0.33952891791044776,0.48079366248663225,-0.0007686316967010498,0.007338047027587891,True,0.4056436567164179,0.4993912878659602,-2.434849739074707e-05,0.006593763828277588,True,0.6069263059701493,0.5256829334804569,1.0,8,False,0.5345936376574172,0.5920670603795759,0.0037251710891723633,0.0028442442417144775,False,0.141796875,0.5943877712566478,0.003821343183517456,0.0027480721473693848,False,0.2700326492537313,0.47849227814205136,-0.0008608400821685791,0.00743025541305542,True,0.33952891791044776,0.48079366248663225,-0.0007686316967010498,0.007338047027587891,True,0.4056436567164179,0.43635593265371386,-0.002559646964073181,0.009129062294960022,True,0.5291452891791045,0.5180522256818971,0.33952891791044776,3,False,0.5487497258978812,0.007630707798559788,-0.014156088240463993
add_obj:942,000000403385.jpg,add_obj,A very big whit rest room with a shabby looking shower.,A very big white rest room with a shabby looking shower and some plants.,0.3192892372608185,0.30393561720848083,0.015353620052337646,0.8227894854679659,16,3.968179951296946e-17,1.1253649999998743,0.0003077000001212582,0.0001460999992559664,0.814497127185833,0.014795005321502686,0.0005586147308349609,False,0.13812748319070906,0.6692084920939121,0.00704607367515564,0.008307546377182007,False,0.20634359718826406,0.5476076043090317,0.001910090446472168,0.013443529605865479,False,0.3395190250611247,0.4802587783981258,-0.0007900595664978027,0.01614367961883545,True,0.4056435284229829,0.47229882363348313,-0.0011091828346252441,0.01646280288696289,True,0.5367464471271394,0.49831448700541026,0.7505778193765281,11,False,0.635558199429912,0.7590795438892004,0.011476397514343262,0.0038772225379943848,False,0.14099747860635697,0.7649481801471864,0.011800020933151245,0.0035535991191864014,False,0.20703602536674817,0.5741275406201249,0.002987116575241089,0.012366503477096558,False,0.3187843826405868,0.6433732495473335,0.005900353193283081,0.009453266859054565,False,0.44347875916870416,0.6070188031594729,0.00434798002243042,0.011005640029907227,False,0.5131418092909535,0.5936584951456714,0.6704901436430318,11,False,0.6940043740046516,-0.09534400814026112,-0.05844617457473966
replace_att:504,000000057238.jpg,replace_att,A kitchen has a plain white fridge in the corner. ,A kitchen has a fancy white fridge in the corner.,0.3411509394645691,0.32545024156570435,0.015700697898864746,0.8277935571386145,15,4.336808689942018e-17,1.1320426999991469,0.00032110000029206276,0.00015020000137155876,0.7680832934224441,0.011975198984146118,0.003725498914718628,False,0.17197866666666667,0.7528367237672803,0.011137992143630981,0.004562705755233765,False,0.2616693333333333,0.6539558103103602,0.006364732980728149,0.009335964918136597,False,0.31221333333333334,0.522298942176417,0.0008925497531890869,0.01480814814567566,False,0.46149866666666667,0.6977239034664525,0.008364826440811157,0.007335871458053589,False,0.5302773333333334,0.7329818220307145,0.7593066666666667,11,False,0.6991467030609277,0.8143318146681581,0.014784067869186401,0.0009166300296783447,False,0.13952,0.7632813559063765,0.011707544326782227,0.0039931535720825195,False,0.21358933333333333,0.8501357800618508,0.017356663942337036,-0.00165596604347229,False,0.320656,0.8091469590360006,0.01444476842880249,0.0012559294700622559,False,0.4758346666666667,0.8506302306081616,0.01739552617073059,-0.0016948282718658447,False,0.540384,0.835488038905326,0.320656,5,False,0.8173152749373728,-0.10250621687461148,-0.11816857187644503
replace_obj:1322,000000334555.jpg,replace_obj,a big black and white cow standing next to a pole,A big black and white zebra standing next to a pole.,0.30945196747779846,0.2571806013584137,0.052271366119384766,0.9946597944134156,13,2.949029909160572e-17,1.3487822999995842,0.00024539999867556617,0.0001067000011971686,0.929059961121363,0.025723382830619812,0.026547983288764954,False,0.10283976356304986,0.8440842286930745,0.016889363527297974,0.03538200259208679,False,0.25313301869501464,0.47513484425603614,-0.0009954273700714111,0.05326679348945618,True,0.33368653775659823,0.6873402980052549,0.007877141237258911,0.044394224882125854,False,0.4149388288123167,0.9222230197445005,0.024729415774345398,0.027541950345039368,False,0.5660568640029325,0.8529756790724665,0.5660568640029325,7,False,0.8022886964781747,0.929059961121363,0.025723382830619812,0.026547983288764954,False,0.10283976356304986,0.5546020081481583,0.0021928250789642334,0.05007854104042053,False,0.2738327071114369,0.46868452952563766,-0.001254260540008545,0.05352562665939331,True,0.34294240285923755,0.773946596863004,0.012307316064834595,0.03996405005455017,False,0.4027962335043988,0.7021612823537896,0.008576110005378723,0.04369525611400604,False,0.5462105938416423,0.8529144910840767,0.4840485245601173,6,False,0.7399352370642098,6.118798838983253e-05,0.06235345941396486
replace_rel:440,000000513283.jpg,replace_rel,A little funny rabbit figure is sitting in the middle of half eaten pizza.,A little funny rabbit figure is jumping off the half eaten pizza.,0.3067648708820343,0.3066549599170685,0.00010991096496582031,0.5027477464625912,15,4.9060148304969076e-17,1.3144391999994696,0.0002829000004567206,0.00010660000043571927,0.4686043797035313,-0.001257479190826416,0.0013673901557922363,True,0.13639009915865385,0.2788129681339116,-0.009503573179244995,0.009613484144210815,True,0.27377554086538464,0.29404746416910543,-0.008758068084716797,0.008867979049682617,True,0.35294283353365385,0.31258861504396634,-0.007880449295043945,0.007990360260009766,True,0.42263559194711536,0.3621645045464534,-0.005659818649291992,0.0057697296142578125,True,0.5715895432692307,0.3322461702925333,0.6773869441105769,9,False,0.37028674963743563,0.3632729313722985,-0.00561186671257019,0.005721777677536011,True,0.15419358473557693,0.3595559775734146,-0.005772918462753296,0.005882829427719116,True,0.2645686222956731,0.27997400246176724,-0.009445905685424805,0.009555816650390625,True,0.40195406400240385,0.27997400246176724,-0.009445905685424805,0.009555816650390625,True,0.40195406400240385,0.3316748208010826,-0.007006198167800903,0.007116109132766724,True,0.5411189152644231,0.3500699286459617,0.4811213566706731,7,False,0.3569447502885966,-0.01782375835342842,0.013341999348839007
swap_att:203,000000277689.jpg,swap_att,Lavishly decorated cake and empty drinking glasses await their tropical guests,Empty cake and lavishly decorated drinking glasses await their tropical guests.,0.2942650020122528,0.2890673875808716,0.005197614431381226,0.6270919820484477,13,5.898059818321144e-17,1.2170260999992024,0.00024149999808287248,0.00010829999882844277,0.4016258078136126,-0.003986954689025879,0.009184569120407104,True,0.12815150258112096,0.3559692087232439,-0.005929023027420044,0.01112663745880127,True,0.27388689159292035,0.3592444682381201,-0.00578644871711731,0.010984063148498535,True,0.34913693768436577,0.42125703436137263,-0.0031761527061462402,0.008373767137527466,True,0.4326200682153392,0.40260383395046323,-0.003946274518966675,0.0091438889503479,True,0.5616185011061947,0.40757235055039676,0.8730180678466076,11,False,0.4162036037964348,0.4016258078136126,-0.003986954689025879,0.009184569120407104,True,0.12815150258112096,0.36929886419851504,-0.0053522586822509766,0.010549873113632202,True,0.20480157632743362,0.3592444682381201,-0.00578644871711731,0.010984063148498535,True,0.34913693768436577,0.34409367488833026,-0.006451040506362915,0.01164865493774414,True,0.4099200313421829,0.33710466846834014,-0.0067622363567352295,0.011959850788116455,True,0.5514668602507374,0.37278907995821675,0.6349499907817109,8,False,0.39462941017221176,0.034783270592180004,0.021574193624223026
swap_obj:128,000000235836.jpg,swap_obj,A young kid hitting a baseball with a bat close to some chairs,A young kid hitting a bat with a baseball close to some chairs.,0.33117666840553284,0.3271309435367584,0.004045724868774414,0.5997857517946024,12,5.09168445253505e-17,1.2370209000000614,0.0002902000014728401,0.00013590000162366778,0.6338656286355205,0.005488365888595581,-0.001442641019821167,False,0.12682748538011696,0.6752705105874669,0.007321208715438843,-0.0032754838466644287,False,0.22761330409356725,0.647223903429652,0.006068587303161621,-0.002022862434387207,False,0.3311631944444444,0.571334720464208,0.0028729885816574097,0.0011727362871170044,False,0.46606016995614036,0.5891742850844415,0.0036055296659469604,0.0004401952028274536,False,0.5310843841374269,0.6214544121759261,0.8173028600146199,9,False,0.6262552266809305,0.6093588243556443,0.004446178674697876,-0.0004004538059234619,False,0.15270353618421054,0.587672672036186,0.0035435259342193604,0.0005021989345550537,False,0.28760051169590645,0.6005066415246325,0.004075765609741211,-3.0040740966796875e-05,False,0.3273140533625731,0.6399981661366876,0.005753561854362488,-0.0017078369855880737,False,0.45414153874269003,0.6462464862585018,0.0060258060693740845,-0.0019800812005996704,False,0.5191657529239766,0.6255900316684484,0.5191657529239766,6,False,0.610855846080764,-0.00413561949252228,0.015399380600166435
add_att:59,000000580294.jpg,add_att,A person frying some kind of food on a stove.,A person frying some curry-spiced food on a stove.,0.3339977264404297,0.32062995433807373,0.013367772102355957,0.7919594552476941,12,5.551115123125783e-17,1.2374964999980875,0.0002883000015572179,0.00013550000221584924,0.8073659977867796,0.014329850673675537,-0.0009620785713195801,False,0.15738104696327684,0.7657910989415208,0.011846959590911865,0.0015208125114440918,False,0.2309763418079096,0.8329087357687488,0.016063839197158813,-0.0026960670948028564,False,0.3540176995056497,0.7933947266627256,0.013455107808113098,-8.733570575714111e-05,False,0.4720548640536723,0.9233327309701057,0.0248851478099823,-0.011517375707626343,False,0.529589292019774,0.8564242522344943,0.8359650865112994,10,False,0.8071557518075443,0.659750769459522,0.006621837615966797,0.00674593448638916,False,0.1303131620762712,0.716125535631361,0.009253233671188354,0.0041145384311676025,False,0.3043233580508475,0.716125535631361,0.009253233671188354,0.0041145384311676025,False,0.3043233580508475,0.6707306880371333,0.007114917039871216,0.006252855062484741,False,0.4798949505649718,0.5611609683563836,0.0024587512016296387,0.010909020900726318,False,0.5695511122881356,0.6855970442975399,0.4798949505649718,6,False,0.6869733582381898,0.17082720793695438,0.12018239356935445
add_obj:1256,000000461275.jpg,add_obj,Street signs on the corner of Furnace St and Crapo St.,A park bench and street signs are on the corner of Furnace St and Crapo St.,0.3583865165710449,0.34953227639198303,0.00885424017906189,0.7079449486290356,11,1.2663481374630692e-16,1.0431953000006615,0.0002910999974119477,0.0001325999983237125,0.28855062950357147,-0.00902433693408966,0.01787857711315155,True,0.18047164179104477,0.47260968406505294,-0.0010967105627059937,0.009950950741767883,True,0.2219641791044776,0.5282960964451575,0.001133054494857788,0.0077211856842041016,False,0.32608358208955224,0.45077749487503915,-0.0019752979278564453,0.010829538106918335,True,0.4542985074626866,0.4821585946501159,-0.0007139593362808228,0.009568199515342712,True,0.5216477611940299,0.5533863428304686,0.6839820895522388,7,False,0.4830843841323499,0.28855062950357147,-0.00902433693408966,0.01787857711315155,True,0.18047164179104477,0.31232611804218496,-0.0078926682472229,0.01674690842628479,True,0.26500895522388057,0.33355099159903895,-0.006921678781509399,0.01577591896057129,True,0.33694925373134327,0.3969958065779189,-0.0041799843311309814,0.013034224510192871,True,0.4042985074626866,0.43444599107120796,-0.002637341618537903,0.011491581797599792,True,0.5478328358208955,0.35971072530703185,0.33694925373134327,3,False,0.4067322032928108,0.19367561752343676,0.0763521808395391
replace_att:378,000000360960.jpg,replace_att,A person walking in a square carrying a rainbow colored umbrella.,A person walking in a square carrying a black and white umbrella.,0.39750638604164124,0.35065802931785583,0.0468483567237854,0.9908502392655082,14,7.632783294297951e-17,0.9718627000002016,0.00027910000062547624,0.00014020000162418,0.9811704691508226,0.03953319787979126,0.007315158843994141,False,0.15751008064516128,0.9847240917368474,0.041660845279693604,0.005187511444091797,False,0.27682826246334313,0.9944989579196069,0.05197301506996155,-0.0051246583461761475,False,0.3393168071847507,0.9967292765548839,0.057194679975509644,-0.010346323251724243,False,0.4082317631964809,0.9740833644698706,0.03626611828804016,0.01058223843574524,False,0.5347152217741935,0.9644149713178508,1.0,14,False,0.9868425460461558,0.46907639628239656,-0.0012385249137878418,0.04808688163757324,True,0.19752909640762464,0.130724685692925,-0.018945664167404175,0.06579402089118958,True,0.29770550769794724,0.1600633009158701,-0.016577571630477905,0.0634259283542633,True,0.36627107771260997,0.20525025037791153,-0.013537973165512085,0.060386329889297485,True,0.4287596224340176,0.3480932166683426,-0.006274312734603882,0.05312266945838928,True,0.5419034090909091,0.37223343937514664,0.4695919629765396,6,False,0.41874364645606776,0.5921815319427042,0.5680988995900881
replace_obj:1263,000000236412.jpg,replace_obj,A homemade cheese pizza and crackers are on the table.,Homemade tacos and crackers are on the table.,0.3159177601337433,0.2230806201696396,0.0928371399641037,0.9999070832769879,11,3.8163916471489756e-17,1.400660199997219,0.00029630000062752515,0.00013439999747788534,0.9996940451861003,0.08091767132282257,0.011919468641281128,False,0.1026458740234375,0.9983029267400438,0.06377151608467102,0.029065623879432678,False,0.3507741292317708,0.9983029267400438,0.06377151608467102,0.029065623879432678,False,0.3507741292317708,0.9902440323496278,0.046200722455978394,0.046636417508125305,False,0.4351654052734375,0.7307530019455544,0.009984463453292847,0.08285267651081085,False,0.5724639892578125,0.9227739598079292,0.7275543212890625,7,False,0.9652282066178169,0.9996940451861003,0.08091767132282257,0.011919468641281128,False,0.1026458740234375,0.9959589778680475,0.055072084069252014,0.037765055894851685,False,0.349395751953125,0.9959589778680475,0.055072084069252014,0.037765055894851685,False,0.349395751953125,0.9902440323496278,0.046200722455978394,0.046636417508125305,False,0.4351654052734375,0.7307530019455544,0.009984463453292847,0.08285267651081085,False,0.5724639892578125,0.897354593706153,0.8180643717447916,8,False,0.9645360805819118,0.025419366101776197,0.0006921260359051828
replace_rel:441,000000163562.jpg,replace_rel,A man standing by the ocean with something in his hand.,A man swimming in the ocean with something in his hand.,0.2744893431663513,0.26361003518104553,0.010879307985305786,0.7479918772562912,12,3.469446951953614e-17,1.1625606000015978,0.0002521999995224178,0.00010969999857479706,0.849964076376913,0.017343193292617798,-0.006463885307312012,False,0.1491951951951952,0.8309565228982607,0.01592421531677246,-0.005044907331466675,False,0.25421021021021023,0.7010035350794955,0.008520811796188354,0.0023584961891174316,False,0.3163903903903904,0.476822220744089,-0.0009277760982513428,0.011807084083557129,True,0.4572192192192192,0.9147419338085447,0.023729592561721802,-0.012850284576416016,False,0.5574534534534534,0.7397791014180902,0.8420840840840841,9,False,0.7314881238722886,0.8053169546660264,0.014198631048202515,-0.0033193230628967285,False,0.15900900900900902,0.6660255432439962,0.006902635097503662,0.003976672887802124,False,0.2275075075075075,0.7566475326050216,0.01134386658668518,-0.00046455860137939453,False,0.42545945945945945,0.7566475326050216,0.01134386658668518,-0.00046455860137939453,False,0.42545945945945945,0.8005362835856714,0.01389649510383606,-0.0030171871185302734,False,0.5495495495495496,0.714893555574864,0.6951231231231231,8,False,0.74845573220171,0.02488554584322622,-0.016967608329421457
swap_att:542,000000148508.jpg,swap_att,"A black and white picture of a busy street, only red is in color, a red double decker bus drives down the road. ","A red and white picture of a quiet street, only black is in color, a black double decker bus drives down the road.",0.3456033170223236,0.32030561566352844,0.025297701358795166,0.9262026434236822,14,2.7755575615628914e-17,0.957920799999556,0.00023489999875891954,0.00011649999942164868,0.8051800152487646,0.01418989896774292,0.011107802391052246,False,0.10961052389705882,0.9119503933210817,0.02337685227394104,0.001920849084854126,False,0.24269301470588237,0.9318501926940204,0.026154637336730957,-0.000856935977935791,False,0.34289407169117647,0.8104341161876387,0.014528334140777588,0.010769367218017578,False,0.4649701286764706,0.7652457159654322,0.01181657612323761,0.013481125235557556,False,0.5852366727941176,0.8047233449637486,0.7581858915441176,11,False,0.8588330912837122,0.8051800152487646,0.01418989896774292,0.011107802391052246,False,0.10961052389705882,0.8526365382447152,0.01755431294441223,0.007743388414382935,False,0.20256204044117648,0.8222683081814023,0.015317916870117188,0.009979784488677979,False,0.3689108455882353,0.8535009300363868,0.01762327551841736,0.007674425840377808,False,0.4606675091911765,0.669598935295561,0.007063716650009155,0.01823398470878601,False,0.5809340533088235,0.7196980898910206,0.7704618566176471,10,False,0.8257681266201193,0.08502525507272807,0.03306496466359288
swap_obj:226,000000508482.jpg,swap_obj,A train car is open and shows the door on the other side.,The door is open and shows a train car on the other side.,0.3290126323699951,0.3015168011188507,0.02749583125114441,0.9398898019798982,11,4.9439619065339e-17,1.364234500000748,0.00029069999800412916,0.00013440000111586414,0.8737728041079642,0.01934736967086792,0.00814846158027649,False,0.20330810546875,0.8737728041079642,0.01934736967086792,0.00814846158027649,False,0.20330810546875,0.8375135715102723,0.01639842987060547,0.01109740138053894,False,0.3073679606119792,0.610482312390104,0.004493400454521179,0.02300243079662323,False,0.4290313720703125,0.4271805947112439,-0.0029336363077163696,0.03042946755886078,True,0.6498057047526041,0.5236094251653461,0.8542683919270834,9,False,0.7325775007573792,0.8737728041079642,0.01934736967086792,0.00814846158027649,False,0.20330810546875,0.8737728041079642,0.01934736967086792,0.00814846158027649,False,0.20330810546875,0.8375135715102723,0.01639842987060547,0.01109740138053894,False,0.3073679606119792,0.8375135715102723,0.01639842987060547,0.01109740138053894,False,0.4082183837890625,0.1251069869142938,-0.019449323415756226,0.046945154666900635,True,0.56280517578125,0.4832918631978552,0.6158345540364584,7,False,0.768067069117558,0.04031756196749092,-0.0354895683601788
add_att:273,000000126226.jpg,add_att,A group of guys in  a dugout with their gear ,A group of guys in a crumbling dugout with their gear.,0.30161428451538086,0.28403574228286743,0.017578542232513428,0.8529407130844742,11,4.336808689942018e-17,1.283350599998812,0.00023750000036670826,0.00010480000128154643,0.6748661865753176,0.007302775979042053,0.010275766253471375,False,0.2632293701171875,0.6748661865753176,0.007302775979042053,0.010275766253471375,False,0.2632293701171875,0.8204274822672851,0.015192463994026184,0.0023860782384872437,False,0.3450520833333333,0.7030499067562425,0.008618637919425964,0.008959904313087463,False,0.439239501953125,0.7191811234703186,0.009404033422470093,0.008174508810043335,False,0.5838063557942709,0.6459648071256942,0.8796234130859375,9,False,0.7482039997509665,0.6436938859104911,0.00591433048248291,0.011664211750030518,False,0.17769877115885416,0.5142662237449267,0.0005708038806915283,0.0170077383518219,False,0.322265625,0.5142662237449267,0.0005708038806915283,0.0170077383518219,False,0.322265625,0.401693850315365,-0.003984123468399048,0.021562665700912476,True,0.4436086018880208,0.4023802165061587,-0.003955572843551636,0.021534115076065063,True,0.5338033040364584,0.5062589272112799,0.6193339029947916,6,False,0.5779482043621986,0.1397058799144143,0.1702557953887679
add_obj:599,000000230008.jpg,add_obj,A police man on a motorcycle is idle in front of a bush.,A police man on a motorcycle and a helicopter are idle in front of a bush.,0.32328277826309204,0.3128940463066101,0.010388731956481934,0.738632529916511,11,5.377642775528102e-17,1.0804280000011204,0.0002730000014707912,0.00013330000001587905,0.8243026634784447,0.015457749366760254,-0.00506901741027832,False,0.10323079427083333,0.8660488120026965,0.018664658069610596,-0.008275926113128662,False,0.2754923502604167,0.8920156647710525,0.021114975214004517,-0.010726243257522583,False,0.3235948350694444,0.8261265252650404,0.015584200620651245,-0.0051954686641693115,False,0.4197252061631944,0.8793793826946152,0.01986566185951233,-0.009476929903030396,False,0.5059678819444444,0.6366358577406462,1.0,11,False,0.8393279062003757,0.8255281075270958,0.015542596578598022,-0.005153864622116089,False,0.125732421875,0.7884273004731099,0.013154715299606323,-0.0027659833431243896,False,0.22186279296875,0.6157647109211073,0.004716098308563232,0.005672633647918701,False,0.3941243489583333,0.7333741623681117,0.010118097066879272,0.00027063488960266113,False,0.4422268337673611,0.8549671091743957,0.017741024494171143,-0.007352292537689209,False,0.5284695095486112,0.8013560650793563,0.5663316514756944,6,False,0.752724478264497,-0.16472020733871007,0.08660342793587872
replace_att:160,000000289393.jpg,replace_att,Set of toy animals sitting in front of a red wooden wagon.,Set of toy animals sitting in front of a red plastic wagon.,0.3240405023097992,0.313134104013443,0.010906398296356201,0.7485021865507406,13,4.9439619065339e-17,1.2377788000012515,0.00024140000095940195,0.00011019999874406494,0.6124396664076545,0.004575788974761963,0.006330609321594238,False,0.13851420084635416,0.6570179790528953,0.006500333547592163,0.004406064748764038,False,0.2931365966796875,0.5364949816054797,0.001462399959564209,0.009443998336791992,False,0.3653310139973958,0.6385332801493643,0.005690038204193115,0.005216360092163086,False,0.4273173014322917,0.7396702717525908,0.010442554950714111,0.00046384334564208984,False,0.5129597981770834,0.6742053531012775,0.5688018798828125,8,False,0.6451088015117848,0.8217044548089631,0.015279382467269897,-0.004372984170913696,False,0.10083516438802083,0.7113578963772463,0.0090198814868927,0.001886516809463501,False,0.22470601399739584,0.684712269393788,0.0077551305294036865,0.0031512677669525146,False,0.3663075764973958,0.7585499344418584,0.01144745945930481,-0.0005410611629486084,False,0.4282938639322917,0.7361408516122318,0.010260060429573059,0.0006463378667831421,False,0.5139363606770834,0.7416266843938635,0.5139363606770834,6,False,0.7426902167102177,-0.06742133129258598,-0.09758141519843289
replace_obj:669,000000144798.jpg,replace_obj,a close up of a toilet and a bath tub with toys,A close up of a toilet and a bath tub with soap.,0.3366958200931549,0.30105453729629517,0.03564128279685974,0.9724583617104785,15,4.85722573273506e-17,1.001798699999199,0.00023750000036670826,0.00011169999925186858,0.9381822670614391,0.027197539806365967,0.008443742990493774,False,0.15606617647058824,0.8574729021548623,0.0179445743560791,0.01769670844078064,False,0.2566348805147059,0.8850550799863587,0.020411968231201172,0.01522931456565857,False,0.31579733455882353,0.907841319117012,0.022875577211380005,0.012765705585479736,False,0.4343118106617647,0.6482208177355587,0.006112277507781982,0.02952900528907776,False,0.5054457720588236,0.6676892306822381,0.8245002297794117,12,False,0.8952873643634158,0.9564936281751355,0.030903667211532593,0.0047376155853271484,False,0.10056870404411765,0.8925218660882344,0.021167635917663574,0.014473646879196167,False,0.24862706801470588,0.7628702519472379,0.011684805154800415,0.023956477642059326,False,0.3197610294117647,0.6405888135327488,0.0057792067527771,0.02986207604408264,False,0.4462833180147059,0.5511180233288903,0.0020518898963928223,0.03358939290046692,False,0.5196920955882353,0.7164559771145498,0.5788545496323529,8,False,0.8183303654670024,-0.048766746432311714,0.07695699889641339
replace_rel:502,000000370042.jpg,replace_rel,A bunch of pottery sitting on a sidewalk ,A bunch of pottery stacked on a sidewalk.,0.3096640706062317,0.28902384638786316,0.02064022421836853,0.8873568566458928,15,5.377642775528102e-17,0.9222045999995316,0.0002863000008801464,0.00014250000094762072,0.8757026745826266,0.0195235013961792,0.001116722822189331,False,0.1746641995614035,0.7814898434516175,0.012743696570396423,0.007896527647972107,False,0.22477384868421052,0.7894731073824985,0.013217523694038391,0.007422700524330139,False,0.338671875,0.8133076870229887,0.014716476202011108,0.005923748016357422,False,0.4454015899122807,0.8171128727145389,0.014969080686569214,0.005671143531799316,False,0.5526589912280702,0.8178805844613775,0.48974095394736844,8,False,0.8285881755876916,0.7353989372410555,0.010221898555755615,0.010418325662612915,False,0.1356154057017544,0.6243294623474714,0.0050796568393707275,0.015560567378997803,False,0.23225740131578948,0.5980776424265377,0.003974616527557373,0.016665607690811157,False,0.3293585526315789,0.6159818643508788,0.004725277423858643,0.015914946794509888,False,0.437780975877193,0.6425981333351146,0.005866587162017822,0.014773637056350708,False,0.5006990131578948,0.6650432741998261,0.6889048793859649,10,False,0.6800427087202543,0.15283731026155134,0.1485454668674373
swap_att:103,000000237928.jpg,swap_att,"This kitchen has a black stove, stainless steel refrigerator and white cupboards.","This kitchen has a stainless steel stove, black refrigerator and white cupboards.",0.3113340139389038,0.30903464555740356,0.002299368381500244,0.5572322710811143,14,3.165870343657673e-17,1.3069906000018818,0.00022790000002714805,0.00011070000255131163,0.553901063471088,0.0021644532680511475,0.00013491511344909668,False,0.19171576161202186,0.5275266217638583,0.0011021792888641357,0.0011971890926361084,False,0.2610623719262295,0.5815827045684532,0.0032927393913269043,-0.0009933710098266602,False,0.33276233777322406,0.5753676526518526,0.00303785502910614,-0.000738486647605896,False,0.4818241974043716,0.4951472167110029,-0.00019411742687225342,0.0024934858083724976,True,0.5717640027322405,0.5404885729797384,0.6919078722677595,9,False,0.5564161325322697,0.5342457914946152,0.0013719797134399414,0.0009273886680603027,False,0.1582671618852459,0.5143667241202379,0.0005748271942138672,0.001724541187286377,False,0.25983499829234974,0.5571602108484236,0.00229644775390625,2.9206275939941406e-06,False,0.31061624829234974,0.5889351334948997,0.0035956501960754395,-0.0012962818145751953,False,0.40055605362021857,0.5949136099096839,0.003843158483505249,-0.0015437901020050049,False,0.5521046789617486,0.5516784009854976,0.31061624829234974,4,False,0.5580049386605969,-0.011189828005759184,-0.0015888061283271249
swap_obj:118,000000451693.jpg,swap_obj,A small pizza with olives is place on a stack of plates.,A stack of plates with olives is placed on a small pizza.,0.31672796607017517,0.3113701343536377,0.005357831716537476,0.6308309319052048,12,6.765421556309548e-17,1.1292202999975416,0.00029540000105043873,0.00013760000001639128,0.5641735772724373,0.002581179141998291,0.0027766525745391846,False,0.12146504720052083,0.3762984393856739,-0.005052894353866577,0.010410726070404053,True,0.20880126953125,0.38276829066673274,-0.004778146743774414,0.01013597846031189,True,0.3058827718098958,0.4041875100984291,-0.0038804709911346436,0.00923830270767212,True,0.41265869140625,0.3537770195227699,-0.006024777889251709,0.011382609605789185,True,0.5084330240885416,0.36728517844300257,0.6600240071614584,7,False,0.45001178384994306,0.4607152501946636,-0.0015746355056762695,0.006932467222213745,True,0.17285664876302084,0.3535692392962733,-0.006033867597579956,0.011391699314117432,True,0.26019287109375,0.26643765355103444,-0.010127723217010498,0.015485554933547974,True,0.3816579182942708,0.2717162629271373,-0.009859323501586914,0.01521715521812439,True,0.4610443115234375,0.17324935725905832,-0.01562771201133728,0.020985543727874756,True,0.5500946044921875,0.27806399084988753,0.5500946044921875,6,False,0.37943801526960325,0.08922118759311504,0.07057376858033981
add_att:45,000000572678.jpg,add_att,A white decorated living room with a set dining room table. ,A white decorated living room with an oval set dining room table.,0.3221738040447235,0.3129468560218811,0.009226948022842407,0.7155908719011835,13,9.540979117872439e-17,1.2521746999991592,0.0002913999996962957,0.00013939999917056412,0.6455488478966346,0.005995303392410278,0.003231644630432129,False,0.18203699448529412,0.5222729169502858,0.0008915066719055176,0.00833544135093689,False,0.2536247702205882,0.5104367472466743,0.00041753053665161133,0.008809417486190796,False,0.36824448529411763,0.5915199011082395,0.003702521324157715,0.005524426698684692,False,0.44479549632352944,0.6049238852087526,0.004260241985321045,0.004966706037521362,False,0.5205882352941177,0.6014240228646618,0.9414636948529411,12,False,0.6000769207712519,0.6192124942702821,0.004862070083618164,0.004364877939224243,False,0.11461971507352942,0.4969587105081418,-0.00012165307998657227,0.00934860110282898,True,0.21013327205882354,0.522807524976056,0.0009129345417022705,0.008314013481140137,False,0.35891544117647056,0.6197499166349583,0.004884868860244751,0.004342079162597656,False,0.43546645220588237,0.5615359613725064,0.002473980188369751,0.006752967834472656,False,0.5780847886029412,0.601843129023491,0.6496725643382353,8,False,0.5771334877427803,-0.00041910615882922997,0.02294343302847157
add_obj:1963,000000066038.jpg,add_obj,A man and a girl under an umbrella at the beach.,A man and a girl with a bird under an umbrella at the beach.,0.32874834537506104,0.31951776146888733,0.009230583906173706,0.7156648638073831,14,4.96564594998361e-17,1.2527464999984659,0.00029319999885046855,0.00014030000238562934,0.37544479085936255,-0.005089282989501953,0.01431986689567566,True,0.15550740559895834,0.44722737633507675,-0.0021187961101531982,0.011349380016326904,True,0.21649169921875,0.6167915509017922,0.0047595202922821045,0.0044710636138916016,False,0.3295745849609375,0.5992723549254574,0.004024341702461243,0.005206242203712463,False,0.4604339599609375,0.564113854386807,0.002578750252723694,0.006651833653450012,False,0.5653483072916666,0.579097989835991,0.7500966389973959,10,False,0.5495348695610167,0.7352968595178582,0.01021665334701538,-0.0009860694408416748,False,0.1690521240234375,0.708920033855076,0.008901447057723999,0.00032913684844970703,False,0.23907470703125,0.7474009944317234,0.010847985744476318,-0.0016174018383026123,False,0.30865478515625,0.6072896327928068,0.004359334707260132,0.004871249198913574,False,0.4278004964192708,0.6521961781406636,0.006287068128585815,0.0029435157775878906,False,0.54608154296875,0.6611220007705947,0.66888427734375,10,False,0.6941506033484552,-0.08202401093460365,-0.14461573378743853
replace_att:453,000000217957.jpg,replace_att,A clock is shown with gold detailing around it.,A clock is shown with silver detailing around it.,0.35542818903923035,0.33882349729537964,0.016604691743850708,0.8403009740816703,13,6.938893903907228e-17,1.2208313000010094,0.0002466999976604711,0.00011169999925186858,0.8868102695221064,0.02058565616607666,-0.003980964422225952,False,0.159210205078125,0.9470167978607354,0.02883341908454895,-0.012228727340698242,False,0.2668609619140625,0.9516083175000577,0.02978825569152832,-0.013183563947677612,False,0.35150146484375,0.9378137822264627,0.027134180068969727,-0.010529488325119019,False,0.4567159016927083,0.9025147504308682,0.022254839539527893,-0.005650147795677185,False,0.5698191324869791,0.8553922630289517,0.6790110270182291,8,False,0.9125954096247898,0.9337470145438109,0.026457250118255615,-0.009852558374404907,False,0.2528635660807292,0.9337470145438109,0.026457250118255615,-0.009852558374404907,False,0.2528635660807292,0.933237083412649,0.026375114917755127,-0.009770423173904419,False,0.3580780029296875,0.8711897559376224,0.01911519467830658,-0.0025105029344558716,False,0.4037119547526042,0.8149308126023299,0.014823734760284424,0.0017809569835662842,False,0.5191853841145834,0.7133769364879913,0.7114766438802084,9,False,0.8879976777579318,0.14201532654096038,0.024597731866857986
replace_obj:987,000000395633.jpg,replace_obj,A boat that is sitting in the water.,A canoe that is sitting in the water.,0.25350677967071533,0.22080279886722565,0.032703980803489685,0.9633992110944881,15,4.683753385137379e-17,1.2427511000023514,0.0003071000028285198,0.00014139999984763563,0.9718518407404899,0.035417214035987854,-0.002713233232498169,False,0.17860921223958334,0.9554182508727261,0.03064824640750885,0.002055734395980835,False,0.239501953125,0.9467651644563431,0.02878338098526001,0.003920599818229675,False,0.3198903401692708,0.9622793354036293,0.03239096701145172,0.00031301379203796387,False,0.4392191569010417,0.7706954481088635,0.012122422456741333,0.020581558346748352,False,0.521728515625,0.902839398332051,0.5760548909505209,8,False,0.9456206280030761,0.9220393038991502,0.02470383048057556,0.008000150322914124,False,0.174560546875,0.8991298377643887,0.021875932812690735,0.01082804799079895,False,0.2611185709635417,0.8278290280702268,0.01570318639278412,0.017000794410705566,False,0.3220113118489583,0.8660152724907726,0.01866176724433899,0.014042213559150696,False,0.4023996988932292,0.8847061068458004,0.020377710461616516,0.012326270341873169,False,0.513702392578125,0.8896089057805281,0.513702392578125,7,False,0.8983261744149467,0.013230492551522866,0.04729445358812945
replace_rel:763,000000338624.jpg,replace_rel,A man walking his dog down a sidewalk.,A man running his dog down a sidewalk.,0.3245182931423187,0.3091346025466919,0.015383690595626831,0.8232275093863317,13,5.898059818321144e-17,0.8684164999976929,0.00023919999875943176,0.00011489999815239571,0.8134791289040441,0.014727771282196045,0.0006559193134307861,False,0.1401299370659722,0.7835838728259156,0.012866750359535217,0.0025169402360916138,False,0.2629055447048611,0.658881534580034,0.0065831393003463745,0.008800551295280457,False,0.3236355251736111,0.7569327723509035,0.011359363794326782,0.004024326801300049,False,0.4002617730034722,0.7477794674177034,0.010868042707443237,0.004515647888183594,False,0.5433010525173612,0.7504304958048438,0.7125379774305556,9,False,0.7700649401747107,0.3063683631640147,-0.008171528577804565,0.023555219173431396,True,0.1373562282986111,0.41942787107462853,-0.0032512247562408447,0.018634915351867676,True,0.20768907335069445,0.42041515880809627,-0.003210693597793579,0.01859438419342041,True,0.3015475802951389,0.4848814216000283,-0.0006049275398254395,0.01598861813545227,True,0.4954494900173611,0.5558744901839637,0.0022443532943725586,0.013139337301254272,False,0.6138237847222222,0.4008275684724524,0.6845703125,8,False,0.47551762747730936,0.3496029273323914,0.29454731269740136
swap_att:527,000000203580.jpg,swap_att,The colorful umbrella sits in front of the lavender building.,The lavender umbrella sits in front of the colorful building.,0.2750684916973114,0.2747856080532074,0.0002828836441040039,0.5070716195311281,13,2.949029909160572e-17,1.2472932000018773,0.0002365000000281725,0.00011059999815188348,0.5246852943864801,0.0009882152080535889,-0.000705331563949585,False,0.1308422423245614,0.6820691373428348,0.0076329708099365234,-0.0073500871658325195,False,0.20008680555555555,0.7583719474415761,0.011437743902206421,-0.011154860258102417,False,0.32868466739766083,0.7562272137752925,0.0113210529088974,-0.011038169264793396,False,0.43355377375730997,0.6912397956400541,0.008059218525886536,-0.007776334881782532,False,0.5002684119152047,0.6740341764448206,0.7552140442251462,10,False,0.6588443328203748,0.513427187481236,0.0005372166633605957,-0.0002543330192565918,False,0.16805441337719298,0.5740626866469626,0.002984464168548584,-0.00270158052444458,False,0.2124908625730994,0.5562647730685563,0.002260163426399231,-0.001977279782295227,False,0.3656798245614035,0.5192245644759853,0.0007693618535995483,-0.00048647820949554443,False,0.41286321271929827,0.5414102494002537,0.0016602128744125366,-0.0013773292303085327,False,0.5064875730994152,0.5236792186514228,0.41286321271929827,5,False,0.5360680081239579,0.1503549577933978,0.12277632469641686
swap_obj:65,000000546475.jpg,swap_obj,A man holding a baby while standing in front of a mirror.,A baby holding a man while standing in front of a mirror.,0.3541734218597412,0.35174989700317383,0.002423524856567383,0.5602933006822868,13,4.206704429243757e-17,0.9507472000004782,0.0002473999993526377,0.0001067000011971686,0.6585502275949693,0.006568402051925659,-0.004144877195358276,False,0.11815767973856209,0.5767508685996733,0.003094494342803955,-0.0006709694862365723,False,0.23187295751633988,0.44128882490020144,-0.002359330654144287,0.00478285551071167,True,0.3038896548202614,0.5872436481580384,0.0035258233547210693,-0.0011022984981536865,False,0.42086652369281047,0.7760841757890563,0.01242990791797638,-0.010006383061408997,False,0.5340265012254902,0.5668308075128413,0.941336039624183,12,False,0.592098743898597,0.6585502275949693,0.006568402051925659,-0.004144877195358276,False,0.11815767973856209,0.6782446721743994,0.007457166910171509,-0.005033642053604126,False,0.24160666870915032,0.6636175365467764,0.006794571876525879,-0.004371047019958496,False,0.3840954350490196,0.6471708255859454,0.006066262722015381,-0.003642737865447998,False,0.4678627961601307,0.6794401862620246,0.007512003183364868,-0.005088478326797485,False,0.5205397263071896,0.6641107567441109,0.5205397263071896,6,False,0.653096234671571,-0.09727994923126959,-0.060997490772974006
add_att:118,000000481404.jpg,add_att,The inside view of a large decorated church.,A dimly-lit inside view of a large decorated church.,0.3091126084327698,0.2794833779335022,0.029629230499267578,0.9508707260175773,12,4.336808689942018e-17,1.2169962000007217,0.0002844000009645242,0.0001367999975627754,0.9033368046778703,0.02234862744808197,0.007280603051185608,False,0.14666297935103245,0.7919918608452002,0.013369739055633545,0.016259491443634033,False,0.24404844210914453,0.7565783826536381,0.011340111494064331,0.018289119005203247,False,0.3809112278761062,0.5793128618941825,0.003199532628059387,0.02642969787120819,False,0.4727081028761062,0.5079006830686424,0.0003160536289215088,0.02931317687034607,False,0.5339175424041298,0.5753699771346867,0.8102357577433629,10,False,0.7849188782782754,0.8476478993423013,0.017162710428237915,0.012466520071029663,False,0.13977230825958703,0.8515887323661727,0.01747116446495056,0.012158066034317017,False,0.23885163163716813,0.7577154635441781,0.011401951313018799,0.01822727918624878,False,0.3226228337020649,0.46866968684396576,-0.0012548565864562988,0.030884087085723877,True,0.4369238569321534,0.6534477971782753,0.006342291831970215,0.023286938667297363,False,0.5455210637905604,0.5709279614066753,0.7329346423303835,9,False,0.7484509401564693,0.004442015728011395,0.036467938121806154
add_obj:558,000000105014.jpg,add_obj,A small lunch box with various vegetables and a fork,"A small lunch box with various vegetables, a fork, and a spoon.",0.3142029941082001,0.3121570944786072,0.0020458996295928955,0.5509698274134569,10,4.8138576458356397e-17,1.195969000000332,0.0003940999995393213,0.00018460000137565657,0.38638744469686953,-0.004625231027603149,0.006671130657196045,True,0.22359283625730994,0.38638744469686953,-0.004625231027603149,0.006671130657196045,True,0.22359283625730994,0.31546758203905984,-0.007746800780296326,0.009792700409889221,True,0.318827668128655,0.5256495576552179,0.0010268837213516235,0.001019015908241272,False,0.4437534265350877,0.5057389301958862,0.000229567289352417,0.0018163323402404785,False,0.5758920413011696,0.44775009515452646,0.7394748263888888,7,False,0.4495546325491239,0.1444768755436701,-0.0177859365940094,0.019831836223602295,True,0.18520993238304093,0.1362272202670081,-0.018469855189323425,0.02051575481891632,True,0.26556789108187134,0.2331452852944778,-0.011906355619430542,0.013952255249023438,True,0.3484500639619883,0.23687456861907497,-0.011698916554450989,0.013744816184043884,True,0.4316748903508772,0.3411670295471886,-0.006580978631973267,0.008626878261566162,True,0.563813505116959,0.2362119140952359,0.3484500639619883,4,False,0.2638043923940444,0.21153818105929056,0.18575024015507952
replace_att:295,000000432898.jpg,replace_att,A man standing on a lush green field under a kite.,A man standing on an arid green field under a kite.,0.3339557647705078,0.302908331155777,0.031047433614730835,0.9570879805869245,16,3.599551212651875e-17,1.4328356999976677,0.00029070000164210796,0.00011349999840604141,0.8967796274443908,0.021619439125061035,0.0094279944896698,False,0.135688,0.8708148907239142,0.019081830978393555,0.01196560263633728,False,0.207232,0.8455381041085547,0.017000257968902588,0.014047175645828247,False,0.320428,0.8634809246775528,0.018445074558258057,0.012602359056472778,False,0.458156,0.9006498309028989,0.022044658660888672,0.009002774953842163,False,0.5293,0.7130540562889145,0.715536,12,False,0.8815226129997231,0.8676883605991279,0.01880672574043274,0.012240707874298096,False,0.110316,0.8355541788153971,0.01625514030456543,0.014792293310165405,False,0.204948,0.7750443385655502,0.012370169162750244,0.01867726445198059,False,0.341948,0.7426233473176006,0.010596483945846558,0.020450949668884277,False,0.413492,0.6713579649406785,0.007143333554267883,0.02390410006046295,False,0.55368,0.6088627027697044,0.678028,11,False,0.8036578604608157,0.10419135351921005,0.07786475253890746
replace_obj:369,000000181303.jpg,replace_obj,A young child holding onto a kite while standing on a green grass covered field.,An adult holding onto a kite while standing on a green grass covered field.,0.33426031470298767,0.3123328387737274,0.021927475929260254,0.899596349221997,12,6.591949208711867e-17,1.0201342000000295,0.00028309999834164046,0.00013720000060857274,0.22350307207522924,-0.012453675270080566,0.03438115119934082,True,0.11737871503496504,0.23746902269831355,-0.011666059494018555,0.03359353542327881,True,0.20854731206293706,0.23483995614174794,-0.011811807751655579,0.03373928368091583,True,0.31009615384615385,0.2977838738151096,-0.00857873260974884,0.030506208539009094,True,0.4370219624125874,0.5257231237371386,0.0010298341512680054,0.02089764177799225,False,0.5771416083916084,0.3932402733131469,0.7156086101398601,8,False,0.35070242344257463,0.22350307207522924,-0.012453675270080566,0.03438115119934082,True,0.11737871503496504,0.23746902269831355,-0.011666059494018555,0.03359353542327881,True,0.20854731206293706,0.26030820877238214,-0.01044367253780365,0.032371148467063904,True,0.37576486013986016,0.2615674526721179,-0.01037837564945221,0.03230585157871246,True,0.44708123907342656,0.23690797098852434,-0.011697068810462952,0.033624544739723206,True,0.5042886800699301,0.2914292396362295,0.37576486013986016,5,False,0.32008069898375224,0.1018110336769174,0.030621724458822386
replace_rel:45,000000301867.jpg,replace_rel,Three young women smile brightly together under a large umbrella.,Three young women smile brightly together beside a large umbrella.,0.33020901679992676,0.3296683132648468,0.0005407035350799561,0.5135142960009166,10,5.2475385148298415e-17,0.8276953999993566,0.00023159999909694307,9.960000170394778e-05,0.5087140616951955,0.00034859776496887207,0.00019210577011108398,False,0.22347513834635416,0.5087140616951955,0.00034859776496887207,0.00019210577011108398,False,0.22347513834635416,0.6046752833330812,0.004249840974807739,-0.003709137439727783,False,0.3630625406901042,0.5643699535026996,0.0025891661643981934,-0.0020484626293182373,False,0.440093994140625,0.5587681201798017,0.0023616403341293335,-0.0018209367990493774,False,0.5080159505208334,0.5984621642486525,0.8477020263671875,8,False,0.5415155481992449,0.5138158191193356,0.0005527734756469727,-1.2069940567016602e-05,False,0.1522979736328125,0.5386012330005674,0.0015471279621124268,-0.0010064244270324707,False,0.24332173665364584,0.5074790799802428,0.00029918551445007324,0.0002415180206298828,False,0.3440093994140625,0.4959469729310279,-0.0001621246337890625,0.0007028281688690186,True,0.4210408528645833,0.3677474141039147,-0.005418926477432251,0.005959630012512207,True,0.5690155029296875,0.5098092953393286,0.4210408528645833,5,False,0.4944356548803014,0.08865286890932389,0.047079893318943467
swap_att:205,000000295797.jpg,swap_att,A tower of a gray and white building has a weather vane and two clocks.,A tower of a gray and white building has two weather vanes and a clock.,0.33913299441337585,0.31880122423171997,0.020331770181655884,0.8842366816118249,15,2.2985086056692694e-17,1.2553177999980107,0.00029150000045774505,0.0001430000011168886,0.8086964467409369,0.014415621757507324,0.00591614842414856,False,0.14011673062865498,0.7968288933687667,0.013665914535522461,0.006665855646133423,False,0.25536823830409355,0.690662270074827,0.008032172918319702,0.012299597263336182,False,0.3212605080409357,0.49866560418315975,-5.3375959396362305e-05,0.020385146141052246,True,0.44763683296783624,0.40494921932632283,-0.003848850727081299,0.024180620908737183,True,0.5121870431286549,0.542601007103297,0.7219195449561403,11,False,0.7115498047096102,0.8047631399798,0.014163345098495483,0.0061684250831604,False,0.1624577394005848,0.7950849851128303,0.013558536767959595,0.006773233413696289,False,0.2188813505116959,0.6016535874924235,0.004123598337173462,0.016208171844482422,False,0.3493238304093567,0.6251315611041321,0.005113869905471802,0.015217900276184082,False,0.45086919773391815,0.5090015638393263,0.00036010146141052246,0.01997166872024536,False,0.5075440880847953,0.6245153290163966,0.5725683022660819,9,False,0.7247702509819574,-0.08191432191309966,-0.013220446272347197
swap_obj:61,000000453166.jpg,swap_obj,Military men are holding awards while standing next to a man in a suit.,A man in a suit is holding awards while standing next to military men.,0.35288116335868835,0.3473876714706421,0.005493491888046265,0.6339845846621153,13,4.8138576458356397e-17,1.2411691999986942,0.0004444999976840336,0.00023879999935161322,0.4345305679721037,-0.002633899450302124,0.008127391338348389,True,0.11518267463235295,0.6739883296496546,0.00726279616355896,-0.0017693042755126953,False,0.28999310661764705,0.5880004894319475,0.003557056188583374,0.0019364356994628906,False,0.37537339154411764,0.7006164211885538,0.008502349257469177,-0.0030088573694229126,False,0.5227826286764706,0.7006164211885538,0.008502349257469177,-0.0030088573694229126,False,0.5227826286764706,0.5813353228080678,0.7385052849264706,8,False,0.5877759392811408,0.6338912193920501,0.005489468574523926,4.023313522338867e-06,False,0.15708869485294116,0.6774057684825202,0.0074187517166137695,-0.0019252598285675049,False,0.24639820772058824,0.5872985475090249,0.003528088331222534,0.0019654035568237305,False,0.36017922794117646,0.5583253775125259,0.002343684434890747,0.0031498074531555176,False,0.40475068933823527,0.690043673737114,0.00800323486328125,-0.0025097429752349854,False,0.5849781709558823,0.6687265760817217,0.24639820772058824,4,False,0.6292817212649342,-0.08739125327365393,-0.0415057819837934
add_att:418,000000117908.jpg,add_att,A cat standing next to an open refrigerator door.,A cat standing next to a cracked open refrigerator door.,0.25819817185401917,0.24734489619731903,0.010853275656700134,0.747500851067379,13,5.117434254131581e-17,1.1493996999997762,0.00028959999690414406,0.0001357000001007691,0.8890248623551871,0.02080819010734558,-0.009954914450645447,False,0.15855625,0.8070870464909001,0.014311924576759338,-0.003458648920059204,False,0.23365,0.8199809579401333,0.015162184834480286,-0.004308909177780151,False,0.30358125,0.7590473863455147,0.011474639177322388,-0.0006213635206222534,False,0.48860625,0.737921352181531,0.01035192608833313,0.0005013495683670044,False,0.5913125,0.7953754378793978,0.63228125,8,False,0.800372001794251,0.7184968731826032,0.009370177984237671,0.0014830976724624634,False,0.14855,0.6200072837404706,0.004895791411399841,0.005957484245300293,False,0.25125625,0.7178608063418728,0.009338751435279846,0.001514524221420288,False,0.32870625,0.7630774818032007,0.011696264147758484,-0.0008429884910583496,False,0.41034375,0.7166438577496754,0.009278744459152222,0.0015745311975479126,False,0.51373125,0.7387254762460975,0.41034375,5,False,0.713164555539985,0.05664996163330027,0.08720744625426602
add_obj:333,000000544519.jpg,add_obj,A young girl who is brushing her teeth with a toothbrush.,A young girl who is brushing her teeth with a toothbrush and drying her face with a towel.,0.3628396689891815,0.3340359628200531,0.028803706169128418,0.9468675122145902,14,1.1102230246251565e-16,0.9477183000017249,0.00023850000070524402,0.00010939999992842786,0.896319125161353,0.021569788455963135,0.007233917713165283,False,0.15243512426900585,0.8924097483557795,0.021155953407287598,0.00764775276184082,False,0.20360471491228072,0.9375159126793184,0.027083218097686768,0.0017204880714416504,False,0.35175667032163743,0.9029370023965155,0.02230292558670044,0.0065007805824279785,False,0.4315321180555556,0.9263113469476301,0.025313615798950195,0.0034900903701782227,False,0.5182862755847953,0.8875287005243857,0.857718841374269,12,False,0.9156328006242477,0.9572854657741701,0.03109562397003174,-0.0022919178009033203,False,0.15117301717836257,0.9399991519091506,0.02751520276069641,0.0012885034084320068,False,0.23094846491228072,0.9348624652049329,0.02663898468017578,0.0021647214889526367,False,0.3020490679824561,0.9333726912831595,0.026396900415420532,0.0024068057537078857,False,0.41212650767543857,0.9157395164543396,0.023858189582824707,0.004945516586303711,False,0.5500502558479532,0.930667882632868,0.6587113943713451,10,False,0.9391906381504914,-0.04313918210848233,-0.02355783752624374
replace_att:21,000000061418.jpg,replace_att,Several children playing a game together outside with boats in the background.,A single child playing a game outside with boats in the background.,0.30136772990226746,0.29373985528945923,0.0076278746128082275,0.6819586156330394,15,8.326672684688674e-17,1.2629634000004444,0.00029799999902024865,0.0001433000034012366,0.15007849470505338,-0.017339855432510376,0.024967730045318604,True,0.13764194842896174,0.20488588319068307,-0.013560324907302856,0.021188199520111084,True,0.2426357581967213,0.2878387006258941,-0.009059041738510132,0.01668691635131836,True,0.3113900273224044,0.09407825435819084,-0.02264825999736786,0.030276134610176086,True,0.4222912397540984,0.08937772477674895,-0.02321256697177887,0.030840441584587097,True,0.5131382342896175,0.14499768594872092,0.7694405310792349,11,False,0.2384255093841571,0.5029146341153967,0.00011658668518066406,0.0075112879276275635,False,0.10499380976775956,0.05932918730523615,-0.027634918689727783,0.03526279330253601,True,0.2704437756147541,0.05420362479397607,-0.028592795133590698,0.036220669746398926,True,0.3593803364071038,0.05222565544456902,-0.02898542582988739,0.03661330044269562,True,0.4080697148224044,0.0782434089779187,-0.024664565920829773,0.032292440533638,True,0.5028763234289617,0.1693693180176717,0.7029862534153005,10,False,0.24367419319091294,-0.024371632068950766,-0.005248683806755833
replace_obj:677,000000535578.jpg,replace_obj,Sheep graze in a lushly green mountain meadow,Goats graze in a lushly green mountain meadow.,0.34478381276130676,0.31043708324432373,0.03434672951698303,0.9687707532535762,13,3.122502256758253e-17,1.2384125999997195,0.0002899999999499414,0.0001382000009471085,0.5421504749584392,0.0016900300979614258,0.032656699419021606,False,0.13052243238304093,0.8257893646283514,0.015560746192932129,0.018785983324050903,False,0.2070997807017544,0.26336479908214394,-0.010285526514053345,0.04463225603103638,True,0.32080363669590645,0.38979091852760045,-0.004481911659240723,0.038828641176223755,True,0.40105879934210525,0.3901110162537822,-0.004468455910682678,0.03881518542766571,True,0.5414782072368421,0.4632343958215795,0.473335846125731,6,False,0.5427141546575163,0.1649127662931409,-0.016221195459365845,0.05056792497634888,True,0.18707739400584794,0.2983416196666953,-0.008552074432373047,0.04289880394935608,True,0.26951982821637427,0.29828422738633126,-0.008554816246032715,0.04290154576301575,True,0.31444741410818716,0.3357427692592276,-0.006823241710662842,0.041169971227645874,True,0.4481736567982456,0.2606586891903128,-0.010425478219985962,0.044772207736968994,True,0.5163160179093568,0.33934252847635016,0.5163160179093568,7,False,0.3897898670233022,0.12389186734522933,0.15292428763421406
replace_rel:422,000000453584.jpg,replace_rel,"What appears to be a beach-side eatery has an outdoor area with a metal railing and high stools, the whole of which rests on a tilted walkway with a sign and  a bench with a logo on it. ","What appears to be a beach-side eatery doesn't have an outdoor area with a metal railing and high stools, but there is a tilted walkway with a sign and a bench with a logo on it.",0.3324108123779297,0.30226975679397583,0.030141055583953857,0.9532073161747644,11,3.65376132127615e-17,1.3326538000001165,0.00029269999868120067,0.0001329000006080605,0.9060173322863173,0.022659480571746826,0.007481575012207031,False,0.2249298095703125,0.9060173322863173,0.022659480571746826,0.007481575012207031,False,0.2249298095703125,0.7425242203688378,0.010591298341751099,0.01954975724220276,False,0.3535512288411458,0.7342281753633151,0.010161817073822021,0.019979238510131836,False,0.4198811848958333,0.6408495101875208,0.005790531635284424,0.024350523948669434,False,0.5981852213541666,0.6881325584970255,1.0,11,False,0.8136003278758928,0.8646919235412033,0.018548190593719482,0.011592864990234375,False,0.12910970052083334,0.7620308966657031,0.011638462543487549,0.01850259304046631,False,0.3025767008463542,0.7620308966657031,0.011638462543487549,0.01850259304046631,False,0.3025767008463542,0.5100189445961308,0.00040081143379211426,0.029740244150161743,False,0.5275065104166666,0.5100189445961308,0.00040081143379211426,0.029740244150161743,False,0.5275065104166666,0.5928665058317436,0.8550364176432291,9,False,0.7611403175141107,0.09526605266528188,0.05246001036178205
swap_att:484,000000325527.jpg,swap_att,a brown teddy bear sitting on a huge box,a huge teddy bear sitting on a brown box.,0.3262711763381958,0.3175123929977417,0.008758783340454102,0.7059673831448986,15,2.992397996059992e-17,1.2876300999996602,0.00024979999943752773,0.00011060000178986229,0.7560214051255776,0.011309891939163208,-0.0025511085987091064,False,0.11809625668449197,0.7249917700207903,0.00969359278678894,-0.0009348094463348389,False,0.20584491978609626,0.7183606250513491,0.009363442659378052,-0.0006046593189239502,False,0.34549732620320855,0.8200731024743547,0.015168428421020508,-0.006409645080566406,False,0.47044919786096256,0.6965519521216158,0.008309319615364075,0.00044946372509002686,False,0.5528181818181818,0.7085348032706474,0.7333796791443851,11,False,0.7428601086572884,0.6026167319780503,0.004163801670074463,0.004594981670379639,False,0.1178288770053476,0.6149979601562671,0.004683703184127808,0.004075080156326294,False,0.20351336898395722,0.586913845260216,0.0035122185945510864,0.005246564745903015,False,0.31025133689839574,0.6034646264027582,0.004199221730232239,0.004559561610221863,False,0.4626470588235294,0.6885734593447649,0.007934585213661194,0.0008241981267929077,False,0.5234331550802139,0.6143283698615432,0.4626470588235294,7,False,0.6178019048888036,0.09420643340910428,0.12505820376848475
swap_obj:206,000000180101.jpg,swap_obj,A boy getting ready to blow out birthday candles with a girl watching.,A girl getting ready to blow out birthday candles with a boy watching.,0.3317849040031433,0.3179992735385895,0.013785630464553833,0.7987601200590505,15,1.734723475976807e-16,1.3025613999998313,0.00030300000071292743,0.00014319999900180846,0.7951612065491391,0.013563215732574463,0.00022241473197937012,False,0.1540374755859375,0.7360907760622907,0.010257482528686523,0.0035281479358673096,False,0.2230224609375,0.8214344621260814,0.015260964632034302,-0.0014753341674804688,False,0.3617451985677083,0.7567737243388007,0.01135072112083435,0.0024349093437194824,False,0.4480234781901042,0.7261344137803368,0.009750977158546448,0.004034653306007385,False,0.5145314534505209,0.6710628848784473,0.7462666829427084,11,False,0.7793614174016414,0.5550834138114894,0.002212315797805786,0.011573314666748047,False,0.13135274251302084,0.5839066630924531,0.003388315439224243,0.01039731502532959,False,0.20033772786458334,0.45508931186681995,-0.0018012821674346924,0.015586912631988525,True,0.3618621826171875,0.4277367433507839,-0.002910912036895752,0.016696542501449585,True,0.4215087890625,0.47037620956506737,-0.0011863410472869873,0.01497197151184082,True,0.5231831868489584,0.49451820324667783,0.6619720458984375,9,False,0.5430225941489989,0.1765446816317695,0.23633882325264255
add_att:686,000000066523.jpg,add_att,A bed topped with three white pillows covered in a canopy.,A foldable bed topped with three white pillows covered in a canopy.,0.33149582147598267,0.31501516699790955,0.01648065447807312,0.8386294187248227,15,4.5102810375396984e-17,1.2553709999992861,0.0003071999999519903,0.00014120000196271576,0.8236222590985036,0.015410840511322021,0.0010698139667510986,False,0.11491902669270833,0.6516368960191294,0.006262421607971191,0.010218232870101929,False,0.2634226481119792,0.5885548573140523,0.003579944372177124,0.012900710105895996,False,0.3494364420572917,0.5605297071378463,0.0024331212043762207,0.0140475332736969,False,0.4091746012369792,0.6362050738733124,0.005589306354522705,0.010891348123550415,False,0.5343068440755209,0.6690038375331938,0.5894368489583334,9,False,0.6879691920813218,0.7482114673551904,0.010890960693359375,0.005589693784713745,False,0.12778727213541666,0.6652056866265512,0.006865799427032471,0.00961485505104065,False,0.24636332194010416,0.7295668908690608,0.009924262762069702,0.006556391716003418,False,0.3317464192708333,0.47533923265951306,-0.000987231731414795,0.017467886209487915,True,0.4376373291015625,0.5621808434184666,0.002500176429748535,0.013980478048324585,False,0.506500244140625,0.5732396652450674,0.4376373291015625,7,False,0.6796644769592868,0.09576417228812639,0.008304715122035011
add_obj:242,000000123321.jpg,add_obj,A bowl holds soup with broccoli and other vegetables. ,"A bowl holds soup with broccoli, mushrooms, and other vegetables.",0.32239460945129395,0.3140571415424347,0.008337467908859253,0.697146585706241,15,1.9949319973733282e-17,1.3728093999998237,0.00023330000112764537,0.00011330000052112155,0.7267808245737036,0.009783506393432617,-0.0014460384845733643,False,0.13718795776367188,0.7191931610453636,0.009404629468917847,-0.0010671615600585938,False,0.20568466186523438,0.6546683255033878,0.006396234035491943,0.0019412338733673096,False,0.30760955810546875,0.641724978164785,0.005828589200973511,0.002508878707885742,False,0.4374542236328125,0.67019733671326,0.007090777158737183,0.0012466907501220703,False,0.5123329162597656,0.6138980671939636,0.81536865234375,12,False,0.6841114395955777,0.7122718615374376,0.009064435958862305,-0.0007269680500030518,False,0.117919921875,0.6206786481416497,0.004924297332763672,0.003413170576095581,False,0.2537879943847656,0.6023148081659415,0.004151195287704468,0.004186272621154785,False,0.32456207275390625,0.5299868291781537,0.0012009143829345703,0.007136553525924683,False,0.45075225830078125,0.5044277643009759,0.00017711520195007324,0.00816035270690918,False,0.5305976867675781,0.5256110000130478,0.6434211730957031,9,False,0.6213170646932834,0.08828706718091572,0.06279437490229434
replace_att:470,000000476215.jpg,replace_att,A man standing behind two brown horses on a dirt field.,A man standing behind two brown horses on a green field.,0.3382450342178345,0.2844051420688629,0.05383989214897156,0.9954314901173567,15,6.938893903907228e-17,1.2876357000022836,0.0002959000012197066,0.00014229999942472205,0.9891414744729842,0.045118868350982666,0.008721023797988892,False,0.16184059633027523,0.9861860953068134,0.04268169403076172,0.011158198118209839,False,0.23865754013761467,0.9445597883279963,0.028354138135910034,0.025485754013061523,False,0.3783746655198777,0.9476402376648326,0.028958365321159363,0.024881526827812195,False,0.4257036028287462,0.9036871593628455,0.022388815879821777,0.03145107626914978,False,0.5098074350152905,0.9224670141308113,0.8194344896788991,12,False,0.9689353696616988,0.9817794143236133,0.03986814618110657,0.01397174596786499,False,0.14740419533639143,0.9800820680582273,0.038960158824920654,0.014879733324050903,False,0.21946674311926606,0.893472709271285,0.02126714587211609,0.03257274627685547,False,0.36438025611620795,0.8766592100577657,0.019611671566963196,0.03422822058200836,False,0.4586021120030581,0.9064870138019765,0.022714763879776,0.031125128269195557,False,0.5097895164373089,0.919327297826597,0.5701094227828746,8,False,0.9439082565147009,0.0031397163042143905,0.025027113146997904
replace_obj:1280,000000303818.jpg,replace_obj,A bus traveling down a curvy road behind a black car.,A bicycle traveling down a curvy road behind a black car.,0.27771738171577454,0.21478621661663055,0.06293116509914398,0.9981544238820969,14,4.163336342344337e-17,1.2945663999998942,0.0002457999980833847,0.00011019999874406494,0.9964149850315858,0.056274011731147766,0.006657153367996216,False,0.1243743896484375,0.993725779122804,0.05065011978149414,0.012281045317649841,False,0.21110026041666666,0.9945876513498594,0.05213645100593567,0.010794714093208313,False,0.3199412027994792,0.9890221554578132,0.045008376240730286,0.017922788858413696,False,0.4011637369791667,0.8768915223587076,0.019633173942565918,0.043297991156578064,False,0.5817616780598959,0.802220858838226,0.7391357421875,10,False,0.9756348504613579,0.9964149850315858,0.056274011731147766,0.006657153367996216,False,0.1243743896484375,0.902974999314427,0.02230726182460785,0.04062390327453613,False,0.21818033854166666,0.4811783004416998,-0.0007532238960266113,0.0636843889951706,True,0.3679707845052083,0.12826509563232708,-0.019163861870765686,0.08209502696990967,True,0.451324462890625,0.31152528726536727,-0.007929980754852295,0.07086114585399628,True,0.514892578125,0.46505011876603863,0.7835744222005209,10,False,0.6917329926794065,0.3371707400721874,0.2839018577819514
replace_rel:66,000000381639.jpg,replace_rel,A little girl is standing between several orange cones.,A little girl is standing beside several orange cones.,0.3137056827545166,0.3133968412876129,0.0003088414669036865,0.5077204230177578,11,6.049848122469115e-17,1.4659076999996614,0.0002824000002874527,0.00013390000094659626,0.4980010198763044,-7.995963096618652e-05,0.00038880109786987305,True,0.16048246788008566,0.5309636827584395,0.0012401342391967773,-0.0009312927722930908,False,0.29481313570663814,0.5203311038229154,0.0008136928081512451,-0.0005048513412475586,False,0.37182146680942185,0.5304214687646396,0.001218363642692566,-0.0009095221757888794,False,0.5019280313169164,0.5304214687646396,0.001218363642692566,-0.0009095221757888794,False,0.5019280313169164,0.5000153261189295,0.7076334983940042,7,False,0.515303992439763,0.5134770702379501,0.0005392134189605713,-0.00023037195205688477,False,0.16757979791220556,0.5340900599487303,0.0013657212257385254,-0.0010568797588348389,False,0.2465872591006424,0.5655228880019152,0.0026360750198364258,-0.0023272335529327393,False,0.38091792692719484,0.5930290742313027,0.003765016794204712,-0.0034561753273010254,False,0.43073307012847967,0.6016343022614062,0.004122793674468994,-0.0038139522075653076,False,0.5122080768201285,0.5725181381710307,0.5122080768201285,6,False,0.5433911708956074,-0.07250281205210118,-0.028087178455844408
swap_att:99,000000293300.jpg,swap_att,A man watching two elephants behind a wire fence.,Two men watching an elephant behind a wire fence.,0.31489717960357666,0.3066113591194153,0.008285820484161377,0.6960550279687157,13,3.686287386450715e-17,1.1350152000013622,0.00024169999960577115,0.00011039999662898481,0.5064712129470004,0.0002588629722595215,0.008026957511901855,False,0.10631967288011696,0.525117842610075,0.0010055601596832275,0.007280260324478149,False,0.28828010782163743,0.45162393595707556,-0.0019411146640777588,0.010226935148239136,True,0.35413811220760233,0.5030237812715223,0.00012095272541046143,0.008164867758750916,False,0.43310261330409355,0.5195440859353637,0.0007821619510650635,0.0075036585330963135,False,0.5529342562134503,0.5200977071164987,0.9372944078947368,12,False,0.5224904956502266,0.47438871200968685,-0.0010253489017486572,0.009311169385910034,True,0.10241342288011696,0.5330056892408883,0.0013221502304077148,0.006963670253753662,False,0.24252444261695907,0.6331425511354113,0.0054572224617004395,0.0028285980224609375,False,0.3117404513888889,0.6251776539641849,0.00511583685874939,0.0031699836254119873,False,0.480765716374269,0.571625193156597,0.0028848499059677124,0.0054009705781936646,False,0.5672514619883041,0.5960644888165831,0.480765716374269,7,False,0.5799247311704372,-0.07596678170008442,-0.05743423552021054
swap_obj:240,000000295713.jpg,swap_obj,A statue is sitting on a bench and a woman sits on a cement block.,A woman is sitting on a bench and a statue sits on a cement block.,0.33565354347229004,0.33381032943725586,0.0018432140350341797,0.5459503299841199,14,3.6374982886888674e-17,0.9369619999997667,0.00023290000171982683,0.00011079999967478216,0.549487374773458,0.001985996961593628,-0.00014278292655944824,False,0.1463187591374269,0.5667673196403082,0.002686738967895508,-0.0008435249328613281,False,0.20485540021929824,0.46816284270915076,-0.0012752115726470947,0.0031184256076812744,True,0.41192091557017546,0.46816284270915076,-0.0012752115726470947,0.0031184256076812744,True,0.41192091557017546,0.4692233561745238,-0.0012326240539550781,0.003075838088989258,True,0.568781980994152,0.5793540549501549,0.7697025767543859,10,False,0.515981995635498,0.5420994308558889,0.0016879737377166748,0.00015524029731750488,False,0.14442845394736842,0.49844208863879624,-6.23166561126709e-05,0.0019055306911468506,True,0.2386296144005848,0.4514955126368482,-0.0019463002681732178,0.0037895143032073975,True,0.3940858004385965,0.366916982474988,-0.005454659461975098,0.007297873497009277,True,0.4801032529239766,0.5994780976752776,0.004032909870147705,-0.0021896958351135254,False,0.6264220120614035,0.42529927707435117,0.4801032529239766,6,False,0.49059468554985164,0.15405477787580374,0.02538731008564632
add_att:243,000000121506.jpg,add_att,A patio umbrella pointed inside out over a picnic table.,A striped patio umbrella pointed inside out over a picnic table.,0.32848334312438965,0.3147459030151367,0.01373744010925293,0.797984381409936,16,3.996640258324691e-17,1.5534969000000274,0.00030780000088270754,0.00014569999984814785,0.5969523949560588,0.003927826881408691,0.009809613227844238,False,0.11387252807617188,0.43540145483344855,-0.0025984644889831543,0.016335904598236084,True,0.21026229858398438,0.3808795642548304,-0.004858165979385376,0.018595606088638306,True,0.3179664611816406,0.5138232640082928,0.0005530714988708496,0.01318436861038208,False,0.45746612548828125,0.5241308056410404,0.0009659826755523682,0.012771457433700562,False,0.51263427734375,0.5522349282874033,0.7835731506347656,13,False,0.5153215669425857,0.6085710878810455,0.004413098096847534,0.009324342012405396,False,0.10968780517578125,0.420187154650155,-0.0032200515270233154,0.016957491636276245,True,0.209625244140625,0.4571438759958674,-0.0017184615135192871,0.015455901622772217,True,0.3277549743652344,0.4421207657315764,-0.002325594425201416,0.016063034534454346,True,0.462554931640625,0.4851624286161129,-0.0005936771631240845,0.014331117272377014,True,0.5439033508300781,0.47887735985232527,0.462554931640625,8,False,0.5123945582029809,0.07335756843507801,0.0029270087396048305
add_obj:541,000000311909.jpg,add_obj,A very big white bus parked by the curb.,A very big white bus parked by the curb and a fire hydrant.,0.2666287422180176,0.25672784447669983,0.009900897741317749,0.7291056540565627,18,2.905661822261152e-17,1.3200722000001406,0.0002500000009604264,0.00011960000119870529,0.5653372501049351,0.002628520131111145,0.007272377610206604,False,0.18574858312342568,0.5762899291628286,0.00307561457157135,0.006825283169746399,False,0.2518891687657431,0.6354087078159383,0.005554914474487305,0.004345983266830444,False,0.32539456076826195,0.5254582063264926,0.001019209623336792,0.008881688117980957,False,0.41936102802267,0.7405980028701514,0.010490790009498596,-0.0005898922681808472,False,0.5180848551637279,0.45307944979630316,0.6788659083753149,10,False,0.6167787584241912,0.6121205898805822,0.004562348127365112,0.005338549613952637,False,0.12766156328715364,0.5409481166833384,0.001641601324081421,0.008259296417236328,False,0.34577692065491183,0.5409481166833384,0.001641601324081421,0.008259296417236328,False,0.34577692065491183,0.5182130780576473,0.0007288455963134766,0.009172052145004272,False,0.42973669710327456,0.5321784794901316,0.0012889206409454346,0.008611977100372314,False,0.5361943088790933,0.5499290502822491,0.5361943088790933,8,False,0.5813881135895965,-0.09684960048594599,0.03539064483459464
replace_att:580,000000385190.jpg,replace_att,a street corner is boarded by painted walls,A street corner is boarded by unpainted walls.,0.299369215965271,0.28542280197143555,0.01394641399383545,0.8013321824540506,12,6.245004513516506e-17,1.2637658000021474,0.00028810000003431924,0.0001354000014543999,0.7215572199653943,0.00952199101448059,0.004424422979354858,False,0.10405866666666666,0.6968702842472904,0.008324384689331055,0.0056220293045043945,False,0.22153066666666665,0.5360284344394584,0.0014436393976211548,0.012502774596214294,False,0.3751466666666667,0.5081528202202286,0.00032614171504974365,0.013620272278785706,False,0.4431306666666667,0.47974067582163993,-0.0008108168840408325,0.014757230877876282,True,0.5235893333333334,0.5906159408255857,0.70048,8,False,0.6350021321445578,0.8300852533344573,0.015862315893173218,-0.0019159018993377686,False,0.109584,0.7882239021561326,0.013142526149749756,0.0008038878440856934,False,0.227056,0.5448729964778989,0.00179976224899292,0.01214665174484253,False,0.33111466666666667,0.5631195445715633,0.002538323402404785,0.011408090591430664,False,0.47997866666666666,0.543673248731801,0.0017513930797576904,0.012195020914077759,False,0.574272,0.6195630732537916,0.574272,6,False,0.6764277960645111,-0.0289471324282059,-0.04142566391995328
replace_obj:1548,000000430875.jpg,replace_obj,The traffic lights glow green in the night sky.,A billboard glows in the night sky.,0.26992854475975037,0.24209584295749664,0.027832701802253723,0.9417650523505063,14,2.3418766925686896e-17,1.2129782999982126,0.00029379999978118576,0.00013810000018565916,0.9398930851902892,0.02749641239643097,0.0003362894058227539,False,0.17217066666666667,0.3551671561114839,-0.005964025855064392,0.033796727657318115,True,0.23566933333333334,0.010240424864177713,-0.04571118950843811,0.07354389131069183,True,0.361584,0.03246322725572401,-0.033946454524993896,0.06177915632724762,True,0.43450133333333335,0.030891247171661185,-0.03445903956890106,0.062291741371154785,True,0.501744,0.23643147013399507,0.7865973333333334,11,False,0.45798753766932027,0.9555692563072268,0.03068375587463379,-0.002851054072380066,False,0.12070933333333334,0.07536778926708942,-0.025070160627365112,0.052902862429618835,True,0.25408,0.012181557128657552,-0.04395575821399689,0.07178846001625061,True,0.32159466666666664,0.18522857909221124,-0.014813169836997986,0.04264587163925171,True,0.45754133333333336,0.01804395517341753,-0.039967358112335205,0.06780005991458893,True,0.567856,0.2643184850701818,0.45754133333333336,7,False,0.3713042813920595,-0.027887014936186727,0.08668325627726076
replace_rel:1050,000000423229.jpg,replace_rel,An old fashioned train riding on train tracks in a wooded area.,An old fashioned train passing by train tracks in a wooded area.,0.28155794739723206,0.27341246604919434,0.00814548134803772,0.6930778365195802,14,3.9898639947466563e-17,1.0621051999987685,0.00023940000028233044,0.00012309999874560162,0.5645648442729947,0.0025970935821533203,0.005548387765884399,False,0.15622688609467456,0.5518227508677861,0.002080380916595459,0.006065100431442261,False,0.2109086076183432,0.5473669062828534,0.0019003748893737793,0.00624510645866394,False,0.3425076275887574,0.5059728463326852,0.00023892521858215332,0.007906556129455566,False,0.43959758690828404,0.21517570848318887,-0.012940049171447754,0.021085530519485474,True,0.5114124907544378,0.406544490049486,0.754547660872781,10,False,0.5438215825652509,0.5933246588026116,0.0037772655487060547,0.004368215799331665,False,0.15511741863905326,0.4014252835495529,-0.003995299339294434,0.012140780687332153,True,0.2280417899408284,0.32895543282241047,-0.0071291327476501465,0.015274614095687866,True,0.3414097170857988,0.3040862236695738,-0.008279144763946533,0.016424626111984253,True,0.4323629345414201,0.2525669360807997,-0.010849684476852417,0.018995165824890137,True,0.5294528938609467,0.3850575491805973,0.3414097170857988,5,False,0.4405583589866278,0.021486940868888693,0.10326322357862311
swap_att:655,000000194506.jpg,swap_att,Two brown bears swimming in a lake next to green and yellow plants.,Two green/yellow bears swimming in a lake next to brown plants.,0.3306105434894562,0.29850655794143677,0.03210398554801941,0.9612237234751577,16,3.469446951953614e-17,1.2435445999981312,0.00024189999749069102,0.0001205000007757917,0.9196920095128314,0.024381697177886963,0.007722288370132446,False,0.12960309359296482,0.6893184583628639,0.00796934962272644,0.02413463592529297,False,0.22997801507537688,0.44700120248469544,-0.0021279454231262207,0.03423193097114563,True,0.3653227072864322,0.40595859602861983,-0.003806978464126587,0.035910964012145996,True,0.40628435144472363,0.17453757703918027,-0.015538036823272705,0.047642022371292114,True,0.5309555590452262,0.40651135876608896,0.5309555590452262,9,False,0.627530390437133,0.8810004288971647,0.02001938223838806,0.012084603309631348,False,0.14101758793969849,0.8750556971553075,0.019464194774627686,0.012639790773391724,False,0.2117079538316583,0.5602176742034954,0.00242045521736145,0.02968353033065796,False,0.32412551036432163,0.4447451011451726,-0.002219259738922119,0.03432324528694153,True,0.44225031407035176,0.46239801353045995,-0.0015069246292114258,0.033610910177230835,True,0.500211016017588,0.6046156518434266,0.500211016017588,8,False,0.7162596579173067,-0.19810429307733762,-0.08872926748017373
swap_obj:167,000000290843.jpg,swap_obj,A woman sitting on a laptop computer next to a cat.,A cat sitting on a laptop computer next to a woman.,0.32502150535583496,0.3221045136451721,0.002916991710662842,0.5724120671585883,15,2.5587171270657905e-17,1.2701315999984217,0.00029229999927338213,0.0001427000024705194,0.43755143439804667,-0.002511054277420044,0.005428045988082886,True,0.1392486750730994,0.5996312190801991,0.004039287567138672,-0.00112229585647583,False,0.24190766630116958,0.628913311515168,0.0052755773067474365,-0.0023585855960845947,False,0.3280793128654971,0.6850287249360486,0.007769793272018433,-0.004852801561355591,False,0.46014939692982454,0.652155953572222,0.0062852948904037476,-0.0033683031797409058,False,0.5425404331140351,0.5966260421236222,0.8157609192251462,12,False,0.5867601139982039,0.5383953348043815,0.0015388429164886475,0.0013781487941741943,False,0.16551877741228072,0.5169182777957526,0.0006769895553588867,0.002240002155303955,False,0.21028074744152048,0.4821247377541574,-0.0007153153419494629,0.0036323070526123047,True,0.32723981176900585,0.5478604609179222,0.0019202977418899536,0.0009966939687728882,False,0.519913879751462,0.5478604609179222,0.0019202977418899536,0.0009966939687728882,False,0.519913879751462,0.5123266764079741,0.3878437956871345,6,False,0.5254675377348543,0.08429936571564811,0.06129257626334961
add_att:292,000000404805.jpg,add_att,a white woman with a blue surf board ,A tattooed white woman with a blue surf board.,0.31877249479293823,0.3002726137638092,0.01849988102912903,0.8641257061305735,15,3.209238430557093e-17,1.2605075999999826,0.00036699999691336416,0.0001857999995991122,0.9333862194634746,0.026399075984954834,-0.007899194955825806,False,0.1394485562865497,0.9300973480317163,0.025881856679916382,-0.0073819756507873535,False,0.26147889254385964,0.9190351669277355,0.024293094873428345,-0.005793213844299316,False,0.34549753289473684,0.8989798612573132,0.021859407424926758,-0.0033595263957977295,False,0.41795732821637427,0.9385959628936614,0.027269095182418823,-0.008769214153289795,False,0.5165558753654971,0.9340586401127785,0.6976368329678363,11,False,0.9160079526216666,0.9086145909083279,0.0229683518409729,-0.004468470811843872,False,0.12165341739766082,0.8779850455766393,0.019734859466552734,-0.001234978437423706,False,0.2549570540935672,0.8851566085020487,0.02042195200920105,-0.0019220709800720215,False,0.36696477521929827,0.8807317779632485,0.01999378204345703,-0.001493901014328003,False,0.42378814875730997,0.9542767484716119,0.03038346767425537,-0.011883586645126343,False,0.5662006578947368,0.8988002517951399,0.4846377010233918,7,False,0.8945391154735844,0.03525838831763861,0.02146883714808212
add_obj:1123,000000580757.jpg,add_obj,"A red, white and blue fire hydrant on a city sidewalk.","A red, white and blue fire hydrant and a trash can on a city sidewalk.",0.3252973258495331,0.30619749426841736,0.019099831581115723,0.8710172557434902,13,5.117434254131581e-17,1.0097574999999779,0.00024200000189011917,0.00010690000272006728,0.7237868931230367,0.009633243083953857,0.009466588497161865,False,0.1705422794117647,0.7072524865089346,0.008820772171020508,0.010279059410095215,False,0.22530445772058824,0.6188308523827365,0.0048458874225616455,0.014253944158554077,False,0.3137522977941177,0.8004886915882301,0.01389351487159729,0.005206316709518433,False,0.4202205882352941,0.7001139018787517,0.008478403091430664,0.010621428489685059,False,0.5020680147058824,0.7251057481340945,0.7816119025735294,10,False,0.7385159804696283,0.7322245845336723,0.010059386491775513,0.00904044508934021,False,0.18579388786764706,0.6509945927344262,0.0062341392040252686,0.012865692377090454,False,0.2589901194852941,0.6016493019127935,0.004123419523239136,0.014976412057876587,False,0.31908892463235294,0.4794881490870826,-0.0008209347724914551,0.019920766353607178,True,0.47059972426470587,0.5595497640960757,0.0023933500051498413,0.01670648157596588,False,0.5253619025735294,0.6225384877367319,0.5253619025735294,7,False,0.6615490016407399,0.10256726039736253,0.07696697882888837
replace_att:68,000000438862.jpg,replace_att,Soccer players in orange and grey uniforms on a field. ,Soccer players in orange and purple uniforms on a field.,0.3238546848297119,0.28809744119644165,0.035757243633270264,0.9727672450071867,10,3.8163916471489756e-17,1.1478061000016169,0.0002803999996103812,0.00013310000213095918,0.9301171093338478,0.025884896516799927,0.009872347116470337,False,0.13157323647660818,0.9140842045859006,0.0236455500125885,0.012111693620681763,False,0.23064578764619884,0.9388390696813167,0.027311354875564575,0.008445888757705688,False,0.3447265625,0.9112616504519663,0.02329137921333313,0.012465864419937134,False,0.5084235654239766,0.9112616504519663,0.02329137921333313,0.012465864419937134,False,0.5084235654239766,0.8322422495436373,0.6964261239035088,7,False,0.9316221296789466,0.9252982369689924,0.02516612410545349,0.010591119527816772,False,0.1636970029239766,0.8697770668159437,0.018989890813827515,0.01676735281944275,False,0.21635713633040934,0.8581892803417658,0.01800331473350525,0.017753928899765015,False,0.30452759502923976,0.7303681698774633,0.009964913129806519,0.025792330503463745,False,0.49752147295321636,0.7191161151302791,0.009400814771652222,0.026356428861618042,False,0.596594024122807,0.7988070311089444,0.6798816703216374,7,False,0.8446096514002913,0.03343521843469299,0.08701247827865533
replace_obj:871,000000029393.jpg,replace_obj,A dog standing on a bench with an orange tree in back.,A squirrel standing on a bench with an orange tree in back.,0.30550605058670044,0.21793323755264282,0.08757281303405762,0.999842713032527,13,2.7755575615628914e-17,1.2751162000022305,0.00028790000214939937,0.0001384999995934777,0.9998302282748213,0.08680886030197144,0.0007639527320861816,False,0.14669333333333334,0.9997019265408047,0.08117872476577759,0.006394088268280029,False,0.226272,0.758947079598111,0.011469155550003052,0.07610365748405457,False,0.36512,0.6863864987139315,0.00783279538154602,0.0797400176525116,False,0.44371733333333335,0.6476334332068568,0.006086528301239014,0.0814862847328186,False,0.5303413333333333,0.6485917623679883,0.6409653333333334,8,False,0.8728352279068653,0.9870949037620094,0.04337143898010254,0.04420137405395508,False,0.138848,0.975422976143626,0.03681059181690216,0.05076222121715546,False,0.2855413333333333,0.9185796211964348,0.024232029914855957,0.06334078311920166,False,0.37453333333333333,0.8664771119299997,0.018701627850532532,0.06887118518352509,False,0.4531306666666667,0.7235851671595752,0.009623154997825623,0.077949658036232,False,0.5397546666666667,0.691932081142138,0.734736,9,False,0.9359436789702441,-0.04334031877414968,-0.06310845106337881
replace_rel:1397,000000000785.jpg,replace_rel,A young woman is skiing down the mountain slope. ,A young woman is hiking up the mountain slope.,0.3390542268753052,0.2590509057044983,0.08000332117080688,0.9996647611892159,14,6.245004513516506e-17,1.2456356000002415,0.0002922000021499116,0.00014040000314707868,0.9998323626843548,0.08693540096282959,-0.006932079792022705,False,0.1595990349264706,0.9996245692188386,0.07887060940265656,0.0011327117681503296,False,0.22572380514705884,0.9996073852093427,0.07842288911342621,0.0015804320573806763,False,0.36534352022058825,0.9988629079233222,0.06778143346309662,0.012221887707710266,False,0.4397518382352941,0.9969005553859721,0.057734280824661255,0.02226904034614563,False,0.5075022977941176,0.9960592729976329,0.6737419577205882,9,False,0.9993849750359926,0.9998426903000035,0.08757136762142181,-0.007568046450614929,False,0.16491842830882353,0.9998075988547552,0.08555735647678375,-0.005554035305976868,False,0.23266888786764706,0.9998507354434771,0.08809641003608704,-0.008093088865280151,False,0.3893899356617647,0.9996156349999008,0.0786353349685669,0.0013679862022399902,False,0.45551470588235293,0.9991145990594706,0.0702858418226242,0.009717479348182678,False,0.5299230238970588,0.9901776888711037,0.7913258272058824,11,False,0.9997280390683778,0.005881584126529171,-0.00034306403238526517
swap_att:374,000000047112.jpg,swap_att,A large pizza on a white plate sitting on a blue table.,A large pizza on a blue plate sitting on a white table.,0.34436333179473877,0.33865493535995483,0.0057083964347839355,0.638956895917472,14,7.632783294297951e-17,1.2885099000013724,0.00029070000164210796,0.00014229999942472205,0.6531123032237639,0.00632748007774353,-0.0006190836429595947,False,0.15503438313802084,0.6343793737840275,0.005510509014129639,0.00019788742065429688,False,0.2310028076171875,0.6513384862655859,0.006249278783798218,-0.0005408823490142822,False,0.3665822347005208,0.6578663552474602,0.00653800368309021,-0.0008296072483062744,False,0.4648335774739583,0.6919539545045662,0.008092701435089111,-0.0023843050003051758,False,0.5313669840494791,0.6660415318729873,0.8226267496744791,11,False,0.6500966761468961,0.6181677260502108,0.004817783832550049,0.0008906126022338867,False,0.187774658203125,0.6401825102053508,0.005761563777923584,-5.316734313964844e-05,False,0.2543080647786458,0.6593070814834071,0.006602078676223755,-0.0008936822414398193,False,0.3288472493489583,0.7388355765174854,0.01039925217628479,-0.0046908557415008545,False,0.455902099609375,0.7804629021820579,0.012683659791946411,-0.006975263357162476,False,0.5214131673177084,0.6830106210463872,0.7283274332682291,10,False,0.6653195828849884,-0.0169690891733999,-0.015222906738092234
swap_obj:17,000000338624.jpg,swap_obj,A man walks a dog past rows of chairs outside a store.,A dog walks a man past rows of chairs outside a store.,0.34658220410346985,0.34088146686553955,0.005700737237930298,0.6387801863553006,13,5.551115123125783e-17,1.1942581000002974,0.00028789999851142056,0.0001368000012007542,0.6276284539370478,0.005220562219619751,0.0004801750183105469,False,0.1306830512152778,0.5887605226814655,0.003588438034057617,0.0021122992038726807,False,0.21087646484375,0.5545990634548137,0.0021927058696746826,0.0035080313682556152,False,0.3374498155381944,0.5041707382804747,0.00016683340072631836,0.0055339038372039795,False,0.47100830078125,0.46494896112876294,-0.0014043450355529785,0.007105082273483276,True,0.6140475802951388,0.4295033241548678,0.8536173502604166,11,False,0.5600491227708584,0.5770200216880946,0.0031055212020874023,0.0025952160358428955,False,0.13106282552083334,0.6296176094230828,0.005305767059326172,0.000394970178604126,False,0.2018093532986111,0.3871006369019243,-0.004595160484313965,0.010295897722244263,True,0.3586290147569444,0.4249574897290175,-0.003024548292160034,0.008725285530090332,True,0.4155612521701389,0.35263661443305294,-0.006074696779251099,0.011775434017181396,True,0.5586005316840278,0.3876141270781249,0.7782389322916666,10,False,0.5026957186148415,0.04188919707674288,0.05735340415601686
add_att:278,000000361268.jpg,add_att,"Why would the cow be grazing in front of those homes?
",Why would the striped cow be grazing in front of those homes?,0.3278873562812805,0.32540178298950195,0.0024855732917785645,0.5618213786333449,14,2.862293735361732e-17,1.227238600000419,0.00029770000037387945,0.0001427000024705194,0.693564500853971,0.00816836953163147,-0.005682796239852905,False,0.15416971842447916,0.6833680022985187,0.007692933082580566,-0.005207359790802002,False,0.24298604329427084,0.7385646332389818,0.010385215282440186,-0.007899641990661621,False,0.3076934814453125,0.49048117086988263,-0.00038079917430877686,0.0028663724660873413,True,0.4232737223307292,0.6296641724137014,0.0053077638149261475,-0.002822190523147583,False,0.5521036783854166,0.5669696924896932,0.874908447265625,12,False,0.6286932959008134,0.5990837564787994,0.004016488790512085,-0.0015309154987335205,False,0.15079752604166666,0.6581748496954131,0.00655171275138855,-0.004066139459609985,False,0.23961385091145834,0.5785169830105141,0.003166884183883667,-0.0006813108921051025,False,0.3008931477864583,0.52087704773321,0.0008355677127838135,0.001650005578994751,False,0.4698028564453125,0.4346345551866859,-0.0026296675205230713,0.005115240812301636,True,0.5127665201822916,0.5086452005853822,0.5127665201822916,7,False,0.5745897868961699,0.05832449190431099,0.054103509004643446
add_obj:142,000000091779.jpg,add_obj,Three hotdogs are prepared and loaded in different ways.,Three hotdogs and sushi rolls are prepared and loaded in different ways.,0.29569458961486816,0.25801149010658264,0.03768309950828552,0.9774301072940115,13,2.1196152472091612e-17,1.1926275000005262,0.00023700000019744039,0.00010630000178935006,0.9884949424115473,0.04453396797180176,-0.006850868463516235,False,0.14874776204427084,0.9810996973962216,0.03949496150016785,-0.0018118619918823242,False,0.22456868489583334,0.9458779799503003,0.02860872447490692,0.009074375033378601,False,0.3986714680989583,0.9218127789570866,0.024672359228134155,0.013010740280151367,False,0.457489013671875,0.6559772828532863,0.006454184651374817,0.031228914856910706,False,0.5057525634765625,0.8520975558215853,0.7257944742838541,9,False,0.9523019434236453,0.9292074288349745,0.025745779275894165,0.011937320232391357,False,0.10708109537760417,0.8977403562140697,0.021723657846450806,0.015959441661834717,False,0.2928059895833333,0.8810441640472539,0.02002355456352234,0.017659544944763184,False,0.3635152180989583,0.8563034088902062,0.017849206924438477,0.019833892583847046,False,0.4284261067708333,0.7099410688459793,0.008950978517532349,0.028732120990753174,False,0.5758260091145834,0.812976189362139,0.6516469319661459,9,False,0.8795087472606569,0.039121366459446305,0.0727931961629884
replace_att:406,000000075456.jpg,replace_att,A pizza with Canadian bacon and pineapple in a fluted pan.,A pizza with Canadian bacon and mushrooms in a fluted pan.,0.3392772674560547,0.3148500919342041,0.024427175521850586,0.9200272657943122,14,6.245004513516506e-17,1.2295242000000144,0.00031369999851449393,0.00014089999967836775,0.9604949830915049,0.031910210847854614,-0.007483035326004028,False,0.13796943530701755,0.9207104835986258,0.024520397186279297,-9.322166442871094e-05,False,0.2169796235380117,0.981272005115306,0.03958830237388611,-0.015161126852035522,False,0.3046875,0.9316584110479607,0.02612447738647461,-0.0016973018646240234,False,0.44431880482456143,0.932498280911536,0.026257142424583435,-0.0018299669027328491,False,0.5195141173245614,0.9361772736691212,0.719046966374269,9,False,0.9452953514372742,0.9903520940826243,0.046313196420669556,-0.02188602089881897,False,0.1765236659356725,0.9839611253664173,0.041165709495544434,-0.016738533973693848,False,0.2555338541666667,0.9887857791755319,0.04479295015335083,-0.020365774631500244,False,0.3077256944444444,0.9902901916545629,0.04624861478805542,-0.021821439266204834,False,0.40723227339181284,0.9375994850005644,0.027097493410110474,-0.0026703178882598877,False,0.5468635782163743,0.9605585633463933,0.6698590551900585,9,False,0.9712696868242172,-0.024381289677272155,-0.025974335386943048
replace_obj:1400,000000361103.jpg,replace_obj,There are pedestrians walking passed a traffic light.,There are pedestrians walking passed a fountain.,0.26715078949928284,0.23048552870750427,0.036665260791778564,0.975072156398872,8,9.540979117872439e-18,1.2939269999988028,0.0002818000029947143,0.00012229999992996454,0.9425920071579466,0.02798449993133545,0.008680760860443115,False,0.36434347587719296,0.9425920071579466,0.02798449993133545,0.008680760860443115,False,0.36434347587719296,0.9425920071579466,0.02798449993133545,0.008680760860443115,False,0.36434347587719296,0.6827050458975081,0.0076623111963272095,0.029002949595451355,False,0.4420344480994152,0.5469637244356063,0.0018841028213500977,0.03478115797042847,False,0.5403645833333334,0.6693554758247259,0.9247076023391813,7,False,0.875217270682519,0.9425920071579466,0.02798449993133545,0.008680760860443115,False,0.36434347587719296,0.9425920071579466,0.02798449993133545,0.008680760860443115,False,0.36434347587719296,0.9425920071579466,0.02798449993133545,0.008680760860443115,False,0.36434347587719296,0.9303681307402376,0.025923579931259155,0.01074168086051941,False,0.4626736111111111,0.5469637244356063,0.0018841028213500977,0.03478115797042847,False,0.5403645833333334,0.6490306691243465,0.637952302631579,4,False,0.9231102754108064,0.020324806700379394,-0.04789300472828739
replace_rel:371,000000550322.jpg,replace_rel,Scissors and other utensils in a cup sitting on a desk. ,Scissors and other utensils in a cup next to a desk.,0.3486293852329254,0.3446655571460724,0.003963828086853027,0.5978182816337084,11,3.621235256101585e-17,1.1224847000012232,0.00028080000265617855,0.00013310000213095918,0.45810105524846584,-0.0016798973083496094,0.005643725395202637,True,0.12217881944444445,0.6161961522714282,0.004734337329864502,-0.0007705092430114746,False,0.28304322002923976,0.7390074823709948,0.010408163070678711,-0.006444334983825684,False,0.38655884502923976,0.7055369430872241,0.00873805582523346,-0.004774227738380432,False,0.47940081323099415,0.7045378776583251,0.008690014481544495,-0.004726186394691467,False,0.5604383680555556,0.6245605033335505,0.8611510873538012,9,False,0.616031090988912,0.45810105524846584,-0.0016798973083496094,0.005643725395202637,True,0.12217881944444445,0.6165090443385667,0.004747569561004639,-0.0007837414741516113,False,0.20321637426900585,0.6210308157738518,0.004939258098602295,-0.0009754300117492676,False,0.30782277960526316,0.5244147470749425,0.0009773671627044678,0.0029864609241485596,False,0.4573167945906433,0.7442802967847835,0.01068335771560669,-0.006719529628753662,False,0.6181811951754386,0.6063417934057147,0.27027366593567254,3,False,0.5830605398783513,0.018218709927835808,0.032970551110560686
swap_att:431,000000551804.jpg,swap_att,A tennis player is taking a swing on a red court.,A red player is taking a swing on a tennis court.,0.30176883935928345,0.3011643588542938,0.000604480504989624,0.5151074127394702,14,2.927345865710862e-17,1.010039599997981,0.0002882999979192391,0.0001388000018778257,0.5753847636047059,0.003038555383682251,-0.002434074878692627,False,0.16603846856725146,0.38701296372874866,-0.004598855972290039,0.005203336477279663,True,0.23661366959064328,0.4165647871437384,-0.0033689141273498535,0.0039733946323394775,True,0.3062465734649123,0.5528676635514035,0.002122640609741211,-0.001518160104751587,False,0.44078376279239767,0.5582673180546648,0.002341330051422119,-0.0017368495464324951,False,0.5111705043859649,0.5453728415986789,0.6391001918859649,9,False,0.5023519724368947,0.3101137915702158,-0.00799587368965149,0.008600354194641113,True,0.15597587719298245,0.24508135187044583,-0.011250197887420654,0.011854678392410278,True,0.2205717744883041,0.36253565458994813,-0.005643755197525024,0.0062482357025146484,True,0.35408671418128657,0.19723650503410356,-0.014036566019058228,0.014641046524047852,True,0.4246619152046784,0.12461460211171362,-0.01949438452720642,0.020098865032196045,True,0.57035247624269,0.23468907338717127,0.4979383680555556,7,False,0.2911367733819176,0.31068376821150767,0.21121519905497704
swap_obj:235,000000303893.jpg,swap_obj,A girl in a floral dress sitting next to a boy in a blue shirt eating food. ,A boy in a floral dress sitting next to a girl in a blue shirt eating food.,0.290682852268219,0.29026058316230774,0.0004222691059112549,0.510555159275146,11,2.916503843986007e-17,1.2663274000005913,0.0002858000007108785,0.00013449999823933467,0.5004675237962027,1.870095729827881e-05,0.0004035681486129761,False,0.17342265168128654,0.6307497247935839,0.005354344844818115,-0.00493207573890686,False,0.28373994883040937,0.6292436282376785,0.005289733409881592,-0.004867464303970337,False,0.3795630025584795,0.5783774531916821,0.0031611621379852295,-0.0027388930320739746,False,0.4608232821637427,0.5641904312469496,0.002581864595413208,-0.002159595489501953,False,0.5233861019736842,0.5557674117616442,0.8315172697368421,9,False,0.5640934750730067,0.5164337845681259,0.0006575882434844971,-0.0002353191375732422,False,0.17708333333333334,0.48567198699831216,-0.000573277473449707,0.000995546579360962,True,0.23964615314327486,0.5195634278181724,0.0007829368114471436,-0.00036066770553588867,False,0.30203193530701755,0.5283629364066594,0.0011357367038726807,-0.0007134675979614258,False,0.447054322002924,0.6579877570545671,0.006543397903442383,-0.006121128797531128,False,0.539319490131579,0.5166955759725076,0.30203193530701755,4,False,0.5272396278277728,0.039071835789136644,0.036853847245233884
add_att:348,000000544565.jpg,add_att,a plate of scones covered with chocolate sauce,A crystal plate of scones covered with chocolate sauce.,0.26333656907081604,0.2628057599067688,0.0005308091640472412,0.51326711414709,15,7.632783294297951e-17,1.500437200000306,0.0003065999990212731,0.00014630000077886507,0.40416956774080215,-0.003881216049194336,0.004412025213241577,True,0.10895156860351562,0.35777224315894457,-0.005850464105606079,0.00638127326965332,True,0.24557113647460938,0.2723388932747732,-0.009827882051467896,0.010358691215515137,True,0.360321044921875,0.19700538954485233,-0.014051169157028198,0.01458197832107544,True,0.412506103515625,0.224184727733269,-0.012414440512657166,0.012945249676704407,True,0.5175552368164062,0.3298378812943433,0.846160888671875,12,False,0.33339044113317096,0.2846445237250582,-0.009215384721755981,0.009746193885803223,True,0.217437744140625,0.2846445237250582,-0.009215384721755981,0.009746193885803223,True,0.217437744140625,0.33412163882781687,-0.006896018981933594,0.007426828145980835,True,0.34229278564453125,0.292545163290327,-0.008830547332763672,0.009361356496810913,True,0.42206573486328125,0.17303581262314746,-0.015642628073692322,0.016173437237739563,True,0.5904960632324219,0.31723060780696033,0.42206573486328125,6,False,0.3210531117105537,0.012607273487382997,0.012337329422617282
add_obj:1484,000000099182.jpg,add_obj,A man sitting on a bed flipping through pages of a book. ,A man sitting on a bed flipping through pages of a book and typing on a laptop.,0.3128849267959595,0.3024444282054901,0.01044049859046936,0.7396306729064325,13,2.5587171270657905e-17,1.3175136999998358,0.0002982000005431473,0.0001374000021314714,0.6443634564077103,0.0059435367584228516,0.004496961832046509,False,0.11651497005988024,0.4230734492785574,-0.0031016916036605835,0.013542190194129944,True,0.2641736526946108,0.7768437890739547,0.01247367262840271,-0.0020331740379333496,False,0.3929760479041916,0.8406424207447041,0.016630157828330994,-0.006189659237861633,False,0.48983233532934134,0.8271683637979154,0.015656903386116028,-0.0052164047956466675,False,0.556377245508982,0.7337726931871893,0.8251437125748503,10,False,0.6659803911226965,0.48924972412355183,-0.00043007731437683105,0.010870575904846191,True,0.13519760479041917,0.5130727889105706,0.0005230307579040527,0.009917467832565308,False,0.2550059880239521,0.3223298760100002,-0.007430851459503174,0.017871350049972534,True,0.3873473053892216,0.30521977759455243,-0.008225634694099426,0.018666133284568787,True,0.4538922155688623,0.5127202386348555,0.000508919358253479,0.009931579232215881,False,0.550748502994012,0.3752187738768108,0.4538922155688623,6,False,0.4700598899886803,0.3585539193103785,0.19592050113401616
replace_att:99,000000405249.jpg,replace_att,A group of young children sitting around a chocolate cake.,A group of young children sitting around a vanilla cake.,0.36586225032806396,0.35280153155326843,0.013060718774795532,0.786855096482402,12,7.112366251504909e-17,1.1442005000026256,0.0004576999999699183,0.00023440000222763047,0.7468272272768275,0.010817617177963257,0.0022431015968322754,False,0.11787733333333333,0.538147943394733,0.0015288889408111572,0.011531829833984375,False,0.23375466666666667,0.6220108804982009,0.004980921745300293,0.00807979702949524,False,0.33712533333333333,0.6656084434754229,0.006883889436721802,0.0061768293380737305,False,0.40319466666666665,0.41911330823684256,-0.0032641440629959106,0.016324862837791443,True,0.5120213333333333,0.5282438938710541,0.8159253333333333,10,False,0.6374058993261039,0.7468272272768275,0.010817617177963257,0.0022431015968322754,False,0.11787733333333333,0.7563109873208248,0.011325597763061523,0.0017351210117340088,False,0.21703466666666665,0.664510415176324,0.006834596395492554,0.0062261223793029785,False,0.3564906666666667,0.5939508443823821,0.0038032233715057373,0.009257495403289795,False,0.45986133333333334,0.3196955073930429,-0.007551714777946472,0.020612433552742004,True,0.568688,0.69675286558599,0.3564906666666667,5,False,0.6660000384037085,-0.16850897171493595,-0.028594139077604552
replace_obj:1188,000000022969.jpg,replace_obj,A large giraffe looks at a smaller giraffe looking over a fence.,A large rhinoceros looks at a smaller giraffe looking over a fence.,0.3415704667568207,0.3037944436073303,0.037776023149490356,0.977634194532118,14,1.3183898417423734e-16,0.8537237999989884,0.00023189999774331227,0.00011040000026696362,0.8662074233511218,0.018678337335586548,0.01909768581390381,False,0.17599466666666666,0.7422463612136645,0.010576769709587097,0.02719925343990326,False,0.252784,0.6759958076900721,0.007354304194450378,0.030421718955039978,False,0.34431466666666666,0.5325531572172435,0.0013039708137512207,0.036472052335739136,False,0.40415466666666666,0.553462863990128,0.0021467208862304688,0.03562930226325989,False,0.5392693333333334,0.6320465760944636,0.837232,11,False,0.7388584129192846,0.8766932029925149,0.019614815711975098,0.01816120743751526,False,0.15535466666666667,0.7422463612136645,0.010576769709587097,0.02719925343990326,False,0.252784,0.6205954983703862,0.00492076575756073,0.032855257391929626,False,0.3320053333333333,0.4193491335064694,-0.0032544583082199097,0.041030481457710266,True,0.4630026666666667,0.49487976747738,-0.00020481646060943604,0.03798083961009979,True,0.516496,0.5789280434464137,0.6177546666666667,9,False,0.7153123664986862,0.05311853264804989,0.02354604642059832
replace_rel:1066,000000318080.jpg,replace_rel,Two bears in the water with their mouths open growling at each other.,Two bears in the water splashing at each other.,0.3493674397468567,0.31252679228782654,0.03684064745903015,0.9754949256518866,14,4.5102810375396984e-17,1.3132091000006767,0.00029569999969680794,0.00014509999891743064,0.8240573684751408,0.015440821647644043,0.02139982581138611,False,0.1591339111328125,0.7365843182437993,0.010282903909683228,0.026557743549346924,False,0.2541300455729167,0.3939748008824688,-0.00430634617805481,0.04114699363708496,True,0.3419748942057292,0.597579650016012,0.003953903913497925,0.03288674354553223,False,0.4360758463541667,0.6152396154854844,0.004693910479545593,0.03214673697948456,False,0.5063120524088541,0.7166888313639238,0.9022979736328125,12,False,0.7035469872485864,0.8983251786491965,0.021787524223327637,0.015053123235702515,False,0.18053181966145834,0.7365843182437993,0.010282903909683228,0.026557743549346924,False,0.2541300455729167,0.7901462135177061,0.01325806975364685,0.0235825777053833,False,0.3227996826171875,0.7063959105798213,0.008779436349868774,0.028061211109161377,False,0.4599202473958333,0.7768698785926711,0.012475177645683289,0.024365469813346863,False,0.5625762939453125,0.802732011871899,0.6317087809244791,9,False,0.8184877555584064,-0.08604318050797521,-0.11494076830981992
swap_att:314,000000295420.jpg,swap_att,a blue garbage truck outside a big house.,a big garbage truck outside a blue house.,0.2992740869522095,0.2799111306667328,0.019362956285476685,0.8739446148159243,14,3.165870343657673e-17,1.2092656000022544,0.0002396000018052291,0.00010909999764407985,0.755070800433373,0.011258423328399658,0.008104532957077026,False,0.15895589192708334,0.871176210664947,0.019113987684249878,0.00024896860122680664,False,0.22803243001302084,0.4662369978921039,-0.0013525784015655518,0.020715534687042236,True,0.3147430419921875,0.14126736618061028,-0.018048033118247986,0.03741098940372467,True,0.4872029622395833,0.09374996864504252,-0.02268683910369873,0.042049795389175415,True,0.5680694580078125,0.34146260613192697,0.6953125,10,False,0.5378040936409864,0.2740360085770287,-0.009742408990859985,0.02910536527633667,True,0.15578715006510416,0.5868979491722413,0.003511562943458557,0.015851393342018127,False,0.24296061197916666,0.3628987000682381,-0.005628049373626709,0.024991005659103394,True,0.3238271077473958,0.11593685966356973,-0.02031482756137848,0.039677783846855164,True,0.4239145914713542,0.1529528895566801,-0.017116263508796692,0.036479219794273376,True,0.5367228190104166,0.41185333540179203,0.3238271077473958,5,False,0.3809753438948495,-0.07039072926986506,0.15682874974613686
swap_obj:169,000000578500.jpg,swap_obj,A well-lit and well-decorated living room shows a glimpse of a glass front door through the corridor. ,A well-lit and well-decorated glass front door shows a glimpse of a living room through the corridor.,0.28727442026138306,0.2625880837440491,0.024686336517333984,0.9219134594670256,15,3.729655473350135e-17,0.9973110999999335,0.00029429999995045364,0.0001429999974789098,0.9097186529036454,0.0231020450592041,0.0015842914581298828,False,0.172119140625,0.8842583393272074,0.02033388614654541,0.004352450370788574,False,0.24193494073275862,0.9156962745290838,0.02385258674621582,0.0008337497711181641,False,0.31719760237068967,0.6694060512280563,0.007054999470710754,0.01763133704662323,False,0.4291487068965517,0.5223699532485999,0.0008953958749771118,0.023790940642356873,False,0.5342807112068966,0.706310423195116,0.5655559671336207,9,False,0.8223430436155482,0.8750895804097315,0.019467294216156006,0.0052190423011779785,False,0.11735587284482758,0.7849209068884867,0.012945771217346191,0.011740565299987793,False,0.20360486260775862,0.7741264296606988,0.01231759786605835,0.012368738651275635,False,0.3601158405172414,0.7741264296606988,0.01231759786605835,0.012368738651275635,False,0.4191978717672414,0.7742277689864201,0.012323394417762756,0.012362942099571228,False,0.5641332165948276,0.7678188236908072,0.7398639547413793,10,False,0.8100536210521163,-0.06150840049569117,0.012289422563431907
add_att:684,000000581615.jpg,add_att,A wall urinal in a stall with an auto sensor flushing system.,A wooden wall urinal in a stall with an auto sensor flushing system.,0.31327515840530396,0.29319843649864197,0.020076721906661987,0.8816002583143275,13,4.163336342344337e-17,1.0937984000011056,0.00023540000256616622,0.00010679999832063913,0.865903538197017,0.018652141094207764,0.0014245808124542236,False,0.11440608638743456,0.8960185197955894,0.021537482738494873,-0.0014607608318328857,False,0.21749734129581152,0.9089996508008824,0.023014813661575317,-0.00293809175491333,False,0.36702900032722513,0.9303472763785069,0.025920361280441284,-0.005843639373779297,False,0.42596531413612565,0.9726297731979364,0.03570547699928284,-0.01562875509262085,False,0.5533428092277487,0.9378728143098736,0.7302795729712042,9,False,0.9056519292631181,0.8981162067538334,0.021764665842056274,-0.0016879439353942871,False,0.10309125490837696,0.9195671152918466,0.02436479926109314,-0.004288077354431152,False,0.2156669257198953,0.9163955512956851,0.02394351363182068,-0.0038667917251586914,False,0.4021034440445026,0.9163955512956851,0.02394351363182068,-0.0038667917251586914,False,0.4021034440445026,0.9580879434027951,0.031293660402297974,-0.011216938495635986,False,0.5371809554973822,0.9146233795982388,0.460058082460733,5,False,0.9155119574300333,0.023249434711634764,-0.009860028166915225
add_obj:1601,000000329456.jpg,add_obj,A group of people walking down a mountain road.,A group of people and a horse are walking down a mountain road.,0.2732603847980499,0.2601298987865448,0.013130486011505127,0.7880228500159127,11,2.7755575615628914e-17,1.2931701999987126,0.0002910999974119477,0.0001339999980700668,0.5180947699933496,0.000724107027053833,0.012406378984451294,False,0.1194547240497076,0.603598335209872,0.004204809665679932,0.008925676345825195,False,0.25580226608187134,0.35899033981716644,-0.005797490477561951,0.018927976489067078,True,0.31285407529239767,0.45079077598310824,-0.001974761486053467,0.015105247497558594,True,0.4364149305555556,0.5097519456955959,0.0003901273012161255,0.012740358710289001,False,0.5821226242690059,0.516954254972137,0.5821226242690059,6,False,0.5187009320787445,0.6883932099043482,0.007926180958747864,0.005204305052757263,False,0.20050370065789475,0.6883932099043482,0.007926180958747864,0.005204305052757263,False,0.20050370065789475,0.6435202523362569,0.0059067606925964355,0.007223725318908691,False,0.3368512426900585,0.3964772529349619,-0.004201650619506836,0.017332136631011963,True,0.4393446180555556,0.5086708613883761,0.00034686923027038574,0.012783616781234741,False,0.5194855628654971,0.5006955187054428,0.3939030519005848,4,False,0.6321274712849753,0.016258736266694163,-0.1134265392062308
replace_att:574,000000176446.jpg,replace_att,there is a yellow notebook on a black desk ,There is a green notebook on a black desk.,0.2997998893260956,0.27173343300819397,0.02806645631790161,0.9430338868260374,13,3.3176586478056436e-17,1.0287066000018967,0.00023359999977401458,0.00010690000272006728,0.8723350152910422,0.019217640161514282,0.008848816156387329,False,0.12409464518229167,0.7975959160126379,0.013713359832763672,0.01435309648513794,False,0.245941162109375,0.8638616531996873,0.018477410078048706,0.009589046239852905,False,0.3355865478515625,0.7614350958352177,0.011605635285377502,0.01646082103252411,False,0.4909871419270833,0.7912820154913605,0.013326704502105713,0.014739751815795898,False,0.5333150227864584,0.8227056371822336,0.5333150227864584,7,False,0.8400196306651192,0.7824174445695593,0.012798100709915161,0.01526835560798645,False,0.179412841796875,0.7669924233139932,0.011914059519767761,0.01615239679813385,False,0.314697265625,0.7669924233139932,0.011914059519767761,0.01615239679813385,False,0.314697265625,0.9086212721342898,0.022969156503677368,0.005097299814224243,False,0.4382527669270833,0.8775866836401259,0.019697725772857666,0.008368730545043945,False,0.6427001953125,0.7747452924538591,0.314697265625,4,False,0.8490709405845496,0.047960344728374404,-0.009051309919430373
replace_obj:398,000000475779.jpg,replace_obj,An elephant is walking through the green shrubs.,A gazelle is running through the green shrubs.,0.3200923204421997,0.21407051384449005,0.10602180659770966,0.999975138882501,12,4.683753385137379e-17,1.0882095999986632,0.0002936999990197364,0.00013330000001587905,0.9999289116626414,0.0955151617527008,0.01050664484500885,False,0.1403961181640625,0.9999443635542885,0.09796616435050964,0.008055642247200012,False,0.2756907145182292,0.9999569622023438,0.10053388774394989,0.005487918853759766,False,0.3460744222005208,0.9999359830188663,0.09656298160552979,0.00945882499217987,False,0.450775146484375,0.9998856726118666,0.09076330065727234,0.015258505940437317,False,0.5643971761067709,0.997446705891545,0.7572682698567709,9,False,0.9999388429103713,0.9999289116626414,0.0955151617527008,0.01050664484500885,False,0.1403961181640625,0.9999196432518149,0.09428954124450684,0.01173226535320282,False,0.21431986490885416,0.9427155740854941,0.02800735831260681,0.07801444828510284,False,0.3821767171223958,0.9147791145691396,0.023734360933303833,0.08228744566440582,False,0.4687093098958333,0.8980106227506418,0.021753132343292236,0.08426867425441742,False,0.5734100341796875,0.8255829035721458,0.8927103678385416,11,False,0.9637378665322657,0.17186380231939924,0.0362009763781056
replace_rel:1197,000000403385.jpg,replace_rel,A very big whit rest room with a shabby looking shower.,A very big white restroom without a shabby looking shower.,0.3192892372608185,0.2992713451385498,0.020017892122268677,0.8809848058305334,16,4.445228907190568e-17,1.5090224000014132,0.0003088999983447138,0.0001460999992559664,0.793737212038112,0.013476014137268066,0.00654187798500061,False,0.13812748319070906,0.571381797899203,0.002874910831451416,0.01714298129081726,False,0.20634359718826406,0.4875973280547067,-0.000496208667755127,0.020514100790023804,True,0.3395190250611247,0.49987259507455,-5.0961971282958984e-06,0.020022988319396973,True,0.4056435284229829,0.3424892495850389,-0.0065222084522247314,0.026540100574493408,True,0.5367464471271394,0.37730162087734354,0.7505778193765281,11,False,0.5973121488434497,0.6968388057993821,0.00832289457321167,0.011694997549057007,False,0.11519617206601467,0.6511794212258347,0.006242275238037109,0.013775616884231567,False,0.24923116595354522,0.5620157911409309,0.0024934709072113037,0.017524421215057373,False,0.30071917023227385,0.471960132785438,-0.0011227726936340332,0.02114066481590271,True,0.43859833435207823,0.4090390114003816,-0.0036793947219848633,0.02369728684425354,True,0.5018528422982885,0.4067476861378334,0.670380310207824,11,False,0.6208959502748364,-0.029446065260489873,-0.02358380143138661
swap_att:6,000000240767.jpg,swap_att,a brick building with a blue sign on it in front of a metal pole,a blue building with a brick sign on it in front of a metal pole.,0.30556079745292664,0.30175212025642395,0.0038086771965026855,0.5940823693037552,14,4.0766001685454967e-17,0.9201915000012377,0.0002905000001192093,0.0001384999995934777,0.6686831367774096,0.007022351026535034,-0.0032136738300323486,False,0.19104,0.6371336841583319,0.005629450082778931,-0.0018207728862762451,False,0.28939733333333334,0.6439409409966771,0.005925104022026062,-0.0021164268255233765,False,0.37947733333333333,0.6842697806441025,0.007734641432762146,-0.0039259642362594604,False,0.4375306666666667,0.6534545459957769,0.006342589855194092,-0.0025339126586914062,False,0.5160533333333334,0.6371608054480774,0.857568,11,False,0.6464678113564696,0.5360110164405043,0.001442939043045044,0.0023657381534576416,False,0.15392533333333333,0.6406375289556243,0.005781322717666626,-0.0019726455211639404,False,0.25228266666666666,0.6570320821255822,0.006500959396362305,-0.002692282199859619,False,0.369024,0.6746153550945944,0.007291346788406372,-0.0034826695919036865,False,0.43039466666666665,0.6596664702002104,0.006618082523345947,-0.0028094053268432617,False,0.5349173333333334,0.636779440044766,0.488448,7,False,0.6191244618215418,0.00038136540331135116,0.027343349534927786
swap_obj:53,000000094157.jpg,swap_obj,"A large, ornate clock tower rises above another skyscraper.","Another large, ornate skyscraper rises above a clock tower.",0.32686349749565125,0.31702351570129395,0.0098399817943573,0.7279008217767083,13,5.675798372961616e-17,1.1424909999986994,0.00028190000011818483,0.0001368000012007542,0.7194512912824191,0.009417414665222168,0.00042256712913513184,False,0.13430028313758388,0.503820210862203,0.00015281140804290771,0.009687170386314392,False,0.2517630557885906,0.4285528797382219,-0.0028775781393051147,0.012717559933662415,True,0.32890493917785235,0.42824600747633973,-0.0028901100158691406,0.01273009181022644,True,0.5349858431208053,0.42824600747633973,-0.0028901100158691406,0.01273009181022644,True,0.5349858431208053,0.5129326658660559,0.6378591652684564,8,False,0.5482046811186788,0.7578139313846628,0.011407315731048584,-0.0015673339366912842,False,0.15906171350671142,0.7494703858037924,0.010957896709442139,-0.0011179149150848389,False,0.26193503565436244,0.7168556236348788,0.009289175271987915,0.0005508065223693848,False,0.33907691904362414,0.592967935188299,0.003762483596801758,0.006077498197555542,False,0.43309563758389263,0.5648256443034504,0.00260770320892334,0.00723227858543396,False,0.5203963926174496,0.6333705958375493,0.6464974832214765,8,False,0.700157545485334,-0.12043792997149338,-0.15195286436665523
add_att:159,000000458054.jpg,add_att,A row of white toilets sitting on top of a dirt ground.,A row of white toilets sitting on top of a rocky dirt ground.,0.3216854929924011,0.3163132071495056,0.005372285842895508,0.6311674806208335,12,3.209238430557093e-17,1.2472875000021304,0.0002856999999494292,0.0001354000014543999,0.5574859333248159,0.002309650182723999,0.003062635660171509,False,0.1016999633431085,0.49206803233702473,-0.000317305326461792,0.0056895911693573,True,0.24081859420821114,0.33237346395118683,-0.006974697113037109,0.012346982955932617,True,0.39092283724340177,0.37734119739735034,-0.005008488893508911,0.010380774736404419,True,0.45818250549853373,0.492966370869898,-0.00028136372566223145,0.005653649568557739,True,0.5645791330645161,0.46591713269945606,0.8503997892228738,9,False,0.4702474453803402,0.5728452936376717,0.002934694290161133,0.002437591552734375,False,0.10160259347507332,0.49206803233702473,-0.000317305326461792,0.0056895911693573,True,0.24081859420821114,0.3414397203693619,-0.006568849086761475,0.011941134929656982,True,0.33259828629032256,0.32065523867574053,-0.007507622241973877,0.012879908084869385,True,0.5209001557917888,0.32065523867574053,-0.007507622241973877,0.012879908084869385,True,0.5209001557917888,0.3621535747492457,0.6259622434017595,7,False,0.4528283722066969,0.10376355795021036,0.017419073173643274
add_obj:828,000000494427.jpg,add_obj,a small silver laptop on a wooden table,A small silver laptop and headphones are on a wooden table.,0.28760287165641785,0.26625609397888184,0.02134677767753601,0.8942282672620822,15,3.122502256758253e-17,1.1194741999970574,0.0003010000000358559,0.00014430000010179356,0.8401737543673413,0.01659521460533142,0.00475156307220459,False,0.14641316731770834,0.8833558125370796,0.020245999097824097,0.001100778579711914,False,0.21697998046875,0.8595158852037669,0.018112748861312866,0.0032340288162231445,False,0.3628387451171875,0.9251811459185367,0.02514919638633728,-0.0038024187088012695,False,0.4163258870442708,0.8802976740966323,0.019952520728111267,0.0013942569494247437,False,0.5244394938151041,0.8920052623879771,0.6427663167317709,10,False,0.8775381813804234,0.9410936876794836,0.027710944414138794,-0.006364166736602783,False,0.13526407877604166,0.9146621779823282,0.023719370365142822,-0.0023725926876068115,False,0.21626790364583334,0.8998407716406891,0.02195456624031067,-0.0006077885627746582,False,0.3387552897135417,0.8768593463092201,0.01963019371032715,0.0017165839672088623,False,0.4036102294921875,0.929501710276717,0.02579060196876526,-0.004443824291229248,False,0.531494140625,0.8642534970034876,0.6703389485677084,10,False,0.9097581811105222,0.027751765384489424,-0.032219999730098814
replace_att:397,000000003845.jpg,replace_att,"A plate of vegetables, chicken, and white rice.","A plate of vegetables, chicken, and brown rice.",0.34827297925949097,0.3281954526901245,0.020077526569366455,0.8816086572257437,14,4.85722573273506e-17,1.2686166999992565,0.00028639999800361693,0.00013929999840911478,0.9380509495437735,0.027174919843673706,-0.007097393274307251,False,0.11508266666666667,0.8401233238600689,0.01659145951271057,0.003486067056655884,False,0.25162666666666667,0.18739109348596097,-0.014670521020889282,0.03474804759025574,True,0.30638933333333335,0.183307480063489,-0.014940977096557617,0.03501850366592407,True,0.508416,0.183307480063489,-0.014940977096557617,0.03501850366592407,True,0.508416,0.4225388981703216,0.756864,10,False,0.5737138400967188,0.18880792434389532,-0.014577746391296387,0.03465527296066284,True,0.10805333333333333,0.16616921116489558,-0.0161302387714386,0.036207765340805054,True,0.23623466666666668,0.11969840048353655,-0.019952893257141113,0.04003041982650757,True,0.37358933333333333,0.13359962394894445,-0.01869499683380127,0.038772523403167725,True,0.43178133333333335,0.13246979106220497,-0.018792957067489624,0.03887048363685608,True,0.5156586666666667,0.19772214815039207,0.5156586666666667,7,False,0.2302741767875305,0.2248167500199295,0.3434396633091883
replace_obj:1522,000000443303.jpg,replace_obj,A view of a cat lying in a open suitcase.,A dog lying in an open suitcase.,0.3189401626586914,0.2698580324649811,0.04908213019371033,0.9926684736643612,14,4.163336342344337e-17,1.1938009000004968,0.0002645999993546866,0.00011219999942113645,0.924281306041179,0.025019913911819458,0.02406221628189087,False,0.164752,0.7998978425296392,0.013856559991836548,0.03522557020187378,False,0.249856,0.812004127118976,0.01463085412979126,0.03445127606391907,False,0.3322346666666667,0.8102096655053038,0.014513731002807617,0.03456839919090271,False,0.414192,0.6479108649938022,0.006098687648773193,0.042983442544937134,False,0.5559413333333333,0.7025650591904042,0.85328,11,False,0.8408999876375041,0.924281306041179,0.025019913911819458,0.02406221628189087,False,0.164752,0.8379765980028873,0.016432493925094604,0.03264963626861572,False,0.2586773333333333,0.7657413849356847,0.01184418797492981,0.03723794221878052,False,0.3437813333333333,0.7567262704840635,0.011348143219947815,0.03773398697376251,False,0.407664,0.639832667566455,0.005746379494667053,0.043335750699043274,False,0.5513333333333333,0.718358265766921,0.628784,8,False,0.8304656365977529,-0.015793206576516727,0.01043435103975121
replace_rel:817,000000278353.jpg,replace_rel,A small sheep is standing under a wooden fence post.,A small sheep is sleeping under a wooden fence post.,0.30686506628990173,0.28011736273765564,0.026747703552246094,0.9355213831166195,16,7.28583859910259e-17,1.3441227999974217,0.000248799999098992,0.00011539999832166359,0.9541912391903413,0.030363887548446655,-0.0036161839962005615,False,0.15829730083857443,0.944800881456445,0.028400272130966187,-0.0016525685787200928,False,0.22836821933962265,0.9228634906994928,0.02481904625892639,0.0019286572933197021,False,0.3533764085429769,0.91645215964518,0.023950904607772827,0.0027967989444732666,False,0.4099801821278826,0.9352705089349772,0.026706188917160034,4.151463508605957e-05,False,0.5135162801362684,0.9151832009149903,0.6953616352201258,11,False,0.9361983503267787,0.9562535191191863,0.030846118927001953,-0.004098415374755859,False,0.14585790094339623,0.9360791106897313,0.026840537786483765,-9.28342342376709e-05,False,0.22215670859538783,0.914763779287419,0.023732393980026245,0.0030153095722198486,False,0.3416781315513627,0.8972737604188206,0.021672934293746948,0.0050747692584991455,False,0.41505339360587,0.8361197260720404,0.016296356916427612,0.010451346635818481,False,0.5588066692872118,0.7890343323862377,0.6154104428721174,9,False,0.9159412070474368,0.12614886852875262,0.020257143279341916
swap_att:233,000000042276.jpg,swap_att,"A bathroom with a toilet, a plant, a stand and several footwear on the floor. ","A bathroom with a toilet, a plant, a stand and a footwear on the floor.",0.32045984268188477,0.307005375623703,0.013454467058181763,0.7933842233222351,14,6.613633252161577e-17,1.165967400000227,0.00028780000138795003,0.00013889999900129624,0.7092507812276556,0.008917480707168579,0.004536986351013184,False,0.14077866666666666,0.7033916838405928,0.008635014295578003,0.00481945276260376,False,0.21262933333333334,0.7264629201377615,0.009767502546310425,0.003686964511871338,False,0.3507306666666667,0.7511503980625067,0.011047571897506714,0.002406895160675049,False,0.40725333333333336,0.6889350641687089,0.00795145332813263,0.005503013730049133,False,0.5448853333333333,0.70107661284996,0.630752,8,False,0.7269638815570935,0.7216422367089582,0.009526222944259644,0.003928244113922119,False,0.12401066666666667,0.7516886999609659,0.011076390743255615,0.0023780763149261475,False,0.33348266666666665,0.7516886999609659,0.011076390743255615,0.0023780763149261475,False,0.33348266666666665,0.6206582999072923,0.004923433065414429,0.008531033992767334,False,0.447968,0.5345735474726078,0.0013851523399353027,0.01206931471824646,False,0.535664,0.582035467067578,0.7881653333333334,11,False,0.7046620064316707,0.11904114578238201,0.02230187512542281
swap_obj:20,000000528399.jpg,swap_obj,Trays of pastries and sandwiches beside a bowl of soup.,A bowl of pastries and sandwiches beside trays of soup.,0.32736825942993164,0.32325810194015503,0.004110157489776611,0.6013314113716877,12,5.898059818321144e-17,1.2542290999990655,0.00029229999927338213,0.00013380000018514693,0.30892019714057345,-0.00805172324180603,0.012161880731582642,True,0.1883452119883041,0.13723875362849247,-0.018384158611297607,0.02249431610107422,True,0.3371938961988304,0.13723875362849247,-0.018384158611297607,0.02249431610107422,True,0.3371938961988304,0.2200629927871007,-0.012652993202209473,0.016763150691986084,True,0.5387541118421053,0.2200629927871007,-0.012652993202209473,0.016763150691986084,True,0.5387541118421053,0.246356738566044,0.7992735745614035,8,False,0.28758072718001637,0.14207351425484663,-0.017981737852096558,0.02209189534187317,True,0.14884868421052633,0.1033547976409016,-0.021604925394058228,0.02571508288383484,True,0.24219892178362573,0.12872314853698927,-0.019122958183288574,0.023233115673065186,True,0.3355091831140351,0.15484957521316103,-0.01697060465812683,0.021080762147903442,True,0.4570769371345029,0.13157945891919273,-0.018870651721954346,0.022980809211730957,True,0.5088918585526315,0.17130651568624106,0.737898620248538,9,False,0.2009624779764221,0.07505022287980295,0.08661824920359426
add_att:146,000000229858.jpg,add_att,A baby deer and a large deer are standing in the woods. ,A baby deer and a large deer are standing in the misty woods.,0.3202109634876251,0.3084743022918701,0.011736661195755005,0.7638070446586774,14,3.707971429900425e-17,1.1642824000009568,0.00023580000197398476,0.0001097999993362464,0.7316132158914259,0.010028228163719177,0.0017084330320358276,False,0.23429142032657657,0.7316132158914259,0.010028228163719177,0.0017084330320358276,False,0.23429142032657657,0.7178034602055641,0.009335920214653015,0.0024007409811019897,False,0.32977459881756754,0.6734737429607058,0.007239386439323425,0.00449727475643158,False,0.46051960163288286,0.6276984508163325,0.005223557353019714,0.0065131038427352905,False,0.5248363597972973,0.5598813892776731,0.7000061585022522,11,False,0.7186521178464097,0.7915294837982458,0.013341695070266724,-0.0016050338745117188,False,0.12727424690315314,0.7247433269761764,0.009681135416030884,0.002055525779724121,False,0.22511525197072071,0.6944157582737512,0.00820845365524292,0.003528207540512085,False,0.3853814752252252,0.6282404838804151,0.005246758460998535,0.00648990273475647,False,0.46900513795045046,0.5910647221359688,0.0036836862564086914,0.008052974939346313,False,0.5213963963963963,0.6598631949473646,0.5213963963963963,8,False,0.7175326846388917,-0.0999818056696915,0.0011194332075179503
add_obj:1966,000000201646.jpg,add_obj,A serious man is holding video game controllers.,A serious man and a woman are holding video game controllers.,0.2737930715084076,0.2424110323190689,0.031382039189338684,0.9584413990017243,14,6.245004513516506e-17,1.2403911000001244,0.000231100002565654,0.00010889999975915998,0.8869410813051939,0.020598694682121277,0.010783344507217407,False,0.1009000365497076,0.35153592964296776,-0.006122946739196777,0.03750498592853546,True,0.20213701571637427,0.2445573569280554,-0.011278539896011353,0.04266057908535004,True,0.3287874634502924,0.33836685456441545,-0.006705805659294128,0.03808784484863281,True,0.45620888157894735,0.564672172215662,0.0026014596223831177,0.028780579566955566,False,0.5068873355263158,0.5170241628833423,0.6381007858187134,9,False,0.5002255634560574,0.8869410813051939,0.020598694682121277,0.010783344507217407,False,0.1009000365497076,0.35153592964296776,-0.006122946739196777,0.03750498592853546,True,0.20213701571637427,0.6235683052116257,0.005047217011451721,0.026334822177886963,False,0.3143446180555556,0.5158502679265903,0.0006342232227325439,0.03074781596660614,False,0.4409950657894737,0.5414379973042346,0.0016613304615020752,0.02972070872783661,False,0.5058365314327485,0.5549311390596123,0.6798816703216374,9,False,0.6265432951094765,-0.037906976176270035,-0.12631773165341909
replace_att:127,000000072813.jpg,replace_att,Brown dog lying on unmade bed in bedroom of home.,Brown dog lying on tidy bed in bedroom of home.,0.3297322690486908,0.3271849453449249,0.002547323703765869,0.5633409537232219,14,6.938893903907228e-17,1.1738747999988846,0.00024850000045262277,0.00010939999992842786,0.8013374013496499,0.013946741819381714,-0.011399418115615845,False,0.153533935546875,0.7690051982613595,0.01202702522277832,-0.009479701519012451,False,0.210968017578125,0.8164076995884376,0.014921963214874268,-0.012374639511108398,False,0.3613026936848958,0.7031015455402673,0.008621111512184143,-0.006073787808418274,False,0.4350992838541667,0.5440392150715414,0.0017661452293395996,0.0007811784744262695,False,0.5103607177734375,0.7407734484119963,0.7115834554036459,10,False,0.7289497025836613,0.6777091816716336,0.0074326395988464355,-0.004885315895080566,False,0.129150390625,0.6191197329753969,0.004858136177062988,-0.002310812473297119,False,0.24234517415364584,0.6796900376064988,0.007523477077484131,-0.004976153373718262,False,0.3778330485026042,0.7529110249610677,0.011141985654830933,-0.008594661951065063,False,0.4501139322916667,0.6507155714508308,0.006221860647201538,-0.003674536943435669,False,0.5253753662109375,0.6993135028064223,0.2997792561848958,5,False,0.6588034081652445,0.04145994560557398,0.0701462944184168
replace_obj:29,000000205834.jpg,replace_obj,A brown dog laying on the ground with a metal bowl in front of him.,A brown cat laying on the ground with a metal bowl in front of him.,0.32217562198638916,0.2619980275630951,0.06017759442329407,0.9975707958893105,14,3.122502256758253e-17,1.0969960000002175,0.00024309999935212545,0.00011330000052112155,0.9967213244042963,0.0571703165769577,0.0030072778463363647,False,0.15565035635964913,0.9900065075713568,0.0459577739238739,0.014219820499420166,False,0.24697893823099415,0.9854837379418447,0.04217863082885742,0.017998963594436646,False,0.36069421600877194,0.9249785191477105,0.02511996030807495,0.035057634115219116,False,0.4369346217105263,0.7726789106522776,0.012235000729560852,0.047942593693733215,False,0.5854692068713451,0.8010610403624112,0.7203718932748538,10,False,0.9516435563512222,0.9982451674854687,0.06343625485897064,-0.0032586604356765747,False,0.14176146747076024,0.9967976517046777,0.05740663409233093,0.0027709603309631348,False,0.20966397112573099,0.9960621457409586,0.05533173680305481,0.004845857620239258,False,0.3077656706871345,0.9569486575824673,0.03101356327533722,0.029164031147956848,False,0.4297845851608187,0.6448809617099117,0.005966126918792725,0.05421146750450134,False,0.5608781067251462,0.6680940949849224,0.8464798062865497,12,False,0.9469034950627674,0.13296694537748877,0.004740061288454833
replace_rel:558,000000154947.jpg,replace_rel,A sheep stands idly at the edge of a field,A sheep is lying down in the middle of a field.,0.3195069432258606,0.292398601770401,0.027108341455459595,0.9376629232030237,16,5.204170427930421e-17,1.4035345999982383,0.00029320000248844735,0.00014730000111740083,0.7474904446947459,0.010852724313735962,0.016255617141723633,False,0.15689849853515625,0.6993318047342086,0.008441179990768433,0.018667161464691162,False,0.2349090576171875,0.8535348369867588,0.01762598752975464,0.009482353925704956,False,0.3307609558105469,0.8570768976209673,0.017912209033966064,0.00919613242149353,False,0.4554557800292969,0.9417396311723689,0.027828067541122437,-0.0007197260856628418,False,0.5318374633789062,0.8876723403241036,0.611480712890625,9,False,0.8243230173502217,0.5755402101496552,0.003044918179512024,0.02406342327594757,False,0.12581253051757812,0.7199989616078016,0.009444564580917358,0.017663776874542236,False,0.22662353515625,0.7727890815014241,0.012241274118423462,0.014867067337036133,False,0.32627105712890625,0.7900456326889086,0.013252004981040955,0.01385633647441864,False,0.405914306640625,0.7430198901969889,0.010617241263389587,0.016491100192070007,False,0.5121726989746094,0.729446092362809,0.4490318298339844,8,False,0.7391134519491247,0.15822624796129459,0.08520956540109703
swap_att:207,000000447522.jpg,swap_att,"Blue plate with green, white, and red vegetables on it. ","Green plate with blue, white, and red vegetables on it.",0.2937043309211731,0.29255160689353943,0.001152724027633667,0.5287862324483226,14,5.0306980803327406e-17,1.1577473000033933,0.0002404000006208662,0.00011300000187475234,0.5575256342697561,0.0023112595081329346,-0.0011585354804992676,False,0.11338297526041667,0.5042877040263709,0.00017151236534118652,0.0009812116622924805,False,0.238311767578125,0.4645160120239967,-0.0014217495918273926,0.0025744736194610596,True,0.3201039632161458,0.4356153923636392,-0.0025897622108459473,0.0037424862384796143,True,0.4505716959635417,0.46084557360694123,-0.0015693902969360352,0.002722114324569702,True,0.5453236897786459,0.47586555634780353,0.5453236897786459,7,False,0.492771990369482,0.43500221801973926,-0.0026147067546844482,0.0037674307823181152,True,0.176544189453125,0.4822058457567209,-0.0007120668888092041,0.001864790916442871,True,0.22568257649739584,0.43043361742582453,-0.0028008222579956055,0.0039535462856292725,True,0.3740437825520833,0.4312967081287109,-0.0027656257152557373,0.003918349742889404,True,0.45513916015625,0.4687995621853272,-0.0012496411800384521,0.002402365207672119,True,0.5098724365234375,0.44266659677389975,0.45513916015625,6,False,0.4606732954110098,0.033198959573903786,0.032098694958472174
swap_obj:234,000000074058.jpg,swap_obj,A sidewalk next to the outdoor sitting area of a restaurant.,An outdoor sitting area next to the sidewalk of a restaurant.,0.27709516882896423,0.27247676253318787,0.004618406295776367,0.613450733702526,11,2.905661822261152e-17,1.0059839999994438,0.00028169999859528616,0.0001336999994236976,0.526955001412096,0.0010792464017868042,0.003539159893989563,False,0.12939738669590642,0.6058348417415761,0.004298374056816101,0.0003200322389602661,False,0.26346628289473684,0.6544692011087458,0.006387427449226379,-0.0017690211534500122,False,0.3444638614766082,0.5497429953441334,0.0019963234663009644,0.002622082829475403,False,0.4287851790935672,0.5079930469297905,0.000319749116897583,0.004298657178878784,False,0.5543105811403509,0.4999826224440257,0.6033328764619883,7,False,0.573534251284903,0.637321074815827,0.005637556314468384,-0.0010191500186920166,False,0.17314281798245615,0.5890368592231082,0.0035998523235321045,0.0010185539722442627,False,0.2574641355994152,0.5721972360335303,0.0029082149267196655,0.0017101913690567017,False,0.30648643092105265,0.47280319335378507,-0.001088947057723999,0.005707353353500366,True,0.41646678545321636,0.3570388439654839,-0.005882397294044495,0.010500803589820862,True,0.5792443347953217,0.5885108892339331,0.30648643092105265,4,False,0.5411407581835754,-0.08852826678990744,0.03239349310132755
add_att:274,000000150265.jpg,add_att,People walking down a city sidewalk showing one with headphones.,People walking down a cobblestone city sidewalk showing one with headphones.,0.31308385729789734,0.27263370156288147,0.04045015573501587,0.9827918725661385,14,2.5587171270657905e-17,1.3765132000007725,0.0002886000002035871,0.0001391000005241949,0.9873254140216643,0.04355400800704956,-0.0031038522720336914,False,0.118499755859375,0.951750162657187,0.029819101095199585,0.010631054639816284,False,0.2689971923828125,0.8366788216805375,0.016337215900421143,0.024112939834594727,False,0.3945159912109375,0.6071965203278469,0.004355430603027344,0.036094725131988525,False,0.4805399576822917,0.3597817929284846,-0.005763113498687744,0.04621326923370361,True,0.5613810221354166,0.6540413131859139,0.7814076741536459,10,False,0.848038308634893,0.9650667043715571,0.03318756818771362,0.007262587547302246,False,0.125518798828125,0.9282507035006906,0.025601238012313843,0.014848917722702026,False,0.26336669921875,0.7745956019915545,0.012344449758529663,0.028105705976486206,False,0.3489532470703125,0.7663473419981267,0.01187799870967865,0.02857215702533722,False,0.4138641357421875,0.47578185468262113,-0.0009694844484329224,0.04141964018344879,True,0.5371042887369791,0.6450307225126537,0.7496541341145834,10,False,0.8418547650210825,0.009010590673260155,0.0061835436138105715
add_obj:186,000000355325.jpg,add_obj,A table with food and a glass of red wine.,"A table with food, candles, and a glass of red wine.",0.2865959703922272,0.27785754203796387,0.008738428354263306,0.7055446824886193,13,2.721347452938616e-17,1.324254099999962,0.00028930000189575367,0.0001370999998471234,0.6646705171385371,0.006841778755187988,0.0018966495990753174,False,0.12988792539267016,0.6088266321813343,0.0044238269329071045,0.004314601421356201,False,0.2267670157068063,0.6165301822180285,0.0047484636306762695,0.003989964723587036,False,0.36646658213350786,0.6204421614484291,0.0049142539501190186,0.003824174404144287,False,0.40868373691099474,0.6125903275765945,0.004582136869430542,0.004156291484832764,False,0.5622034522251309,0.5822008916142108,0.6435086714659686,8,False,0.635043948791377,0.7171428669840779,0.00930333137512207,-0.0005649030208587646,False,0.12241798920157068,0.7507228760010319,0.011024713516235352,-0.002286285161972046,False,0.20877474640052357,0.6355681785679456,0.005561798810958862,0.0031766295433044434,False,0.3056538367146597,0.5984551220160851,0.0039903223514556885,0.004748106002807617,False,0.4391310127617801,0.602558922819711,0.00416138768196106,0.004577040672302246,False,0.6068901341623036,0.6544552271284313,0.36959055955497383,5,False,0.6602680846872176,-0.07225433551422045,-0.025224135895840605
replace_att:331,000000378454.jpg,replace_att,a man is playing with a green flying disk,A man is playing with a yellow flying disk.,0.26359400153160095,0.2555193305015564,0.008074671030044556,0.6915694968300874,15,2.0816681711721685e-17,1.233366799999203,0.00030730000071343966,0.00014319999900180846,0.4083069271813517,-0.0037096887826919556,0.011784359812736511,True,0.14694124634502925,0.47688987576056274,-0.0009250640869140625,0.008999735116958618,True,0.2066828855994152,0.45062034042687904,-0.0019816458225250244,0.01005631685256958,True,0.3293642635233918,0.26465876837534313,-0.01021893322467804,0.018293604254722595,True,0.4562831231725146,0.22294161824693096,-0.012486055493354797,0.020560726523399353,True,0.5330603527046783,0.3357228974263844,0.5330603527046783,8,False,0.4281950990321151,0.5865839643586211,0.0034986138343811035,0.004576057195663452,False,0.13838633040935672,0.5883545744624433,0.0035716742277145386,0.004502996802330017,False,0.2037018000730994,0.5633570818813212,0.0025479793548583984,0.005526691675186157,False,0.32929002192982454,0.5599202808737413,0.0024083852767944336,0.005666285753250122,False,0.40274922331871343,0.5048255912171704,0.00019302964210510254,0.007881641387939453,False,0.5325749269005848,0.4916256371303634,0.6093521564327485,9,False,0.5811469385669243,-0.155902739703979,-0.15295183953480923
replace_obj:1629,000000338986.jpg,replace_obj,A train pulls up along some buildings. ,A plane flies over some buildings.,0.29940977692604065,0.21977782249450684,0.07963195443153381,0.9996520818899403,12,3.469446951953614e-17,1.001179000002594,0.00029129999893484637,0.00013480000052368268,0.8916678222916072,0.021078914403915405,0.05855304002761841,False,0.1101271350931677,0.9196636099885808,0.02437785267829895,0.05525410175323486,False,0.21614178959627328,0.40279343880114077,-0.003938391804695129,0.08357034623622894,True,0.37472704774844723,0.3860596385916476,-0.00463905930519104,0.08427101373672485,True,0.44296511063664595,0.6032959529789226,0.004192173480987549,0.07543978095054626,False,0.5237347146739131,0.7285253319309657,0.5913540857919255,7,False,0.7100686238005363,0.8916678222916072,0.021078914403915405,0.05855304002761841,False,0.1101271350931677,0.3467739357829396,-0.006332501769065857,0.08596445620059967,True,0.3015819099378882,0.3467739357829396,-0.006332501769065857,0.08596445620059967,True,0.3015819099378882,0.01168899376435332,-0.04437349736690521,0.12400545179843903,True,0.48462368982919257,0.0047854849838271495,-0.053373709321022034,0.13300566375255585,True,0.5783312305900621,0.2469141482070831,0.8509923330745341,10,False,0.4431272934946717,0.48161118372388256,0.26694133030586453
replace_rel:1218,000000365387.jpg,replace_rel,The cell has a toilet and a sink in it.,The cell doesn't have a toilet and a sink in it.,0.30455049872398376,0.2980307340621948,0.00651976466178894,0.6574557164911949,15,3.144186300207963e-17,1.1602690999970946,0.00024399999892921187,0.00011720000111381523,0.7304450466846543,0.009968817234039307,-0.003449052572250366,False,0.14443359375,0.7314589917459985,0.01002037525177002,-0.003500610589981079,False,0.2339154411764706,0.7352635048002105,0.010214939713478088,-0.003695175051689148,False,0.3618221507352941,0.6744861394464006,0.007285460829734802,-0.0007656961679458618,False,0.43110638786764705,0.6466408690333624,0.00604306161403656,0.00047670304775238037,False,0.5523667279411765,0.6278750491468108,0.7899988511029412,12,False,0.7031115508120699,0.6519872571724037,0.006277859210968018,0.00024190545082092285,False,0.11885914522058824,0.6599929062889587,0.006632626056671143,-0.00011286139488220215,False,0.20834099264705883,0.6477612818078287,0.0060921311378479,0.00042763352394104004,False,0.3245002297794118,0.6550317307726321,0.006412312388420105,0.00010745227336883545,False,0.4659639246323529,0.7317820079814292,0.010036826133728027,-0.003517061471939087,False,0.527780330882353,0.6816232277483109,0.6024356617647059,9,False,0.6583906257866733,-0.05374817860150005,0.044720925025396596
swap_att:599,000000398237.jpg,swap_att,A small child playing with some toys in a field.,Some children playing with a toy in a small field.,0.31236258149147034,0.27449139952659607,0.03787118196487427,0.9778413217859176,13,2.7755575615628914e-17,1.1871068999971612,0.00025129999994533136,0.00011040000026696362,0.9238392031194552,0.02495691180229187,0.012914270162582397,False,0.14432271321614584,0.9410624546211728,0.02770531177520752,0.010165870189666748,False,0.2154693603515625,0.9173174595710005,0.024064451456069946,0.013806730508804321,False,0.3050333658854167,0.877875815131126,0.019724667072296143,0.018146514892578125,False,0.4415283203125,0.6709356808962688,0.007124200463294983,0.030746981501579285,False,0.50604248046875,0.77687962212216,0.6677042643229166,9,False,0.9075683208674963,0.8940494205878786,0.021327883005142212,0.016543298959732056,False,0.16380818684895834,0.9238159242520656,0.024953603744506836,0.012917578220367432,False,0.2358856201171875,0.9023410318810534,0.02223511040210724,0.01563607156276703,False,0.3059641520182292,0.7404657241867142,0.010483905673027039,0.02738727629184723,False,0.4348958333333333,0.6709356808962688,0.007124200463294983,0.030746981501579285,False,0.50604248046875,0.6181787395109322,0.7776387532552084,10,False,0.867376608097996,0.15870088261122783,0.04019171276950029
swap_obj:137,000000386210.jpg,swap_obj,A tall glass case with some fruits in it and some grass growing,Some fruits growing in grass with a tall glass case next to it.,0.35920777916908264,0.3382144868373871,0.020993292331695557,0.8908379667238308,13,3.122502256758253e-17,1.3268341000002692,0.00029379999978118576,0.00013609999950858764,0.8479332533861764,0.017184823751449585,0.0038084685802459717,False,0.2076857002617801,0.8479332533861764,0.017184823751449585,0.0038084685802459717,False,0.2076857002617801,0.7170255720727903,0.009297549724578857,0.0116957426071167,False,0.3424410994764398,0.7586571748360239,0.011453315615653992,0.009539976716041565,False,0.40562622709424084,0.8749143777532403,0.01945127546787262,0.001542016863822937,False,0.5272210405759162,0.6300649987983098,0.7683143815445026,10,False,0.8192763125882336,0.8429804995318805,0.0168057382106781,0.004187554121017456,False,0.13162630890052357,0.8279294622368448,0.01571023464202881,0.005283057689666748,False,0.21647987565445026,0.7745196232208722,0.01234009861946106,0.008653193712234497,False,0.3259469077225131,0.5760923429920647,0.003067523241043091,0.017925769090652466,False,0.45560475294502617,0.6865442922972185,0.007840126752853394,0.013153165578842163,False,0.5350079761125655,0.607190731849296,0.7738823216623036,9,False,0.7670809767612369,0.022874266949013844,0.05219533582699676
add_att:536,000000141671.jpg,add_att,A group of horses are crossing a finish line,A spotted group of horses are crossing a finish line.,0.2480090856552124,0.24640721082687378,0.001601874828338623,0.5399614562181049,17,4.7488055154865094e-17,0.9914676999978838,0.0002415000017208513,0.00011799999992945231,0.650433397618078,0.006209447979927063,-0.00460757315158844,False,0.11704903218283583,0.4698431696985423,-0.0012077391147613525,0.0028096139430999756,True,0.2528786730410448,0.5067036307081686,0.0002681612968444824,0.0013337135314941406,False,0.3095047224813433,0.4971296953555676,-0.00011481344699859619,0.0017166882753372192,True,0.4343371035447761,0.5160702082501976,0.0006430298089981079,0.0009588450193405151,False,0.5517578125,0.5313550019603555,0.6134415811567164,10,False,0.5356345048024488,0.34194316717554946,-0.006546467542648315,0.008148342370986938,True,0.10822353078358209,0.27306060548726946,-0.00979149341583252,0.011393368244171143,True,0.21398379197761194,0.2922590519367117,-0.008844375610351562,0.010446250438690186,True,0.31190968983208955,0.4302685015951767,-0.0028075575828552246,0.004409432411193848,True,0.45681261660447764,0.27738300981356706,-0.009574800729751587,0.01117667555809021,True,0.5242172924440298,0.3041280487850041,0.31190968983208955,6,False,0.3512291279549147,0.22722695317535135,0.1844053768475341
add_obj:1970,000000322211.jpg,add_obj,A box that has doughnuts inside of it.,A box that has fruit and doughnuts inside of it.,0.21515612304210663,0.2119985669851303,0.0031575560569763184,0.5782895139065762,14,4.0766001685454967e-17,0.9669103999985964,0.000532299996848451,0.00030139999944367446,0.7115649886966083,0.009029969573020935,-0.005872413516044617,False,0.13250223795572916,0.7658442794724027,0.011849924921989441,-0.008692368865013123,False,0.23271687825520834,0.7762138823456309,0.012437373399734497,-0.009279817342758179,False,0.3309326171875,0.785118065469936,0.012957453727722168,-0.00979989767074585,False,0.4089558919270833,0.6486362710838675,0.006130501627922058,-0.0029729455709457397,False,0.5218709309895834,0.6145618684580774,0.6076151529947916,8,False,0.7225292031238334,0.7379694751695889,0.010354414582252502,-0.007196858525276184,False,0.14750162760416666,0.7171779288172223,0.009305059909820557,-0.006147503852844238,False,0.23369852701822916,0.7388309760243847,0.010399013757705688,-0.00724145770072937,False,0.3474629720052083,0.7400970026256387,0.010464727878570557,-0.007307171821594238,False,0.4254862467447917,0.6603459283639622,0.006648361682891846,-0.0034908056259155273,False,0.591064453125,0.722233390792629,0.3474629720052083,5,False,0.7042341427092224,-0.10767152233455168,0.018295060414611042
replace_att:231,000000095843.jpg,replace_att,A large blue and white bus on a road.,A large yellow and white bus on a road.,0.32062220573425293,0.27225878834724426,0.04836341738700867,0.9921264516447671,11,2.7755575615628914e-17,1.1821995000027528,0.0002936999990197364,0.00013690000196220353,0.9949071100499697,0.05274803936481476,-0.004384621977806091,False,0.173944037462908,0.9484059833222899,0.02911376953125,0.019249647855758667,False,0.27788274295252224,0.9846225791408301,0.041593581438064575,0.006769835948944092,False,0.3781875927299703,0.9762176479516264,0.03714741766452789,0.011215999722480774,False,0.4551592637240356,0.925145552314614,0.025144055485725403,0.023219361901283264,False,0.5153120363501483,0.9432756839512215,0.8394322607566765,9,False,0.9768951444273447,0.9885005673334092,0.044538915157318115,0.0038245022296905518,False,0.10393870548961424,0.9484059833222899,0.02911376953125,0.019249647855758667,False,0.27788274295252224,0.9846225791408301,0.041593581438064575,0.006769835948944092,False,0.3781875927299703,0.9700450492220537,0.0347764790058136,0.013586938381195068,False,0.4756467915430267,0.9596559642591423,0.03169131278991699,0.016672104597091675,False,0.5387553319732937,0.9489729605757,0.6501356175816023,6,False,0.9734940812782724,-0.005697276624478498,0.003401063149072292
replace_obj:847,000000087875.jpg,replace_obj,a fire hydrant near a tall bush in a field ,A mailbox near a tall bush in a field.,0.35615789890289307,0.28523534536361694,0.07092255353927612,0.9991691709732698,13,6.938893903907228e-17,1.091107699998247,0.0002443999983370304,0.0001097999993362464,0.7137019915438402,0.00913432240486145,0.06178823113441467,False,0.16434795673076924,0.8171783321561829,0.014973461627960205,0.05594909191131592,False,0.27722355769230766,0.7441285361376635,0.010675385594367981,0.06024716794490814,False,0.35659054487179487,0.777293721993961,0.012499645352363586,0.05842290818691254,False,0.4248347355769231,0.704605804495964,0.008693277835845947,0.062229275703430176,False,0.5312750400641025,0.7409692390903336,0.8752453926282051,11,False,0.7903478807486474,0.9564284721513913,0.030888020992279053,0.04003453254699707,False,0.18122996794871796,0.8171783321561829,0.014973461627960205,0.05594909191131592,False,0.27722355769230766,0.8914142280244778,0.021052688360214233,0.04986986517906189,False,0.34623397435897435,0.8457520585661404,0.01701664924621582,0.0539059042930603,False,0.45267427884615385,0.5812788054564382,0.00328025221824646,0.06764230132102966,False,0.5320412660256411,0.8039528884986241,0.7996243990384615,10,False,0.8840875489444573,-0.06298364940829049,-0.09373966819580992
replace_rel:788,000000417285.jpg,replace_rel,"Food items displayed such as coffee cake, a pastry and a beverage in a glass cup.","Food items displayed such as coffee cake, a pastry and a beverage beside a glass cup.",0.3045755922794342,0.2988916337490082,0.005683958530426025,0.6383929442773955,17,1.3183898417423734e-16,1.0764444999986154,0.0002351000002818182,0.00010819999806699343,0.4588498534163298,-0.0016497373580932617,0.007333695888519287,True,0.21434783935546875,0.4588498534163298,-0.0016497373580932617,0.007333695888519287,True,0.21434783935546875,0.45249871355270355,-0.0019057989120483398,0.007589757442474365,True,0.32013702392578125,0.4766839395128219,-0.0009333193302154541,0.0066172778606414795,True,0.4486541748046875,0.4480165766980248,-0.0020868778228759766,0.007770836353302002,True,0.5074462890625,0.4723930918627008,0.5524063110351562,8,False,0.4979672861350872,0.4588498534163298,-0.0016497373580932617,0.007333695888519287,True,0.21434783935546875,0.4588498534163298,-0.0016497373580932617,0.007333695888519287,True,0.21434783935546875,0.41990764189875723,-0.003231525421142578,0.008915483951568604,True,0.3056640625,0.4196009630025719,-0.0032441169023513794,0.008928075432777405,True,0.41637420654296875,0.4241085430273376,-0.003059297800064087,0.008743256330490112,True,0.5314483642578125,0.4196292500433134,0.7131423950195312,11,False,0.4755566150264882,0.05276384181938737,0.022410671108598956
swap_att:471,000000490125.jpg,swap_att,Several white birds standing in a puddle in a parking lot.,Several birds standing in a white puddle in a parking lot.,0.38583502173423767,0.3780445456504822,0.007790476083755493,0.6854748154483993,14,7.806255641895632e-17,0.9347361000000092,0.00030759999935980886,0.00013939999917056412,0.6719215651113167,0.007168889045715332,0.0006215870380401611,False,0.18025074626865673,0.7234286700343053,0.009615331888198853,-0.0018248558044433594,False,0.26199402985074627,0.44223544040055734,-0.0023209452629089355,0.010111421346664429,True,0.34195223880597014,0.44043811686041395,-0.0023938417434692383,0.010184317827224731,True,0.4128835820895522,0.5961224977710103,0.003893345594406128,0.0038971304893493652,False,0.5764417910447761,0.5104636278408146,0.7415701492537313,10,False,0.59336727586068,0.692214979808685,0.008104950189590454,-0.00031447410583496094,False,0.147844776119403,0.6221538111350121,0.004987001419067383,0.0028034746646881104,False,0.2171641791044776,0.6776095796789594,0.007428079843521118,0.000362396240234375,False,0.3084238805970149,0.7026387891936574,0.008598953485488892,-0.0008084774017333984,False,0.45703880597014923,0.3618981215148912,-0.00567135214805603,0.013461828231811523,True,0.5387820895522388,0.49884180002097767,0.7221194029850746,10,False,0.6547687858410318,0.011621827819836894,-0.061401509980351765
swap_obj:28,000000493286.jpg,swap_obj,A vintage red car in front of a vintage army prop plane.,A vintage army prop plane in front of a vintage red car.,0.32448679208755493,0.3148753046989441,0.00961148738861084,0.7233517428221427,14,4.423544863740858e-17,1.2055130999979156,0.0002967999971588142,0.0001399000029778108,0.7256407487787372,0.009726166725158691,-0.00011467933654785156,False,0.15112559886759583,0.5560790202877081,0.002252638339996338,0.007358849048614502,False,0.28029045078397213,0.5952669201732254,0.003857821226119995,0.005753666162490845,False,0.3426883710801394,0.4208545618648852,-0.0031926631927490234,0.012804150581359863,True,0.41134037456445993,0.45834187844512775,-0.0016701966524124146,0.011281684041023254,True,0.5172310540069687,0.6164660550494345,0.8104788218641115,11,False,0.5986034813387714,0.7299871029840063,0.009945571422576904,-0.00033408403396606445,False,0.11118521341463415,0.7277372866666832,0.009831726551055908,-0.00022023916244506836,False,0.22404453397212543,0.670381096165347,0.00709909200668335,0.0025123953819274902,False,0.3506301720383275,0.6603659810921146,0.0066492557525634766,0.0029622316360473633,False,0.438044425087108,0.6916642061196511,0.008079111576080322,0.0015323758125305176,False,0.5022729747386759,0.5962275651227309,0.6081636541811847,9,False,0.703058809286476,0.02023848992670363,-0.10445532794770462
add_att:687,000000146358.jpg,add_att,A married couple is in front of a wedding cake getting ready to cut it.,A married couple is in front of a sparkling wedding cake getting ready to cut it.,0.3255297839641571,0.3204445242881775,0.005085259675979614,0.6244608633445996,12,5.898059818321144e-17,1.042866400002822,0.00024049999774433672,0.00010800000018207356,0.3565474339632344,-0.005903810262680054,0.010989069938659668,True,0.18704637096774193,0.3111137965214838,-0.00794917345046997,0.013034433126449585,True,0.25950100806451615,0.2710020782262899,-0.0098954439163208,0.014980703592300415,True,0.3235194052419355,0.29977160514986734,-0.008483856916427612,0.013569116592407227,True,0.4422001008064516,0.21141465488360853,-0.01316419243812561,0.018249452114105225,True,0.543000252016129,0.3768654934985574,0.8990675403225806,10,False,0.3576458503480004,0.46393858278210065,-0.0014449656009674072,0.0065302252769470215,True,0.18757560483870966,0.2674693327222499,-0.010075002908706665,0.01516026258468628,True,0.26003024193548385,0.29312714111220056,-0.008802443742752075,0.01388770341873169,True,0.3028414818548387,0.28868616419544,-0.009017735719680786,0.0141029953956604,True,0.4031123991935484,0.30397902038426716,-0.008284211158752441,0.013369470834732056,True,0.5432522681451613,0.3268410921506194,0.3028414818548387,4,False,0.3889046545491397,0.05002440134793801,-0.0312588042011393
add_obj:1764,000000562243.jpg,add_obj,A man with glasses and wearing a tie poses for a profile picture.,A man with glasses and wearing a tie poses for a profile picture with a flower bouquet.,0.3330948054790497,0.30079734325408936,0.03229746222496033,0.961938462498743,15,2.7755575615628914e-17,1.4465958000000683,0.00026359999901615083,0.00010689999908208847,0.9792119009010207,0.03852367401123047,-0.006226211786270142,False,0.15073013305664062,0.9672924160407153,0.0338689386844635,-0.0015714764595031738,False,0.21666717529296875,0.9670460452309891,0.033791348338127136,-0.001493886113166809,False,0.30120849609375,0.9670354539845619,0.03378802537918091,-0.001490563154220581,False,0.4381866455078125,0.9737582580674807,0.03613811731338501,-0.0038406550884246826,False,0.5074653625488281,0.8694810428038173,0.7840843200683594,12,False,0.9693772327684687,0.9296651874345513,0.025815576314926147,0.00648188591003418,False,0.1285858154296875,0.8474260819086676,0.017145544290542603,0.015151917934417725,False,0.2821159362792969,0.9559930921454799,0.030784040689468384,0.0015134215354919434,False,0.3606910705566406,0.9368483251512877,0.026969820261001587,0.00532764196395874,False,0.42996978759765625,0.9184937654545171,0.024220556020736694,0.008076906204223633,False,0.5127716064453125,0.9310380748965532,0.6300849914550781,9,False,0.9190579838291503,-0.061557032092735886,0.050319248939318384
replace_att:736,000000123480.jpg,replace_att,A shocked looking man in the mirror about to brush his teeth.,A calm looking man in the mirror about to brush his teeth.,0.285938560962677,0.2745583653450012,0.011380195617675781,0.757315842627336,15,1.951563910473908e-17,1.1933726999995997,0.00024249999842140824,0.00012100000094505958,0.19244727904311232,-0.014341861009597778,0.02572205662727356,True,0.14947001139322916,0.18277180619219066,-0.014976799488067627,0.026356995105743408,True,0.20787556966145834,0.1491888585546853,-0.01740977168083191,0.02878996729850769,True,0.3321482340494792,0.16258946798502516,-0.016390860080718994,0.027771055698394775,True,0.4652048746744792,0.1497605923755545,-0.017364799976348877,0.028744995594024658,True,0.52801513671875,0.1529050110564389,0.7989857991536459,12,False,0.252107042287614,0.22647184080345675,-0.012283414602279663,0.023663610219955444,True,0.15516153971354166,0.19979418059273035,-0.013875812292098999,0.02525600790977478,True,0.2196197509765625,0.15735114538052147,-0.016780704259872437,0.028160899877548218,True,0.3459421793619792,0.15672583916023022,-0.016827940940856934,0.028208136558532715,True,0.4043477376302083,0.1584941293469249,-0.016694754362106323,0.028074949979782104,True,0.5272928873697916,0.19708302281350143,0.5272928873697916,8,False,0.26772266555955965,-0.04417801175706254,-0.015615623271945656
replace_obj:1204,000000111179.jpg,replace_obj,There is a tower clock that is in the middle of the city,There is a fountain that is in the middle of the city.,0.252076655626297,0.17124105989933014,0.08083559572696686,0.9996915244881214,15,4.9439619065339e-17,1.3651040000004286,0.0002459999996062834,0.00011229999654460698,0.9596666935899499,0.03169408440589905,0.04914151132106781,False,0.145782470703125,0.948811187682872,0.029196888208389282,0.051638707518577576,False,0.21137491861979166,0.856748022721895,0.01788538694381714,0.06295020878314972,False,0.3280080159505208,0.8448561166515057,0.01694813370704651,0.06388746201992035,False,0.433685302734375,0.8220637297054004,0.015303924679756165,0.0655316710472107,False,0.5519561767578125,0.8784315513752933,0.4853871663411458,7,False,0.9044003843051697,0.9623470491531548,0.03240963816642761,0.048425957560539246,False,0.12082926432291667,0.948237217542486,0.029079332947731018,0.05175626277923584,False,0.24930318196614584,0.8890114833440944,0.02080683410167694,0.06002876162528992,False,0.3182322184244792,0.9547897085755114,0.03050166368484497,0.05033393204212189,False,0.500457763671875,0.9547897085755114,0.03050166368484497,0.05033393204212189,False,0.500457763671875,0.9318014961416037,0.6439768473307291,9,False,0.9442948554406606,-0.053369944766310407,-0.03989447113549094
replace_rel:944,000000558854.jpg,replace_rel,"A table with sandwiches, chili, french fries, and a drink.","A table without sandwiches, chili, french fries, and a drink.",0.32228246331214905,0.3080015182495117,0.014280945062637329,0.8066042441353513,14,4.163336342344337e-17,1.2552212999980839,0.00028329999986453913,0.00014030000238562934,0.5130377950555571,0.0005216300487518311,0.013759315013885498,False,0.14592533333333332,0.4042736369801154,-0.00387689471244812,0.01815783977508545,True,0.245472,0.40477400706525135,-0.0038561224937438965,0.018137067556381226,True,0.35701333333333335,0.352593754234729,-0.0060765743255615234,0.020357519388198853,True,0.42024,0.4121612433334385,-0.0035503804683685303,0.01783132553100586,True,0.513712,0.4048281855299391,0.688432,9,False,0.4803234484612019,0.5668148842411707,0.002688676118850708,0.011592268943786621,False,0.17164266666666667,0.4042736369801154,-0.00387689471244812,0.01815783977508545,True,0.245472,0.299917384701627,-0.00847691297531128,0.02275785803794861,True,0.39581333333333335,0.2770533863695058,-0.009591251611709595,0.023872196674346924,True,0.45904,0.3061651052442044,-0.008181095123291016,0.022462040185928345,True,0.525616,0.3739497125854324,0.45904,6,False,0.4647970472824319,0.030878472944506685,0.015526401178770022
swap_att:391,000000213224.jpg,swap_att,Two vases of fresh flowers sit on top of the table.,Fresh vases of two flowers sit on top of the table.,0.30553871393203735,0.3033411502838135,0.002197563648223877,0.5547190566017741,12,4.640385298237959e-17,0.9387525000020105,0.00022959999841987155,0.00010399999882793054,0.4618187243294837,-0.0015302300453186035,0.0037277936935424805,True,0.1186437774122807,0.4507236333226358,-0.001977473497390747,0.004175037145614624,True,0.23061152229532164,0.4290605618646744,-0.0028568506240844727,0.00505441427230835,True,0.34862710160818716,0.4379401935746469,-0.0024952590465545654,0.004692822694778442,True,0.45253677814327486,0.557263888586255,0.002300649881362915,-0.00010308623313903809,False,0.526789793494152,0.4180908898876814,0.7547114857456141,8,False,0.46564660356427723,0.5123282117084503,0.0004932284355163574,0.0017043352127075195,False,0.10390967653508772,0.37674829501261503,-0.005033731460571289,0.007231295108795166,True,0.30080409356725146,0.37674829501261503,-0.005033731460571289,0.007231295108795166,True,0.30080409356725146,0.3388891341570195,-0.006682485342025757,0.008880048990249634,True,0.4127718384502924,0.46654628337193815,-0.0013401508331298828,0.0035377144813537598,True,0.5518891630116959,0.3748880235958273,0.786007172880117,9,False,0.4331565036554561,0.0432028662918541,0.032490099908821124
swap_obj:18,000000360097.jpg,swap_obj,Luggage is arranged in groups  on a concrete  platform. ,A concrete platform is arranged in groups with luggage on it.,0.31332099437713623,0.30577966570854187,0.00754132866859436,0.6800785625247547,13,4.683753385137379e-17,1.208823199998733,0.00024260000282083638,0.00010230000043520704,0.45780292032938397,-0.0016919076442718506,0.009233236312866211,True,0.1554234234234234,0.7124220877569435,0.009071767330169678,-0.0015304386615753174,False,0.2722102102102102,0.5671602394347307,0.0027027428150177,0.00483858585357666,False,0.3584264264264264,0.5818927048876671,0.003305479884147644,0.004235848784446716,False,0.46203003003003,0.7472273785899829,0.010838791728019714,-0.003297463059425354,False,0.5381441441441441,0.6181158901499784,0.7563483483483483,9,False,0.5984010349724831,0.2095455922017155,-0.013276666402816772,0.020817995071411133,True,0.12687687687687688,0.2763483753853566,-0.00962647795677185,0.01716780662536621,True,0.20270270270270271,0.10426295342061495,-0.02150730788707733,0.029048636555671692,True,0.36523123123123125,0.11155496005534812,-0.02074955403804779,0.02829088270664215,True,0.4552972972972973,0.10604518801540225,-0.021317899227142334,0.028859227895736694,True,0.5223123123123123,0.16040392176369317,0.5223123123123123,7,False,0.23510527255983776,0.4577119683862852,0.36329576241264533
add_att:172,000000544519.jpg,add_att,A girl with a green shirt brushing her teeth with a blue toothbrush.,A girl with a striped green shirt brushing her teeth with a blue toothbrush.,0.3572613000869751,0.3553231954574585,0.0019381046295166016,0.5483015165153483,14,5.963111948670274e-17,1.238638799997716,0.00028389999715727754,0.00013949999993201345,0.6009848490899277,0.004095703363418579,-0.0021575987339019775,False,0.15243512426900585,0.6653231546185963,0.006871074438095093,-0.004932969808578491,False,0.2721811038011696,0.6562264205283458,0.006465226411819458,-0.0045271217823028564,False,0.35664519371345027,0.6377218955276394,0.0056549012660980225,-0.003716796636581421,False,0.4203330592105263,0.6213435908153135,0.004952549934387207,-0.0030144453048706055,False,0.5001085069444444,0.5203646894778242,0.8707625182748538,12,False,0.6211665642951071,0.28977425538705215,-0.00896480679512024,0.01090291142463684,True,0.15117301717836257,0.31000987227573784,-0.008000731468200684,0.009938836097717285,True,0.20074926900584794,0.4197385071736899,-0.003238469362258911,0.005176573991775513,True,0.3649888066520468,0.42711168153843593,-0.002936452627182007,0.004874557256698608,True,0.4049136513157895,0.3884895310994338,-0.004536658525466919,0.0064747631549835205,True,0.611413788377193,0.3996863649742738,0.4049136513157895,6,False,0.39131830786538174,0.12067832450355043,0.22984825642972534
add_obj:2021,000000456303.jpg,add_obj,This is a snowboard in the middle of a back flip.,This is a snowboard with a ring in the middle of a back flip.,0.30733922123908997,0.30508771538734436,0.0022515058517456055,0.5560510640552284,13,1.8648277366750676e-17,1.2294795000016165,0.0003133999998681247,0.0001370999998471234,0.4558513739054363,-0.0017705559730529785,0.004022061824798584,True,0.15477881619937695,0.5593429949456971,0.002384960651397705,-0.0001334547996520996,False,0.2466043613707165,0.7315549860398312,0.010025262832641602,-0.007773756980895996,False,0.34110280373831775,0.6256827805105999,0.005137398838996887,-0.0028858929872512817,False,0.435196261682243,0.6623520116999239,0.006737932562828064,-0.0044864267110824585,False,0.5060124610591901,0.5749866957437033,1.0,13,False,0.5837310613555452,0.5000812113277924,3.248453140258789e-06,0.0022482573986053467,False,0.1587601246105919,0.4791735281009005,-0.0008335411548614502,0.0030850470066070557,True,0.22929595015576323,0.6172919080772094,0.004780694842338562,-0.0025291889905929565,False,0.30259813084112147,0.4945832673016859,-0.00021667778491973877,0.0024681836366653442,True,0.4481744548286604,0.498355662790341,-6.577372550964355e-05,0.002317279577255249,True,0.5189906542056075,0.6063277197184018,0.37502180685358255,5,False,0.5291965901365894,-0.03134102397469851,0.05453447121895583
replace_att:39,000000412894.jpg,replace_att,People cross the street at the corner of luxury buildings.,People cross the street at the corner of rundown buildings.,0.27142006158828735,0.2369186282157898,0.03450143337249756,0.9692354149784095,12,3.469446951953614e-17,0.9189218999999866,0.00022590000298805535,0.00010520000068936497,0.9790175550476677,0.03842863440513611,-0.00392720103263855,False,0.10292740314327485,0.9547532235132935,0.03049321472644806,0.0040082186460494995,False,0.2637860928362573,0.9627810124375974,0.03253006935119629,0.0019713640213012695,False,0.42511307565789475,0.9627810124375974,0.03253006935119629,0.0019713640213012695,False,0.42511307565789475,0.8414961320345875,0.016694024205207825,0.017807409167289734,False,0.5656524122807017,0.8765327077749624,0.6933022660818714,7,False,0.9498009211482064,0.8111598937667212,0.014575645327568054,0.019925788044929504,False,0.145125182748538,0.91077702827922,0.023231595754623413,0.011269837617874146,False,0.2727750365497076,0.8524915638015703,0.017542779445648193,0.016958653926849365,False,0.3536127101608187,0.8155830084681769,0.014867037534713745,0.019634395837783813,False,0.4408580043859649,0.8843712988692579,0.02034492790699005,0.014156505465507507,False,0.5437854075292398,0.8585035776351273,0.7051123903508771,7,False,0.8654399590557159,0.018029130139835092,0.08436096209249044
replace_obj:1039,000000165351.jpg,replace_obj,A food that is topped with bananas and a brown sauce.,A food that is topped with berries and a brown sauce.,0.32233574986457825,0.25546178221702576,0.06687396764755249,0.9987550283395767,15,5.551115123125783e-17,1.495160799997393,0.0002365000000281725,0.00011359999916749075,0.9943073353325081,0.051628679037094116,0.015245288610458374,False,0.1203460693359375,0.9978173649478145,0.06125037372112274,0.0056235939264297485,False,0.260986328125,0.9953806784833786,0.053728774189949036,0.013145193457603455,False,0.3338890075683594,0.9615293126116601,0.03218628466129303,0.03468768298625946,False,0.4681053161621094,0.9835782979605704,0.04092593491077423,0.02594803273677826,False,0.558990478515625,0.7913679704856955,0.7453117370605469,11,False,0.9881834596599466,0.9943073353325081,0.051628679037094116,0.015245288610458374,False,0.1203460693359375,0.9909305663343333,0.04693734645843506,0.01993662118911743,False,0.2675590515136719,0.9862951262559188,0.042762041091918945,0.024111926555633545,False,0.32640838623046875,0.9652917642127313,0.033254534006118774,0.033619433641433716,False,0.4041099548339844,0.9758201560838238,0.03697758913040161,0.02989637851715088,False,0.5518875122070312,0.817165458108771,0.5880966186523438,9,False,0.9847682249681325,-0.025797487623075432,0.0034152346918140397
replace_rel:1275,000000521282.jpg,replace_rel,A vase filled with yellow and white flowers.,A vase lacking yellow and white flowers.,0.3343279957771301,0.31261754035949707,0.021710455417633057,0.8976190908124272,12,3.642919299551295e-17,1.2096201999993355,0.00022959999841987155,0.00010630000178935006,0.8997932193315294,0.021949291229248047,-0.00023883581161499023,False,0.11439896755162242,0.8428486993670654,0.01679578423500061,0.004914671182632446,False,0.267998709439528,0.8223358069077933,0.01532253623008728,0.006387919187545776,False,0.3720271017699115,0.0773257492974707,-0.024792492389678955,0.04650294780731201,True,0.47711559734513276,0.09201889509134749,-0.022892296314239502,0.04460275173187256,True,0.5196464786135693,0.45680189557144235,0.8559239030235988,10,False,0.7199744292298028,0.8916588977054781,0.021077990531921387,0.0006324648857116699,False,0.1535997418879056,0.8428486993670654,0.01679578423500061,0.004914671182632446,False,0.267998709439528,0.5661137309958484,0.002660125494003296,0.01905032992362976,False,0.3730872050147493,0.0773257492974707,-0.024792492389678955,0.04650294780731201,True,0.47711559734513276,0.058992116506885066,-0.02769547700881958,0.04940593242645264,True,0.5543072455752213,0.3671407259434521,0.7326120022123894,8,False,0.6303208162963231,0.08966116962799026,0.08965361293347973
swap_att:400,000000567432.jpg,swap_att,A plane flies by next to some power lines ,Some planes fly by next to a power line.,0.30607765913009644,0.29482269287109375,0.011254966259002686,0.755006860139196,14,1.6479873021779667e-17,1.2660514999988663,0.00023810000129742548,0.0001095000006898772,0.47878157663206333,-0.0008492469787597656,0.012104213237762451,True,0.1361080383480826,0.25251405544624334,-0.01085248589515686,0.022107452154159546,True,0.23392560840707965,0.307374043528451,-0.008124247193336487,0.019379213452339172,True,0.3154095224926254,0.416279074369165,-0.0033806711435317993,0.014635637402534485,True,0.44901709992625366,0.3746819863105005,-0.005121827125549316,0.016376793384552002,True,0.5214325221238938,0.45872804467882566,0.7964659384218289,11,False,0.42100119374302314,0.33102311393404243,-0.007035613059997559,0.018290579319000244,True,0.1502235435103245,0.27619404148163396,-0.009634196758270264,0.02088916301727295,True,0.2226389657079646,0.33216980949859265,-0.0069838762283325195,0.018238842487335205,True,0.36257835545722716,0.35279310830419947,-0.006067842245101929,0.017322808504104614,True,0.4443330567846608,0.42105360554596055,-0.003184497356414795,0.01443946361541748,True,0.5098923764749262,0.389574219331942,0.6488465615781711,9,False,0.3912445161882165,0.06915382534688369,0.029756677554806654
swap_obj:19,000000289516.jpg,swap_obj,A clock sits above green bushes under a blue sky.,Green bushes sit above a clock under a blue sky.,0.3236491084098816,0.3145308494567871,0.009118258953094482,0.7133736520490285,11,2.5153490401663703e-17,0.8464642999970238,0.000455000001238659,0.0002316999998583924,0.6003668600335293,0.0040699392557144165,0.005048319697380066,False,0.1154513888888889,0.6018892703624903,0.004133433103561401,0.004984825849533081,False,0.23353909465020575,0.3857164007035297,-0.00465354323387146,0.013771802186965942,True,0.44889724794238683,0.3857164007035297,-0.00465354323387146,0.013771802186965942,True,0.44889724794238683,0.44594577055185053,-0.002170652151107788,0.01128891110420227,True,0.5537712191358025,0.5245445910083542,0.6631783693415638,7,False,0.5359197212506361,0.35245702565388254,-0.00608256459236145,0.015200823545455933,True,0.2080520190329218,0.35245702565388254,-0.00608256459236145,0.015200823545455933,True,0.2080520190329218,0.630282466702363,0.005334287881851196,0.003783971071243286,False,0.37936439043209874,0.5454553118452198,0.0018232464790344238,0.007295012474060059,False,0.4887715406378601,0.45432007171469996,-0.0018323063850402832,0.010950565338134766,True,0.5450906635802469,0.5044259171578492,0.6631783693415638,7,False,0.5274763650835946,0.02011867385050492,0.008443356167041505
add_att:268,000000450758.jpg,add_att,A herd of giraffe running across a field.,A herd of giraffe running across a flower-filled field.,0.3329862952232361,0.2990202009677887,0.03396609425544739,0.9675984032819352,14,6.348003719902628e-17,0.8906857000001764,0.00022929999977350235,0.0001095000006898772,0.9519104433388196,0.02985405921936035,0.004112035036087036,False,0.14101766481723238,0.9430540561940843,0.02807021141052246,0.005895882844924927,False,0.20641420528720628,0.7331354606702676,0.010105893015861511,0.023860201239585876,False,0.3855560541775457,0.6603422519680986,0.006648197770118713,0.027317896485328674,False,0.4519011096605744,0.608067633596432,0.004391968250274658,0.02957412600517273,False,0.5170936684073107,0.8020007200713956,0.7033646785248042,10,False,0.8412650958285189,0.965719844369086,0.033383071422576904,0.0005830228328704834,False,0.17914184889033943,0.9023860624839395,0.02224022150039673,0.01172587275505066,False,0.24837324575718014,0.7501764738769647,0.010995537042617798,0.02297055721282959,False,0.31376978622715407,0.9144039620579416,0.023686334490776062,0.010279759764671326,False,0.4556237761096606,0.8537973024610285,0.017646998167037964,0.016319096088409424,False,0.5323311031331592,0.8022058424932895,0.67892766808094,9,False,0.8974705995265609,-0.00020512242189396623,-0.056205503698042
add_obj:1753,000000048153.jpg,add_obj,A photo of a bright pink shoe on a blue and green background.,A painting of a bright pink shoe on a blue and green background hangs on the wall.,0.35298988223075867,0.30019718408584595,0.05279269814491272,0.9949296885010676,12,1.249000902703301e-16,1.3298438000019814,0.0002991999972437043,0.00013550000221584924,0.996645456494365,0.05694079399108887,-0.0041480958461761475,False,0.12450133333333334,0.9859473045985074,0.04250788688659668,0.01028481125831604,False,0.27874133333333334,0.8621032289079861,0.018328696489334106,0.03446400165557861,False,0.38586133333333333,0.9611173901582318,0.03207549452781677,0.020717203617095947,False,0.4288693333333333,0.9108544956302496,0.023241132497787476,0.029551565647125244,False,0.523072,0.7622759602185358,0.7659946666666667,9,False,0.9620758286478485,0.9946142491949083,0.05218598246574402,0.0006067156791687012,False,0.10712,0.980362911865586,0.03910502791404724,0.013687670230865479,False,0.26136,0.8621032289079861,0.018328696489334106,0.03446400165557861,False,0.38586133333333333,0.8490626466111055,0.01727268099784851,0.03552001714706421,False,0.434112,0.3932172490451541,-0.004338085651397705,0.057130783796310425,True,0.532624,0.6415034205021838,0.6532586666666667,8,False,0.8937583406092068,0.12077253971635205,0.06831748803864168
replace_att:419,000000104572.jpg,replace_att,A bathroom with orange decorated wallpaper and a mirror. ,A bathroom with orange plain wallpaper and a mirror.,0.3567337095737457,0.35177138447761536,0.004962325096130371,0.6215735493547965,8,8.326672684688674e-17,0.9349226999984239,0.0002714000002015382,0.0001229999979841523,0.5831824062729947,0.003358513116836548,0.0016038119792938232,False,0.141796875,0.543709477812265,0.0017528533935546875,0.0032094717025756836,False,0.21129314365671642,0.5114666678265742,0.00045874714851379395,0.004503577947616577,False,0.33952891791044776,0.40276727231906645,-0.00393947958946228,0.008901804685592651,True,0.46303055037313434,0.34379374936662815,-0.006464332342147827,0.011426657438278198,True,0.6399661847014926,0.38395845355996194,1.0,8,False,0.4917911971171797,0.5935871042731438,0.0037881433963775635,0.0011741816997528076,False,0.192997901119403,0.5365290715167724,0.001463770866394043,0.003498554229736328,False,0.334794776119403,0.5365290715167724,0.001463770866394043,0.003498554229736328,False,0.334794776119403,0.40276727231906645,-0.00393947958946228,0.008901804685592651,True,0.46303055037313434,0.34379374936662815,-0.006464332342147827,0.011426657438278198,True,0.6399661847014926,0.3863407989993643,1.0,8,False,0.5057417019811943,-0.0023823454394023558,-0.013950504864014557
replace_obj:961,000000424721.jpg,replace_obj,"A roasting pan full with apples, carrots, potatoes, and meat","A roasting pan full with apples, carrots, onions, and meat.",0.34454384446144104,0.333667516708374,0.010876327753067017,0.7479356957181907,11,2.6020852139652106e-17,0.9391935999992711,0.000228899996727705,0.00010750000001280569,0.674489083895975,0.007285594940185547,0.0035907328128814697,False,0.12657066666666666,0.6799307059943497,0.007534533739089966,0.0033417940139770508,False,0.24046933333333334,0.4740156885598223,-0.0010403096675872803,0.011916637420654297,True,0.3381866666666667,0.7310074104675267,0.009997397661209106,0.0008789300918579102,False,0.4147573333333333,0.6274222628907621,0.005211740732192993,0.0056645870208740234,False,0.5952906666666666,0.6654855199173535,0.9106026666666667,10,False,0.6589850746277475,0.5779660581629095,0.003144294023513794,0.007732033729553223,False,0.19333866666666666,0.5939494068770539,0.003803163766860962,0.007073163986206055,False,0.27825066666666665,0.5541911864854111,0.0021761953830718994,0.008700132369995117,False,0.4048213333333333,0.5541911864854111,0.0021761953830718994,0.008700132369995117,False,0.4048213333333333,0.572626506309201,0.0029257535934448242,0.007950574159622192,False,0.5640746666666666,0.5797180849482129,0.6779733333333333,7,False,0.6033134035570792,0.08576743496914063,0.05567167107066828
replace_rel:1259,000000138492.jpg,replace_rel,A dog is reaching up to grab a Frisbee in his mouth.,A dog is jumping to catch a Frisbee in his mouth.,0.31738126277923584,0.31380510330200195,0.0035761594772338867,0.588463199969996,14,7.990570011218168e-17,1.2580187000021397,0.0002851999997801613,0.00014030000238562934,0.660654008453362,0.006662100553512573,-0.0030859410762786865,False,0.1552049067982456,0.5394380210352638,0.0015808045864105225,0.0019953548908233643,False,0.22030907346491227,0.5709306773891718,0.0028564929962158203,0.0007196664810180664,False,0.37014003106725146,0.5347930234912227,0.0013939738273620605,0.002182185649871826,False,0.4514973958333333,0.5733090284282225,0.002953648567199707,0.0006225109100341797,False,0.5231234009502924,0.6427034735433272,0.811437774122807,11,False,0.5808337051957467,0.6539591823997657,0.006364881992340088,-0.002788722515106201,False,0.1675518548976608,0.678561971700795,0.007471710443496704,-0.0038955509662628174,False,0.23968612938596492,0.5712511457137741,0.0028695762157440186,0.0007065832614898682,False,0.311312134502924,0.37810544145426983,-0.0049759745597839355,0.008552134037017822,True,0.4687956871345029,0.43998205187117356,-0.002412348985671997,0.005988508462905884,True,0.5485197368421053,0.5500780022069085,0.6923199926900585,9,False,0.5547102477249568,0.09262547133641874,0.026123457470789924
swap_att:102,000000205542.jpg,swap_att,a teddy bear sitting on some kind of seat.,Some kind of bear sitting on a teddy seat.,0.30315089225769043,0.2881397306919098,0.01501116156578064,0.8177408879831449,15,6.006480035569695e-17,1.3244913999988057,0.0003026999984285794,0.0001430000011168886,0.8594329174337195,0.018105879426002502,-0.003094717860221863,False,0.10378011067708333,0.9166783586517434,0.023980483412742615,-0.008969321846961975,False,0.2626698811848958,0.8864008377344671,0.020544931292533875,-0.005533769726753235,False,0.340240478515625,0.8792723361098389,0.019855573773384094,-0.004844412207603455,False,0.4271036783854167,0.8876318118035152,0.02066776156425476,-0.005656599998474121,False,0.5494486490885416,0.8876559774723667,0.7767893473307291,11,False,0.8787655391580066,0.7658659234183645,0.011851131916046143,0.003160029649734497,False,0.1551513671875,0.7588074749904928,0.011461526155471802,0.003549635410308838,False,0.21239217122395834,0.802240846279945,0.014003589749336243,0.001007571816444397,False,0.3692881266276042,0.803447286205094,0.014079809188842773,0.0009313523769378662,False,0.4070180257161458,0.724369211466196,0.009662389755249023,0.005348771810531616,False,0.5136617024739584,0.7518280879394164,0.5912322998046875,9,False,0.7800941892197203,0.13582788953295033,0.0986713499382863
swap_obj:86,000000066135.jpg,swap_obj,A train at the station with no passengers around.,Passengers at the station with no train around.,0.2736969590187073,0.2250896543264389,0.04860730469226837,0.9923146968554115,13,2.5587171270657905e-17,1.2123463999996602,0.0002898999991884921,0.00013780000153928995,0.9950775194453275,0.05309008061885834,-0.004482775926589966,False,0.16686315789473685,0.9959319062909976,0.055005043745040894,-0.006397739052772522,False,0.24912105263157894,0.9952413297587044,0.05343016982078552,-0.004822865128517151,False,0.3182894736842105,0.9934314893477992,0.05018877983093262,-0.0015814751386642456,False,0.4100894736842105,0.9823084994933821,0.04016821086406708,0.008439093828201294,False,0.509,0.8079239772006318,0.8093842105263158,10,False,0.9932286198370974,0.9950775194453275,0.05309008061885834,-0.004482775926589966,False,0.16686315789473685,0.9946557483084651,0.05226375162601471,-0.003656446933746338,False,0.23109473684210527,0.9961353316663724,0.05552007257938385,-0.0069127678871154785,False,0.3962473684210526,0.9952053371989145,0.05335445702075958,-0.004747152328491211,False,0.46724736842105263,0.9909463685594334,0.04695494472980499,0.001652359962463379,False,0.5590473684210526,0.865542585772933,0.8093842105263158,10,False,0.9944815123366475,-0.057618608572301167,-0.0012528924995500734
add_att:609,000000122046.jpg,add_att,A woman is sitting in a chair with an umbrella.,A woman is sitting in a swivel chair with an umbrella.,0.3238520622253418,0.3146043121814728,0.009247750043869019,0.7160140458966819,14,1.8214596497756474e-17,1.146836900003109,0.00022950000129640102,0.00011010000162059441,0.6649215551348714,0.006853044033050537,0.0023947060108184814,False,0.10766744334795321,0.6964382388677528,0.008303940296173096,0.0009438097476959229,False,0.21647135416666666,0.6175629338403744,0.004792168736457825,0.004455581307411194,False,0.4102304915935672,0.6175629338403744,0.004792168736457825,0.004455581307411194,False,0.4102304915935672,0.6052646451284152,0.004274502396583557,0.004973247647285461,False,0.5050826937134503,0.6205341676178895,0.702999360380117,9,False,0.6606742314414584,0.6204990076911887,0.004916667938232422,0.004331082105636597,False,0.1890533625730994,0.628659407248932,0.005264699459075928,0.003983050584793091,False,0.28390556469298245,0.6185221984677547,0.004832804203033447,0.004414945840835571,False,0.32470988669590645,0.5914918170672716,0.0037013590335845947,0.005546391010284424,False,0.456351653874269,0.5059132501088822,0.0002365410327911377,0.00901120901107788,False,0.5032951845760234,0.5570782962295168,0.5032951845760234,7,False,0.6287083429425853,0.06345587138837272,0.03196588849887316
add_obj:2000,000000184791.jpg,add_obj,a painting of fruit and a candle with a vase,A chair and a painting of fruit and a candle with a vase are in the room.,0.3404409885406494,0.308217853307724,0.032223135232925415,0.961665393836328,15,3.469446951953614e-17,1.2211471000009624,0.0002978000011353288,0.00014319999900180846,0.8807881160797258,0.019999146461486816,0.012223988771438599,False,0.156435546875,0.798681544443506,0.013780742883682251,0.018442392349243164,False,0.25451171875,0.7271789153987126,0.009803563356399536,0.02241957187652588,False,0.3108984375,0.14179929513184886,-0.01800425350666046,0.050227388739585876,True,0.4753466796875,0.07523363078781559,-0.025089427828788757,0.05731256306171417,True,0.5590771484375,0.4416933168144801,0.7638134765625,10,False,0.6260797106868856,0.9225797905769683,0.02477926015853882,0.007443875074386597,False,0.15849609375,0.8675144534708165,0.01879158616065979,0.013431549072265625,False,0.223818359375,0.2916134398694348,-0.008875608444213867,0.04109874367713928,True,0.3771728515625,0.04992690255225068,-0.029459789395332336,0.06168292462825775,True,0.461748046875,0.04554990292261404,-0.030423268675804138,0.06264640390872955,True,0.5430859375,0.3339254074620081,0.461748046875,7,False,0.5800074461929625,0.10776790935247199,0.0460722644939231
replace_att:669,000000487583.jpg,replace_att,there is a small black table next to a white toilet,There is a small black table next to a red toilet.,0.29445305466651917,0.2862929105758667,0.008160144090652466,0.6933896554386602,14,4.0766001685454967e-17,1.3136264000022493,0.00028340000062598847,0.00013979999857838266,0.8157555218005678,0.014878511428833008,-0.006718367338180542,False,0.14529302602639296,0.9132114204221343,0.023534923791885376,-0.01537477970123291,False,0.2685117302052786,0.9268906331770629,0.02539879083633423,-0.017238646745681763,False,0.33740950329912023,0.9433694865815351,0.028129100799560547,-0.01996895670890808,False,0.4724271444281525,0.946569256413916,0.02874457836151123,-0.020584434270858765,False,0.5402996700879765,0.902095101302818,0.6095697397360704,9,False,0.869778120569999,0.718005347570755,0.0093458890914917,-0.0011857450008392334,False,0.1508087426686217,0.624704745322366,0.00509566068649292,0.003064483404159546,False,0.2010401392961877,0.6131962910137213,0.004607677459716797,0.003552466630935669,False,0.3418999725073314,0.7214829669514752,0.009518295526504517,-0.0013581514358520508,False,0.43579316348973607,0.6584858911927399,0.00656554102897644,0.0015946030616760254,False,0.5050632331378299,0.6690357419098805,0.5773231304985337,8,False,0.6688030466500546,0.23305935939293754,0.2009750739199444
replace_obj:1146,000000138819.jpg,replace_obj,"A bathroom has a sink, toilet, and trash can in it.  ","A bathroom has a sink, toilet, and mirror in it.",0.2874007523059845,0.2768979072570801,0.010502845048904419,0.7408295281876427,13,3.9898639947466563e-17,1.265133099997911,0.00023890000011306256,0.00011749999976018444,0.7204169387839559,0.009465306997299194,0.0010375380516052246,False,0.11974589029947917,0.5875325677389227,0.0035377442836761475,0.0069651007652282715,False,0.20214335123697916,0.2883576420265436,-0.009033739566802979,0.019536584615707397,True,0.3704121907552083,0.18775714457415982,-0.0146465003490448,0.02514934539794922,True,0.4496103922526042,0.2891974362096569,-0.00899285078048706,0.01949569582939148,True,0.5034332275390625,0.49601471636079364,0.7893269856770834,10,False,0.4901481828927511,0.5905430910490824,0.003662109375,0.006840735673904419,False,0.13517252604166666,0.546768757231935,0.001876235008239746,0.008626610040664673,False,0.2549184163411458,0.485160567611441,-0.0005937516689300537,0.011096596717834473,True,0.3341166178385417,0.4669772491339625,-0.0013228356838226318,0.01182568073272705,True,0.4041900634765625,0.39837641189212897,-0.004122346639633179,0.014625191688537598,True,0.5447285970052084,0.4979359326149608,0.6792093912760416,9,False,0.5380806066732688,-0.0019212162541671352,-0.04793242378051776
replace_rel:923,000000472046.jpg,replace_rel,Empty stylish kitchen and living room with big picture windows.,Empty stylish kitchen and living room without big picture windows.,0.2677167057991028,0.2531442940235138,0.01457241177558899,0.8111103573888716,13,6.938893903907228e-17,1.1470162000005075,0.00023570000121253543,0.00010570000085863285,0.7198355104662614,0.009436458349227905,0.005135953426361084,False,0.20649126838235293,0.7198355104662614,0.009436458349227905,0.005135953426361084,False,0.20649126838235293,0.5216244783556968,0.0008655190467834473,0.013706892728805542,False,0.355859375,0.526910056185061,0.0010774433612823486,0.01349496841430664,False,0.43211167279411766,0.4908140952901817,-0.00036747753620147705,0.014939889311790466,True,0.5145105698529412,0.5049535419654111,0.770846737132353,10,False,0.6466084016049412,0.7948576523635654,0.013544589281082153,0.001027822494506836,False,0.10662339154411765,0.7198355104662614,0.009436458349227905,0.005135953426361084,False,0.20649126838235293,0.5216244783556968,0.0008655190467834473,0.013706892728805542,False,0.355859375,0.4515715325587681,-0.0019432306289672852,0.016515642404556274,True,0.4509708180147059,0.46547353781215617,-0.001383259892463684,0.015955671668052673,True,0.5272231158088235,0.47313613212414485,0.7829561121323529,10,False,0.6358088053144606,0.03181740984126624,0.010799596290480551
swap_att:385,000000359677.jpg,swap_att,A kite surfer gets high in the air while his kite is out of the picture frame.,A kite surfer is out of the picture frame while his kite gets high in the air.,0.30709442496299744,0.2900172173976898,0.017077207565307617,0.8465404221326993,15,4.85722573273506e-17,1.189251100000547,0.00023359999977401458,0.00010970000221277587,0.36820382785755607,-0.005399301648139954,0.02247650921344757,True,0.13101356907894737,0.38924488029642446,-0.004504874348640442,0.02158208191394806,True,0.2614731816520468,0.4422843260268549,-0.002318963408470154,0.01939617097377777,True,0.32333356176900585,0.6079301910639648,0.004386201500892639,0.012691006064414978,False,0.4613315515350877,0.5117526158658819,0.00047019124031066895,0.016607016324996948,False,0.5295310215643275,0.44784628133742654,0.7970120614035088,12,False,0.5010967285679996,0.36820382785755607,-0.005399301648139954,0.02247650921344757,True,0.13101356907894737,0.37536408029449336,-0.005092725157737732,0.02216993272304535,True,0.259554322002924,0.5668108595918462,0.0026885122060775757,0.014388695359230042,False,0.3271141721491228,0.5954769206772574,0.003866538405418396,0.013210669159889221,False,0.46511216191520466,0.5057266383539908,0.00022907555103302002,0.016848132014274597,False,0.5333116319444444,0.4965111889913794,0.5333116319444444,8,False,0.5192788801340401,-0.04866490765395287,-0.018182151566040528
swap_obj:138,000000269316.jpg,swap_obj,Four men playing Ultimate Frisbee in a park.,A park playing Ultimate Frisbee with four men.,0.3264399468898773,0.3124368488788605,0.014003098011016846,0.8022330447124065,14,4.423544863740858e-17,0.9386252000003878,0.00023670000155107118,0.00011169999925186858,0.8078327784924278,0.014359891414642334,-0.0003567934036254883,False,0.17506738852339182,0.7659706498004061,0.01185697317123413,0.002146124839782715,False,0.2608221399853801,0.8165979154731944,0.014934659004211426,-0.0009315609931945801,False,0.313008269371345,0.8367447839831131,0.01634204387664795,-0.0023389458656311035,False,0.4509434393274854,0.822391097335827,0.015326321125030518,-0.0013232231140136719,False,0.5175438596491229,0.7105957543173556,0.7039530793128655,10,False,0.8095669137899371,0.8321441758040722,0.016009002923965454,-0.0020059049129486084,False,0.16070449561403508,0.8537708874295211,0.017644882202148438,-0.003641784191131592,False,0.22159973501461988,0.8182107987271037,0.015042722225189209,-0.0010396242141723633,False,0.3073544864766082,0.8405343966444093,0.016622096300125122,-0.0026189982891082764,False,0.42146952668128657,0.7475230691286645,0.010854452848434448,0.0031486451625823975,False,0.5448019462719298,0.7931195362937729,0.8098444353070176,11,False,0.8203378499576092,-0.0825237819764173,-0.010770936167672107
add_att:120,000000152740.jpg,add_att,Numerous head of cattle are grazing in the grass.,Numerous head of cattle are grazing in the dewy grass.,0.3355559706687927,0.3341878354549408,0.0013681352138519287,0.5341501286196219,16,5.2258544713801314e-17,1.149498399998265,0.0002930000009655487,0.0001461000028939452,0.5811576637822157,0.003275275230407715,-0.0019071400165557861,False,0.1263782429245283,0.5514652527891621,0.0020659267902374268,-0.000697791576385498,False,0.2510170990566038,0.5516650160277816,0.002074003219604492,-0.0007058680057525635,False,0.3218971108490566,0.6900857420303087,0.008005201816558838,-0.006637066602706909,False,0.449498820754717,0.6234937999469959,0.005044043064117432,-0.003675907850265503,False,0.509935141509434,0.5956922321249681,0.6411925117924528,10,False,0.5864926353447372,0.4545232601288993,-0.001824110746383667,0.0031922459602355957,True,0.11126179245283019,0.4545232601288993,-0.001824110746383667,0.0031922459602355957,True,0.2187278891509434,0.4545232601288993,-0.001824110746383667,0.0031922459602355957,True,0.33660819575471695,0.5811576637822157,0.003275275230407715,-0.0019071400165557861,False,0.41076061320754714,0.5603263404984428,0.002424865961074829,-0.0010567307472229004,False,0.5424307193396226,0.45660253023234754,0.33660819575471695,6,False,0.49955612026062546,0.1390897018926206,0.08693651508411171
add_obj:400,000000358525.jpg,add_obj,A very young boy is using a keyboard on a laptop computer.,A very young boy is using a keyboard on a tablet and a laptop computer.,0.36792969703674316,0.3488800823688507,0.019049614667892456,0.8704520359336984,14,6.852157730108388e-17,1.1024370000013732,0.0002798000023176428,0.00014009999722475186,0.8100345444615548,0.014502346515655518,0.0045472681522369385,False,0.190582275390625,0.4452360396269702,-0.0021993815898895264,0.021248996257781982,True,0.23496500651041666,0.42740777294889803,-0.0029243528842926025,0.02197396755218506,True,0.3719278971354167,0.4752545033694094,-0.0009906291961669922,0.020040243864059448,True,0.4153798421223958,0.6219653344177534,0.004978984594345093,0.014070630073547363,False,0.5358632405598959,0.5977311555771618,0.8090464274088541,11,False,0.6222878639158389,0.8027833128759786,0.01403781771659851,0.005011796951293945,False,0.136962890625,0.7979007738017558,0.01373225450515747,0.005317360162734985,False,0.245758056640625,0.7804051950153065,0.012680292129516602,0.0063693225383758545,False,0.3305460611979167,0.7527313456055335,0.01113232970237732,0.007917284965515137,False,0.4872233072916667,0.6871449236331648,0.007868051528930664,0.011181563138961792,False,0.5490926106770834,0.793111258020352,0.7347361246744791,10,False,0.7889662296345894,-0.19538010244319015,-0.1666783657187505
replace_att:762,000000121506.jpg,replace_att,A wooden table with an inverted umbrella on it.,A wooden table with an upright umbrella on it.,0.2837355434894562,0.2791234850883484,0.004612058401107788,0.6133001959185514,16,3.7621815385247004e-17,1.5696803999999247,0.000296499998512445,0.00014759999976377003,0.5292963605030281,0.0011731982231140137,0.0034388601779937744,False,0.11387252807617188,0.46911424907615185,-0.0012370049953460693,0.005849063396453857,True,0.23200225830078125,0.4009548973028735,-0.004014879465103149,0.008626937866210938,True,0.3578224182128906,0.3759201101367246,-0.00506901741027832,0.009681075811386108,True,0.42629241943359375,0.3860059560491806,-0.004641324281692505,0.009253382682800293,True,0.5427017211914062,0.4644426280206465,0.7198028564453125,12,False,0.46011706714628403,0.529697291619316,0.0011892914772033691,0.003422766923904419,False,0.14565658569335938,0.4698914225829823,-0.0012058019638061523,0.00581786036491394,True,0.20798110961914062,0.45946264487669725,-0.00162506103515625,0.006237119436264038,True,0.3189544677734375,0.5675311309015091,0.0027178525924682617,0.0018942058086395264,False,0.4003028869628906,0.5997185038847589,0.004042923450469971,0.0005691349506378174,False,0.5070037841796875,0.49785434170414744,0.5517730712890625,9,False,0.5325489377402858,-0.03341171368350093,-0.07243187059400175
replace_obj:873,000000383621.jpg,replace_obj,A passenger airplane is taking off into a cloudy sky.,A hot air balloon is rising into a cloudy sky.,0.2842414081096649,0.16275779902935028,0.12148360908031464,0.9999947029802404,14,4.2500725161431774e-17,0.9707603000024392,0.0002873999983421527,0.00014179999925545417,0.9861758197545208,0.04267415404319763,0.078809455037117,False,0.171281067251462,0.9934872026163463,0.05027452111244202,0.07120908796787262,False,0.24765853435672514,0.9855760905781717,0.042243391275405884,0.07924021780490875,False,0.3080512152777778,0.9933178473854332,0.05001610517501831,0.07146750390529633,False,0.4438219572368421,0.9769633652127679,0.037473633885383606,0.08400997519493103,False,0.5175495705409356,0.8053234939224426,0.7938368055555556,11,False,0.9901042142903932,0.9863634004264888,0.04281267523765564,0.078670933842659,False,0.10320723684210527,0.8645324946113969,0.018534570932388306,0.10294903814792633,False,0.24997144554093567,0.9185769464182003,0.024231672286987305,0.09725193679332733,False,0.3188904879385965,0.6909881760186773,0.008047431707382202,0.11343617737293243,False,0.44735699926900585,0.40478370055253693,-0.0038557201623916626,0.1253393292427063,True,0.523734466374269,0.6094034643474405,0.523734466374269,7,False,0.8496762686571975,0.1959200295750021,0.14042794563319572
replace_rel:3,000000125211.jpg,replace_rel,A zebra is standing in an open field.,A zebra is running across an open field.,0.3106013238430023,0.29846587777137756,0.012135446071624756,0.7709255254623979,11,4.640385298237959e-17,0.8587034999982279,0.00029299999732756987,0.0001329000006080605,0.7261927867770702,0.009753912687301636,0.00238153338432312,False,0.1907501220703125,0.6211381243944704,0.004943817853927612,0.0071916282176971436,False,0.3151652018229167,0.6211381243944704,0.004943817853927612,0.0071916282176971436,False,0.3151652018229167,0.6507667105124675,0.006224110722541809,0.005911335349082947,False,0.466156005859375,0.8145943696883022,0.014801442623138428,-0.002665996551513672,False,0.535797119140625,0.7344374469852235,0.7109578450520834,7,False,0.6973711380312965,0.7272001997899202,0.009804636240005493,0.0023308098316192627,False,0.12911478678385416,0.7298872297016098,0.009940505027770996,0.0021949410438537598,False,0.2890421549479167,0.678508666487833,0.007469266653060913,0.004666179418563843,False,0.3938395182291667,0.6240554184235573,0.005067974328994751,0.007067471742630005,False,0.544830322265625,0.6240554184235573,0.005067974328994751,0.007067471742630005,False,0.544830322265625,0.73116630048748,0.2890421549479167,4,False,0.7073115691580508,0.0032711464977435156,-0.009940431126754357
swap_att:162,000000054605.jpg,swap_att,a brown table with a chocolate drink and a piece of white cake,a white table with a chocolate drink and a piece of brown cake.,0.31004953384399414,0.30366674065589905,0.006382793188095093,0.6543643947670272,13,3.382710778154774e-17,1.3375507999990077,0.0002916999983426649,0.00013780000153928995,0.6044529916938791,0.004240542650222778,0.0021422505378723145,False,0.1396026611328125,0.6633500435291207,0.006782591342926025,-0.0003997981548309326,False,0.247833251953125,0.8788488830497853,0.01981574296951294,-0.013432949781417847,False,0.4313545227050781,0.8788488830497853,0.01981574296951294,-0.013432949781417847,False,0.4313545227050781,0.873327400415673,0.019307047128677368,-0.012924253940582275,False,0.5055580139160156,0.6545794771928785,0.8133354187011719,10,False,0.7180122590199552,0.6672508011594759,0.0069577693939208984,-0.0005749762058258057,False,0.1082305908203125,0.7302343360423655,0.009958118200302124,-0.0035753250122070312,False,0.275360107421875,0.6635569938209576,0.006791859865188599,-0.00040906667709350586,False,0.3723258972167969,0.6443299912692264,0.0059420764446258545,0.0004407167434692383,False,0.4603118896484375,0.6511029226368037,0.0062389075756073,0.00014388561248779297,False,0.5429725646972656,0.6612937756872734,0.5821342468261719,7,False,0.6758239661012441,-0.006714298494394977,0.04218829291871118
swap_obj:52,000000520077.jpg,swap_obj,A stack of random books are placed in front of a computer.,A computer is placed in front of a stack of random books.,0.32295092940330505,0.3074151575565338,0.01553577184677124,0.8254297880849386,14,4.5102810375396984e-17,1.3951778000009654,0.00028920000113430433,0.00013889999900129624,0.7736456065675495,0.012290120124816895,0.0032456517219543457,False,0.1000719572368421,0.8844125867203502,0.020348966121673584,-0.004813194274902344,False,0.22219937865497075,0.658409149000188,0.006562128663063049,0.008973643183708191,False,0.4104475054824561,0.658409149000188,0.006562128663063049,0.008973643183708191,False,0.4104475054824561,0.5310920814378175,0.0012452900409698486,0.014290481805801392,False,0.5062648483187134,0.6955328994016406,0.79683502375731,11,False,0.7574346982075502,0.772277423668916,0.012212157249450684,0.0033236145973205566,False,0.1353424250730994,0.7310665943398511,0.010000407695770264,0.0055353641510009766,False,0.23541438230994152,0.6055682874574996,0.004287213087081909,0.011248558759689331,False,0.3296840734649123,0.48611717710115204,-0.0005554556846618652,0.016091227531433105,True,0.43256007858187134,0.5389433799771433,0.001560896635055542,0.013974875211715698,False,0.5283774214181286,0.6040071578942063,0.5283774214181286,7,False,0.6654439555234504,0.09152574150743431,0.09199074268409979
add_att:96,000000517687.jpg,add_att,two cellphones are sitting side by side on the table.,Two cellphones are sitting side by side on the glass table.,0.28919389843940735,0.28767189383506775,0.0015220046043395996,0.5379768323497222,14,1.496198998029996e-17,1.135714399999415,0.00028789999851142056,0.00014100000043981709,0.4918713877478349,-0.00032517313957214355,0.0018471777439117432,True,0.12110053168402778,0.4656607727800962,-0.001375734806060791,0.0028977394104003906,True,0.2200927734375,0.31989679823708045,-0.007542461156845093,0.009064465761184692,True,0.3222859700520833,0.32498310113703677,-0.007309645414352417,0.008831650018692017,True,0.4681464301215278,0.3366289924141281,-0.006783530116081238,0.008305534720420837,True,0.5326334635416666,0.38869800612936173,0.7669338650173612,11,False,0.4097659560731727,0.5141709334345387,0.0005669891834259033,0.0009550154209136963,False,0.1284450954861111,0.5164360173273695,0.0006576776504516602,0.0008643269538879395,False,0.20170762803819445,0.5298064273644836,0.0011936724185943604,0.00032833218574523926,False,0.3682861328125,0.5347989550889115,0.0013942122459411621,0.0001277923583984375,False,0.4401991102430556,0.5695247358711197,0.002799123525619507,-0.0012771189212799072,False,0.5612996419270834,0.5255717421218018,0.4401991102430556,6,False,0.5302185075391559,-0.13687373599244007,-0.12045255146598322
add_obj:1652,000000392228.jpg,add_obj,Gold trimmed clock on top  of roof of building,A flag and a gold trimmed clock on top of the roof of a building.,0.3507567048072815,0.3487434983253479,0.0020132064819335938,0.5501608580678042,13,6.678685382510707e-17,1.3674032000017178,0.00029179999910411425,0.00013730000137002207,0.13329221552344706,-0.018721580505371094,0.020734786987304688,True,0.15490214029947916,0.2272339439680751,-0.012239962816238403,0.014253169298171997,True,0.22426859537760416,0.6885705834723098,0.00793445110321045,-0.0059212446212768555,False,0.3942057291666667,0.8255150151008899,0.015541687607765198,-0.013528481125831604,False,0.4812876383463542,0.6483326011972184,0.006117179989814758,-0.0041039735078811646,False,0.5893198649088541,0.5983003273933274,0.6764322916666666,8,False,0.49003827536957356,0.13329221552344706,-0.018721580505371094,0.020734786987304688,True,0.15490214029947916,0.12839661201049846,-0.01915210485458374,0.021165311336517334,True,0.22369384765625,0.11453383362238262,-0.020452439785003662,0.022465646266937256,True,0.3167012532552083,0.1728096953905693,-0.015658438205718994,0.017671644687652588,True,0.4247334798177083,0.162896667256965,-0.016368314623832703,0.018381521105766296,True,0.574554443359375,0.18057196892490635,0.4940999348958333,7,False,0.19824319910329127,0.41772835846842105,0.2917950762662823
replace_att:363,000000205542.jpg,replace_att,A large metal chair with a brown teddy bear in it.,A large plastic chair with a brown teddy bear in it.,0.3460890054702759,0.31069645285606384,0.035392552614212036,0.9717842987874877,15,1.0408340855860843e-16,1.0894855000005919,0.0002992000008816831,0.00014340000052470714,0.8498393758352332,0.017333418130874634,0.018059134483337402,False,0.10378011067708333,0.9252128059864528,0.02515377104282379,0.010238781571388245,False,0.265777587890625,0.927537764988105,0.025494679808616638,0.009897872805595398,False,0.3433481852213542,0.808520720806085,0.014404267072677612,0.020988285541534424,False,0.4128824869791667,0.8312687976052943,0.015946462750434875,0.01944608986377716,False,0.5107014973958334,0.7975482055536789,0.7471974690755209,11,False,0.8825502349580497,0.9258462909753994,0.025245681405067444,0.010146871209144592,False,0.19313557942708334,0.870658073273271,0.019067898392677307,0.01632465422153473,False,0.2589314778645833,0.8897977026630908,0.02088676393032074,0.014505788683891296,False,0.3135935465494792,0.878430356305023,0.019776493310928345,0.015616059303283691,False,0.4205373128255208,0.7737337942528495,0.012295156717300415,0.02309739589691162,False,0.5462239583333334,0.7993226036910392,0.7326253255208334,11,False,0.894952226081479,-0.0017743981373603557,-0.012401991123429212
replace_obj:459,000000551439.jpg,replace_obj,"A woman holding a book about the topic fun.

",A man holding a book about the topic fun.,0.31672340631484985,0.2531610429286957,0.06356236338615417,0.9982671203581835,11,3.0357660829594124e-17,1.2454519999992044,0.0005033000015828293,0.0003119000029982999,0.9991788983234332,0.07104042172431946,-0.007478058338165283,False,0.1191748903508772,0.9993130842305008,0.07282611727714539,-0.009263753890991211,False,0.22605423062865498,0.9995321367258865,0.07666866481304169,-0.013106301426887512,False,0.3019862481725146,0.9986554818400393,0.0661037415266037,-0.002541378140449524,False,0.44869334795321636,0.9052210518334087,0.02256631851196289,0.040996044874191284,False,0.5480971308479532,0.8805925351250313,0.8652229532163743,8,False,0.9905362084417288,0.97892343689555,0.038382917642593384,0.02517944574356079,False,0.20628312317251463,0.97892343689555,0.038382917642593384,0.02517944574356079,False,0.20628312317251463,0.9553194502946813,0.030625075101852417,0.03293728828430176,False,0.35299022295321636,0.9775215748162086,0.03772464394569397,0.025837719440460205,False,0.4919247989766082,0.8630373115232853,0.018407493829727173,0.045154869556427,False,0.5755550986842105,0.9183824167699615,0.5755550986842105,5,False,0.9678423090577615,-0.037789881644930134,0.022693899383967375
replace_rel:1361,000000218439.jpg,replace_rel,This guy is looking at his cell phone while brushing his teeth.,This guy is ignoring his cell phone while brushing his teeth.,0.26460525393486023,0.2626830041408539,0.0019222497940063477,0.5479088146272406,14,1.6046192152785466e-17,1.1513619999968796,0.00028810000003431924,0.00014000000010128133,0.5975613745170402,0.003953143954277039,-0.002030894160270691,False,0.11181640625,0.6389115188392303,0.005706429481506348,-0.0037841796875,False,0.22095743815104166,0.6612991320315011,0.006690889596939087,-0.004768639802932739,False,0.3249562581380208,0.6502646527063424,0.006202027201652527,-0.004279777407646179,False,0.4623921712239583,0.6144138728332473,0.00465904176235199,-0.002736791968345642,False,0.5198618570963541,0.6220689560188593,0.5198618570963541,8,False,0.6263097093341152,0.6595677737000073,0.006613686680793762,-0.0046914368867874146,False,0.12246195475260417,0.6489775013863498,0.006145477294921875,-0.004223227500915527,False,0.23075358072916666,0.6544951476287832,0.006388574838638306,-0.004466325044631958,False,0.3347524007161458,0.6228460931080988,0.00501646101474762,-0.003094211220741272,False,0.4089152018229167,0.6447649279375911,0.005961060523986816,-0.004038810729980469,False,0.5479939778645834,0.6432822372857695,0.23075358072916666,4,False,0.6351919973634017,-0.021213281266910244,-0.008882288029286478
swap_att:243,000000071226.jpg,swap_att,A bed with two dogs and a cat lying on it.,A bed with a dog and two cats lying on it.,0.3295641839504242,0.32313066720962524,0.00643351674079895,0.6555107176265416,12,2.927345865710862e-17,0.7322468999991543,0.00028789999851142056,0.00013489999764715321,0.7079178355502413,0.008852928876876831,-0.002419412136077881,False,0.19478555718475074,0.6892233522917862,0.007964909076690674,-0.0015313923358917236,False,0.2842341000733138,0.6958525978598203,0.008276253938674927,-0.0018427371978759766,False,0.318725943914956,0.6256314774338677,0.005135208368301392,0.0012983083724975586,False,0.46675678152492667,0.6810762940788926,0.007587224245071411,-0.001153707504272461,False,0.5737433559384164,0.6117211722376558,0.8964958302785924,11,False,0.6742933935067698,0.5941398622984372,0.003811061382293701,0.002622455358505249,False,0.11173478739002933,0.5255065093113288,0.0010211467742919922,0.005412369966506958,False,0.21872136180351906,0.5040768673510457,0.00016307830810546875,0.0062704384326934814,False,0.348389387829912,0.4110821822801545,-0.0035949349403381348,0.010028451681137085,True,0.4420420179618768,0.20950487026762346,-0.013279125094413757,0.019712641835212708,True,0.532836556085044,0.3684260374986793,0.532836556085044,7,False,0.5020052596590168,0.24329513473897646,0.172288133847753
swap_obj:44,000000007511.jpg,swap_obj,Man flying a kite on the beach while others run along the sand.,Others flying a kite on the beach while a man runs along the sand.,0.3517734706401825,0.34864261746406555,0.0031308531761169434,0.5776381729635549,15,5.724587470723463e-17,0.9736303999998199,0.0003085999996983446,0.0001472000003559515,0.6687749062991101,0.007026493549346924,-0.0038956403732299805,False,0.11362711588541667,0.6275699449767699,0.005218058824539185,-0.002087205648422241,False,0.265472412109375,0.6645529355711404,0.006836503744125366,-0.003705650568008423,False,0.3714803059895833,0.7203929274503277,0.009464114904403687,-0.006333261728286743,False,0.4487355550130208,0.7207100753740533,0.009479865431785583,-0.00634901225566864,False,0.5099538167317709,0.6121095477868704,0.9077606201171875,13,False,0.6575708135228939,0.6687749062991101,0.007026493549346924,-0.0038956403732299805,False,0.11362711588541667,0.6717789864999949,0.007162421941757202,-0.004031568765640259,False,0.24447123209635416,0.6624596437761572,0.006742745637893677,-0.0036118924617767334,False,0.3504791259765625,0.7358006232279535,0.010242551565170288,-0.007111698389053345,False,0.4976806640625,0.6378995177179263,0.005662590265274048,-0.0025317370891571045,False,0.538604736328125,0.7008382594019066,0.4976806640625,6,False,0.6688700214050362,-0.08872871161503615,-0.011299207882142226
add_att:424,000000140640.jpg,add_att,Three women that are standing in front of a table.,Three women that are standing in front of a glass table.,0.28440162539482117,0.26388034224510193,0.02052128314971924,0.8861624965197109,11,4.5102810375396984e-17,1.1763758999986749,0.00030309999783639796,0.00013219999891589396,0.7343107478538203,0.010166049003601074,0.010355234146118164,False,0.13711968475073313,0.6924771515280065,0.008117258548736572,0.012404024600982666,False,0.23086968475073313,0.2836539864363943,-0.009264081716537476,0.029785364866256714,True,0.35426594574780057,0.27899667660802463,-0.009494438767433167,0.030015721917152405,True,0.4549177510997067,0.36013333727452707,-0.005747854709625244,0.026269137859344482,True,0.5588114002932552,0.4701722722488619,1.0,11,False,0.5363566974731049,0.7512785033399411,0.011054426431655884,0.009466856718063354,False,0.16403958944281524,0.7525610129352428,0.011123180389404297,0.009398102760314941,False,0.2243287206744868,0.8466066150036187,0.017082303762435913,0.003438979387283325,False,0.37279485887096775,0.6406862414791994,0.005783438682556152,0.014737844467163086,False,0.4690363819648094,0.598783083496905,0.004003971815109253,0.016517311334609985,False,0.5627863819648093,0.6782073050281971,0.5627863819648093,7,False,0.7605303052023588,-0.20803503277933527,-0.22417360772925388
add_obj:1919,000000252776.jpg,add_obj,A man is about to serve a tennis ball.,A man and a woman are about to serve a tennis ball.,0.2920353412628174,0.2729460597038269,0.01908928155899048,0.8708986838573171,12,2.2551405187698492e-17,1.0486711999983527,0.00028279999969527125,0.00013870000111637637,0.6158888042518329,0.004721343517303467,0.014367938041687012,False,0.13932681511976047,0.2793391176188702,-0.009477421641349792,0.02856670320034027,True,0.2865772361526946,0.20425278719373074,-0.013599231839179993,0.03268851339817047,True,0.3815201627994012,0.26597570920048713,-0.010151371359825134,0.029240652918815613,True,0.4649723989520958,0.31147607160155455,-0.007932275533676147,0.027021557092666626,True,0.5352848989520959,0.553702768537086,0.9217697417664671,10,False,0.43409531702481274,0.6158888042518329,0.004721343517303467,0.014367938041687012,False,0.13932681511976047,0.6785450705515178,0.007470935583114624,0.011618345975875854,False,0.2760631081586826,0.7309599402261949,0.009994983673095703,0.009094297885894775,False,0.37100603480538924,0.6146976640803209,0.004671022295951843,0.014418259263038635,False,0.4573177863023952,0.7673626501779724,0.011934787034988403,0.007154494524002075,False,0.5276302863023952,0.7441270025090924,0.585750374251497,7,False,0.6929948288010784,-0.19042423397200636,-0.2588995117762657
replace_att:175,000000212559.jpg,replace_att,a close up of sheep on hay ground indoors,A close up of kittens on hay ground indoors.,0.31457966566085815,0.2688959836959839,0.04568368196487427,0.9897316571101598,13,2.6020852139652106e-17,1.3705026999996335,0.00025209999876096845,0.00011180000001331791,0.996415597117285,0.05627572536468506,-0.010592043399810791,False,0.12964677132701422,0.9937018755813134,0.05061185359954834,-0.004928171634674072,False,0.20682760663507108,0.9556198411036608,0.030695676803588867,0.0149880051612854,False,0.4057732893957346,0.9556198411036608,0.030695676803588867,0.0149880051612854,False,0.4057732893957346,0.9489532855374181,0.029226183891296387,0.01645749807357788,False,0.5367113447867299,0.8049111883036011,0.8325264736374408,10,False,0.9765833678090782,0.970835283189684,0.035051971673965454,0.010631710290908813,False,0.12330605746445497,0.8584379073496989,0.018023759126663208,0.02765992283821106,False,0.23754535693127962,0.4998256564210977,-6.973743438720703e-06,0.04569065570831299,True,0.3222517402251185,0.1522120608093874,-0.017173558473587036,0.0628572404384613,True,0.4441832049763033,0.3976359365281272,-0.004153251647949219,0.049836933612823486,True,0.5751212603672986,0.4259647017763937,0.6769290580568721,8,False,0.6235886662798612,0.3789464865272074,0.35299470152921697
replace_obj:1502,000000341681.jpg,replace_obj,A man with a tennis racket is in the air with legs spread apart next to a tennis ball in motion.,A woman with a tennis racket is on the ground with legs together next to a tennis ball in motion.,0.3566708564758301,0.30335018038749695,0.05332067608833313,0.9951891910444494,13,4.85722573273506e-17,1.1482089999990421,0.00023710000095888972,0.00011000000085914508,0.968112978442972,0.0341314971446991,0.019189178943634033,False,0.13234991776315788,0.9657698301433533,0.033398181200027466,0.019922494888305664,False,0.20215414839181287,0.76778374626363,0.011958390474319458,0.04136228561401367,False,0.32891310307017546,0.7665772611483658,0.011890843510627747,0.04142983257770538,False,0.40109306469298245,0.8748890986092077,0.019448965787887573,0.03387171030044556,False,0.583984375,0.8621356049920295,0.583984375,7,False,0.8780539621271153,0.968112978442972,0.0341314971446991,0.019189178943634033,False,0.13234991776315788,0.9953522745462462,0.05366718769073486,-0.0003465116024017334,False,0.24503152412280702,0.6505001397267631,0.006212383508682251,0.04710829257965088,False,0.35085434941520466,0.7629899161527597,0.011691421270370483,0.041629254817962646,False,0.42815698099415206,0.569577342069301,0.002801269292831421,0.05051940679550171,False,0.5858289930555556,0.7234575949236342,0.5858289930555556,7,False,0.8318409812491582,0.1386780100683953,0.04621298087795711
replace_rel:1326,000000189828.jpg,replace_rel,A passenger jet is flying over some trees.,A passenger jet is landing next to some trees.,0.3264389932155609,0.3209682106971741,0.005470782518386841,0.6334574578207516,15,5.204170427930421e-17,1.2974279999980354,0.00024199999825214036,0.00011250000170548446,0.45052885598754283,-0.0019853413105010986,0.0074561238288879395,True,0.10407257080078125,0.4382585927797384,-0.0024823248386383057,0.007953107357025146,True,0.2505035400390625,0.39723483293629785,-0.0041700005531311035,0.009640783071517944,True,0.31217193603515625,0.602762669514288,0.004169896245002747,0.0013008862733840942,False,0.4565467834472656,0.5030055280126389,0.00012022256851196289,0.005350559949874878,False,0.5186004638671875,0.5181514108272086,0.7828025817871094,12,False,0.4892728583217187,0.5380642408437809,0.0015255212783813477,0.003945261240005493,False,0.13622665405273438,0.4666560599539171,-0.001335740089416504,0.006806522607803345,True,0.2067413330078125,0.45902154096913583,-0.0016428232192993164,0.007113605737686157,True,0.31081390380859375,0.5973062059375654,0.003942534327507019,0.0015282481908798218,False,0.4560203552246094,0.46459014336832455,-0.001418769359588623,0.006889551877975464,True,0.5176887512207031,0.557897507599697,0.4560203552246094,7,False,0.5270045999842305,-0.039746096772488415,-0.037731741662511864
swap_att:514,000000190676.jpg,swap_att,A panoramic shot of several people standing near a plane.,Several planes are near a person standing in a panoramic shot.,0.35630103945732117,0.3336634933948517,0.022637546062469482,0.9058303936937404,14,1.0408340855860843e-16,0.9656520999997156,0.00023520000104326755,0.00011079999967478216,0.06570183978191914,-0.02654668688774109,0.04918423295021057,True,0.12401880924170616,0.0365310229871103,-0.03272378444671631,0.05536133050918579,True,0.29348711492890994,0.03940878273687659,-0.03193560242652893,0.05457314848899841,True,0.3580883441943128,0.059796444422493024,-0.027551501989364624,0.050189048051834106,True,0.4261515106635071,0.0603906461988207,-0.02744629979133606,0.05008384585380554,True,0.5366280361374408,0.11541748724126816,0.5366280361374408,7,False,0.15164083102245926,0.45750555530411685,-0.001703888177871704,0.024341434240341187,True,0.15176984597156398,0.02809110598769233,-0.035438090562820435,0.05807563662528992,True,0.22449829680094788,0.01962028464278352,-0.039113759994506836,0.06175130605697632,True,0.3349748222748815,0.017673563513948862,-0.040178537368774414,0.0628160834312439,True,0.4005664988151659,0.017673563513948862,-0.040178537368774414,0.0628160834312439,True,0.5381461048578199,0.12809962352379278,0.3349748222748815,4,False,0.23674821136360666,-0.012682136282524625,-0.0851073803411474
swap_obj:187,000000002157.jpg,swap_obj,A table topped with a cake covered in berries next to a plate of sandwiches.,A table topped with a plate of sandwiches covered in berries next to a cake.,0.3519999086856842,0.34493765234947205,0.007062256336212158,0.6695666270677552,14,1.4311468676808659e-16,0.9029153999981645,0.0003279999982623849,0.00014000000010128133,0.4829998601053325,-0.0006802678108215332,0.007742524147033691,True,0.16477065058479531,0.6025674873201248,0.004161745309829712,0.0029005110263824463,False,0.25899465460526316,0.6456913569688805,0.006001532077789307,0.0010607242584228516,False,0.3755311129385965,0.6304970331090375,0.005343496799468994,0.001718759536743164,False,0.45263386330409355,0.4874692577368031,-0.0005013346672058105,0.007563591003417969,True,0.5419465003654971,0.4910773726823768,0.9564830043859649,13,False,0.5866907453702818,0.5306697605497324,0.00122833251953125,0.005833923816680908,False,0.14697551169590642,0.44057032844178934,-0.002388477325439453,0.009450733661651611,True,0.2785830135233918,0.39201404853221944,-0.004388540983200073,0.011450797319412231,True,0.3178282620614035,0.4087105496938208,-0.0036929845809936523,0.01075524091720581,True,0.4027720668859649,0.4305709822090487,-0.0027952194213867188,0.009857475757598877,True,0.5460126553362573,0.4681390569582099,0.45111476608187134,7,False,0.4808854462736228,0.02293831572416688,0.10580529909665898
add_att:4,000000476415.jpg,add_att,A man wearing a white shirt and tie standing in  a room.,A man wearing a striped white shirt and tie standing in a room.,0.26442959904670715,0.24656933546066284,0.01786026358604431,0.8564394051782039,14,3.382710778154774e-17,0.9808779999984836,0.0002663000013853889,0.00011190000077476725,0.9112716511555607,0.02329261600971222,-0.005432352423667908,False,0.14273849890029325,0.9157384816435551,0.023858055472373962,-0.005997791886329651,False,0.2266942357038123,0.9092648074118601,0.023046910762786865,-0.005186647176742554,False,0.37715932001466274,0.9093934413716575,0.023062512278556824,-0.005202248692512512,False,0.431090771627566,0.9128080862980669,0.023484140634536743,-0.005623877048492432,False,0.5477971499266863,0.8794337316052103,0.8015544813049853,11,False,0.904580347327424,0.8333700656334456,0.016097024083137512,0.0017632395029067993,False,0.16112422104105573,0.8389477837466884,0.0165041983127594,0.0013560652732849121,False,0.22939195381231672,0.8917404904335967,0.0210864394903183,-0.003226175904273987,False,0.3104495051319648,0.8665610475655989,0.018708884716033936,-0.000848621129989624,False,0.4197844116568915,0.8709005267857123,0.01908944547176361,-0.0012291818857192993,False,0.5124175219941349,0.8562075863315202,0.5555695564516129,8,False,0.8585870633623429,0.023226145273690157,0.04599328396508107
add_obj:720,000000144784.jpg,add_obj,A metal blender on top of a stone counter.,A metal blender and a glass vase on top of a stone counter.,0.3128100633621216,0.2948682904243469,0.017941772937774658,0.8574386617178176,15,2.42861286636753e-17,1.3164536999975098,0.00027150000096298754,0.00011649999942164868,0.9025791031528894,0.022262156009674072,-0.004320383071899414,False,0.168,0.9259937802900099,0.025267183780670166,-0.007325410842895508,False,0.27102933333333334,0.8512928127754412,0.01744776964187622,0.0004940032958984375,False,0.3439413333333333,0.8092748706999418,0.01445305347442627,0.0034887194633483887,False,0.42512533333333336,0.7212235848939889,0.009505391120910645,0.008436381816864014,False,0.5277013333333334,0.7374404965828361,0.666096,9,False,0.857937083824564,0.7851462202633505,0.012959122657775879,0.004982650279998779,False,0.14010133333333333,0.6538984824234689,0.006362199783325195,0.011579573154449463,False,0.214752,0.6662528826015246,0.006912857294082642,0.011028915643692017,False,0.3398773333333333,0.38357551158236697,-0.004743993282318115,0.022685766220092773,True,0.45698666666666665,0.21291856951497592,-0.013074219226837158,0.031015992164611816,True,0.5272426666666666,0.436344004208946,0.5272426666666666,8,False,0.6330959080342881,0.3010964923738901,0.22484117579027596
replace_att:450,000000085478.jpg,replace_att,There is a polar bear swimming in the water.,There is a grizzly bear swimming in the water.,0.30463752150535583,0.2725527286529541,0.03208479285240173,0.9611521238019328,14,5.551115123125783e-17,1.037065900000016,0.00029600000198115595,0.00014040000314707868,0.7706670062316587,0.012120813131332397,0.019963979721069336,False,0.1475883152173913,0.6172246683095438,0.004777848720550537,0.027306944131851196,False,0.21640261063664595,0.5015422652923289,6.16908073425293e-05,0.032023102045059204,False,0.3310061626552795,0.1832097916142817,-0.014947503805160522,0.047032296657562256,True,0.4566794448757764,0.21031620687590596,-0.013230204582214355,0.04531499743461609,True,0.5258273486024845,0.41361082691947904,0.6012652853260869,9,False,0.5634779877758169,0.7706670062316587,0.012120813131332397,0.019963979721069336,False,0.1475883152173913,0.8210477029595884,0.015234619379043579,0.016850173473358154,False,0.24653653920807453,0.509811155142258,0.00039249658584594727,0.031692296266555786,False,0.3153508346273292,0.4855461764939797,-0.0005783140659332275,0.03266310691833496,True,0.45588485054347827,0.37216226784358725,-0.005229517817497253,0.03731431066989899,True,0.5284780182453416,0.5185677807529022,0.5284780182453416,7,False,0.6687327134774839,-0.10495695383342318,-0.10525472570166694
replace_obj:182,000000389109.jpg,replace_obj,A pizza with tomatoes on it sitting on a table in a restaurant.,A burger with tomatoes on it sitting on a table in a restaurant.,0.31391575932502747,0.23514266312122345,0.07877309620380402,0.9996208917601939,13,3.0357660829594124e-17,1.1362969000001613,0.00023990000045159832,0.0001128999974753242,0.7259260449415498,0.009740501642227173,0.06903259456157684,False,0.1433890716374269,0.9035562179032667,0.022373780608177185,0.05639931559562683,False,0.20986385233918128,0.8747561071969823,0.019436821341514587,0.05933627486228943,False,0.37309827302631576,0.6752940363633858,0.0073222815990448,0.07145081460475922,False,0.42769439875730997,0.654826642905668,0.006403237581253052,0.07236985862255096,False,0.5018217744883041,0.6807721525038253,0.6495968110380117,9,False,0.8262404716082397,0.7259260449415498,0.009740501642227173,0.06903259456157684,False,0.1433890716374269,0.7354928728687651,0.010226726531982422,0.0685463696718216,False,0.26053659539473684,0.7707404760133163,0.012124970555305481,0.06664812564849854,False,0.34493215460526316,0.6510920903488476,0.006238430738449097,0.07253466546535492,False,0.4584418402777778,0.7800891445516702,0.012661859393119812,0.0661112368106842,False,0.5696957236842105,0.7222179773290055,0.8078970211988304,10,False,0.7603724129932308,-0.04144582482518022,0.06586805861500888
replace_rel:153,000000058636.jpg,replace_rel,A large wooden pole with a green street sign hanging from it.,A large wooden pole with a green street sign leaning against it.,0.3378208875656128,0.3340187072753906,0.003802180290222168,0.5939256878067214,14,4.5102810375396984e-17,1.5200607999977365,0.0004262000002199784,0.00013620000027003698,0.6961628335779336,0.008290916681289673,-0.004488736391067505,False,0.10583472016765286,0.45345502962644557,-0.0018672049045562744,0.005669385194778442,True,0.2745161489151874,0.3796729447686293,-0.0049093663692474365,0.008711546659469604,True,0.33919656065088755,0.36774949290109216,-0.005418837070465088,0.009221017360687256,True,0.40089142628205127,0.3587071536259318,-0.005809798836708069,0.009611979126930237,True,0.511302699704142,0.3981360710659237,0.8639939287475346,12,False,0.49937451523970283,0.5198170986007844,0.0007930994033813477,0.0030090808868408203,False,0.1163245808678501,0.5007167453624778,2.866983413696289e-05,0.003773510456085205,False,0.2577200443786982,0.4024719520904796,-0.003951758146286011,0.007753938436508179,True,0.3176197300295858,0.39040319248010374,-0.004456177353858948,0.008258357644081116,True,0.42345445019723865,0.4293577219510233,-0.0028447210788726807,0.006646901369094849,True,0.5082786304240631,0.43158652458710955,0.42345445019723865,5,False,0.4735630950277051,-0.03345045352118586,0.025811420211997727
swap_att:48,000000289992.jpg,swap_att,A bathroom with white appliances and orange walls.,A bathroom with orange appliances and white walls.,0.28314679861068726,0.2715056836605072,0.011641114950180054,0.7620789920150862,15,1.713039432527097e-17,0.9885337999985495,0.0003333000022394117,0.00014450000162469223,0.7635752384272909,0.011723816394805908,-8.270144462585449e-05,False,0.13808420907079647,0.7104560022556151,0.008975997567176819,0.002665117383003235,False,0.2607853982300885,0.7095690235187854,0.008932918310165405,0.0027081966400146484,False,0.32628710361356933,0.7910737385993245,0.013314098119735718,-0.001672983169555664,False,0.4654890302359882,0.7901896969688339,0.013260692358016968,-0.001619577407836914,False,0.5378986910029498,0.7658312092527011,0.5378986910029498,8,False,0.7510142537862468,0.7737369247296754,0.012295335531234741,-0.0006542205810546875,False,0.13288739859882007,0.741932929516554,0.010560393333435059,0.0010807216167449951,False,0.20042865044247787,0.7070358562853277,0.008810311555862427,0.002830803394317627,False,0.3351885140117994,0.6408515679883411,0.005790621042251587,0.005850493907928467,False,0.46210707042772864,0.6480978031785753,0.00610688328742981,0.005534231662750244,False,0.5287380162241888,0.6809856931492354,0.46210707042772864,7,False,0.717443546729908,0.08484551610346569,0.0335707070563388
swap_obj:152,000000054931.jpg,swap_obj,An attractive young woman leads a grey horse through a paddock.,A grey horse leads an attractive young woman through a paddock.,0.32018718123435974,0.31940481066703796,0.0007823705673217773,0.5195492933711159,12,3.984442983884229e-17,0.7611424000024272,0.00023739999960525893,0.00011129999984405003,0.3428547675425976,-0.006505981087684631,0.007288351655006409,True,0.22594001279239767,0.3428547675425976,-0.006505981087684631,0.007288351655006409,True,0.22594001279239767,0.2667773785151699,-0.010110348463058472,0.010892719030380249,True,0.31694307383040937,0.2654006679082899,-0.010180845856666565,0.010963216423988342,True,0.4133657711988304,0.24367747817861424,-0.011326223611831665,0.012108594179153442,True,0.5162075109649122,0.29271281820903733,0.7251119334795322,8,False,0.3428830973642484,0.3428547675425976,-0.006505981087684631,0.007288351655006409,True,0.22594001279239767,0.3428547675425976,-0.006505981087684631,0.007288351655006409,True,0.22594001279239767,0.2667773785151699,-0.010110348463058472,0.010892719030380249,True,0.31694307383040937,0.3151690396737162,-0.007760629057884216,0.008542999625205994,True,0.4380768000730994,0.22261213997904,-0.01250508427619934,0.013287454843521118,True,0.5258474963450293,0.31491446770652154,0.37545116045321636,4,False,0.3499340633878333,-0.02220164949748421,-0.007050966023584904
add_att:538,000000439715.jpg,add_att,A man in uniform riding a horse by a fence,A man in uniform riding a horse by a fallen fence.,0.3394436538219452,0.3312399685382843,0.008203685283660889,0.6943145628511502,12,2.710505431213761e-17,1.163573500001803,0.00044580000030691735,0.00020479999875533395,0.7689601964380919,0.012024492025375366,-0.0038208067417144775,False,0.10442606608072917,0.8049887388276488,0.014177709817886353,-0.005974024534225464,False,0.23020426432291666,0.7460753570515775,0.010777890682220459,-0.0025742053985595703,False,0.3142445882161458,0.7895303123492916,0.01322096586227417,-0.005017280578613281,False,0.4513346354166667,0.8790450058771053,0.01983417570590973,-0.01163049042224884,False,0.5330403645833334,0.8306166187509963,0.8769276936848959,10,False,0.7766506631032785,0.6186114999987204,0.004836589097976685,0.003367096185684204,False,0.1257781982421875,0.5984193130186204,0.003988832235336304,0.004214853048324585,False,0.20601908365885416,0.6121828562755981,0.0045649707317352295,0.003638714551925659,False,0.3415018717447917,0.5888038167046518,0.003590226173400879,0.00461345911026001,False,0.4456990559895833,0.6133256404457312,0.004613131284713745,0.0035905539989471436,False,0.512725830078125,0.6159701203580796,0.3415018717447917,4,False,0.6168233365653406,0.21464649839291672,0.15982732653793785
add_obj:532,000000516316.jpg,add_obj,An antilope is eating grass in between two zebra.,A giraffe is eating grass with an antilope in between two zebra.,0.3018277883529663,0.2935924530029297,0.008235335350036621,0.6949858962821824,15,4.683753385137379e-17,1.2862896000006003,0.0002886000002035871,0.00011230000018258579,0.6730800690523704,0.007221490144729614,0.0010138452053070068,False,0.12044270833333333,0.5380968332428856,0.0015268325805664062,0.006708502769470215,False,0.2311859130859375,0.5314045257323435,0.0012578368186950684,0.006977498531341553,False,0.3008473714192708,0.6562469260106236,0.006466135382652283,0.0017691999673843384,False,0.4626871744791667,0.5788951765064039,0.0031823962926864624,0.005052939057350159,False,0.5211588541666666,0.5902622781474464,0.66204833984375,10,False,0.6119404741115154,0.6633540367323612,0.0067827701568603516,0.0014525651931762695,False,0.15012613932291666,0.5755121799089377,0.0030437707901000977,0.0051915645599365234,False,0.2193603515625,0.4401120311195362,-0.002407073974609375,0.010642409324645996,True,0.3636322021484375,0.3930864187630106,-0.004343569278717041,0.012578904628753662,True,0.4304707845052083,0.2518789367202327,-0.010886162519454956,0.019121497869491577,True,0.5297902425130209,0.36620894213816807,0.6693471272786459,10,False,0.5247055381706415,0.2240533360092783,0.08723493594087395
replace_att:601,000000066523.jpg,replace_att,A bed topped with three white pillows covered in a canopy.,A bed topped with three black pillows covered in a canopy.,0.33149582147598267,0.30586370825767517,0.025632113218307495,0.9284560647957046,15,4.597017211338539e-17,1.2889407000002393,0.00031350000062957406,0.0001419000000169035,0.9667590205244563,0.03370165824890137,-0.008069545030593872,False,0.11491902669270833,0.9595723434516354,0.0316697359085083,-0.006037622690200806,False,0.2634226481119792,0.9685049434918893,0.03425922989845276,-0.008627116680145264,False,0.3494364420572917,0.9739707245248399,0.036221593618392944,-0.01058948040008545,False,0.4091746012369792,0.9740878030152598,0.036267876625061035,-0.01063576340675354,False,0.5343068440755209,0.9660762613785694,0.5894368489583334,9,False,0.9634064974632706,0.9155173427822549,0.02382943034172058,0.001802682876586914,False,0.10869344075520833,0.9093947919548377,0.023062676191329956,0.002569437026977539,False,0.2544453938802083,0.9065107582468036,0.022717565298080444,0.0029145479202270508,False,0.3473154703776042,0.9809629923291014,0.03942149877548218,-0.013789385557174683,False,0.46099853515625,0.9828637989131597,0.04049277305603027,-0.014860659837722778,False,0.516632080078125,0.9383508822975992,0.5738525390625,9,False,0.9280142688665803,0.02772537908097017,0.03539222859669022
replace_obj:813,000000458790.jpg,replace_obj,View of landscape and a building from a train window.,View of landscape and a waterfall from a train window.,0.316067099571228,0.2878008186817169,0.02826628088951111,0.9440979088187952,15,4.5319650809894085e-17,1.3189889999994193,0.0002590000003692694,0.00011340000128257088,0.6438428798842368,0.005920827388763428,0.02234545350074768,False,0.137936,0.6126080094008036,0.004582881927490234,0.023683398962020874,False,0.26586666666666664,0.7308526731551198,0.009989529848098755,0.018276751041412354,False,0.3149866666666667,0.5598204058003358,0.002404332160949707,0.0258619487285614,False,0.4763786666666667,0.5810165612928708,0.003269478678703308,0.0249968022108078,False,0.5479786666666666,0.4853701608758133,0.7443466666666667,11,False,0.6713324458934178,0.6438428798842368,0.005920827388763428,0.02234545350074768,False,0.137936,0.6087549438244664,0.004420816898345947,0.02384546399116516,False,0.23725333333333334,0.5690789816021834,0.0027809441089630127,0.025485336780548096,False,0.3088533333333333,0.2554600035137444,-0.010697007179260254,0.03896328806877136,True,0.402192,0.19201944872844773,-0.014369413256645203,0.04263569414615631,True,0.5355093333333333,0.41728029481894374,0.7555093333333334,11,False,0.5269654312733086,0.06808986605686956,0.14436701462010915
replace_rel:876,000000301061.jpg,replace_rel,An elephant in the back of a truck trailer.,An elephant on top of a truck trailer.,0.29298847913742065,0.24830889701843262,0.04467958211898804,0.988659372360337,14,3.469446951953614e-17,1.3263151000028301,0.0002959000012197066,0.00013939999917056412,0.9923161172229152,0.0486091673374176,-0.003929585218429565,False,0.18166097005208334,0.9855650287271825,0.042235612869262695,0.002443969249725342,False,0.23920694986979166,0.9484856206624828,0.029130056500434875,0.015549525618553162,False,0.3506011962890625,0.9435985575177631,0.02817206084728241,0.016507521271705627,False,0.4294382731119792,0.9219934468693631,0.024697452783584595,0.019982129335403442,False,0.6065673828125,0.8622057863271342,0.7909138997395834,11,False,0.9634083713108497,0.9828018744488257,0.04045607149600983,0.0042235106229782104,False,0.12635294596354166,0.9576468402475035,0.0311843603849411,0.013495221734046936,False,0.2404022216796875,0.9612469882932384,0.03211022913455963,0.012569352984428406,False,0.4175313313802083,0.9612469882932384,0.03211022913455963,0.012569352984428406,False,0.4175313313802083,0.9684691521725909,0.0342475026845932,0.010432079434394836,False,0.5259246826171875,0.9107448355714811,0.7749430338541666,10,False,0.9692139344458355,-0.04853904924434693,-0.005805563134985814
swap_att:199,000000066817.jpg,swap_att,A meal of meat and corn and veggies on a white plate.,A meal of white meat and corn and veggies on a plate.,0.28992578387260437,0.2788212299346924,0.011104553937911987,0.7522140011706632,13,5.637851296924623e-17,1.6234736000005796,0.00029179999910411425,0.00013659999967785552,0.6655759399239698,0.006882429122924805,0.004222124814987183,False,0.11407470703125,0.6010916868229003,0.0041001588106155396,0.007004395127296448,False,0.2069854736328125,0.8483901723554192,0.017220303416252136,-0.006115749478340149,False,0.3052978515625,0.8698921300836038,0.01900005340576172,-0.007895499467849731,False,0.4696846008300781,0.8779039292517252,0.01972728967666626,-0.008622735738754272,False,0.547698974609375,0.7073829850909343,0.6528701782226562,8,False,0.7675191544040724,0.6655759399239698,0.006882429122924805,0.004222124814987183,False,0.11407470703125,0.6010916868229003,0.0041001588106155396,0.007004395127296448,False,0.2069854736328125,0.7840209664698384,0.012892544269561768,-0.0017879903316497803,False,0.3567390441894531,0.6870398423850397,0.007863163948059082,0.0032413899898529053,False,0.477630615234375,0.7064595710866702,0.008782505989074707,0.0023220479488372803,False,0.5234146118164062,0.6708860874638181,0.657379150390625,8,False,0.6958969199272771,0.036496897627116276,0.07162223447679528
swap_obj:200,000000090062.jpg,swap_obj,A black and white cow stands in a paddock with firewood in the background.,Firewood stands in a paddock with a black and white cow in the background.,0.37990719079971313,0.35291239619255066,0.026994794607162476,0.9369959211221848,11,4.5102810375396984e-17,1.135524199999054,0.0002420999990135897,0.00010850000035134144,0.9309901239958775,0.02601999044418335,0.000974804162979126,False,0.31915785845588235,0.9309901239958775,0.02601999044418335,0.000974804162979126,False,0.31915785845588235,0.9309901239958775,0.02601999044418335,0.000974804162979126,False,0.31915785845588235,0.9689617837631799,0.034410059452056885,-0.007415264844894409,False,0.4606100643382353,0.872545622338766,0.01923656463623047,0.007758229970932007,False,0.5455135569852941,0.6567023348503924,0.9454676011029411,10,False,0.936077004960086,0.5881658126611069,0.0035638809204101562,0.02343091368675232,False,0.17259880514705883,0.3347551551004957,-0.006867557764053345,0.03386235237121582,True,0.2313419117647059,0.43882068397693,-0.002459496259689331,0.029454290866851807,True,0.36693474264705883,0.4338540599023275,-0.0026614367961883545,0.02965623140335083,True,0.43416819852941174,0.4139964965117866,-0.003474682569503784,0.03046947717666626,True,0.537258731617647,0.4926887074833818,0.5895795036764706,8,False,0.5290058941976485,0.16401362736701064,0.4070711107624374
add_att:590,000000134886.jpg,add_att,The landing airplane comes in very close to the vehicle in the road.,The landing airplane comes in very close to the red vehicle in the road.,0.2730924189090729,0.2661847770214081,0.006907641887664795,0.6661369027816488,15,3.729655473350135e-17,1.0742667999984405,0.0003046000019821804,0.00014290000035543926,0.6295442852016266,0.00530262291431427,0.001605018973350525,False,0.1447906494140625,0.4612980446171777,-0.0015511810779571533,0.008458822965621948,True,0.21103922526041666,0.39883792701965476,-0.0041030943393707275,0.011010736227035522,True,0.3637593587239583,0.4557238563006824,-0.001775696873664856,0.008683338761329651,True,0.4160919189453125,0.4735449922429194,-0.0010591894388198853,0.00796683132648468,True,0.5514424641927084,0.4911002756500258,0.5514424641927084,8,False,0.5093258496087093,0.6625522671949046,0.006746888160705566,0.00016075372695922852,False,0.17041524251302084,0.5722530436835008,0.0029104948043823242,0.003997147083282471,False,0.24277750651041666,0.5553181904408576,0.002221822738647461,0.004685819149017334,False,0.3087666829427083,0.5818742154522851,0.003304719924926758,0.003602921962738037,False,0.427520751953125,0.5919238130413487,0.003719240427017212,0.003188401460647583,False,0.551910400390625,0.528031675787536,0.7663930257161459,11,False,0.6081097957197232,-0.03693140013751017,-0.09878394611101393
add_obj:968,000000097278.jpg,add_obj,A man riding a snowboard on top of snow covered ground.,A man and a child are riding snowboards on top of snow covered ground.,0.3265703022480011,0.3126200735569,0.013950228691101074,0.8013929050401931,14,3.2959746043559335e-17,1.215769200000068,0.00025939999977708794,0.00011180000001331791,0.8227164711900646,0.015348613262176514,-0.0013983845710754395,False,0.1313930157103825,0.921308024478217,0.024602532386779785,-0.010652303695678711,False,0.2059693049863388,0.7540939336494191,0.011205673217773438,0.0027445554733276367,False,0.3398864412568306,0.8073949651299346,0.014331713318824768,-0.00038148462772369385,False,0.40120175887978143,0.7383971444362353,0.010376542806625366,0.003573685884475708,False,0.5449058657786885,0.7747397450300954,0.7404104764344263,11,False,0.812713045878792,0.6809979607830756,0.0075836181640625,0.006366610527038574,False,0.14787184084699453,0.7829917306010963,0.01283186674118042,0.0011183619499206543,False,0.20253799521857924,0.8813642560694861,0.020054131746292114,-0.00610390305519104,False,0.3360015368852459,0.8031461394447675,0.014060750603675842,-0.00011052191257476807,False,0.4473723531420765,0.7290459042294466,0.009897872805595398,0.004052355885505676,False,0.5177809084699454,0.7673007272439175,0.5177809084699454,8,False,0.7887987944908047,0.007439017786177837,0.023914251387987306
replace_att:405,000000472375.jpg,replace_att,a brown black and white dog wearing a helmet and a black scooter,A spotted black and white dog wearing a helmet and a black scooter.,0.3114517033100128,0.29883697628974915,0.012614727020263672,0.7792795210534645,15,4.5102810375396984e-17,1.5324122999991232,0.0003069000013056211,0.0001426999988325406,0.7247504612528135,0.009681493043899536,0.0029332339763641357,False,0.14435577392578125,0.645353793610038,0.0059867799282073975,0.006627947092056274,False,0.20492172241210938,0.5882957470883118,0.0035692453384399414,0.00904548168182373,False,0.395355224609375,0.6147827156762318,0.0046746134757995605,0.007940113544464111,False,0.4325103759765625,0.6402854777175496,0.005766034126281738,0.006848692893981934,False,0.5764999389648438,0.6258002367907708,0.8400650024414062,12,False,0.6595338195443482,0.6084035320774425,0.004406064748764038,0.008208662271499634,False,0.1126708984375,0.5238342114149105,0.0009540915489196777,0.011660635471343994,False,0.20981216430664062,0.5950698110474086,0.0038496404886245728,0.008765086531639099,False,0.3630828857421875,0.5386338199989361,0.0015484392642974854,0.011066287755966187,False,0.44715118408203125,0.4811783004416998,-0.0007532238960266113,0.013367950916290283,True,0.5216865539550781,0.5709757340640988,0.44715118408203125,7,False,0.5838316315626848,0.05482450272667194,0.0757021879816634
replace_obj:890,000000306700.jpg,replace_obj,A smiling lady holding up a very big pizza.,A smiling man holding up a very big pizza.,0.3390510082244873,0.26963356137275696,0.06941744685173035,0.9990343516337166,13,3.0574501264091225e-17,1.1836648999997124,0.0002361999977438245,0.00010570000085863285,0.9990852677890268,0.06995964050292969,-0.0005421936511993408,False,0.10317484537760417,0.9018114898562889,0.02217516303062439,0.04724228382110596,False,0.3411356608072917,0.9018114898562889,0.02217516303062439,0.04724228382110596,False,0.3411356608072917,0.7430147687179599,0.010616973042488098,0.05880047380924225,False,0.4539591471354167,0.6642934532041604,0.006824865937232971,0.06259258091449738,False,0.5301361083984375,0.7811168122784565,0.755584716796875,10,False,0.8971980097213327,0.9990852677890268,0.06995964050292969,-0.0005421936511993408,False,0.10317484537760417,0.8630454136490716,0.01840817928314209,0.05100926756858826,False,0.23699951171875,0.9280869777439742,0.025576680898666382,0.043840765953063965,False,0.3143056233723958,0.9959082322207589,0.05494678020477295,0.014470666646957397,False,0.4618123372395833,0.9894215870222788,0.04538305103778839,0.024034395813941956,False,0.5336100260416666,0.8986976049234987,0.7264760335286459,9,False,0.9559082802031919,-0.11758079264504218,-0.05871027048185917
replace_rel:430,000000348881.jpg,replace_rel,The plane is parked at the gate at the airport terminal.,The plane is departing from the gate at the airport terminal.,0.30523571372032166,0.2995993494987488,0.005636364221572876,0.6372935199812231,14,3.2959746043559335e-17,1.2177144999986922,0.0002615000012156088,0.00011319999975967221,0.7089938257168449,0.008905023336410522,-0.0032686591148376465,False,0.10880489864864865,0.6756748999745684,0.007339656352996826,-0.0017032921314239502,False,0.2777502111486487,0.7450118881036374,0.010721832513809204,-0.005085468292236328,False,0.3442039695945946,0.7283061469111108,0.009860455989837646,-0.0042240917682647705,False,0.4123046875,0.5444709202490023,0.0017835497856140137,0.0038528144359588623,False,0.5011771537162162,0.5230927103815421,0.8713840793918919,12,False,0.6866584728715833,0.7290032207120002,0.00989571213722229,-0.004259347915649414,False,0.19324324324324324,0.78440475694287,0.012915223836898804,-0.007278859615325928,False,0.26134396114864866,0.6992653762887964,0.008438020944595337,-0.002801656723022461,False,0.34416173986486487,0.5110757111343245,0.0004431009292602539,0.005193263292312622,False,0.44816300675675674,0.5039174351174084,0.00015670061111450195,0.005479663610458374,False,0.5050095016891892,0.5859149570012733,0.5050095016891892,7,False,0.6668611059690931,-0.06282224661973113,0.019797366902490232
swap_att:613,000000468501.jpg,swap_att,Two people using an interactive gaming system while a person observes them from a couch.,A person using an interactive gaming system while two people observe from a couch.,0.275176465511322,0.27279984951019287,0.0023766160011291504,0.5591373071599002,14,4.683753385137379e-17,1.2199800000016694,0.0002863000008801464,0.00014120000196271576,0.7897110150057342,0.013231843709945679,-0.010855227708816528,False,0.15653866666666666,0.7888842998783575,0.013182133436203003,-0.010805517435073853,False,0.221664,0.8289984366393459,0.01578545570373535,-0.013408839702606201,False,0.3990613333333333,0.806003585888633,0.014242485165596008,-0.011865869164466858,False,0.467376,0.7971097917383234,0.013683274388313293,-0.011306658387184143,False,0.5312213333333333,0.7806705988526227,0.821344,11,False,0.7671074673239922,0.5763659733275103,0.0030787289142608643,-0.0007021129131317139,False,0.10919466666666666,0.6527445702467939,0.00631125271320343,-0.00393463671207428,False,0.24326933333333334,0.6618946379100072,0.006717488169670105,-0.004340872168540955,False,0.35146666666666665,0.6949227174992265,0.008232355117797852,-0.005855739116668701,False,0.423808,0.6176653414326754,0.004796504974365234,-0.002419888973236084,False,0.600976,0.6328341983186837,0.28634133333333334,5,False,0.6337413503179956,0.14783640053393898,0.13336611700599654
swap_obj:98,000000570448.jpg,swap_obj,A man stands on a fishing boat as the tide rolls in from the shore on a desolate beach.,A man stands on the shore as the tide rolls in from a fishing boat on a desolate beach.,0.3062366247177124,0.3015737235546112,0.004662901163101196,0.6145053016518423,14,4.2500725161431774e-17,1.2125115000017104,0.0005021000033593737,0.00028329999986453913,0.35543851350474054,-0.005952179431915283,0.01061508059501648,True,0.15388808139534885,0.35190899377889634,-0.006106585264205933,0.010769486427307129,True,0.20467437822997417,0.4527874179170321,-0.001894146203994751,0.006557047367095947,True,0.330734213501292,0.29264972121598193,-0.008825495839118958,0.013488397002220154,True,0.42508983365633074,0.2763555272829177,-0.009626120328903198,0.014289021492004395,True,0.5282925549095607,0.3715179556885726,0.7622940891472868,10,False,0.39342331388562557,0.4226457829287494,-0.0031192153692245483,0.007782116532325745,True,0.14096313791989665,0.35190899377889634,-0.006106585264205933,0.010769486427307129,True,0.20467437822997417,0.42700594725137564,-0.0029407739639282227,0.007603675127029419,True,0.30787709948320413,0.3523954716693987,-0.006085261702537537,0.010748162865638733,True,0.43393693475452194,0.33878498059924816,-0.006687134504318237,0.011350035667419434,True,0.5752785852713178,0.3780472919291265,0.43393693475452194,6,False,0.41012978007742446,-0.006529336240553907,-0.016706466191798885
add_att:209,000000485895.jpg,add_att,A giraffe stares into the camera while standing on green grass in front of a shade tree.,A giraffe stares into the camera while standing on green grass in front of a blooming shade tree.,0.3388349115848541,0.33628788590431213,0.002547025680541992,0.5633336226979816,12,1.5612511283791264e-17,1.07707560000199,0.0002846000024874229,0.00013469999976223335,0.5641347392884609,0.002579599618911743,-3.2573938369750977e-05,False,0.16156024096385543,0.4747082568348105,-0.0010125339031219482,0.0035595595836639404,True,0.26263253012048193,0.5206382963048428,0.0008260011672973633,0.001721024513244629,False,0.3231686746987952,0.5555875275600618,0.0022327303886413574,0.00031429529190063477,False,0.4513975903614458,0.5499565456479087,0.002004951238632202,0.00054207444190979,False,0.5085120481927711,0.6197735660331816,0.6598192771084337,8,False,0.53937027203419,0.5695393488614434,0.0027997195720672607,-0.00025269389152526855,False,0.10714457831325301,0.6247110337062092,0.005095928907394409,-0.002548903226852417,False,0.25476506024096385,0.6106321878372529,0.004499703645706177,-0.0019526779651641846,False,0.38299397590361445,0.576716675618486,0.0030930936336517334,-0.0005460679531097412,False,0.4316385542168675,0.5894170006938027,0.00361555814743042,-0.0010685324668884277,False,0.5289457831325302,0.6161158982794557,0.16768072289156627,2,False,0.5929861594250206,0.0036576677537258906,-0.053615887390830674
add_obj:1625,000000012576.jpg,add_obj,A close-up of a table with three boxes of pizza.,A close-up of a table with three boxes of pizza and a vase of flowers.,0.30358660221099854,0.28411439061164856,0.019472211599349976,0.8751433213335025,13,2.3093506273941244e-17,1.3395304000005126,0.00030509999851346947,0.00013689999832422473,0.4790612205787588,-0.0008380413055419922,0.020310252904891968,True,0.17843119303385416,0.33124555917332593,-0.007025569677352905,0.02649778127670288,True,0.24931844075520834,0.353873775396328,-0.006020545959472656,0.025492757558822632,True,0.3040669759114583,0.5673511811555456,0.0027105212211608887,0.016761690378189087,False,0.4563446044921875,0.5898597632903143,0.003633856773376465,0.01583835482597351,False,0.5242207845052084,0.44744348107898047,0.6214650472005209,8,False,0.5297492699680328,0.4790612205787588,-0.0008380413055419922,0.020310252904891968,True,0.17843119303385416,0.48448467834295983,-0.0006208121776580811,0.020093023777008057,True,0.23317972819010416,0.5782517202912972,0.003156006336212158,0.016316205263137817,False,0.3686625162760417,0.33571219604363356,-0.006824612617492676,0.02629682421684265,True,0.4659067789713542,0.23446021890049723,-0.011832952499389648,0.031305164098739624,True,0.5741678873697916,0.44273375047790986,0.4659067789713542,6,False,0.5128925901237039,0.004709730601070605,0.016856679844328926
replace_att:632,000000000785.jpg,replace_att,A young woman is skiing down the mountain slope. ,An elderly woman is skiing down the mountain slope.,0.3390542268753052,0.317952424287796,0.021101802587509155,0.8918887155976889,14,3.9898639947466563e-17,1.3084870999991836,0.00028699999893433414,0.0001421999986632727,0.8924523766474731,0.021160393953323364,-5.8591365814208984e-05,False,0.1595990349264706,0.8218519854371013,0.015289455652236938,0.005812346935272217,False,0.22572380514705884,0.8917691142331218,0.021089404821395874,1.239776611328125e-05,False,0.36534352022058825,0.8481060980108905,0.017198234796524048,0.0039035677909851074,False,0.4397518382352941,0.8493507791951582,0.01729518175125122,0.0038066208362579346,False,0.5075022977941176,0.8535458296236911,0.6737419577205882,9,False,0.8688207103627745,0.8803069379089421,0.019953399896621704,0.0011484026908874512,False,0.16611328125,0.8720662683283338,0.019193530082702637,0.0019082725048065186,False,0.23686810661764707,0.8584835339446197,0.018027514219284058,0.0030742883682250977,False,0.3029928768382353,0.8578000255762132,0.01797136664390564,0.0031304359436035156,False,0.4541130514705882,0.8490729584979756,0.01727348566055298,0.0038283169269561768,False,0.5285213694852942,0.8522126746135537,0.6573357077205882,9,False,0.8695739922882638,0.0013331550101374212,-0.0007532819254892908
replace_obj:328,000000354829.jpg,replace_obj,A white car parked on a street in the rain.,A white bicycle parked on a street in the rain.,0.33793318271636963,0.288982629776001,0.04895055294036865,0.9925720913009414,15,2.7755575615628914e-17,1.2713270999993256,0.0002629000009619631,0.00011269999959040433,0.9902125997001436,0.046168237924575806,0.0027823150157928467,False,0.157856,0.988759874472123,0.044769614934921265,0.004180938005447388,False,0.22889066666666666,0.6248385390780817,0.005101367831230164,0.04384918510913849,False,0.338304,0.243801356091771,-0.01131950318813324,0.06027005612850189,True,0.4738986666666667,0.45682143518795054,-0.0017314553260803223,0.050682008266448975,True,0.5546986666666667,0.5673337948982604,0.9275893333333334,14,False,0.7251798059906804,0.9957284737130222,0.05451503396034241,-0.005564481019973755,False,0.132384,0.9922572215543403,0.04853221774101257,0.0004183351993560791,False,0.20645333333333332,0.9719842223054674,0.03546571731567383,0.013484835624694824,False,0.376128,0.98433199921793,0.041403427720069885,0.007547125220298767,False,0.456928,0.9815675517028674,0.03975038230419159,0.009200170636177063,False,0.5176,0.7252193011295336,0.8041973333333333,12,False,0.9863749727571148,-0.15788550623127318,-0.2611951667664344
replace_rel:1385,000000340175.jpg,replace_rel,a living room with wooden floors and furniture,A living room without wooden floors and furniture.,0.2869284451007843,0.2821101248264313,0.004818320274353027,0.6181803879485266,14,2.42861286636753e-17,1.130400300000474,0.00029910000012023374,0.00013830000170855783,0.5171452568247812,0.0006860792636871338,0.0041322410106658936,False,0.13973214285714286,0.4999679625034771,-1.2814998626708984e-06,0.004819601774215698,True,0.2285032242063492,0.4358366817411684,-0.0025807619094848633,0.007399082183837891,True,0.3328062996031746,0.4642009713413258,-0.001434415578842163,0.00625273585319519,True,0.4231212797619048,0.4889741833713774,-0.0004411041736602783,0.005259424448013306,True,0.5287140376984127,0.3812937658840493,0.6834263392857143,10,False,0.4997732860924248,0.5595200170520268,0.0023921430110931396,0.0024261772632598877,False,0.18187003968253967,0.4988384565744594,-4.646182060241699e-05,0.004864782094955444,True,0.24403521825396826,0.5028721672281591,0.00011488795280456543,0.004703432321548462,False,0.36870039682539685,0.4771500952440428,-0.0009146332740783691,0.0057329535484313965,True,0.45747147817460315,0.5021494792605252,8.597970008850098e-05,0.004732340574264526,False,0.5076760912698413,0.52105069426222,0.5076760912698413,7,False,0.5328425921786611,-0.13975692837817066,-0.03306930608623637
swap_att:187,000000067534.jpg,swap_att,A man has a checked shirt and striped tie.,A man has a striped shirt and checked tie.,0.2943938970565796,0.285189688205719,0.009204208850860596,0.7151278561759697,10,3.9898639947466563e-17,0.9710663000005297,0.0002706000013859011,9.750000026542693e-05,0.6564959706679525,0.006477177143096924,0.002727031707763672,False,0.32327008928571427,0.6564959706679525,0.006477177143096924,0.002727031707763672,False,0.32327008928571427,0.6564959706679525,0.006477177143096924,0.002727031707763672,False,0.32327008928571427,0.7463242632705577,0.010791033506393433,-0.001586824655532837,False,0.4207748724489796,0.7527083247824752,0.01113109290599823,-0.0019268840551376343,False,0.5149633290816327,0.6253075425522332,0.7467075892857142,6,False,0.700417635268638,0.7222488643919686,0.009556442499160767,-0.0003522336483001709,False,0.1373405612244898,0.5676042761137313,0.0027208328247070312,0.0064833760261535645,False,0.2858258928571429,0.5741647029835866,0.0029886364936828613,0.006215572357177734,False,0.34103156887755104,0.489304088346126,-0.0004279017448425293,0.009632110595703125,True,0.4385363520408163,0.5127213554985592,0.0005089640617370605,0.008695244789123535,False,0.5482780612244897,0.588456682074127,0.4786431760204082,6,False,0.6070132120432279,0.03685086047810615,0.0934044232254101
swap_obj:36,000000035963.jpg,swap_obj,A statue with two stuffed animals on top of it sitting in a patch of dirt.,Two stuffed animals with a statue on top of them sitting in a patch of dirt.,0.3405296206474304,0.3274039924144745,0.013125628232955933,0.7879416929509484,15,1.0755285551056204e-16,1.147764500001358,0.00030300000071292743,0.00014309999824035913,0.5516089955441943,0.0020717382431030273,0.011053889989852905,False,0.11180623372395833,0.8163545368483465,0.014918416738510132,-0.0017927885055541992,False,0.24456787109375,0.832077352317282,0.01600421965122223,-0.0028785914182662964,False,0.361083984375,0.5801925345901696,0.00323563814163208,0.009889990091323853,False,0.434539794921875,0.4670076633891676,-0.0013216137886047363,0.014447242021560669,True,0.54644775390625,0.5216731868164768,0.815704345703125,12,False,0.6811098291728883,0.7449716892093566,0.010719716548919678,0.002405911684036255,False,0.13219706217447916,0.7416006890676978,0.01054304838180542,0.0025825798511505127,False,0.25750732421875,0.46865113356983473,-0.0012556016445159912,0.014381229877471924,True,0.3253835042317708,0.6130739951699008,0.004602521657943726,0.008523106575012207,False,0.4077860514322917,0.5400724990635536,0.0016063451766967773,0.011519283056259155,False,0.5281168619791666,0.5477126451779236,0.6964467366536459,10,False,0.6617598245198679,-0.026039458361446832,0.019350004653020392
add_att:311,000000014439.jpg,add_att,A woman and a young girl holding a kite on a green field.,A woman and a young girl holding a floral-patterned kite on a green field.,0.3155447244644165,0.2998950481414795,0.01564967632293701,0.827065020649288,11,2.949029909160572e-17,1.26004710000052,0.0002494000000297092,9.919999865815043e-05,0.8260104836722861,0.01557612419128418,7.355213165283203e-05,False,0.1457406153250774,0.8296708141389181,0.015832960605621338,-0.00018328428268432617,False,0.24559186339009287,0.7730487888226365,0.012256070971488953,0.003393605351448059,False,0.32664352747678016,0.6249887286717061,0.005107775330543518,0.010541900992393494,False,0.49118977360681115,0.675822479290849,0.007346391677856445,0.008303284645080566,False,0.5651182759287926,0.7352327736086423,0.9160095781733746,10,False,0.7629853239523746,0.6202456304627315,0.004905909299850464,0.010743767023086548,False,0.18384166989164086,0.6641787975004686,0.006819725036621094,0.008829951286315918,False,0.3244122484520124,0.6641787975004686,0.006819725036621094,0.008829951286315918,False,0.3244122484520124,0.6863582709236385,0.007831484079360962,0.00781819224357605,False,0.4594499806501548,0.718024053169173,0.009346812963485718,0.006302863359451294,False,0.560063128869969,0.7520670977933992,0.38552147832817335,4,False,0.6876911595974364,-0.016834324184756944,0.07529416435493819
add_obj:1925,000000570471.jpg,add_obj,A person hugging another while cutting a cake.,A person hugging another while cutting a cake and surrounded by balloons.,0.334023118019104,0.31806129217147827,0.015961825847625732,0.8314841722645079,11,2.7755575615628914e-17,1.0893470000009984,0.0002872000004572328,0.00013450000187731348,0.7410423327175987,0.010513931512832642,0.005447894334793091,False,0.17157866666666666,0.519363310898363,0.0007749199867248535,0.015186905860900879,False,0.30987733333333334,0.519363310898363,0.0007749199867248535,0.015186905860900879,False,0.30987733333333334,0.7724875268192062,0.01222410798072815,0.003737717866897583,False,0.489296,0.8948193226698622,0.021409422159194946,-0.005447596311569214,False,0.5412693333333334,0.807227521797842,0.876224,9,False,0.7044197056636945,0.8138130689373995,0.014749795198440552,0.0012120306491851807,False,0.123776,0.8541407093934216,0.017674535512924194,-0.001712709665298462,False,0.2620746666666667,0.6536448372264457,0.006350994110107422,0.00961083173751831,False,0.37005866666666665,0.6216639753974018,0.004966169595718384,0.010995656251907349,False,0.43365333333333334,0.1684696896402959,-0.015965119004249573,0.031926944851875305,True,0.5819946666666667,0.6928506151822826,0.43365333333333334,5,False,0.6833849289045738,0.11437690661555933,0.021034776759120688
replace_att:27,000000138492.jpg,replace_att,A dog catching a purple Frisbee in it's mouth on a green grass covered field.,A dog catching a yellow Frisbee in it's mouth on a green grass covered field.,0.33575135469436646,0.26544517278671265,0.07030618190765381,0.9991163965525415,14,5.551115123125783e-17,1.304663900002197,0.00025350000214530155,0.00010659999679774046,0.9825237199015953,0.04029279947280884,0.03001338243484497,False,0.13880893640350878,0.9770472246866485,0.037510961294174194,0.032795220613479614,False,0.21493512426900585,0.9627262958705839,0.03251481056213379,0.03779137134552002,False,0.3679184941520468,0.8902328163535916,0.020931214094161987,0.04937496781349182,False,0.44764254385964913,0.954072027831178,0.030336648225784302,0.03996953368186951,False,0.5086063139619883,0.8833764764545192,0.8014836896929824,11,False,0.9645557528891247,0.9814816493817451,0.03970301151275635,0.03060317039489746,False,0.14123035453216373,0.9828284260105,0.040471792221069336,0.029834389686584473,False,0.21638569078947367,0.9830598533050513,0.04060983657836914,0.029696345329284668,False,0.32368192616959063,0.5914039605703606,0.003697723150253296,0.06660845875740051,False,0.44048679641812866,0.6200904835078858,0.004899322986602783,0.06540685892105103,False,0.5218441611842105,0.7266287882345789,0.6015682108918129,9,False,0.8822081991921831,0.15674768821994034,0.08234755369694158
replace_obj:12,000000009483.jpg,replace_obj,A man standing near a table with video equipment. ,A woman standing near a table with video equipment.,0.2771991193294525,0.23709701001644135,0.04010210931301117,0.9821932578518969,14,3.469446951953614e-17,1.3636888000000909,0.00026059999800054356,0.0001154000019596424,0.943475747994646,0.028149008750915527,0.011953100562095642,False,0.119598388671875,0.5125746729824915,0.0005030930042266846,0.039599016308784485,False,0.2544708251953125,0.4827937205079316,-0.0006885230541229248,0.040790632367134094,True,0.3472544352213542,0.5609382143601203,0.002449706196784973,0.037652403116226196,False,0.4313456217447917,0.5444339617958881,0.001782059669494629,0.03832004964351654,False,0.5095163981119791,0.5613482127858695,0.720611572265625,9,False,0.6802708770030972,0.943475747994646,0.028149008750915527,0.011953100562095642,False,0.119598388671875,0.5643377140128597,0.0025878548622131348,0.037514254450798035,False,0.24575297037760416,0.5701712444464697,0.002825498580932617,0.03727661073207855,False,0.3298441569010417,0.5625512439203819,0.0025152266025543213,0.03758688271045685,False,0.4238128662109375,0.5126818929040606,0.0005073845386505127,0.03959472477436066,False,0.5453440348307291,0.5787230925681741,0.6711883544921875,9,False,0.690427948209708,-0.017374879782304564,-0.010157071206610802
replace_rel:704,000000157124.jpg,replace_rel,Various sink cabinets lined up in a warehouse,Various sink cabinets stacked in a warehouse.,0.2809205949306488,0.2695726156234741,0.011347979307174683,0.7567232529745377,13,3.209238430557093e-17,1.2626402000023518,0.0002435000023979228,0.00010599999950500205,0.7381022880871395,0.010361284017562866,0.0009866952896118164,False,0.16917865044247787,0.5512485166957168,0.0020571649074554443,0.009290814399719238,False,0.27290168694690264,0.4541941025337387,-0.0018373876810073853,0.013185366988182068,True,0.35141846423303835,0.29554029595133774,-0.008686259388923645,0.020034238696098328,True,0.42369561209439527,0.3164534009491321,-0.007701188325881958,0.01904916763305664,True,0.5480100018436578,0.42151684729278993,0.6650880346607669,8,False,0.5436401162693372,0.6353113539098977,0.00555071234703064,0.005797266960144043,False,0.11031411320058997,0.5931851455390735,0.003771483898162842,0.007576495409011841,False,0.25275396386430676,0.4890553554989024,-0.00043785572052001953,0.011785835027694702,True,0.39897331305309736,0.4871796164259795,-0.000512927770614624,0.011860907077789307,True,0.4963472529498525,0.3704268709083486,-0.005303859710693359,0.016651839017868042,True,0.6134252857669616,0.539850721438693,0.39897331305309736,6,False,0.5561062000177,-0.11833387414590302,-0.012466083748362777
swap_att:148,000000104603.jpg,swap_att,A bear walks through tall grass near several trees.,A bear walks through several grasses near tall trees.,0.3265952169895172,0.31712883710861206,0.009466379880905151,0.7204385479053856,14,2.862293735361732e-17,1.1463543999998365,0.0002367999986745417,0.00010800000018207356,0.7368328895236591,0.010295718908309937,-0.0008293390274047852,False,0.1297171966374269,0.7314139137606679,0.010018080472946167,-0.0005517005920410156,False,0.2698225054824561,0.7360415629363742,0.01025494933128357,-0.000788569450378418,False,0.33324195906432746,0.567753483204228,0.002726912498474121,0.00673946738243103,False,0.4721080043859649,0.601369991413513,0.004111766815185547,0.0053546130657196045,False,0.5805749725877193,0.6388880494389408,0.6279982182017544,9,False,0.6852447778412833,0.736965784341329,0.010302573442459106,-0.0008361935615539551,False,0.12409767909356725,0.7320410621161766,0.010050028562545776,-0.000583648681640625,False,0.25737276133040937,0.7332581802265974,0.010112166404724121,-0.0006457865238189697,False,0.33063779239766083,0.7191239406937504,0.009401202201843262,6.517767906188965e-05,False,0.40137289839181284,0.574820371184308,0.003015458583831787,0.006450921297073364,False,0.5461782711988304,0.7009838902834569,0.46479235197368424,7,False,0.708653615439102,-0.062095840844516026,-0.023408837597818644
swap_obj:110,000000015278.jpg,swap_obj,A white plate topped with broccoli and a dumpling.,A dumpling topped with broccoli and a white plate.,0.28707805275917053,0.2802859842777252,0.0067920684814453125,0.6635616511444257,13,5.204170427930421e-17,1.0540409999994154,0.0002817999993567355,0.0001401999979862012,0.6221853370949137,0.004988342523574829,0.0018037259578704834,False,0.16535441080729166,0.616221525486523,0.004735410213470459,0.0020566582679748535,False,0.22243754069010416,0.5526061103853347,0.002112060785293579,0.004680007696151733,False,0.31817626953125,0.5462192271958202,0.0018540620803833008,0.004938006401062012,False,0.4236246744791667,0.46535007928162003,-0.0013882219791412354,0.008180290460586548,True,0.5323282877604166,0.40464944084892124,0.6384735107421875,9,False,0.5833135958499863,0.6180671286002475,0.004813522100448608,0.001978546380996704,False,0.13790384928385416,0.36764001627315707,-0.005423545837402344,0.012215614318847656,True,0.2541656494140625,0.33327280383030283,-0.0069341957569122314,0.013726264238357544,True,0.336761474609375,0.3582154118690805,-0.00583118200302124,0.012623250484466553,True,0.4422098795572917,0.30017963955194377,-0.008464425802230835,0.015256494283676147,True,0.5161997477213541,0.3744771895433518,0.6167246500651041,9,False,0.45608788523979577,0.030172251305569442,0.12722571061019056
add_att:186,000000041888.jpg,add_att,Three birds huddled together in a open field.,Three birds huddled together in a damp open field.,0.2763194441795349,0.27540627121925354,0.0009131729602813721,0.5228134730351649,14,1.9949319973733282e-17,1.3255288000000292,0.0002534000013838522,0.00011409999933675863,0.8614756416310116,0.01827600598335266,-0.01736283302307129,False,0.17331949869791666,0.9134045571916,0.023559316992759705,-0.022646144032478333,False,0.2563527425130208,0.883372240212677,0.02024759352207184,-0.019334420561790466,False,0.3352508544921875,0.8781842858792922,0.01975347101688385,-0.018840298056602478,False,0.43634033203125,0.9154878332002495,0.023825615644454956,-0.022912442684173584,False,0.5488026936848959,0.8780096524994336,0.6227874755859375,8,False,0.8280353709465543,0.7101858754278065,0.008962869644165039,-0.008049696683883667,False,0.19890848795572916,0.6624316543908446,0.0067414939403533936,-0.0058283209800720215,False,0.2728932698567708,0.779963093264452,0.012654513120651245,-0.011741340160369873,False,0.3666585286458333,0.7565728939914603,0.011339813470840454,-0.010426640510559082,False,0.4329681396484375,0.7050252608924711,0.008713439106941223,-0.007800266146659851,False,0.5193532307942709,0.6592543231686244,0.2728932698567708,4,False,0.6837357628148005,0.2187553293308092,0.1442996081317538
add_obj:343,000000314709.jpg,add_obj,A man riding skis down a snow covered slope.,A man riding a snowboard down a snow covered slope.,0.3462948203086853,0.3251791000366211,0.02111572027206421,0.8920228412377292,15,6.938893903907228e-17,1.2388782000016363,0.0002989000022353139,0.0001426999988325406,0.5190143933432563,0.0007609426975250244,0.020354777574539185,False,0.1310483870967742,0.5571675640436726,0.002296745777130127,0.018818974494934082,False,0.2606362261730205,0.19799495795924682,-0.013988733291625977,0.035104453563690186,True,0.32586831011730205,0.33058702374226423,-0.007055312395095825,0.028171032667160034,True,0.4559659090909091,0.32968410284480276,-0.007096141576766968,0.028211861848831177,True,0.5268110795454546,0.4202388887655847,0.8064802510997068,12,False,0.4642833873569228,0.5496843487851165,0.0019939541816711426,0.019121766090393066,False,0.12336762280058651,0.5343258794065245,0.0013751983642578125,0.019740521907806396,False,0.2521936858504399,0.680194617520049,0.007546663284301758,0.013569056987762451,False,0.312316715542522,0.6068453238720987,0.004340708255767822,0.016775012016296387,False,0.4647692906891496,0.545205552112916,0.0018131732940673828,0.019302546977996826,False,0.540282487170088,0.5695315761034341,0.5950501741202346,9,False,0.6235043272910079,-0.1492926873378494,-0.1592209399340851
replace_att:786,000000420281.jpg,replace_att, A young man with glasses eating a hot dog with bun.,An old man with glasses eating a hot dog with bun.,0.3713763654232025,0.3051776587963104,0.06619870662689209,0.998668172710288,12,4.423544863740858e-17,1.2135177000018302,0.0005333999979484361,0.00027440000121714547,0.9893138544841598,0.045280635356903076,0.020918071269989014,False,0.12401835123697917,0.7837101932154283,0.012874200940132141,0.05332450568675995,False,0.3112233479817708,0.7837101932154283,0.012874200940132141,0.05332450568675995,False,0.3112233479817708,0.60202208899284,0.004138976335525513,0.06205973029136658,False,0.4355570475260417,0.521547508572408,0.0008624345064163208,0.06533627212047577,False,0.5664825439453125,0.5354519394783895,0.9448496500651041,11,False,0.792488976946677,0.8698006938970355,0.018991976976394653,0.047206729650497437,False,0.1757354736328125,0.6109407307617805,0.004512682557106018,0.06168602406978607,False,0.2997538248697917,0.5531534966421158,0.0021342039108276367,0.06406450271606445,False,0.3747202555338542,0.25746125084637767,-0.010592058300971985,0.07679076492786407,True,0.4482574462890625,0.16579625624543826,-0.016157180070877075,0.08235588669776917,True,0.5550130208333334,0.40124081497378117,0.9448496500651041,11,False,0.6342723183550483,0.13421112450460837,0.1582166585916287
replace_obj:730,000000396274.jpg,replace_obj,A kale and sweet pea home garden getting the last rays of sunlight. ,A kale and carrot home garden getting the last rays of sunlight.,0.2925598621368408,0.28823962807655334,0.004320234060287476,0.6063567354579182,14,5.724587470723463e-17,1.291860599998472,0.0002708000029087998,0.00010920000204350799,0.6872724049442529,0.007873982191085815,-0.00355374813079834,False,0.13588460286458334,0.8362805571821204,0.016308099031448364,-0.011987864971160889,False,0.22658793131510416,0.8464986040609561,0.017073988914489746,-0.01275375485420227,False,0.3551788330078125,0.8118093341655184,0.014618098735809326,-0.01029786467552185,False,0.4144134521484375,0.8097525784881092,0.014484032988548279,-0.010163798928260803,False,0.5492146809895834,0.7613580826190487,0.7723541259765625,10,False,0.771268403778485,0.6872724049442529,0.007873982191085815,-0.00355374813079834,False,0.13588460286458334,0.7482563806277124,0.01089334487915039,-0.006573110818862915,False,0.21822611490885416,0.648596535885491,0.006128758192062378,-0.0018085241317749023,False,0.3183441162109375,0.6540751728527515,0.0063700079917907715,-0.002049773931503296,False,0.4368489583333333,0.6052386555474076,0.004273414611816406,4.6819448471069336e-05,False,0.5129038492838541,0.6302634096586714,0.5129038492838541,7,False,0.66678021969457,0.13109467296037725,0.10448818408391503
replace_rel:614,000000415238.jpg,replace_rel,A painting of flowers in vase setting on a table with two chairs.,A painting of flowers in vase setting beside a table with two chairs.,0.3599998950958252,0.35835182666778564,0.0016480684280395508,0.5411087056535153,13,4.7704895589362195e-17,1.3455987999986974,0.00030059999699005857,0.00013549999857787043,0.6147107222496232,0.004671573638916016,-0.003023505210876465,False,0.10877205639841689,0.7244846320329494,0.009668171405792236,-0.008020102977752686,False,0.23297328496042216,0.6637499134547379,0.00680050253868103,-0.0051524341106414795,False,0.33523148911609496,0.6573540268207263,0.006515249609947205,-0.004867181181907654,False,0.42583793700527706,0.6982968297626604,0.008392006158828735,-0.006743937730789185,False,0.5563056563324539,0.6728852993589931,0.9302904436015831,12,False,0.6566338296345933,0.6737826762161785,0.007253438234329224,-0.005605369806289673,False,0.17139573713720316,0.7306843911604796,0.009980976581573486,-0.008332908153533936,False,0.24110529353562005,0.6602142345006969,0.00664249062538147,-0.004994422197341919,False,0.31121165897097625,0.6955844662028635,0.008263587951660156,-0.0066155195236206055,False,0.40575012368073876,0.685630609384929,0.007797703146934509,-0.0061496347188949585,False,0.5529920432058048,0.6763115553400614,0.48305573878627966,6,False,0.6647390771803443,-0.0034262559810682713,-0.008105247545751038
swap_att:519,000000018150.jpg,swap_att,A young man and a small boy are talking about a piece of pizza. ,A small man and a young boy are talking about a piece of pizza.,0.2922898828983307,0.2815932631492615,0.010696619749069214,0.7445326274868416,13,2.7755575615628914e-17,1.3246245000009367,0.00028419999944162555,0.00013620000027003698,0.6981008980661124,0.008382707834243774,0.0023139119148254395,False,0.11636861165364583,0.618468402733549,0.004830524325370789,0.005866095423698425,False,0.2489776611328125,0.6043860107438561,0.004237741231918335,0.006458878517150879,False,0.3306070963541667,0.5284483415438757,0.0011391639709472656,0.009557455778121948,False,0.4379475911458333,0.4130160696035697,-0.003515109419822693,0.014211729168891907,True,0.5770060221354166,0.5132179442272713,0.6414235432942709,9,False,0.6020775488122999,0.7287652931475201,0.009883671998977661,0.0008129477500915527,False,0.12327067057291667,0.6376736969702458,0.005652815103530884,0.00504380464553833,False,0.20873514811197916,0.5817552975088448,0.0032998323440551758,0.007396787405014038,False,0.3641204833984375,0.48121922069399026,-0.0007515847682952881,0.011448204517364502,True,0.4714609781901042,0.384243045412618,-0.004715770483016968,0.015412390232086182,True,0.525054931640625,0.4697005965084367,0.9117329915364584,12,False,0.6174225935624208,0.04351734771883459,-0.015345044750120884
swap_obj:96,000000266981.jpg,swap_obj,A couple of guys are sitting with their luggage bag as a lady walks on. ,A lady is sitting with her luggage bag as a couple of guys walk on.,0.24810174107551575,0.24098168313503265,0.007120057940483093,0.670844215390867,13,2.3418766925686896e-17,1.212863799999468,0.00028560000282595865,0.00013659999967785552,0.6169056583829312,0.004764348268508911,0.002355709671974182,False,0.10010195197947214,0.5975821583966783,0.003954008221626282,0.0031660497188568115,False,0.2737009714076246,0.6473171211039812,0.006072670221328735,0.001047387719154358,False,0.3441967558651026,0.5591670596864049,0.002377822995185852,0.004742234945297241,False,0.4287997159090909,0.5708456228357249,0.002853021025657654,0.0042670369148254395,False,0.5433124083577713,0.5659238447998074,0.6056520344574781,8,False,0.6064405467256306,0.6169056583829312,0.004764348268508911,0.002355709671974182,False,0.10010195197947214,0.5837716165777972,0.003382757306098938,0.0037373006343841553,False,0.21992989369501467,0.46257656181666246,-0.0014997422695159912,0.008619800209999084,True,0.3045328537390029,0.5591670596864049,0.002377822995185852,0.004742234945297241,False,0.4287997159090909,0.5416673701176106,0.0016705691814422607,0.0054494887590408325,False,0.5818995142961877,0.619974337581823,0.7533163031524927,9,False,0.5643685906241575,-0.05405049278201557,0.042071956101473185
add_att:551,000000080057.jpg,add_att,A brown teddy bear sitting at a table with colored pegs.,A brown teddy bear sitting at a circular table with colored pegs.,0.3959440290927887,0.3832443058490753,0.012699723243713379,0.7807380102640765,13,5.4643789493269423e-17,1.26986830000169,0.00027770000087912194,0.00013749999925494194,0.796259942482914,0.013630807399749756,-0.000931084156036377,False,0.13032197670118342,0.7811657462273282,0.012724727392196655,-2.5004148483276367e-05,False,0.2183223927514793,0.5526075840059855,0.0021121203899383545,0.010587602853775024,False,0.35306490384615385,0.525394297029912,0.0010166466236114502,0.011683076620101929,False,0.44894138313609466,0.5653969345071281,0.002630949020385742,0.010068774223327637,False,0.5517231416420119,0.6715492628864955,0.9615037906804734,12,False,0.6701877429248466,0.796259942482914,0.013630807399749756,-0.000931084156036377,False,0.13032197670118342,0.7557948522220339,0.011297613382339478,0.0014021098613739014,False,0.20245469674556213,0.5989899831364845,0.004012584686279297,0.008687138557434082,False,0.3371972078402367,0.590518589541578,0.0036610960960388184,0.00903862714767456,False,0.40597841161242604,0.5574682882245768,0.0023089349269866943,0.010390788316726685,False,0.5727972448224852,0.6202247684361761,0.739338711168639,9,False,0.6750559103979135,0.05132449445031939,-0.004868167473066842
add_obj:1951,000000439715.jpg,add_obj,A man in uniform riding a horse by a fence,A man in uniform riding a horse and a cow by a fence.,0.3394436538219452,0.3271753787994385,0.012268275022506714,0.7732628306615866,12,3.946495907847236e-17,1.3005615999973088,0.00028530000054161064,0.00013480000052368268,0.6091424308545313,0.004437088966369629,0.007831186056137085,False,0.10442606608072917,0.5972642701015956,0.003940790891647339,0.008327484130859375,False,0.23020426432291666,0.6428992382177352,0.005879700183868408,0.006388574838638306,False,0.3142445882161458,0.6649925992232967,0.0068562328815460205,0.005412042140960693,False,0.4513346354166667,0.6741281226482375,0.007269158959388733,0.004999116063117981,False,0.5330403645833334,0.6433209622422686,0.8769276936848959,10,False,0.6463256648415278,0.6091424308545313,0.004437088966369629,0.007831186056137085,False,0.10442606608072917,0.5972642701015956,0.003940790891647339,0.008327484130859375,False,0.23020426432291666,0.6796627860998996,0.007522225379943848,0.004746049642562866,False,0.3228556315104167,0.665449559143519,0.006876751780509949,0.005391523241996765,False,0.4068959554036458,0.6533242829196281,0.006336838006973267,0.005931437015533447,False,0.53143310546875,0.651908801648496,0.53143310546875,6,False,0.6507760316951451,-0.008587839406227316,-0.004450366853617327
replace_att:96,000000581615.jpg,replace_att,A wall urinal in a stall with an auto sensor flushing system.,A wall urinal in a stall with a manual flushing system.,0.31327512860298157,0.31014302372932434,0.0031321048736572266,0.5776687106212971,13,2.6020852139652106e-17,1.2379665000007662,0.0002901999978348613,0.00013810000018565916,0.6530400542222923,0.006324291229248047,-0.0031921863555908203,False,0.11440608638743456,0.6560979959068638,0.006459534168243408,-0.0033274292945861816,False,0.21749734129581152,0.69913061366319,0.008431613445281982,-0.005299508571624756,False,0.36702900032722513,0.6938741446121147,0.008182942867279053,-0.005050837993621826,False,0.42596531413612565,0.8301928340594639,0.015869945287704468,-0.012737840414047241,False,0.5533428092277487,0.7522738623619301,0.7302795729712042,9,False,0.6818929068716304,0.5475640440432484,0.001908332109451294,0.0012237727642059326,False,0.10309125490837696,0.5299742087294929,0.0012004077434539795,0.001931697130203247,False,0.23687520451570682,0.5889380194359922,0.0035957694053649902,-0.00046366453170776367,False,0.35491655759162305,0.6567157037754998,0.0064869225025177,-0.0033548176288604736,False,0.4294369682591623,0.7452145176239077,0.010732501745223999,-0.0076003968715667725,False,0.5594578288612565,0.5755078148497916,0.35491655759162305,5,False,0.5964198818862981,0.17676604751213842,0.08547302498533227
replace_obj:1443,000000194471.jpg,replace_obj,A skate board rider skating on the edge of a ramp.,A bicycle rider cycling on the edge of a ramp.,0.29592710733413696,0.23657843470573425,0.05934867262840271,0.9973614066963683,15,3.469446951953614e-17,1.2301238000000012,0.0004991999994672369,0.00025290000121458434,0.9979662725319753,0.061958491802215576,-0.002609819173812866,False,0.12225149700598803,0.9964458315335947,0.05636073648929596,0.0029879361391067505,False,0.24891017964071857,0.996417629558985,0.05628141760826111,0.0030672550201416016,False,0.318562874251497,0.9531451332291411,0.03012712299823761,0.0292215496301651,False,0.42034730538922155,0.9644864026743054,0.03301680088043213,0.02633187174797058,False,0.5017544910179641,0.9165058464691211,0.5592694610778444,8,False,0.9864324640250934,0.9979662725319753,0.061958491802215576,-0.002609819173812866,False,0.12225149700598803,0.9964458315335947,0.05636073648929596,0.0029879361391067505,False,0.24891017964071857,0.9571234013756564,0.031056061387062073,0.028292611241340637,False,0.3506946107784431,0.9127196906059666,0.023473039269447327,0.03587563335895538,False,0.4284311377245509,0.7948749031776295,0.013545647263526917,0.04580302536487579,False,0.566065868263473,0.8859730096758753,0.566065868263473,8,False,0.9502107684269692,0.03053283679324581,0.03622169559812427
replace_rel:709,000000153529.jpg,replace_rel,A woman stands next to her luggage on a platform.,A woman sits on her luggage on a platform.,0.353272408246994,0.3327372074127197,0.020535200834274292,0.8863028206307543,12,8.153200337090993e-17,1.2889678000028653,0.00023529999816673808,0.00010699999984353781,0.911370278262682,0.02330482006072998,-0.0027696192264556885,False,0.13904825846354166,0.9073727352570661,0.022819697856903076,-0.002284497022628784,False,0.31085205078125,0.9073727352570661,0.022819697856903076,-0.002284497022628784,False,0.31085205078125,0.914854824871376,0.02374407649040222,-0.0032088756561279297,False,0.4553273518880208,0.869704812844057,0.018983513116836548,0.0015516877174377441,False,0.5284169514973959,0.7325034180849573,0.9456024169921875,11,False,0.9047116340093596,0.9153761655019046,0.02381119132041931,-0.0032759904861450195,False,0.14129638671875,0.8611901661568515,0.01825210452079773,0.0022830963134765625,False,0.2803446451822917,0.8111322733292022,0.014573842287063599,0.005961358547210693,False,0.4521484375,0.8111322733292022,0.014573842287063599,0.005961358547210693,False,0.4521484375,0.764315821308265,0.011764883995056152,0.00877031683921814,False,0.525238037109375,0.7359706245372889,0.7511749267578125,8,False,0.8606187778813356,-0.0034672064523315616,0.04409285612802405
swap_att:69,000000157138.jpg,swap_att,The remains of a piece of white cake sits on a red plate.,The remains of a piece of red cake sits on a white plate.,0.3026600182056427,0.27374616265296936,0.02891385555267334,0.9474189475858633,13,6.938893903907228e-17,1.2587325999993482,0.0002868000010494143,0.00013589999798568897,0.9264182778494724,0.025329291820526123,0.003584563732147217,False,0.10504249291784702,0.9049227516139813,0.022531598806381226,0.006382256746292114,False,0.23202266288951842,0.8522252833483734,0.01752161979675293,0.01139223575592041,False,0.33411331444759207,0.44614017527276945,-0.0021627843379974365,0.031076639890670776,True,0.4933597733711048,0.39888508885611085,-0.00410112738609314,0.03301498293876648,True,0.5580906515580737,0.6096518879782726,0.7084589235127479,9,False,0.779644169934061,0.79519906669695,0.013565540313720703,0.015348315238952637,False,0.15206798866855525,0.7848680742597036,0.012942641973495483,0.015971213579177856,False,0.21679886685552407,0.6042099889436015,0.004230380058288574,0.024683475494384766,False,0.3366458923512748,0.6047486585774263,0.004252910614013672,0.024660944938659668,False,0.41124645892351275,0.2595288349171094,-0.010484188795089722,0.03939804434776306,True,0.5382266288951841,0.47284019266770044,0.6322832861189802,9,False,0.6815786211976635,0.1368116953105722,0.0980655487363975
swap_obj:66,000000385029.jpg,swap_obj,A person cutting a pizza next to a salad and bottles of wine on wooden table.,A person cutting a salad next to a pizza and bottles of wine on wooden table.,0.3537686765193939,0.3519664406776428,0.0018022358417510986,0.5449343375365415,13,3.729655473350135e-17,1.2396211999985098,0.000288799998088507,0.00013640000179293565,0.6831306493278922,0.0076819658279418945,-0.005879729986190796,False,0.20418802897135416,0.6831306493278922,0.0076819658279418945,-0.005879729986190796,False,0.20418802897135416,0.5971510003953547,0.003936082124710083,-0.0021338462829589844,False,0.3865763346354167,0.5526201097442033,0.0021126270294189453,-0.0003103911876678467,False,0.439910888671875,0.6580269902315043,0.006545141339302063,-0.004742905497550964,False,0.5460205078125,0.6264120149254438,0.907135009765625,11,False,0.617237119787814,0.4578443467037655,-0.0016902387142181396,0.0034924745559692383,True,0.11952718098958333,0.4086241259352748,-0.0036965608596801758,0.005498796701431274,True,0.22592671712239584,0.3572294018934891,-0.0058740973472595215,0.00767633318901062,True,0.3332417805989583,0.38619809582788184,-0.004633218050003052,0.00643545389175415,True,0.4393513997395833,0.3686875304908581,-0.005378514528274536,0.007180750370025635,True,0.5242767333984375,0.37528117486134216,0.6091512044270834,8,False,0.41698627741926486,0.2511308400641017,0.20025084236854918
